split,label,file,path,width,height,mode,md5,patient,ptype
train,PNEUMONIA,person100_virus_184.jpeg,chest_xray_dataset\train\PNEUMONIA\person100_virus_184.jpeg,1104,792,L,7117a8cb741987e1300cceabd75ced32,person100,viral
train,PNEUMONIA,person101_virus_187.jpeg,chest_xray_dataset\train\PNEUMONIA\person101_virus_187.jpeg,1592,1312,L,2b5e3637af934714069da9365db929f8,person101,viral
train,PNEUMONIA,person101_virus_188.jpeg,chest_xray_dataset\train\PNEUMONIA\person101_virus_188.jpeg,1736,1752,L,825f4a67323c89e8fc026451947508b0,person101,viral
train,PNEUMONIA,person102_virus_189.jpeg,chest_xray_dataset\train\PNEUMONIA\person102_virus_189.jpeg,1612,1086,L,6d634480a607f579b1f3e303fe3a7fa1,person102,viral
train,PNEUMONIA,person103_virus_190.jpeg,chest_xray_dataset\train\PNEUMONIA\person103_virus_190.jpeg,1328,912,L,8c7d5b4589becc2c235e48c8964fa195,person103,viral
train,PNEUMONIA,person104_virus_191.jpeg,chest_xray_dataset\train\PNEUMONIA\person104_virus_191.jpeg,1644,1138,L,9992e858c62ba1e60a1bbf60de03c2a5,person104,viral
train,PNEUMONIA,person108_virus_199.jpeg,chest_xray_dataset\train\PNEUMONIA\person108_virus_199.jpeg,2064,1632,L,811cb37825c10655a014d57ef0aa0872,person108,viral
train,PNEUMONIA,person108_virus_200.jpeg,chest_xray_dataset\train\PNEUMONIA\person108_virus_200.jpeg,2048,1448,L,bffb2180187bee00b8629653c9e508da,person108,viral
train,PNEUMONIA,person108_virus_201.jpeg,chest_xray_dataset\train\PNEUMONIA\person108_virus_201.jpeg,1968,1688,L,d7e5287ab2abf8533e8e6815f18acd8a,person108,viral
train,PNEUMONIA,person109_virus_203.jpeg,chest_xray_dataset\train\PNEUMONIA\person109_virus_203.jpeg,1380,844,L,c969d450beaba8ce10a2f92dc7485951,person109,viral
train,PNEUMONIA,person10_bacteria_43.jpeg,chest_xray_dataset\train\PNEUMONIA\person10_bacteria_43.jpeg,1028,650,L,2193501b3ad19a85c85d5cb6e7e57542,person10,bacterial
train,PNEUMONIA,person110_virus_205.jpeg,chest_xray_dataset\train\PNEUMONIA\person110_virus_205.jpeg,1192,864,L,338f28e5c7fde40c089422c66ecce9df,person110,viral
train,PNEUMONIA,person110_virus_206.jpeg,chest_xray_dataset\train\PNEUMONIA\person110_virus_206.jpeg,1192,840,L,9dee442656e450ac2236f073f6afd96c,person110,viral
train,PNEUMONIA,person110_virus_207.jpeg,chest_xray_dataset\train\PNEUMONIA\person110_virus_207.jpeg,1168,784,L,444d0faad63d3b7c68b169c3ec0d5066,person110,viral
train,PNEUMONIA,person110_virus_208.jpeg,chest_xray_dataset\train\PNEUMONIA\person110_virus_208.jpeg,1353,835,L,0dbd9b6dd3cb1d2340b9224996744f88,person110,viral
train,PNEUMONIA,person111_virus_209.jpeg,chest_xray_dataset\train\PNEUMONIA\person111_virus_209.jpeg,1520,1376,L,b7b72331faf412de2031fbc702774523,person111,viral
train,PNEUMONIA,person111_virus_210.jpeg,chest_xray_dataset\train\PNEUMONIA\person111_virus_210.jpeg,1568,1504,L,280b2b62ee0604196aa65a890fe8b819,person111,viral
train,PNEUMONIA,person111_virus_212.jpeg,chest_xray_dataset\train\PNEUMONIA\person111_virus_212.jpeg,1693,1456,L,65b17e55ee3d8df62afaccb5eead440e,person111,viral
train,PNEUMONIA,person112_virus_213.jpeg,chest_xray_dataset\train\PNEUMONIA\person112_virus_213.jpeg,1746,1270,L,e5bce5f56d7c4b34d64a31b8a9d59eee,person112,viral
train,PNEUMONIA,person113_virus_215.jpeg,chest_xray_dataset\train\PNEUMONIA\person113_virus_215.jpeg,960,672,L,c400ab854342dde5b6914d8aca0ecd19,person113,viral
train,PNEUMONIA,person113_virus_216.jpeg,chest_xray_dataset\train\PNEUMONIA\person113_virus_216.jpeg,1072,592,L,56e1a55da386378e4654c832e4eb907f,person113,viral
train,PNEUMONIA,person114_virus_217.jpeg,chest_xray_dataset\train\PNEUMONIA\person114_virus_217.jpeg,1456,896,L,883c172b541d12e512d9e0a826f7a1ea,person114,viral
train,PNEUMONIA,person117_virus_223.jpeg,chest_xray_dataset\train\PNEUMONIA\person117_virus_223.jpeg,1568,968,L,83ca5731298d4dc1f1b31327cee068cb,person117,viral
train,PNEUMONIA,person118_virus_224.jpeg,chest_xray_dataset\train\PNEUMONIA\person118_virus_224.jpeg,1256,784,L,1f3005cfdf486a2c4707d794e1862e01,person118,viral
train,PNEUMONIA,person119_virus_225.jpeg,chest_xray_dataset\train\PNEUMONIA\person119_virus_225.jpeg,920,512,L,f8b66124d684fb1ec4347a278b1721ba,person119,viral
train,PNEUMONIA,person11_bacteria_45.jpeg,chest_xray_dataset\train\PNEUMONIA\person11_bacteria_45.jpeg,856,485,RGB,14d134149da88ed3212cf2c484dfb0fa,person11,bacterial
train,PNEUMONIA,person120_virus_226.jpeg,chest_xray_dataset\train\PNEUMONIA\person120_virus_226.jpeg,1680,1336,L,f8868c92888a91c35a49c62e5a841c60,person120,viral
train,PNEUMONIA,person122_virus_229.jpeg,chest_xray_dataset\train\PNEUMONIA\person122_virus_229.jpeg,1080,752,L,a4a6a7fbb76a3aeae40046768ee3a8fe,person122,viral
train,PNEUMONIA,person123_virus_230.jpeg,chest_xray_dataset\train\PNEUMONIA\person123_virus_230.jpeg,1216,752,L,1479110ba48a80dbd047005150f6fe19,person123,viral
train,PNEUMONIA,person124_virus_231.jpeg,chest_xray_dataset\train\PNEUMONIA\person124_virus_231.jpeg,1360,1208,L,b8e3072e8adab92d49b73d6bc0f90fc7,person124,viral
train,PNEUMONIA,person124_virus_233.jpeg,chest_xray_dataset\train\PNEUMONIA\person124_virus_233.jpeg,1352,1080,L,8dbde83e078de901d7f4af34d7f29e35,person124,viral
train,PNEUMONIA,person124_virus_234.jpeg,chest_xray_dataset\train\PNEUMONIA\person124_virus_234.jpeg,1536,1192,L,99e3104b8214ede0519f2b6f47f9e192,person124,viral
train,PNEUMONIA,person124_virus_236.jpeg,chest_xray_dataset\train\PNEUMONIA\person124_virus_236.jpeg,1448,1112,L,bc6d1f9cdd67e25d41be34ef7f58c28a,person124,viral
train,PNEUMONIA,person124_virus_237.jpeg,chest_xray_dataset\train\PNEUMONIA\person124_virus_237.jpeg,1336,992,L,c052f6bb4bcd48ead534a71b5a4b7a0d,person124,viral
train,PNEUMONIA,person124_virus_238.jpeg,chest_xray_dataset\train\PNEUMONIA\person124_virus_238.jpeg,1336,1256,L,52136ce51448e4dae5a79244ee44063a,person124,viral
train,PNEUMONIA,person124_virus_239.jpeg,chest_xray_dataset\train\PNEUMONIA\person124_virus_239.jpeg,1328,1224,L,40db2d2d70c5e39156921150d726a420,person124,viral
train,PNEUMONIA,person124_virus_240.jpeg,chest_xray_dataset\train\PNEUMONIA\person124_virus_240.jpeg,1328,1136,L,cf671225e3e78d204e19f102a4d81940,person124,viral
train,PNEUMONIA,person124_virus_242.jpeg,chest_xray_dataset\train\PNEUMONIA\person124_virus_242.jpeg,1416,1072,L,f665477dbbf8ddd62bb4a1657ba604ba,person124,viral
train,PNEUMONIA,person124_virus_244.jpeg,chest_xray_dataset\train\PNEUMONIA\person124_virus_244.jpeg,1416,864,L,1e9888dcad2bcc48c6e1758686dfff84,person124,viral
train,PNEUMONIA,person124_virus_245.jpeg,chest_xray_dataset\train\PNEUMONIA\person124_virus_245.jpeg,1184,1048,L,a9c74d58652ae9f7af0f3463a528c997,person124,viral
train,PNEUMONIA,person124_virus_246.jpeg,chest_xray_dataset\train\PNEUMONIA\person124_virus_246.jpeg,1296,888,L,b0ef364ad24cf8b19c70cf0e8debb1ee,person124,viral
train,PNEUMONIA,person124_virus_247.jpeg,chest_xray_dataset\train\PNEUMONIA\person124_virus_247.jpeg,1296,888,L,b0ef364ad24cf8b19c70cf0e8debb1ee,person124,viral
train,PNEUMONIA,person124_virus_249.jpeg,chest_xray_dataset\train\PNEUMONIA\person124_virus_249.jpeg,1224,952,L,0a39cbc02fb82eb8613b969c704f5b26,person124,viral
train,PNEUMONIA,person124_virus_250.jpeg,chest_xray_dataset\train\PNEUMONIA\person124_virus_250.jpeg,1304,968,L,fdd25cd0951845d1949929926cd77b4d,person124,viral
train,PNEUMONIA,person124_virus_251.jpeg,chest_xray_dataset\train\PNEUMONIA\person124_virus_251.jpeg,1472,1024,L,934754a3ee1cdf9fbbbd8797384124ed,person124,viral
train,PNEUMONIA,person125_virus_254.jpeg,chest_xray_dataset\train\PNEUMONIA\person125_virus_254.jpeg,1400,1088,L,1ac10f7a6dc997f3f135dbe18bc0e430,person125,viral
train,PNEUMONIA,person126_virus_255.jpeg,chest_xray_dataset\train\PNEUMONIA\person126_virus_255.jpeg,1416,1432,L,36b092bba8e7ce62f5df0fe66c736a1b,person126,viral
train,PNEUMONIA,person128_virus_261.jpeg,chest_xray_dataset\train\PNEUMONIA\person128_virus_261.jpeg,1312,960,L,73be5f3c365d0ec69d2bde3a2e444259,person128,viral
train,PNEUMONIA,person130_virus_263.jpeg,chest_xray_dataset\train\PNEUMONIA\person130_virus_263.jpeg,1568,1144,L,84a515fe05952d32f5d6893c18be2938,person130,viral
train,PNEUMONIA,person131_virus_265.jpeg,chest_xray_dataset\train\PNEUMONIA\person131_virus_265.jpeg,1184,800,L,44c263f7a6069eba9f3a2b5b87ccb259,person131,viral
train,PNEUMONIA,person132_virus_266.jpeg,chest_xray_dataset\train\PNEUMONIA\person132_virus_266.jpeg,1496,1008,L,9d97e865ed486b21622e937bb6c6c396,person132,viral
train,PNEUMONIA,person133_virus_267.jpeg,chest_xray_dataset\train\PNEUMONIA\person133_virus_267.jpeg,1552,1000,L,641ca43616c0dc690d664eccb7dcbc74,person133,viral
train,PNEUMONIA,person134_virus_268.jpeg,chest_xray_dataset\train\PNEUMONIA\person134_virus_268.jpeg,1216,1008,L,04b7bbfbbf1d82b326c4c8eea79cdf40,person134,viral
train,PNEUMONIA,person135_virus_270.jpeg,chest_xray_dataset\train\PNEUMONIA\person135_virus_270.jpeg,992,568,L,732f776d7e2fecf6a4e83ae15549f5c3,person135,viral
train,PNEUMONIA,person135_virus_271.jpeg,chest_xray_dataset\train\PNEUMONIA\person135_virus_271.jpeg,1072,624,L,94ef43211ec80d765fe419713c1de56c,person135,viral
train,PNEUMONIA,person137_virus_281.jpeg,chest_xray_dataset\train\PNEUMONIA\person137_virus_281.jpeg,1320,1000,L,422d51898d5e2d2266ea19d943924ed0,person137,viral
train,PNEUMONIA,person138_virus_282.jpeg,chest_xray_dataset\train\PNEUMONIA\person138_virus_282.jpeg,928,496,L,d1fa3f332a34e98025750ccca9aa20ee,person138,viral
train,PNEUMONIA,person139_virus_283.jpeg,chest_xray_dataset\train\PNEUMONIA\person139_virus_283.jpeg,1576,1064,L,31973e35738accbc0cb5acf018dd9d1d,person139,viral
train,PNEUMONIA,person140_virus_284.jpeg,chest_xray_dataset\train\PNEUMONIA\person140_virus_284.jpeg,1896,1360,L,d45916bebd5bc12afb80447508d7f609,person140,viral
train,PNEUMONIA,person140_virus_285.jpeg,chest_xray_dataset\train\PNEUMONIA\person140_virus_285.jpeg,2048,1656,L,489091169bd363602f6c7b2e77515c61,person140,viral
train,PNEUMONIA,person141_virus_287.jpeg,chest_xray_dataset\train\PNEUMONIA\person141_virus_287.jpeg,1608,1168,L,09cfc3daae32279f38260d91393c5868,person141,viral
train,PNEUMONIA,person142_virus_288.jpeg,chest_xray_dataset\train\PNEUMONIA\person142_virus_288.jpeg,1720,1192,L,3e68d0b2471c31d42ec8f05a5ab090f7,person142,viral
train,PNEUMONIA,person143_virus_289.jpeg,chest_xray_dataset\train\PNEUMONIA\person143_virus_289.jpeg,1368,992,L,19c50ef60f484c4ef0819096cc242562,person143,viral
train,PNEUMONIA,person145_virus_294.jpeg,chest_xray_dataset\train\PNEUMONIA\person145_virus_294.jpeg,904,600,L,12f179f5afd79b09e29e91f377930d5e,person145,viral
train,PNEUMONIA,person145_virus_295.jpeg,chest_xray_dataset\train\PNEUMONIA\person145_virus_295.jpeg,968,552,L,bb4863380f6077086e094d33db99afac,person145,viral
train,PNEUMONIA,person146_virus_296.jpeg,chest_xray_dataset\train\PNEUMONIA\person146_virus_296.jpeg,1360,816,L,bf73bc64fbaf60dbab1e17ac84242e68,person146,viral
train,PNEUMONIA,person147_virus_297.jpeg,chest_xray_dataset\train\PNEUMONIA\person147_virus_297.jpeg,1168,688,L,113c9443b80f7dcc51f706cb75191345,person147,viral
train,PNEUMONIA,person149_virus_299.jpeg,chest_xray_dataset\train\PNEUMONIA\person149_virus_299.jpeg,1528,1032,L,9ac2e30ddea508c4d1109e905aac72cd,person149,viral
train,PNEUMONIA,person14_bacteria_51.jpeg,chest_xray_dataset\train\PNEUMONIA\person14_bacteria_51.jpeg,981,663,RGB,2691df7d98f06a29cbb95794cc2c6aef,person14,bacterial
train,PNEUMONIA,person151_virus_301.jpeg,chest_xray_dataset\train\PNEUMONIA\person151_virus_301.jpeg,1368,984,L,fc0dd5019b74980fd03f6423ce62106a,person151,viral
train,PNEUMONIA,person151_virus_302.jpeg,chest_xray_dataset\train\PNEUMONIA\person151_virus_302.jpeg,1264,704,L,341ce51746a5bad1cc3acd6c431950f1,person151,viral
train,PNEUMONIA,person152_virus_303.jpeg,chest_xray_dataset\train\PNEUMONIA\person152_virus_303.jpeg,1344,1032,L,a0f1284d7a581f5ed058ac28a2d31680,person152,viral
train,PNEUMONIA,person153_virus_304.jpeg,chest_xray_dataset\train\PNEUMONIA\person153_virus_304.jpeg,1160,752,L,55218f608cbe8f48867595d49d47eb3b,person153,viral
train,PNEUMONIA,person154_virus_305.jpeg,chest_xray_dataset\train\PNEUMONIA\person154_virus_305.jpeg,1336,728,L,ba19696724e3edbd6843b2b3e7640182,person154,viral
train,PNEUMONIA,person154_virus_306.jpeg,chest_xray_dataset\train\PNEUMONIA\person154_virus_306.jpeg,1448,1176,L,590590fe30324b4bd84f10dff07ad5cc,person154,viral
train,PNEUMONIA,person155_virus_307.jpeg,chest_xray_dataset\train\PNEUMONIA\person155_virus_307.jpeg,1536,1064,L,67a2c4d42fa4549ef6007d930ee2ab72,person155,viral
train,PNEUMONIA,person157_virus_311.jpeg,chest_xray_dataset\train\PNEUMONIA\person157_virus_311.jpeg,1768,1216,L,deb7dc83959951d09899b15e4635d811,person157,viral
train,PNEUMONIA,person158_virus_312.jpeg,chest_xray_dataset\train\PNEUMONIA\person158_virus_312.jpeg,1552,1176,L,c629f1f785a0ef4e618f2058085abbae,person158,viral
train,PNEUMONIA,person15_bacteria_52.jpeg,chest_xray_dataset\train\PNEUMONIA\person15_bacteria_52.jpeg,1280,751,L,d412eb520d72c7ca904ff5e8bdd346c8,person15,bacterial
train,PNEUMONIA,person1608_bacteria_4235.jpeg,chest_xray_dataset\train\PNEUMONIA\person1608_bacteria_4235.jpeg,1168,640,L,8ae436efe74f5d82e8c820c835885d5d,person1608,bacterial
train,PNEUMONIA,person1610_bacteria_4240.jpeg,chest_xray_dataset\train\PNEUMONIA\person1610_bacteria_4240.jpeg,1112,736,L,d0b86ee2339ebea6db701435e27c213e,person1610,bacterial
train,PNEUMONIA,person1613_bacteria_4247.jpeg,chest_xray_dataset\train\PNEUMONIA\person1613_bacteria_4247.jpeg,1376,800,L,9e7fe1f080da2453d449d00aa13558e0,person1613,bacterial
train,PNEUMONIA,person1614_bacteria_4248.jpeg,chest_xray_dataset\train\PNEUMONIA\person1614_bacteria_4248.jpeg,1392,824,L,bc36d88cddcb4d162b5e02d0cfa1a81e,person1614,bacterial
train,PNEUMONIA,person1615_bacteria_4249.jpeg,chest_xray_dataset\train\PNEUMONIA\person1615_bacteria_4249.jpeg,1224,1072,L,96957e2874fb88cab943b823f1740449,person1615,bacterial
train,PNEUMONIA,person1616_bacteria_4251.jpeg,chest_xray_dataset\train\PNEUMONIA\person1616_bacteria_4251.jpeg,1008,696,L,e7f5c41ecca201d9587cd8cf9858540f,person1616,bacterial
train,PNEUMONIA,person1618_bacteria_4258.jpeg,chest_xray_dataset\train\PNEUMONIA\person1618_bacteria_4258.jpeg,1248,760,L,f921cc08dddd248a2c0b5ee0bb629e3d,person1618,bacterial
train,PNEUMONIA,person1619_bacteria_4261.jpeg,chest_xray_dataset\train\PNEUMONIA\person1619_bacteria_4261.jpeg,1400,1040,L,9b9c3daba4e10488fe6c5aacb4e9e309,person1619,bacterial
train,PNEUMONIA,person1619_bacteria_4262.jpeg,chest_xray_dataset\train\PNEUMONIA\person1619_bacteria_4262.jpeg,1424,904,L,e421a85d6686840d40b551a9142d06c3,person1619,bacterial
train,PNEUMONIA,person1619_bacteria_4266.jpeg,chest_xray_dataset\train\PNEUMONIA\person1619_bacteria_4266.jpeg,1352,968,L,c1be8c4c51cebacead3450b0e3307905,person1619,bacterial
train,PNEUMONIA,person1619_bacteria_4267.jpeg,chest_xray_dataset\train\PNEUMONIA\person1619_bacteria_4267.jpeg,1512,1272,L,061c1fac2e79c2d435a6d4c1e35894e7,person1619,bacterial
train,PNEUMONIA,person1619_bacteria_4268.jpeg,chest_xray_dataset\train\PNEUMONIA\person1619_bacteria_4268.jpeg,1512,1272,L,061c1fac2e79c2d435a6d4c1e35894e7,person1619,bacterial
train,PNEUMONIA,person1619_bacteria_4269.jpeg,chest_xray_dataset\train\PNEUMONIA\person1619_bacteria_4269.jpeg,1392,888,L,8db60ef8967ed3e0a533633432c53161,person1619,bacterial
train,PNEUMONIA,person1619_bacteria_4270.jpeg,chest_xray_dataset\train\PNEUMONIA\person1619_bacteria_4270.jpeg,1352,880,L,429395b84de86fcb727ead714b3dbaf9,person1619,bacterial
train,PNEUMONIA,person1619_bacteria_4271.jpeg,chest_xray_dataset\train\PNEUMONIA\person1619_bacteria_4271.jpeg,1504,912,L,acbad1a937d9e228357fe8894395aed7,person1619,bacterial
train,PNEUMONIA,person161_virus_317.jpeg,chest_xray_dataset\train\PNEUMONIA\person161_virus_317.jpeg,1264,904,L,df02771f1c0df5b5ec53a396237800bb,person161,viral
train,PNEUMONIA,person1620_bacteria_4272.jpeg,chest_xray_dataset\train\PNEUMONIA\person1620_bacteria_4272.jpeg,1224,656,L,2fbafe02c4def0fad613656dfca8bff6,person1620,bacterial
train,PNEUMONIA,person1625_bacteria_4290.jpeg,chest_xray_dataset\train\PNEUMONIA\person1625_bacteria_4290.jpeg,1040,824,L,fb7cd81f84c0885edc1206ec4371ecb5,person1625,bacterial
train,PNEUMONIA,person1626_bacteria_4291.jpeg,chest_xray_dataset\train\PNEUMONIA\person1626_bacteria_4291.jpeg,896,648,L,d04d1c9930620afebf96fa8a87f2e905,person1626,bacterial
train,PNEUMONIA,person1628_bacteria_4293.jpeg,chest_xray_dataset\train\PNEUMONIA\person1628_bacteria_4293.jpeg,1144,896,L,43b9ec83fee8fb6946dfa7919231e94f,person1628,bacterial
train,PNEUMONIA,person1628_bacteria_4294.jpeg,chest_xray_dataset\train\PNEUMONIA\person1628_bacteria_4294.jpeg,1328,1000,L,35d8ed0d8c5fb45f6f447197aec4f84b,person1628,bacterial
train,PNEUMONIA,person1628_bacteria_4295.jpeg,chest_xray_dataset\train\PNEUMONIA\person1628_bacteria_4295.jpeg,1240,744,L,44458a40492ef41597f0955c7fe00f21,person1628,bacterial
train,PNEUMONIA,person1628_bacteria_4296.jpeg,chest_xray_dataset\train\PNEUMONIA\person1628_bacteria_4296.jpeg,1280,848,L,1d5212b8b3359bec6f77a0a72910010c,person1628,bacterial
train,PNEUMONIA,person1628_bacteria_4297.jpeg,chest_xray_dataset\train\PNEUMONIA\person1628_bacteria_4297.jpeg,1304,968,L,78ff1c623db8352507e4530f7eb86e11,person1628,bacterial
train,PNEUMONIA,person1628_bacteria_4298.jpeg,chest_xray_dataset\train\PNEUMONIA\person1628_bacteria_4298.jpeg,1304,968,L,78ff1c623db8352507e4530f7eb86e11,person1628,bacterial
train,PNEUMONIA,person1629_bacteria_4299.jpeg,chest_xray_dataset\train\PNEUMONIA\person1629_bacteria_4299.jpeg,1792,1216,L,fc849708b3e1bb5816df1e110b598089,person1629,bacterial
train,PNEUMONIA,person1634_bacteria_4326.jpeg,chest_xray_dataset\train\PNEUMONIA\person1634_bacteria_4326.jpeg,1648,1096,L,3f926c146fc573360be492c1262584d5,person1634,bacterial
train,PNEUMONIA,person1634_bacteria_4331.jpeg,chest_xray_dataset\train\PNEUMONIA\person1634_bacteria_4331.jpeg,1720,1112,L,5d4f0c15811de1963acf4d49e97100b5,person1634,bacterial
train,PNEUMONIA,person1634_bacteria_4334.jpeg,chest_xray_dataset\train\PNEUMONIA\person1634_bacteria_4334.jpeg,1824,976,L,bf87edd4c9879b5e2bf75c5d5333b0f3,person1634,bacterial
train,PNEUMONIA,person1635_bacteria_4335.jpeg,chest_xray_dataset\train\PNEUMONIA\person1635_bacteria_4335.jpeg,1224,848,L,9c442b16d65b0374d5e063efbce046d5,person1635,bacterial
train,PNEUMONIA,person1637_bacteria_4339.jpeg,chest_xray_dataset\train\PNEUMONIA\person1637_bacteria_4339.jpeg,1936,1536,L,b1c056075d1b62d01200f512153d4048,person1637,bacterial
train,PNEUMONIA,person1640_bacteria_4348.jpeg,chest_xray_dataset\train\PNEUMONIA\person1640_bacteria_4348.jpeg,855,507,RGB,3ed087e81cec6df4e3079ce8804ff14b,person1640,bacterial
train,PNEUMONIA,person1641_bacteria_4350.jpeg,chest_xray_dataset\train\PNEUMONIA\person1641_bacteria_4350.jpeg,1072,648,L,f0f100d7b9f9dfda1f587f1e03586cc7,person1641,bacterial
train,PNEUMONIA,person1642_bacteria_4352.jpeg,chest_xray_dataset\train\PNEUMONIA\person1642_bacteria_4352.jpeg,724,286,RGB,1ba35d6224b1b170737877d9c4a552c2,person1642,bacterial
train,PNEUMONIA,person1642_bacteria_4353.jpeg,chest_xray_dataset\train\PNEUMONIA\person1642_bacteria_4353.jpeg,698,413,RGB,195acca8fc97456b081689c02ad373bc,person1642,bacterial
train,PNEUMONIA,person1643_bacteria_4354.jpeg,chest_xray_dataset\train\PNEUMONIA\person1643_bacteria_4354.jpeg,1088,664,L,e42d4dfa0ede18a30c518f2691dbebb9,person1643,bacterial
train,PNEUMONIA,person1644_bacteria_4356.jpeg,chest_xray_dataset\train\PNEUMONIA\person1644_bacteria_4356.jpeg,741,421,RGB,5d0d6b10effea17e9c937880e9a3e3c3,person1644,bacterial
train,PNEUMONIA,person1644_bacteria_4357.jpeg,chest_xray_dataset\train\PNEUMONIA\person1644_bacteria_4357.jpeg,645,329,RGB,7edf0557daf3073abe2d1ffd6d746d1f,person1644,bacterial
train,PNEUMONIA,person1644_bacteria_4358.jpeg,chest_xray_dataset\train\PNEUMONIA\person1644_bacteria_4358.jpeg,1040,536,L,d4e0fa4d206ac6fd6b061ca205f08e98,person1644,bacterial
train,PNEUMONIA,person1644_bacteria_4360.jpeg,chest_xray_dataset\train\PNEUMONIA\person1644_bacteria_4360.jpeg,718,401,RGB,488924a9f8f87fdb0285802b71ecb8ff,person1644,bacterial
train,PNEUMONIA,person1644_bacteria_4361.jpeg,chest_xray_dataset\train\PNEUMONIA\person1644_bacteria_4361.jpeg,720,325,RGB,10631cc9402ba75aea2207b1e88ff204,person1644,bacterial
train,PNEUMONIA,person1644_bacteria_4362.jpeg,chest_xray_dataset\train\PNEUMONIA\person1644_bacteria_4362.jpeg,1048,680,L,1fd0f205c950579551cecd2e7f099460,person1644,bacterial
train,PNEUMONIA,person1645_bacteria_4363.jpeg,chest_xray_dataset\train\PNEUMONIA\person1645_bacteria_4363.jpeg,1152,664,L,cd6bac3acf0563d2699b14b6fc9e3f11,person1645,bacterial
train,PNEUMONIA,person1647_bacteria_4372.jpeg,chest_xray_dataset\train\PNEUMONIA\person1647_bacteria_4372.jpeg,936,776,L,96632e03239c43702ad393c2c91db648,person1647,bacterial
train,PNEUMONIA,person1649_bacteria_4377.jpeg,chest_xray_dataset\train\PNEUMONIA\person1649_bacteria_4377.jpeg,1040,728,L,6aa7ba31980ca8625aef068eab309f88,person1649,bacterial
train,PNEUMONIA,person1649_bacteria_4378.jpeg,chest_xray_dataset\train\PNEUMONIA\person1649_bacteria_4378.jpeg,1032,888,L,b37b1b5a1fb363d4c372a984f7e36d67,person1649,bacterial
train,PNEUMONIA,person1649_bacteria_4379.jpeg,chest_xray_dataset\train\PNEUMONIA\person1649_bacteria_4379.jpeg,1152,832,L,010b5fe25d829c94666064eca1c62a43,person1649,bacterial
train,PNEUMONIA,person1651_bacteria_4381.jpeg,chest_xray_dataset\train\PNEUMONIA\person1651_bacteria_4381.jpeg,1176,816,L,c4c572edbb47bb8ee7f85761f0bc7e04,person1651,bacterial
train,PNEUMONIA,person1657_bacteria_4398.jpeg,chest_xray_dataset\train\PNEUMONIA\person1657_bacteria_4398.jpeg,1552,1120,L,88c47d1919d41135c9cf6f43fd5eb9fb,person1657,bacterial
train,PNEUMONIA,person1657_bacteria_4399.jpeg,chest_xray_dataset\train\PNEUMONIA\person1657_bacteria_4399.jpeg,1456,1160,L,05acf87daeb1e0de0b9561ce0ed550f3,person1657,bacterial
train,PNEUMONIA,person1657_bacteria_4400.jpeg,chest_xray_dataset\train\PNEUMONIA\person1657_bacteria_4400.jpeg,1504,1200,L,d08e8308fa7e279c79543688fc6dc7d4,person1657,bacterial
train,PNEUMONIA,person1660_bacteria_4404.jpeg,chest_xray_dataset\train\PNEUMONIA\person1660_bacteria_4404.jpeg,1032,552,L,6d29924291188d5a69439348ce051fa6,person1660,bacterial
train,PNEUMONIA,person1661_bacteria_4406.jpeg,chest_xray_dataset\train\PNEUMONIA\person1661_bacteria_4406.jpeg,607,347,RGB,c3316e9a3b634ea1098a78a6c9913ee4,person1661,bacterial
train,PNEUMONIA,person1663_bacteria_4411.jpeg,chest_xray_dataset\train\PNEUMONIA\person1663_bacteria_4411.jpeg,1416,864,L,915ff548f2c55d283ca6c130c8adb14a,person1663,bacterial
train,PNEUMONIA,person1663_bacteria_4412.jpeg,chest_xray_dataset\train\PNEUMONIA\person1663_bacteria_4412.jpeg,1272,952,L,d318bc93944c76a809b9259291052f8e,person1663,bacterial
train,PNEUMONIA,person1665_bacteria_4415.jpeg,chest_xray_dataset\train\PNEUMONIA\person1665_bacteria_4415.jpeg,1160,784,L,77a2cd478f9a52ecf4d4354cb7481f15,person1665,bacterial
train,PNEUMONIA,person1667_bacteria_4417.jpeg,chest_xray_dataset\train\PNEUMONIA\person1667_bacteria_4417.jpeg,1024,648,L,e4e65a3bdc5ec404a922cebd9575dd74,person1667,bacterial
train,PNEUMONIA,person1667_bacteria_4418.jpeg,chest_xray_dataset\train\PNEUMONIA\person1667_bacteria_4418.jpeg,1144,752,L,564b7318bb0a7e83d27bfd9e1d7d3292,person1667,bacterial
train,PNEUMONIA,person1668_bacteria_4420.jpeg,chest_xray_dataset\train\PNEUMONIA\person1668_bacteria_4420.jpeg,571,310,RGB,292930c8d297d15634c1727856535814,person1668,bacterial
train,PNEUMONIA,person1668_bacteria_4421.jpeg,chest_xray_dataset\train\PNEUMONIA\person1668_bacteria_4421.jpeg,469,270,RGB,9c6496f2c7219a7915c60d222bc0ff8b,person1668,bacterial
train,PNEUMONIA,person1669_bacteria_4422.jpeg,chest_xray_dataset\train\PNEUMONIA\person1669_bacteria_4422.jpeg,482,163,RGB,e6889797b172da577c1e48662f02e7b9,person1669,bacterial
train,PNEUMONIA,person1669_bacteria_4423.jpeg,chest_xray_dataset\train\PNEUMONIA\person1669_bacteria_4423.jpeg,920,696,L,51d888ef789925dd377be8af91e20a15,person1669,bacterial
train,PNEUMONIA,person1669_bacteria_4424.jpeg,chest_xray_dataset\train\PNEUMONIA\person1669_bacteria_4424.jpeg,1032,680,L,8d16adb0bcaeb7e0ef76c221a7e4fdd7,person1669,bacterial
train,PNEUMONIA,person1670_bacteria_4425.jpeg,chest_xray_dataset\train\PNEUMONIA\person1670_bacteria_4425.jpeg,1328,928,L,f0716e04f593a5c4c62f85acb6c15ea0,person1670,bacterial
train,PNEUMONIA,person1670_bacteria_4426.jpeg,chest_xray_dataset\train\PNEUMONIA\person1670_bacteria_4426.jpeg,444,262,RGB,705b6822cd7c37fdbf09c7d85729d24a,person1670,bacterial
train,PNEUMONIA,person1670_bacteria_4427.jpeg,chest_xray_dataset\train\PNEUMONIA\person1670_bacteria_4427.jpeg,1488,1088,L,92f904dfc60f5acea448e7aae756ef11,person1670,bacterial
train,PNEUMONIA,person1670_bacteria_4428.jpeg,chest_xray_dataset\train\PNEUMONIA\person1670_bacteria_4428.jpeg,1352,816,L,7e2842d9c3b02767787d6cc7833ce70e,person1670,bacterial
train,PNEUMONIA,person1670_bacteria_4429.jpeg,chest_xray_dataset\train\PNEUMONIA\person1670_bacteria_4429.jpeg,1288,976,L,84865d4bbe4da56f7493bf7d056823c6,person1670,bacterial
train,PNEUMONIA,person1670_bacteria_4430.jpeg,chest_xray_dataset\train\PNEUMONIA\person1670_bacteria_4430.jpeg,1464,1104,L,e696200308e3d2c4e864c6568a4d3a52,person1670,bacterial
train,PNEUMONIA,person1670_bacteria_4431.jpeg,chest_xray_dataset\train\PNEUMONIA\person1670_bacteria_4431.jpeg,1568,832,L,54f057afff1d7bb1b6502e8b6a00ae7f,person1670,bacterial
train,PNEUMONIA,person1671_bacteria_4432.jpeg,chest_xray_dataset\train\PNEUMONIA\person1671_bacteria_4432.jpeg,1528,1024,L,e62b4957e0d00b3303dc25c64a5db12e,person1671,bacterial
train,PNEUMONIA,person1673_bacteria_4434.jpeg,chest_xray_dataset\train\PNEUMONIA\person1673_bacteria_4434.jpeg,896,624,L,244b38baefcccc85b356969eaa1460d2,person1673,bacterial
train,PNEUMONIA,person1674_bacteria_4437.jpeg,chest_xray_dataset\train\PNEUMONIA\person1674_bacteria_4437.jpeg,1160,936,L,0aa812d6d1d67482a1f4dee7478f2d17,person1674,bacterial
train,PNEUMONIA,person1676_bacteria_4441.jpeg,chest_xray_dataset\train\PNEUMONIA\person1676_bacteria_4441.jpeg,407,178,RGB,effa41207095f55c1cd4dce46828f614,person1676,bacterial
train,PNEUMONIA,person1678_bacteria_4446.jpeg,chest_xray_dataset\train\PNEUMONIA\person1678_bacteria_4446.jpeg,1144,928,L,36de2a9515501637cd35585c365d1bbd,person1678,bacterial
train,PNEUMONIA,person1679_bacteria_4448.jpeg,chest_xray_dataset\train\PNEUMONIA\person1679_bacteria_4448.jpeg,480,167,RGB,9f7648d2ae5f77920d3cd2aaa9c09b85,person1679,bacterial
train,PNEUMONIA,person1679_bacteria_4449.jpeg,chest_xray_dataset\train\PNEUMONIA\person1679_bacteria_4449.jpeg,438,168,RGB,7fdd638d2a351ed1219a60860804d33e,person1679,bacterial
train,PNEUMONIA,person1679_bacteria_4450.jpeg,chest_xray_dataset\train\PNEUMONIA\person1679_bacteria_4450.jpeg,549,229,RGB,5afa34d492cec6324bb2f82b952236ad,person1679,bacterial
train,PNEUMONIA,person1679_bacteria_4452.jpeg,chest_xray_dataset\train\PNEUMONIA\person1679_bacteria_4452.jpeg,1080,672,L,c598159c153e914fbd0adb4f70022dae,person1679,bacterial
train,PNEUMONIA,person1679_bacteria_4453.jpeg,chest_xray_dataset\train\PNEUMONIA\person1679_bacteria_4453.jpeg,1160,632,L,248fd9f23992d5fc2034868926bb5670,person1679,bacterial
train,PNEUMONIA,person1680_bacteria_4455.jpeg,chest_xray_dataset\train\PNEUMONIA\person1680_bacteria_4455.jpeg,984,544,L,7baff8f52c838e8d872c3064db71fb32,person1680,bacterial
train,PNEUMONIA,person1682_bacteria_4459.jpeg,chest_xray_dataset\train\PNEUMONIA\person1682_bacteria_4459.jpeg,1120,744,L,767fb4748f40cdbfd9f558fb2021e3cd,person1682,bacterial
train,PNEUMONIA,person1685_bacteria_4465.jpeg,chest_xray_dataset\train\PNEUMONIA\person1685_bacteria_4465.jpeg,1248,744,L,c4e4ac9b5f48e80cdc6d45134f6e69ff,person1685,bacterial
train,PNEUMONIA,person16_bacteria_53.jpeg,chest_xray_dataset\train\PNEUMONIA\person16_bacteria_53.jpeg,1470,1033,L,9505945bca9b0a021e893a34d6beea89,person16,bacterial
train,PNEUMONIA,person16_bacteria_54.jpeg,chest_xray_dataset\train\PNEUMONIA\person16_bacteria_54.jpeg,1460,924,L,d9f02398403002b3110b632cb3362438,person16,bacterial
train,PNEUMONIA,person16_bacteria_55.jpeg,chest_xray_dataset\train\PNEUMONIA\person16_bacteria_55.jpeg,1488,936,L,e369e720ab4f7c422d89b840157ab0a8,person16,bacterial
train,PNEUMONIA,person17_bacteria_56.jpeg,chest_xray_dataset\train\PNEUMONIA\person17_bacteria_56.jpeg,1256,932,L,da91ceb9621ca56b289d25266072bde0,person17,bacterial
train,PNEUMONIA,person18_bacteria_57.jpeg,chest_xray_dataset\train\PNEUMONIA\person18_bacteria_57.jpeg,1504,1033,L,7b9a6543ec9aa351fbd33dfa5dbf9721,person18,bacterial
train,PNEUMONIA,person19_bacteria_58.jpeg,chest_xray_dataset\train\PNEUMONIA\person19_bacteria_58.jpeg,840,456,L,b0cdf02b8435d7b609a47a86d6432d8f,person19,bacterial
train,PNEUMONIA,person19_bacteria_59.jpeg,chest_xray_dataset\train\PNEUMONIA\person19_bacteria_59.jpeg,1024,736,L,61b029db5ef4813c5e0fe5e0b33a2a3a,person19,bacterial
train,PNEUMONIA,person19_bacteria_60.jpeg,chest_xray_dataset\train\PNEUMONIA\person19_bacteria_60.jpeg,856,632,L,496a4fd4cb6b6d8863579c8b3826be6e,person19,bacterial
train,PNEUMONIA,person19_bacteria_61.jpeg,chest_xray_dataset\train\PNEUMONIA\person19_bacteria_61.jpeg,832,504,L,619e5f8d6d9daf1d955ef8d6d2f17c3c,person19,bacterial
train,PNEUMONIA,person19_bacteria_62.jpeg,chest_xray_dataset\train\PNEUMONIA\person19_bacteria_62.jpeg,952,560,L,f5c7ce742e01d31d57e243932ece47e3,person19,bacterial
train,PNEUMONIA,person19_bacteria_63.jpeg,chest_xray_dataset\train\PNEUMONIA\person19_bacteria_63.jpeg,1064,627,L,c92a2734b98a813250360210ac70726c,person19,bacterial
train,PNEUMONIA,person1_bacteria_1.jpeg,chest_xray_dataset\train\PNEUMONIA\person1_bacteria_1.jpeg,712,439,RGB,c05ae5093aed9af39e4c6ef5fa1ee397,person1,bacterial
train,PNEUMONIA,person1_bacteria_2.jpeg,chest_xray_dataset\train\PNEUMONIA\person1_bacteria_2.jpeg,1240,840,L,304a450bbd3319643627e15743f863e1,person1,bacterial
train,PNEUMONIA,person20_bacteria_64.jpeg,chest_xray_dataset\train\PNEUMONIA\person20_bacteria_64.jpeg,824,656,L,f9e56c293f2602d99482b0d0c91d9520,person20,bacterial
train,PNEUMONIA,person20_bacteria_66.jpeg,chest_xray_dataset\train\PNEUMONIA\person20_bacteria_66.jpeg,1048,736,L,f344f1fcf9077f30b03063394707b74d,person20,bacterial
train,PNEUMONIA,person20_bacteria_67.jpeg,chest_xray_dataset\train\PNEUMONIA\person20_bacteria_67.jpeg,1032,528,L,1820bd0ca00e753b879a86c6cced4a76,person20,bacterial
train,PNEUMONIA,person20_bacteria_69.jpeg,chest_xray_dataset\train\PNEUMONIA\person20_bacteria_69.jpeg,1118,740,L,26e40a3a30adc3d19c869085da62ea84,person20,bacterial
train,PNEUMONIA,person20_bacteria_70.jpeg,chest_xray_dataset\train\PNEUMONIA\person20_bacteria_70.jpeg,880,464,L,6c23a064d6be33e292a0a2cc979c14ff,person20,bacterial
train,PNEUMONIA,person21_bacteria_72.jpeg,chest_xray_dataset\train\PNEUMONIA\person21_bacteria_72.jpeg,1848,1632,L,568eafb99b50601cacd4bb3f96590ed6,person21,bacterial
train,PNEUMONIA,person21_bacteria_73.jpeg,chest_xray_dataset\train\PNEUMONIA\person21_bacteria_73.jpeg,1882,1608,L,584577756147c573ec26f6916d38549d,person21,bacterial
train,PNEUMONIA,person22_bacteria_74.jpeg,chest_xray_dataset\train\PNEUMONIA\person22_bacteria_74.jpeg,1232,968,L,5dbf2723bb7165db076fa4a4989f58bb,person22,bacterial
train,PNEUMONIA,person22_bacteria_76.jpeg,chest_xray_dataset\train\PNEUMONIA\person22_bacteria_76.jpeg,1128,1040,L,12119f87bd9e74957ef333a01416f7cb,person22,bacterial
train,PNEUMONIA,person22_bacteria_77.jpeg,chest_xray_dataset\train\PNEUMONIA\person22_bacteria_77.jpeg,1168,1072,L,9885f0868555d15200ca9de9b08078a4,person22,bacterial
train,PNEUMONIA,person23_bacteria_100.jpeg,chest_xray_dataset\train\PNEUMONIA\person23_bacteria_100.jpeg,984,648,L,f5a52620299892064597eb15b244e285,person23,bacterial
train,PNEUMONIA,person23_bacteria_101.jpeg,chest_xray_dataset\train\PNEUMONIA\person23_bacteria_101.jpeg,1120,880,L,c81e22d35be446a550ba30874828605c,person23,bacterial
train,PNEUMONIA,person23_bacteria_102.jpeg,chest_xray_dataset\train\PNEUMONIA\person23_bacteria_102.jpeg,1152,688,L,8ce2c0c045ee74d9f89a4d51e54ce51b,person23,bacterial
train,PNEUMONIA,person23_bacteria_103.jpeg,chest_xray_dataset\train\PNEUMONIA\person23_bacteria_103.jpeg,1152,784,L,9ba7617a5a5f2d10df3d28b62c87bfc2,person23,bacterial
train,PNEUMONIA,person23_bacteria_104.jpeg,chest_xray_dataset\train\PNEUMONIA\person23_bacteria_104.jpeg,1256,728,L,f503f7c49d3c728c232307fce20dad9a,person23,bacterial
train,PNEUMONIA,person23_bacteria_105.jpeg,chest_xray_dataset\train\PNEUMONIA\person23_bacteria_105.jpeg,1136,792,L,9a863b109ea32f72a3a91b1e3ec107f6,person23,bacterial
train,PNEUMONIA,person23_bacteria_106.jpeg,chest_xray_dataset\train\PNEUMONIA\person23_bacteria_106.jpeg,1000,656,L,703f0aa63df543fedf68774635944d2a,person23,bacterial
train,PNEUMONIA,person23_bacteria_107.jpeg,chest_xray_dataset\train\PNEUMONIA\person23_bacteria_107.jpeg,1224,720,L,72ceeab9c80998d8f8cb5653cd77e391,person23,bacterial
train,PNEUMONIA,person23_bacteria_78.jpeg,chest_xray_dataset\train\PNEUMONIA\person23_bacteria_78.jpeg,1120,640,L,3e7b171e3413013c8dacaa953f6f0e2f,person23,bacterial
train,PNEUMONIA,person23_bacteria_79.jpeg,chest_xray_dataset\train\PNEUMONIA\person23_bacteria_79.jpeg,1200,680,L,cdec5a8d9566247c9568780fc96f95f1,person23,bacterial
train,PNEUMONIA,person23_bacteria_80.jpeg,chest_xray_dataset\train\PNEUMONIA\person23_bacteria_80.jpeg,1264,1072,L,4147e5e02a57c03e47c6b26773760d39,person23,bacterial
train,PNEUMONIA,person23_bacteria_81.jpeg,chest_xray_dataset\train\PNEUMONIA\person23_bacteria_81.jpeg,1056,656,L,a2bb5544c71de9bf00764d243e5d6873,person23,bacterial
train,PNEUMONIA,person23_bacteria_82.jpeg,chest_xray_dataset\train\PNEUMONIA\person23_bacteria_82.jpeg,1272,896,L,f0f0b64e125d1cddc7e809b508246491,person23,bacterial
train,PNEUMONIA,person23_bacteria_83.jpeg,chest_xray_dataset\train\PNEUMONIA\person23_bacteria_83.jpeg,1016,824,L,6122033171020521d480d7617f679f95,person23,bacterial
train,PNEUMONIA,person23_bacteria_84.jpeg,chest_xray_dataset\train\PNEUMONIA\person23_bacteria_84.jpeg,1136,824,L,206629f7a1ca6b465989fc0ae433c560,person23,bacterial
train,PNEUMONIA,person23_bacteria_85.jpeg,chest_xray_dataset\train\PNEUMONIA\person23_bacteria_85.jpeg,1024,656,L,4de2018042fd5e062f97bdcbc19ffe0f,person23,bacterial
train,PNEUMONIA,person23_bacteria_86.jpeg,chest_xray_dataset\train\PNEUMONIA\person23_bacteria_86.jpeg,1144,856,L,c8935ada2592cff5e2b553e07ee0d8be,person23,bacterial
train,PNEUMONIA,person23_bacteria_87.jpeg,chest_xray_dataset\train\PNEUMONIA\person23_bacteria_87.jpeg,1272,736,L,c8974984e810f96b8ecb4f7c7117e40a,person23,bacterial
train,PNEUMONIA,person23_bacteria_88.jpeg,chest_xray_dataset\train\PNEUMONIA\person23_bacteria_88.jpeg,986,634,RGB,c32b84a8d0f1985bf60acfa892247d8b,person23,bacterial
train,PNEUMONIA,person23_bacteria_89.jpeg,chest_xray_dataset\train\PNEUMONIA\person23_bacteria_89.jpeg,944,632,L,af1b3eda2add2968d43265b1e6b23f93,person23,bacterial
train,PNEUMONIA,person23_bacteria_90.jpeg,chest_xray_dataset\train\PNEUMONIA\person23_bacteria_90.jpeg,1160,736,L,8b224e9e6cf1c8633f76eba48976b1ce,person23,bacterial
train,PNEUMONIA,person23_bacteria_91.jpeg,chest_xray_dataset\train\PNEUMONIA\person23_bacteria_91.jpeg,1008,640,L,de75854a6aab69bd0d52f2a7d3cd1580,person23,bacterial
train,PNEUMONIA,person23_bacteria_92.jpeg,chest_xray_dataset\train\PNEUMONIA\person23_bacteria_92.jpeg,1080,712,L,3cf9222894a8278d2997526cea0961ce,person23,bacterial
train,PNEUMONIA,person23_bacteria_93.jpeg,chest_xray_dataset\train\PNEUMONIA\person23_bacteria_93.jpeg,1064,632,L,0c7d8c122875be07bad7440ab99e9a29,person23,bacterial
train,PNEUMONIA,person23_bacteria_94.jpeg,chest_xray_dataset\train\PNEUMONIA\person23_bacteria_94.jpeg,1208,728,L,809dd3984e5f620cb7d136464ec09a06,person23,bacterial
train,PNEUMONIA,person23_bacteria_95.jpeg,chest_xray_dataset\train\PNEUMONIA\person23_bacteria_95.jpeg,1104,704,L,1d1aad100760e174345e41481c66d215,person23,bacterial
train,PNEUMONIA,person23_bacteria_96.jpeg,chest_xray_dataset\train\PNEUMONIA\person23_bacteria_96.jpeg,1072,848,L,c5b934b18e33f60f4bd436f12cb49360,person23,bacterial
train,PNEUMONIA,person23_bacteria_97.jpeg,chest_xray_dataset\train\PNEUMONIA\person23_bacteria_97.jpeg,1064,760,L,d9086f5d8874a16218806c31115a82be,person23,bacterial
train,PNEUMONIA,person23_bacteria_98.jpeg,chest_xray_dataset\train\PNEUMONIA\person23_bacteria_98.jpeg,1152,736,L,82b6e962da2eb8857b002e4f72358102,person23,bacterial
train,PNEUMONIA,person23_bacteria_99.jpeg,chest_xray_dataset\train\PNEUMONIA\person23_bacteria_99.jpeg,1152,816,L,e4f3e472ef20bbc17764856c30bcf839,person23,bacterial
train,PNEUMONIA,person24_bacteria_108.jpeg,chest_xray_dataset\train\PNEUMONIA\person24_bacteria_108.jpeg,1184,792,L,f71c25504b8c83d89f09a8fa38484302,person24,bacterial
train,PNEUMONIA,person24_bacteria_109.jpeg,chest_xray_dataset\train\PNEUMONIA\person24_bacteria_109.jpeg,1304,872,L,8813886180a1e124a198381b777305a0,person24,bacterial
train,PNEUMONIA,person24_bacteria_110.jpeg,chest_xray_dataset\train\PNEUMONIA\person24_bacteria_110.jpeg,1056,680,L,c441599be33903c1384054b29c21ff56,person24,bacterial
train,PNEUMONIA,person24_bacteria_111.jpeg,chest_xray_dataset\train\PNEUMONIA\person24_bacteria_111.jpeg,1048,856,L,cf019c99576e046d3b6cb840a8f1ab54,person24,bacterial
train,PNEUMONIA,person24_bacteria_112.jpeg,chest_xray_dataset\train\PNEUMONIA\person24_bacteria_112.jpeg,1510,1002,L,5daaefa1b4ecdaa11098995600845371,person24,bacterial
train,PNEUMONIA,person25_bacteria_113.jpeg,chest_xray_dataset\train\PNEUMONIA\person25_bacteria_113.jpeg,1024,712,L,73b9cfb93eb07c41e0677dbce7941b41,person25,bacterial
train,PNEUMONIA,person25_bacteria_114.jpeg,chest_xray_dataset\train\PNEUMONIA\person25_bacteria_114.jpeg,1040,664,L,db1a08cf1a6d82cffdd08514a0773eb8,person25,bacterial
train,PNEUMONIA,person25_bacteria_115.jpeg,chest_xray_dataset\train\PNEUMONIA\person25_bacteria_115.jpeg,1112,856,L,3ce7aec4f06c53416d3457748256fb2a,person25,bacterial
train,PNEUMONIA,person25_bacteria_116.jpeg,chest_xray_dataset\train\PNEUMONIA\person25_bacteria_116.jpeg,1224,1000,L,a9d7fc3c4762605d3ec25fbd16ffbfa6,person25,bacterial
train,PNEUMONIA,person25_bacteria_117.jpeg,chest_xray_dataset\train\PNEUMONIA\person25_bacteria_117.jpeg,1184,832,L,65291ce4d10a9d67189b615da66c4c20,person25,bacterial
train,PNEUMONIA,person25_bacteria_118.jpeg,chest_xray_dataset\train\PNEUMONIA\person25_bacteria_118.jpeg,1136,856,L,4235a664a1bd8be5983be94ccaff8cf3,person25,bacterial
train,PNEUMONIA,person25_bacteria_119.jpeg,chest_xray_dataset\train\PNEUMONIA\person25_bacteria_119.jpeg,928,608,L,5d86aeecea3fddb858443609f59414fc,person25,bacterial
train,PNEUMONIA,person25_bacteria_120.jpeg,chest_xray_dataset\train\PNEUMONIA\person25_bacteria_120.jpeg,1152,760,L,2f4db2bb7f0b7d839ab6958940aca63d,person25,bacterial
train,PNEUMONIA,person25_bacteria_121.jpeg,chest_xray_dataset\train\PNEUMONIA\person25_bacteria_121.jpeg,1210,948,L,8e01a0895564eb7958cdf30f224ae768,person25,bacterial
train,PNEUMONIA,person26_bacteria_122.jpeg,chest_xray_dataset\train\PNEUMONIA\person26_bacteria_122.jpeg,1200,552,L,ff9c3e0bb9e94aa73c99255f635788c8,person26,bacterial
train,PNEUMONIA,person26_bacteria_123.jpeg,chest_xray_dataset\train\PNEUMONIA\person26_bacteria_123.jpeg,920,680,L,465f8fce49035f56b45ede84db368b34,person26,bacterial
train,PNEUMONIA,person26_bacteria_124.jpeg,chest_xray_dataset\train\PNEUMONIA\person26_bacteria_124.jpeg,1136,872,L,53dffab3a99e3296f139957d8c045814,person26,bacterial
train,PNEUMONIA,person26_bacteria_126.jpeg,chest_xray_dataset\train\PNEUMONIA\person26_bacteria_126.jpeg,1024,704,L,4dc1a2ba7293e03545791bd23644af0b,person26,bacterial
train,PNEUMONIA,person26_bacteria_127.jpeg,chest_xray_dataset\train\PNEUMONIA\person26_bacteria_127.jpeg,880,584,L,692474ad2771acc9d442b252f93f0587,person26,bacterial
train,PNEUMONIA,person26_bacteria_128.jpeg,chest_xray_dataset\train\PNEUMONIA\person26_bacteria_128.jpeg,960,648,L,9b4a8a69e898c3db55d2683b075085aa,person26,bacterial
train,PNEUMONIA,person26_bacteria_129.jpeg,chest_xray_dataset\train\PNEUMONIA\person26_bacteria_129.jpeg,952,624,L,c6ea9460f3930b6dce39cbde52807262,person26,bacterial
train,PNEUMONIA,person26_bacteria_130.jpeg,chest_xray_dataset\train\PNEUMONIA\person26_bacteria_130.jpeg,968,512,L,768b2a529b641c5b372cb761c17b55c5,person26,bacterial
train,PNEUMONIA,person26_bacteria_131.jpeg,chest_xray_dataset\train\PNEUMONIA\person26_bacteria_131.jpeg,1024,568,L,2d2fd84e891a542144e73cbf889c5dff,person26,bacterial
train,PNEUMONIA,person26_bacteria_132.jpeg,chest_xray_dataset\train\PNEUMONIA\person26_bacteria_132.jpeg,1072,632,L,56ac3bd3552bfac0f33f894d12fecb83,person26,bacterial
train,PNEUMONIA,person26_bacteria_133.jpeg,chest_xray_dataset\train\PNEUMONIA\person26_bacteria_133.jpeg,1068,620,L,25f707ed617083fc0089848ef9470dfe,person26,bacterial
train,PNEUMONIA,person28_bacteria_139.jpeg,chest_xray_dataset\train\PNEUMONIA\person28_bacteria_139.jpeg,976,648,L,7fd054e88b987731d6a125749bd388c3,person28,bacterial
train,PNEUMONIA,person28_bacteria_141.jpeg,chest_xray_dataset\train\PNEUMONIA\person28_bacteria_141.jpeg,848,544,L,7e41965550bfc8f44fb30eee8b425102,person28,bacterial
train,PNEUMONIA,person28_bacteria_142.jpeg,chest_xray_dataset\train\PNEUMONIA\person28_bacteria_142.jpeg,1024,576,L,cc6a13bc42f598bdec50eb13873d2d5f,person28,bacterial
train,PNEUMONIA,person28_bacteria_143.jpeg,chest_xray_dataset\train\PNEUMONIA\person28_bacteria_143.jpeg,1176,662,L,34936b94b27a717e6700edc77ed4c175,person28,bacterial
train,PNEUMONIA,person29_bacteria_144.jpeg,chest_xray_dataset\train\PNEUMONIA\person29_bacteria_144.jpeg,1064,592,L,bc9aea2f11790d66d101c46b35fbf8ea,person29,bacterial
train,PNEUMONIA,person30_bacteria_145.jpeg,chest_xray_dataset\train\PNEUMONIA\person30_bacteria_145.jpeg,936,680,L,c42530f677b72e52d3f817356e05a575,person30,bacterial
train,PNEUMONIA,person30_bacteria_146.jpeg,chest_xray_dataset\train\PNEUMONIA\person30_bacteria_146.jpeg,1032,736,L,df1d1cdc849c13712eabf59cfa8544f4,person30,bacterial
train,PNEUMONIA,person30_bacteria_147.jpeg,chest_xray_dataset\train\PNEUMONIA\person30_bacteria_147.jpeg,1032,656,L,6ce07d5b86924632737fb67a63822c0a,person30,bacterial
train,PNEUMONIA,person30_bacteria_148.jpeg,chest_xray_dataset\train\PNEUMONIA\person30_bacteria_148.jpeg,880,600,L,95aa74b817a9664d98a48152bf8fa033,person30,bacterial
train,PNEUMONIA,person30_bacteria_149.jpeg,chest_xray_dataset\train\PNEUMONIA\person30_bacteria_149.jpeg,816,568,L,96004f11469037b8398415edffeb8c80,person30,bacterial
train,PNEUMONIA,person30_bacteria_150.jpeg,chest_xray_dataset\train\PNEUMONIA\person30_bacteria_150.jpeg,944,624,L,e111ef7c8611ecdded1eef0575addef5,person30,bacterial
train,PNEUMONIA,person30_bacteria_151.jpeg,chest_xray_dataset\train\PNEUMONIA\person30_bacteria_151.jpeg,952,616,L,f488ca8c78770f95ed0a86afa3c39807,person30,bacterial
train,PNEUMONIA,person30_bacteria_152.jpeg,chest_xray_dataset\train\PNEUMONIA\person30_bacteria_152.jpeg,1032,688,L,717313d578490a9adb5a27cac127341b,person30,bacterial
train,PNEUMONIA,person30_bacteria_153.jpeg,chest_xray_dataset\train\PNEUMONIA\person30_bacteria_153.jpeg,992,592,L,2dbeb7e627fb899aa7383df9d5e09a93,person30,bacterial
train,PNEUMONIA,person30_bacteria_154.jpeg,chest_xray_dataset\train\PNEUMONIA\person30_bacteria_154.jpeg,840,672,L,1f56d75ed9640beeec786be83eb1f8d5,person30,bacterial
train,PNEUMONIA,person30_bacteria_155.jpeg,chest_xray_dataset\train\PNEUMONIA\person30_bacteria_155.jpeg,1128,640,L,d0cbf3331532e07ae4f5303fe71b7182,person30,bacterial
train,PNEUMONIA,person30_bacteria_156.jpeg,chest_xray_dataset\train\PNEUMONIA\person30_bacteria_156.jpeg,1096,656,L,c7a269a84528269d8f34e6bceeb4d880,person30,bacterial
train,PNEUMONIA,person30_bacteria_157.jpeg,chest_xray_dataset\train\PNEUMONIA\person30_bacteria_157.jpeg,1096,656,L,c7a269a84528269d8f34e6bceeb4d880,person30,bacterial
train,PNEUMONIA,person30_bacteria_158.jpeg,chest_xray_dataset\train\PNEUMONIA\person30_bacteria_158.jpeg,1242,867,L,3fd020991992d1c60cecc034d0e772c8,person30,bacterial
train,PNEUMONIA,person31_bacteria_160.jpeg,chest_xray_dataset\train\PNEUMONIA\person31_bacteria_160.jpeg,840,544,L,6ed38a4f0c761f180c24c9b1f321f2c4,person31,bacterial
train,PNEUMONIA,person31_bacteria_161.jpeg,chest_xray_dataset\train\PNEUMONIA\person31_bacteria_161.jpeg,976,544,L,a7d9834b734e280d53e0b27bb372b694,person31,bacterial
train,PNEUMONIA,person31_bacteria_162.jpeg,chest_xray_dataset\train\PNEUMONIA\person31_bacteria_162.jpeg,944,480,L,85d043a7c031db9051da933c03ad4dbe,person31,bacterial
train,PNEUMONIA,person31_bacteria_163.jpeg,chest_xray_dataset\train\PNEUMONIA\person31_bacteria_163.jpeg,960,632,L,de63fd5bb7969e8861730eb3d6c9480c,person31,bacterial
train,PNEUMONIA,person31_bacteria_164.jpeg,chest_xray_dataset\train\PNEUMONIA\person31_bacteria_164.jpeg,952,581,L,9e6f630b4264f9f213f682817246d792,person31,bacterial
train,PNEUMONIA,person32_bacteria_165.jpeg,chest_xray_dataset\train\PNEUMONIA\person32_bacteria_165.jpeg,1648,1592,L,6c30b41727510e043de21072e9f206de,person32,bacterial
train,PNEUMONIA,person32_bacteria_166.jpeg,chest_xray_dataset\train\PNEUMONIA\person32_bacteria_166.jpeg,1808,1448,L,1eda96c7b87e59fab663261931bdcd8f,person32,bacterial
train,PNEUMONIA,person33_bacteria_169.jpeg,chest_xray_dataset\train\PNEUMONIA\person33_bacteria_169.jpeg,1202,743,L,debc3cd4e3a4d66c3ecdb323b2947d30,person33,bacterial
train,PNEUMONIA,person33_bacteria_172.jpeg,chest_xray_dataset\train\PNEUMONIA\person33_bacteria_172.jpeg,1128,744,L,c97277ffe3376d3a59dde25cdc85dd46,person33,bacterial
train,PNEUMONIA,person33_bacteria_173.jpeg,chest_xray_dataset\train\PNEUMONIA\person33_bacteria_173.jpeg,1032,600,L,6b9a065aa134fdfa8c6ad3b0b3b7d017,person33,bacterial
train,PNEUMONIA,person33_bacteria_174.jpeg,chest_xray_dataset\train\PNEUMONIA\person33_bacteria_174.jpeg,1072,608,L,beeb3606004dadc0fbd5263156857e18,person33,bacterial
train,PNEUMONIA,person33_bacteria_175.jpeg,chest_xray_dataset\train\PNEUMONIA\person33_bacteria_175.jpeg,1268,883,L,ce59a0c5cd6d5ef3d8e94a57d72c58fe,person33,bacterial
train,PNEUMONIA,person34_bacteria_176.jpeg,chest_xray_dataset\train\PNEUMONIA\person34_bacteria_176.jpeg,1380,801,L,6ce1b5a57351191ffd6bfd175f564d1d,person34,bacterial
train,PNEUMONIA,person35_bacteria_178.jpeg,chest_xray_dataset\train\PNEUMONIA\person35_bacteria_178.jpeg,2036,1627,L,6cfc9ae9fe9f31fa378ebe530624328d,person35,bacterial
train,PNEUMONIA,person35_bacteria_180.jpeg,chest_xray_dataset\train\PNEUMONIA\person35_bacteria_180.jpeg,1672,1200,L,bd5fb5f0c6ae15b75ac5144fbeab7aee,person35,bacterial
train,PNEUMONIA,person35_bacteria_181.jpeg,chest_xray_dataset\train\PNEUMONIA\person35_bacteria_181.jpeg,1712,1384,L,1bc2323cb01f7fb3edf073db198238e0,person35,bacterial
train,PNEUMONIA,person36_bacteria_182.jpeg,chest_xray_dataset\train\PNEUMONIA\person36_bacteria_182.jpeg,992,768,L,8609a631d8d570883fa355d46076e6d3,person36,bacterial
train,PNEUMONIA,person36_bacteria_183.jpeg,chest_xray_dataset\train\PNEUMONIA\person36_bacteria_183.jpeg,1104,760,L,7bfa78fcce68e7e9c30bd03a8eb7d58b,person36,bacterial
train,PNEUMONIA,person36_bacteria_184.jpeg,chest_xray_dataset\train\PNEUMONIA\person36_bacteria_184.jpeg,920,648,L,28a6c7a60860ae38ad6deaaf869bfed4,person36,bacterial
train,PNEUMONIA,person36_bacteria_185.jpeg,chest_xray_dataset\train\PNEUMONIA\person36_bacteria_185.jpeg,1232,886,L,e0b4fc05746f92bafbe918a5d0a8464a,person36,bacterial
train,PNEUMONIA,person37_bacteria_186.jpeg,chest_xray_dataset\train\PNEUMONIA\person37_bacteria_186.jpeg,1128,744,L,39d2a815322b691c63633cc4305255f5,person37,bacterial
train,PNEUMONIA,person37_bacteria_187.jpeg,chest_xray_dataset\train\PNEUMONIA\person37_bacteria_187.jpeg,1240,720,L,19d963c6b913dbcf6e3668787d751035,person37,bacterial
train,PNEUMONIA,person37_bacteria_188.jpeg,chest_xray_dataset\train\PNEUMONIA\person37_bacteria_188.jpeg,1160,832,L,7853b43347007aa172b41957ac9c95e8,person37,bacterial
train,PNEUMONIA,person37_bacteria_189.jpeg,chest_xray_dataset\train\PNEUMONIA\person37_bacteria_189.jpeg,1462,874,L,f483663bd5c2ae24023aa08380bd0dcf,person37,bacterial
train,PNEUMONIA,person38_bacteria_190.jpeg,chest_xray_dataset\train\PNEUMONIA\person38_bacteria_190.jpeg,1016,648,L,46cda9e906aaa1251814791f359fc263,person38,bacterial
train,PNEUMONIA,person38_bacteria_191.jpeg,chest_xray_dataset\train\PNEUMONIA\person38_bacteria_191.jpeg,960,664,L,b1cca8bb96191d4bae0de5f90821677c,person38,bacterial
train,PNEUMONIA,person38_bacteria_192.jpeg,chest_xray_dataset\train\PNEUMONIA\person38_bacteria_192.jpeg,936,632,L,46f87af9fa451e30647e5432d1b406fd,person38,bacterial
train,PNEUMONIA,person38_bacteria_193.jpeg,chest_xray_dataset\train\PNEUMONIA\person38_bacteria_193.jpeg,944,568,L,4c6d091ba1eb5030f2c4cf98d0c27178,person38,bacterial
train,PNEUMONIA,person38_bacteria_194.jpeg,chest_xray_dataset\train\PNEUMONIA\person38_bacteria_194.jpeg,1008,600,L,94cee5ac4cb4f2196bcbaaad628bed39,person38,bacterial
train,PNEUMONIA,person38_bacteria_195.jpeg,chest_xray_dataset\train\PNEUMONIA\person38_bacteria_195.jpeg,1040,600,L,a394f217daf06ee4b60a7c8b2cf09592,person38,bacterial
train,PNEUMONIA,person38_bacteria_196.jpeg,chest_xray_dataset\train\PNEUMONIA\person38_bacteria_196.jpeg,1010,670,L,0f6c8e84d6d5adf9793a61ca225723ef,person38,bacterial
train,PNEUMONIA,person39_bacteria_198.jpeg,chest_xray_dataset\train\PNEUMONIA\person39_bacteria_198.jpeg,1136,704,L,e687d4ce01506b3d26748066a6972662,person39,bacterial
train,PNEUMONIA,person39_bacteria_200.jpeg,chest_xray_dataset\train\PNEUMONIA\person39_bacteria_200.jpeg,1136,768,L,2d307603d9e4d67a5ab128bc5b0b68ae,person39,bacterial
train,PNEUMONIA,person3_bacteria_10.jpeg,chest_xray_dataset\train\PNEUMONIA\person3_bacteria_10.jpeg,1248,1056,L,4cfe13c1382026b665fa5959953d5e0c,person3,bacterial
train,PNEUMONIA,person3_bacteria_11.jpeg,chest_xray_dataset\train\PNEUMONIA\person3_bacteria_11.jpeg,1200,952,L,e50eb3c22072302e1efedd57d015010f,person3,bacterial
train,PNEUMONIA,person3_bacteria_12.jpeg,chest_xray_dataset\train\PNEUMONIA\person3_bacteria_12.jpeg,1654,1345,L,8d7fd4bd8197f734e68f5810ddbe5f49,person3,bacterial
train,PNEUMONIA,person3_bacteria_13.jpeg,chest_xray_dataset\train\PNEUMONIA\person3_bacteria_13.jpeg,1736,1265,L,a4fbfcd3da2511a84d1aa1c3d288364a,person3,bacterial
train,PNEUMONIA,person40_bacteria_202.jpeg,chest_xray_dataset\train\PNEUMONIA\person40_bacteria_202.jpeg,1216,960,L,20244e263e3316bb7372c1be94ea7119,person40,bacterial
train,PNEUMONIA,person40_bacteria_203.jpeg,chest_xray_dataset\train\PNEUMONIA\person40_bacteria_203.jpeg,1240,1008,L,14b49904f8d20ac2c88d4ca3c9fbeade,person40,bacterial
train,PNEUMONIA,person40_bacteria_204.jpeg,chest_xray_dataset\train\PNEUMONIA\person40_bacteria_204.jpeg,1344,920,L,80f9cf307b547c96a52709f51ffe55fb,person40,bacterial
train,PNEUMONIA,person40_bacteria_205.jpeg,chest_xray_dataset\train\PNEUMONIA\person40_bacteria_205.jpeg,1400,1032,L,ca13e6e98e9049bd8816a8e71a105e1e,person40,bacterial
train,PNEUMONIA,person41_bacteria_206.jpeg,chest_xray_dataset\train\PNEUMONIA\person41_bacteria_206.jpeg,936,720,L,d4b0cfad4d75ffcaa69d4086f8444c5a,person41,bacterial
train,PNEUMONIA,person41_bacteria_207.jpeg,chest_xray_dataset\train\PNEUMONIA\person41_bacteria_207.jpeg,1072,680,L,a2f0be988f35cb3cb64bf297d3fe13e2,person41,bacterial
train,PNEUMONIA,person41_bacteria_208.jpeg,chest_xray_dataset\train\PNEUMONIA\person41_bacteria_208.jpeg,1144,720,L,c186bb70b34bdc7af9fe11a893283f9f,person41,bacterial
train,PNEUMONIA,person41_bacteria_209.jpeg,chest_xray_dataset\train\PNEUMONIA\person41_bacteria_209.jpeg,824,568,L,3907efceee79d443be83cc14c1b67cbc,person41,bacterial
train,PNEUMONIA,person41_bacteria_210.jpeg,chest_xray_dataset\train\PNEUMONIA\person41_bacteria_210.jpeg,1072,648,L,43d7c72b7eb96120bee29d92db276989,person41,bacterial
train,PNEUMONIA,person41_bacteria_211.jpeg,chest_xray_dataset\train\PNEUMONIA\person41_bacteria_211.jpeg,1244,658,L,b262e17d89785dbb395345c4adc0d390,person41,bacterial
train,PNEUMONIA,person43_bacteria_213.jpeg,chest_xray_dataset\train\PNEUMONIA\person43_bacteria_213.jpeg,1216,736,L,787a1c11d3c002f37f35c9ae219f27c6,person43,bacterial
train,PNEUMONIA,person43_bacteria_216.jpeg,chest_xray_dataset\train\PNEUMONIA\person43_bacteria_216.jpeg,1232,744,L,e9778555add48bfc5cd9c9c24bcd637e,person43,bacterial
train,PNEUMONIA,person44_bacteria_218.jpeg,chest_xray_dataset\train\PNEUMONIA\person44_bacteria_218.jpeg,1696,1272,L,0429f24b444de43bc9c32df750f41806,person44,bacterial
train,PNEUMONIA,person44_bacteria_219.jpeg,chest_xray_dataset\train\PNEUMONIA\person44_bacteria_219.jpeg,1680,1328,L,9e4a6913f6233f21aff51f07c9a085da,person44,bacterial
train,PNEUMONIA,person45_bacteria_220.jpeg,chest_xray_dataset\train\PNEUMONIA\person45_bacteria_220.jpeg,712,464,L,03253aa27cf360252cee5ea89712b72d,person45,bacterial
train,PNEUMONIA,person45_bacteria_221.jpeg,chest_xray_dataset\train\PNEUMONIA\person45_bacteria_221.jpeg,808,488,L,ca03e19084b3ae83813bff775034f866,person45,bacterial
train,PNEUMONIA,person45_bacteria_222.jpeg,chest_xray_dataset\train\PNEUMONIA\person45_bacteria_222.jpeg,1040,615,L,296db633a7d7b16a1780291eac68b4c9,person45,bacterial
train,PNEUMONIA,person46_bacteria_224.jpeg,chest_xray_dataset\train\PNEUMONIA\person46_bacteria_224.jpeg,1264,928,L,d7ad5acf1bbd078748af0c802d05b26e,person46,bacterial
train,PNEUMONIA,person46_bacteria_225.jpeg,chest_xray_dataset\train\PNEUMONIA\person46_bacteria_225.jpeg,1412,1029,L,57725100e67c21e371a0663a922df400,person46,bacterial
train,PNEUMONIA,person47_bacteria_229.jpeg,chest_xray_dataset\train\PNEUMONIA\person47_bacteria_229.jpeg,1318,820,L,60fed532742603ff4b08076e7445843b,person47,bacterial
train,PNEUMONIA,person48_bacteria_230.jpeg,chest_xray_dataset\train\PNEUMONIA\person48_bacteria_230.jpeg,944,776,L,7cb7a49e0730578a2e6b67139febf455,person48,bacterial
train,PNEUMONIA,person48_bacteria_231.jpeg,chest_xray_dataset\train\PNEUMONIA\person48_bacteria_231.jpeg,960,816,L,6eee2864a3551658d6482336f048132f,person48,bacterial
train,PNEUMONIA,person48_bacteria_232.jpeg,chest_xray_dataset\train\PNEUMONIA\person48_bacteria_232.jpeg,1240,776,L,a2166df7ef534081eb74d6d9426497f5,person48,bacterial
train,PNEUMONIA,person48_bacteria_233.jpeg,chest_xray_dataset\train\PNEUMONIA\person48_bacteria_233.jpeg,1144,790,L,111d80cc7cf06325db760f43729cd4e7,person48,bacterial
train,PNEUMONIA,person49_bacteria_235.jpeg,chest_xray_dataset\train\PNEUMONIA\person49_bacteria_235.jpeg,1000,704,L,c15c71f6d2b4bf23b23c079f3df4cfb6,person49,bacterial
train,PNEUMONIA,person49_bacteria_236.jpeg,chest_xray_dataset\train\PNEUMONIA\person49_bacteria_236.jpeg,1192,760,L,36e80be4e7efa33aa731081f5cf4ff2b,person49,bacterial
train,PNEUMONIA,person49_bacteria_237.jpeg,chest_xray_dataset\train\PNEUMONIA\person49_bacteria_237.jpeg,1356,805,L,e26e498c0d368389a250a78cbff765ae,person49,bacterial
train,PNEUMONIA,person50_bacteria_238.jpeg,chest_xray_dataset\train\PNEUMONIA\person50_bacteria_238.jpeg,1416,1016,L,7e1731630df5c84538bb1e002436ef32,person50,bacterial
train,PNEUMONIA,person51_bacteria_239.jpeg,chest_xray_dataset\train\PNEUMONIA\person51_bacteria_239.jpeg,1304,832,L,8485f72b0342113db529f5a58a34e45f,person51,bacterial
train,PNEUMONIA,person51_bacteria_240.jpeg,chest_xray_dataset\train\PNEUMONIA\person51_bacteria_240.jpeg,1024,696,L,f43e99b7b8504f18d7f7ef5cfd870953,person51,bacterial
train,PNEUMONIA,person51_bacteria_241.jpeg,chest_xray_dataset\train\PNEUMONIA\person51_bacteria_241.jpeg,1272,920,L,19406a101eb712bee6b6c0fd10dbee72,person51,bacterial
train,PNEUMONIA,person51_bacteria_242.jpeg,chest_xray_dataset\train\PNEUMONIA\person51_bacteria_242.jpeg,1096,976,L,1212cc765b61f842f40bb627795bc722,person51,bacterial
train,PNEUMONIA,person51_bacteria_243.jpeg,chest_xray_dataset\train\PNEUMONIA\person51_bacteria_243.jpeg,952,744,L,98455539259f0839d2339d6def3740ff,person51,bacterial
train,PNEUMONIA,person51_bacteria_244.jpeg,chest_xray_dataset\train\PNEUMONIA\person51_bacteria_244.jpeg,1120,704,L,0bae85f5c022ac924d943c5ffb5d67a5,person51,bacterial
train,PNEUMONIA,person51_bacteria_245.jpeg,chest_xray_dataset\train\PNEUMONIA\person51_bacteria_245.jpeg,1040,848,L,fbf9875aa43e2d01edbec0d0a9ed6f6d,person51,bacterial
train,PNEUMONIA,person51_bacteria_246.jpeg,chest_xray_dataset\train\PNEUMONIA\person51_bacteria_246.jpeg,1016,752,L,125e49b4f0095f3cf63b72605dc8c5f5,person51,bacterial
train,PNEUMONIA,person51_bacteria_247.jpeg,chest_xray_dataset\train\PNEUMONIA\person51_bacteria_247.jpeg,1322,1018,L,0055b4984f86236de613617f859e3be1,person51,bacterial
train,PNEUMONIA,person51_bacteria_248.jpeg,chest_xray_dataset\train\PNEUMONIA\person51_bacteria_248.jpeg,1404,1006,L,6b7b4fad19952e5125c56e6d520caa0f,person51,bacterial
train,PNEUMONIA,person52_bacteria_249.jpeg,chest_xray_dataset\train\PNEUMONIA\person52_bacteria_249.jpeg,1400,840,L,32f6f2c4855fed9a719c3bbb186c46e3,person52,bacterial
train,PNEUMONIA,person52_bacteria_251.jpeg,chest_xray_dataset\train\PNEUMONIA\person52_bacteria_251.jpeg,1494,1044,L,f8a66a6bd51dfe8107a85f69436425f3,person52,bacterial
train,PNEUMONIA,person53_bacteria_252.jpeg,chest_xray_dataset\train\PNEUMONIA\person53_bacteria_252.jpeg,1292,936,L,7a2fbdb3a0927a9e367f199a5e3b7a4b,person53,bacterial
train,PNEUMONIA,person53_bacteria_253.jpeg,chest_xray_dataset\train\PNEUMONIA\person53_bacteria_253.jpeg,1016,848,L,dac96579046238aadd2f1f4848214fb8,person53,bacterial
train,PNEUMONIA,person53_bacteria_254.jpeg,chest_xray_dataset\train\PNEUMONIA\person53_bacteria_254.jpeg,1112,872,L,19ca3e0f93e7338e8df06e5fbbb74115,person53,bacterial
train,PNEUMONIA,person53_bacteria_255.jpeg,chest_xray_dataset\train\PNEUMONIA\person53_bacteria_255.jpeg,1122,832,L,89fbd8ee1d129f73e9c2b99107fdf69f,person53,bacterial
train,PNEUMONIA,person54_bacteria_257.jpeg,chest_xray_dataset\train\PNEUMONIA\person54_bacteria_257.jpeg,1184,624,L,333f156451d7d11b34384aceac6adeb4,person54,bacterial
train,PNEUMONIA,person54_bacteria_258.jpeg,chest_xray_dataset\train\PNEUMONIA\person54_bacteria_258.jpeg,1600,1164,L,1fdd53a6fe45500ad0f7259050406803,person54,bacterial
train,PNEUMONIA,person55_bacteria_260.jpeg,chest_xray_dataset\train\PNEUMONIA\person55_bacteria_260.jpeg,1448,984,L,01338b2ee5956931435dc89758b7c9d7,person55,bacterial
train,PNEUMONIA,person55_bacteria_261.jpeg,chest_xray_dataset\train\PNEUMONIA\person55_bacteria_261.jpeg,1240,848,L,140787a968ae6b105586d95d5f878d9c,person55,bacterial
train,PNEUMONIA,person55_bacteria_262.jpeg,chest_xray_dataset\train\PNEUMONIA\person55_bacteria_262.jpeg,1192,984,L,f9ab103681a480b0b919e4f8ca06477b,person55,bacterial
train,PNEUMONIA,person55_bacteria_263.jpeg,chest_xray_dataset\train\PNEUMONIA\person55_bacteria_263.jpeg,1256,880,L,92f63c413f6e2a37919a9a514b3d7bfe,person55,bacterial
train,PNEUMONIA,person55_bacteria_264.jpeg,chest_xray_dataset\train\PNEUMONIA\person55_bacteria_264.jpeg,1192,808,L,72eb7b130d6a76d63ee8f56251c0c0e5,person55,bacterial
train,PNEUMONIA,person55_bacteria_265.jpeg,chest_xray_dataset\train\PNEUMONIA\person55_bacteria_265.jpeg,1526,1052,L,c98b6d3d653ea0ce8dcc53f62786ceb6,person55,bacterial
train,PNEUMONIA,person55_bacteria_266.jpeg,chest_xray_dataset\train\PNEUMONIA\person55_bacteria_266.jpeg,1666,1176,L,0c218879ac0818993c718fa7a82549df,person55,bacterial
train,PNEUMONIA,person56_bacteria_267.jpeg,chest_xray_dataset\train\PNEUMONIA\person56_bacteria_267.jpeg,1080,728,L,25437b49654fc7f66199766cdab61a22,person56,bacterial
train,PNEUMONIA,person56_bacteria_268.jpeg,chest_xray_dataset\train\PNEUMONIA\person56_bacteria_268.jpeg,1216,864,L,6a5c67841d565fb54df42cd3e8613c5f,person56,bacterial
train,PNEUMONIA,person56_bacteria_269.jpeg,chest_xray_dataset\train\PNEUMONIA\person56_bacteria_269.jpeg,1392,778,L,6349fd89f90964722236f8b7e478e9ec,person56,bacterial
train,PNEUMONIA,person57_bacteria_270.jpeg,chest_xray_dataset\train\PNEUMONIA\person57_bacteria_270.jpeg,1144,832,L,2828de518557f77c437e4c0853390ef6,person57,bacterial
train,PNEUMONIA,person57_bacteria_271.jpeg,chest_xray_dataset\train\PNEUMONIA\person57_bacteria_271.jpeg,1492,1118,L,3eae4a60f3d656e9010b40ada75decfb,person57,bacterial
train,PNEUMONIA,person59_bacteria_279.jpeg,chest_xray_dataset\train\PNEUMONIA\person59_bacteria_279.jpeg,840,488,L,8c181763e4c2fc67035d6dc10698b00e,person59,bacterial
train,PNEUMONIA,person59_bacteria_280.jpeg,chest_xray_dataset\train\PNEUMONIA\person59_bacteria_280.jpeg,784,496,L,870c6929188f3af1f5be30ca6ef97ae8,person59,bacterial
train,PNEUMONIA,person59_bacteria_281.jpeg,chest_xray_dataset\train\PNEUMONIA\person59_bacteria_281.jpeg,792,584,L,62b7c0985051bea0c1375adbe069dd07,person59,bacterial
train,PNEUMONIA,person59_bacteria_282.jpeg,chest_xray_dataset\train\PNEUMONIA\person59_bacteria_282.jpeg,840,488,L,27520f2f3d2e376450ab2f0e29658fd4,person59,bacterial
train,PNEUMONIA,person59_bacteria_283.jpeg,chest_xray_dataset\train\PNEUMONIA\person59_bacteria_283.jpeg,816,480,L,70bf3f52f9c14d78fe38d1a518882be1,person59,bacterial
train,PNEUMONIA,person59_bacteria_284.jpeg,chest_xray_dataset\train\PNEUMONIA\person59_bacteria_284.jpeg,1122,639,L,590be512b15b0163d9c69b200051a554,person59,bacterial
train,PNEUMONIA,person60_bacteria_285.jpeg,chest_xray_dataset\train\PNEUMONIA\person60_bacteria_285.jpeg,952,592,L,dafaf88147b89b40cd922d461f6e1fce,person60,bacterial
train,PNEUMONIA,person60_bacteria_286.jpeg,chest_xray_dataset\train\PNEUMONIA\person60_bacteria_286.jpeg,920,528,L,10f8d0da9c3adf168ca8886a070afe69,person60,bacterial
train,PNEUMONIA,person60_bacteria_287.jpeg,chest_xray_dataset\train\PNEUMONIA\person60_bacteria_287.jpeg,1302,867,L,6b6f23f493cb7331e2f50295f430876c,person60,bacterial
train,PNEUMONIA,person61_bacteria_288.jpeg,chest_xray_dataset\train\PNEUMONIA\person61_bacteria_288.jpeg,1180,863,L,1c362ad51a7148122e147b69bd74f088,person61,bacterial
train,PNEUMONIA,person61_bacteria_289.jpeg,chest_xray_dataset\train\PNEUMONIA\person61_bacteria_289.jpeg,976,768,L,7fef64138af997b2571f50c2704d1932,person61,bacterial
train,PNEUMONIA,person61_bacteria_290.jpeg,chest_xray_dataset\train\PNEUMONIA\person61_bacteria_290.jpeg,968,672,L,b1147844d1fcf197e40298db5dec129f,person61,bacterial
train,PNEUMONIA,person61_bacteria_291.jpeg,chest_xray_dataset\train\PNEUMONIA\person61_bacteria_291.jpeg,848,640,L,fb914b025c1ac42093bf9b173a208c58,person61,bacterial
train,PNEUMONIA,person61_bacteria_292.jpeg,chest_xray_dataset\train\PNEUMONIA\person61_bacteria_292.jpeg,968,744,L,cbb014a997463d86839418f24497bf1c,person61,bacterial
train,PNEUMONIA,person61_bacteria_293.jpeg,chest_xray_dataset\train\PNEUMONIA\person61_bacteria_293.jpeg,984,784,L,ff8441507d995004048be1b69db4a3e9,person61,bacterial
train,PNEUMONIA,person61_bacteria_294.jpeg,chest_xray_dataset\train\PNEUMONIA\person61_bacteria_294.jpeg,1024,632,L,a43c22fda5b710935584167760d4b123,person61,bacterial
train,PNEUMONIA,person61_bacteria_295.jpeg,chest_xray_dataset\train\PNEUMONIA\person61_bacteria_295.jpeg,1096,784,L,322bb256ec155d2c2bdd46c1e4435afd,person61,bacterial
train,PNEUMONIA,person61_bacteria_296.jpeg,chest_xray_dataset\train\PNEUMONIA\person61_bacteria_296.jpeg,1264,1071,L,e63257c5315df62e2dd73c16bd6ded66,person61,bacterial
train,PNEUMONIA,person61_bacteria_297.jpeg,chest_xray_dataset\train\PNEUMONIA\person61_bacteria_297.jpeg,1252,990,L,0302bf8ad3f45d52c684e1402fb20ef4,person61,bacterial
train,PNEUMONIA,person62_bacteria_298.jpeg,chest_xray_dataset\train\PNEUMONIA\person62_bacteria_298.jpeg,1372,948,L,451e26fa4de3edc909f9861442ef405f,person62,bacterial
train,PNEUMONIA,person62_bacteria_299.jpeg,chest_xray_dataset\train\PNEUMONIA\person62_bacteria_299.jpeg,1152,856,L,71648e73e0036e397ec5045d88ecb4ad,person62,bacterial
train,PNEUMONIA,person62_bacteria_300.jpeg,chest_xray_dataset\train\PNEUMONIA\person62_bacteria_300.jpeg,1064,936,L,a49d207a5991ee1104cf8b7f9d24c1af,person62,bacterial
train,PNEUMONIA,person62_bacteria_301.jpeg,chest_xray_dataset\train\PNEUMONIA\person62_bacteria_301.jpeg,1064,896,L,bacbe60da3d8b944ba901c20ab91f9a1,person62,bacterial
train,PNEUMONIA,person62_bacteria_302.jpeg,chest_xray_dataset\train\PNEUMONIA\person62_bacteria_302.jpeg,1348,979,L,da317fa2559b789d144ef41e2a003038,person62,bacterial
train,PNEUMONIA,person62_bacteria_303.jpeg,chest_xray_dataset\train\PNEUMONIA\person62_bacteria_303.jpeg,1422,1032,L,fffaeb270770642629c476c55a774231,person62,bacterial
train,PNEUMONIA,person63_bacteria_306.jpeg,chest_xray_dataset\train\PNEUMONIA\person63_bacteria_306.jpeg,1048,736,L,162a11a2299add9b9f962d3f722065f5,person63,bacterial
train,PNEUMONIA,person64_bacteria_310.jpeg,chest_xray_dataset\train\PNEUMONIA\person64_bacteria_310.jpeg,856,464,L,98453cd22925630d15000f60b35511de,person64,bacterial
train,PNEUMONIA,person64_bacteria_312.jpeg,chest_xray_dataset\train\PNEUMONIA\person64_bacteria_312.jpeg,848,504,L,518120ca9f9afb11fda135773955f3e3,person64,bacterial
train,PNEUMONIA,person64_bacteria_316.jpeg,chest_xray_dataset\train\PNEUMONIA\person64_bacteria_316.jpeg,1287,653,RGB,c0cf6ae855147c9ac6a875ebc93613bb,person64,bacterial
train,PNEUMONIA,person64_bacteria_317.jpeg,chest_xray_dataset\train\PNEUMONIA\person64_bacteria_317.jpeg,828,485,RGB,0eb220bf4b50b596287939e1512980ca,person64,bacterial
train,PNEUMONIA,person64_bacteria_318.jpeg,chest_xray_dataset\train\PNEUMONIA\person64_bacteria_318.jpeg,846,468,RGB,a8a20774f8160c2a8e09b6e94b490291,person64,bacterial
train,PNEUMONIA,person64_bacteria_319.jpeg,chest_xray_dataset\train\PNEUMONIA\person64_bacteria_319.jpeg,864,535,RGB,fc7f690dbb9262252a28e5b265caa7b3,person64,bacterial
train,PNEUMONIA,person64_bacteria_320.jpeg,chest_xray_dataset\train\PNEUMONIA\person64_bacteria_320.jpeg,990,614,RGB,f6c1e91d34e1ab68f1daa3f8887810df,person64,bacterial
train,PNEUMONIA,person65_bacteria_322.jpeg,chest_xray_dataset\train\PNEUMONIA\person65_bacteria_322.jpeg,1189,720,RGB,04f86dc02b97bf8f6f0e8a37377485be,person65,bacterial
train,PNEUMONIA,person66_bacteria_323.jpeg,chest_xray_dataset\train\PNEUMONIA\person66_bacteria_323.jpeg,944,608,L,3a49cb80a8fb9e02894da7893b3e28e0,person66,bacterial
train,PNEUMONIA,person66_bacteria_324.jpeg,chest_xray_dataset\train\PNEUMONIA\person66_bacteria_324.jpeg,1016,656,L,f9eb492168fcbca1cb5589978b9803bc,person66,bacterial
train,PNEUMONIA,person66_bacteria_325.jpeg,chest_xray_dataset\train\PNEUMONIA\person66_bacteria_325.jpeg,904,560,L,b21d99abaca619fb77d2e896598c9e64,person66,bacterial
train,PNEUMONIA,person66_bacteria_326.jpeg,chest_xray_dataset\train\PNEUMONIA\person66_bacteria_326.jpeg,1176,728,L,fc096d3c92a54233049db1784232be0f,person66,bacterial
train,PNEUMONIA,person67_bacteria_328.jpeg,chest_xray_dataset\train\PNEUMONIA\person67_bacteria_328.jpeg,848,488,L,7f456d480bd92a33cfa28f0d059b7f16,person67,bacterial
train,PNEUMONIA,person67_bacteria_329.jpeg,chest_xray_dataset\train\PNEUMONIA\person67_bacteria_329.jpeg,792,448,L,855be8221d6d2f8dd27aa930029cc8e0,person67,bacterial
train,PNEUMONIA,person67_bacteria_330.jpeg,chest_xray_dataset\train\PNEUMONIA\person67_bacteria_330.jpeg,832,440,L,424ea26a7b58a34d05ad7ee044c61a49,person67,bacterial
train,PNEUMONIA,person67_bacteria_331.jpeg,chest_xray_dataset\train\PNEUMONIA\person67_bacteria_331.jpeg,832,568,L,331dd639334f5139d3643d0265f5d0c1,person67,bacterial
train,PNEUMONIA,person67_bacteria_332.jpeg,chest_xray_dataset\train\PNEUMONIA\person67_bacteria_332.jpeg,728,392,L,3b3def03a5a2c22d0dca76e81b81b0f1,person67,bacterial
train,PNEUMONIA,person67_bacteria_333.jpeg,chest_xray_dataset\train\PNEUMONIA\person67_bacteria_333.jpeg,664,472,L,c003b462a094f12f1edc9b8b645f5e99,person67,bacterial
train,PNEUMONIA,person67_bacteria_334.jpeg,chest_xray_dataset\train\PNEUMONIA\person67_bacteria_334.jpeg,948,542,L,ebb68d0731166f4bc7e3b2c84f075ae7,person67,bacterial
train,PNEUMONIA,person69_bacteria_338.jpeg,chest_xray_dataset\train\PNEUMONIA\person69_bacteria_338.jpeg,850,560,RGB,e7c99aa25e238814b3dfc6bfb96da818,person69,bacterial
train,PNEUMONIA,person70_bacteria_341.jpeg,chest_xray_dataset\train\PNEUMONIA\person70_bacteria_341.jpeg,952,600,L,0eede8db592619d16d171cf8a4d571c2,person70,bacterial
train,PNEUMONIA,person70_bacteria_342.jpeg,chest_xray_dataset\train\PNEUMONIA\person70_bacteria_342.jpeg,1016,560,L,1d3d0ccaa37a7c363388f24a9f2718ae,person70,bacterial
train,PNEUMONIA,person70_bacteria_343.jpeg,chest_xray_dataset\train\PNEUMONIA\person70_bacteria_343.jpeg,1016,560,L,dab68baf69109fd8f714e4262d25df86,person70,bacterial
train,PNEUMONIA,person70_bacteria_344.jpeg,chest_xray_dataset\train\PNEUMONIA\person70_bacteria_344.jpeg,896,488,L,5991c33488e1c476a010ed15a6180470,person70,bacterial
train,PNEUMONIA,person70_bacteria_345.jpeg,chest_xray_dataset\train\PNEUMONIA\person70_bacteria_345.jpeg,944,576,L,494d6f2de9e36be3bc35bf41db7b6247,person70,bacterial
train,PNEUMONIA,person70_bacteria_346.jpeg,chest_xray_dataset\train\PNEUMONIA\person70_bacteria_346.jpeg,1070,736,L,f6dceb42b141bb863f05767382e582ed,person70,bacterial
train,PNEUMONIA,person71_bacteria_347.jpeg,chest_xray_dataset\train\PNEUMONIA\person71_bacteria_347.jpeg,1032,800,L,f0897eec2e939daa77d9c9c906e5388f,person71,bacterial
train,PNEUMONIA,person71_bacteria_348.jpeg,chest_xray_dataset\train\PNEUMONIA\person71_bacteria_348.jpeg,824,656,L,146a5ca10c7a5fa641da4a025eb6e4c2,person71,bacterial
train,PNEUMONIA,person71_bacteria_349.jpeg,chest_xray_dataset\train\PNEUMONIA\person71_bacteria_349.jpeg,928,656,L,c0b91047c60dd672ab8200d109ef1e30,person71,bacterial
train,PNEUMONIA,person71_bacteria_350.jpeg,chest_xray_dataset\train\PNEUMONIA\person71_bacteria_350.jpeg,952,664,L,cf1ade996ae6b2da3e4226f7e9fbb4ec,person71,bacterial
train,PNEUMONIA,person71_bacteria_351.jpeg,chest_xray_dataset\train\PNEUMONIA\person71_bacteria_351.jpeg,1056,925,L,24f1ab4d6f28e81ab80b32d4c7e87e3b,person71,bacterial
train,PNEUMONIA,person72_bacteria_352.jpeg,chest_xray_dataset\train\PNEUMONIA\person72_bacteria_352.jpeg,1320,1056,L,eb3b0e18e556bff3ef56acdc4a8f6350,person72,bacterial
train,PNEUMONIA,person72_bacteria_353.jpeg,chest_xray_dataset\train\PNEUMONIA\person72_bacteria_353.jpeg,1256,960,L,a1fe9e8bdd209ab0281dc5b3db3b06de,person72,bacterial
train,PNEUMONIA,person72_bacteria_354.jpeg,chest_xray_dataset\train\PNEUMONIA\person72_bacteria_354.jpeg,1500,1152,L,afaa68d23d0b06335973787b03fb30fb,person72,bacterial
train,PNEUMONIA,person74_bacteria_361.jpeg,chest_xray_dataset\train\PNEUMONIA\person74_bacteria_361.jpeg,1240,928,L,75b76b51c270ed330e30d15844f3bf26,person74,bacterial
train,PNEUMONIA,person74_bacteria_362.jpeg,chest_xray_dataset\train\PNEUMONIA\person74_bacteria_362.jpeg,1368,928,L,1cb393b4e1a9dcd964701a3d173b289b,person74,bacterial
train,PNEUMONIA,person74_bacteria_363.jpeg,chest_xray_dataset\train\PNEUMONIA\person74_bacteria_363.jpeg,1574,959,L,5143d21c41f59f129662d10dd523a069,person74,bacterial
train,PNEUMONIA,person75_bacteria_364.jpeg,chest_xray_dataset\train\PNEUMONIA\person75_bacteria_364.jpeg,1000,808,L,476706cf545d007cdfe1b627387ff693,person75,bacterial
train,PNEUMONIA,person75_bacteria_365.jpeg,chest_xray_dataset\train\PNEUMONIA\person75_bacteria_365.jpeg,1080,728,L,622e424315a4a906050806454e9334e3,person75,bacterial
train,PNEUMONIA,person75_bacteria_366.jpeg,chest_xray_dataset\train\PNEUMONIA\person75_bacteria_366.jpeg,1016,760,L,723f3fd442001c4d7bd6f08ad39c45c0,person75,bacterial
train,PNEUMONIA,person75_bacteria_367.jpeg,chest_xray_dataset\train\PNEUMONIA\person75_bacteria_367.jpeg,936,600,L,3f08f92ce16e50122afd323138706686,person75,bacterial
train,PNEUMONIA,person75_bacteria_368.jpeg,chest_xray_dataset\train\PNEUMONIA\person75_bacteria_368.jpeg,1056,696,L,d71ea7de729f1dcd0c6df61df7ed10c4,person75,bacterial
train,PNEUMONIA,person75_bacteria_369.jpeg,chest_xray_dataset\train\PNEUMONIA\person75_bacteria_369.jpeg,1106,731,L,27204acdce549e8845e8b0d5b8896364,person75,bacterial
train,PNEUMONIA,person76_bacteria_370.jpeg,chest_xray_dataset\train\PNEUMONIA\person76_bacteria_370.jpeg,1360,984,L,d6c4670e883a6f506e0879c0644149b1,person76,bacterial
train,PNEUMONIA,person76_bacteria_371.jpeg,chest_xray_dataset\train\PNEUMONIA\person76_bacteria_371.jpeg,1240,1048,L,170170bff85861095ac6759408c77475,person76,bacterial
train,PNEUMONIA,person76_bacteria_372.jpeg,chest_xray_dataset\train\PNEUMONIA\person76_bacteria_372.jpeg,1458,1080,L,1ea392d6ace7e36840e8698bb726a5dd,person76,bacterial
train,PNEUMONIA,person77_bacteria_374.jpeg,chest_xray_dataset\train\PNEUMONIA\person77_bacteria_374.jpeg,1008,848,L,9f918fa1896fab674f46902ed2c50ea5,person77,bacterial
train,PNEUMONIA,person77_bacteria_375.jpeg,chest_xray_dataset\train\PNEUMONIA\person77_bacteria_375.jpeg,1224,704,L,326558bcf04f685b000ec7620edab6a8,person77,bacterial
train,PNEUMONIA,person77_bacteria_376.jpeg,chest_xray_dataset\train\PNEUMONIA\person77_bacteria_376.jpeg,1024,872,L,5697c64d844781e5d998cdb458ad40ae,person77,bacterial
train,PNEUMONIA,person77_bacteria_377.jpeg,chest_xray_dataset\train\PNEUMONIA\person77_bacteria_377.jpeg,1156,820,L,1557c9c66815573f3747bb37aeb0500f,person77,bacterial
train,PNEUMONIA,person80_virus_150.jpeg,chest_xray_dataset\train\PNEUMONIA\person80_virus_150.jpeg,1248,880,L,fa065eced356590828ecd80f28204b02,person80,viral
train,PNEUMONIA,person81_virus_152.jpeg,chest_xray_dataset\train\PNEUMONIA\person81_virus_152.jpeg,1520,984,L,6a98685163e50984bee7b3c8549b90e1,person81,viral
train,PNEUMONIA,person81_virus_153.jpeg,chest_xray_dataset\train\PNEUMONIA\person81_virus_153.jpeg,1472,1048,L,e76fc174d65f58fe99250ba10d617bb0,person81,viral
train,PNEUMONIA,person82_virus_154.jpeg,chest_xray_dataset\train\PNEUMONIA\person82_virus_154.jpeg,1400,896,L,7c2a3fb9a12bdc44dbb758c0f7265930,person82,viral
train,PNEUMONIA,person82_virus_155.jpeg,chest_xray_dataset\train\PNEUMONIA\person82_virus_155.jpeg,1328,888,L,f6bbe08026f66d4fd44ffca3b95f64d6,person82,viral
train,PNEUMONIA,person83_virus_156.jpeg,chest_xray_dataset\train\PNEUMONIA\person83_virus_156.jpeg,1504,720,L,cb27d17c5179936fc258a047b4b5d579,person83,viral
train,PNEUMONIA,person86_virus_159.jpeg,chest_xray_dataset\train\PNEUMONIA\person86_virus_159.jpeg,1758,1249,L,bd32459e57bcb2623e73b9cf528be6c3,person86,viral
train,PNEUMONIA,person87_virus_160.jpeg,chest_xray_dataset\train\PNEUMONIA\person87_virus_160.jpeg,1636,1130,L,8a7b116452e07fff4e1cfa3b6acc555f,person87,viral
train,PNEUMONIA,person88_virus_161.jpeg,chest_xray_dataset\train\PNEUMONIA\person88_virus_161.jpeg,1328,976,L,c5d45c85fb78f6efd2583ba240b9029f,person88,viral
train,PNEUMONIA,person88_virus_163.jpeg,chest_xray_dataset\train\PNEUMONIA\person88_virus_163.jpeg,1472,1176,L,0dd922358b19b582738372a229c5a41a,person88,viral
train,PNEUMONIA,person88_virus_164.jpeg,chest_xray_dataset\train\PNEUMONIA\person88_virus_164.jpeg,1432,1176,L,6f35a4f20ae625dd2c6e32756beac6d2,person88,viral
train,PNEUMONIA,person88_virus_165.jpeg,chest_xray_dataset\train\PNEUMONIA\person88_virus_165.jpeg,1520,1176,L,e16286fdda33b98d2d399a6b09f702db,person88,viral
train,PNEUMONIA,person88_virus_166.jpeg,chest_xray_dataset\train\PNEUMONIA\person88_virus_166.jpeg,1512,1008,L,c28303f694004eecd37d7cdfdfa4f52a,person88,viral
train,PNEUMONIA,person88_virus_167.jpeg,chest_xray_dataset\train\PNEUMONIA\person88_virus_167.jpeg,1344,1216,L,826ec7498be9d9f5ea3f79ec14967ca0,person88,viral
train,PNEUMONIA,person89_virus_168.jpeg,chest_xray_dataset\train\PNEUMONIA\person89_virus_168.jpeg,1508,1133,L,8d40345ec22892025c1907d16c5048de,person89,viral
train,PNEUMONIA,person8_bacteria_37.jpeg,chest_xray_dataset\train\PNEUMONIA\person8_bacteria_37.jpeg,1790,1326,L,36f4604fb8614454bc9f15b9bf987545,person8,bacterial
train,PNEUMONIA,person90_virus_169.jpeg,chest_xray_dataset\train\PNEUMONIA\person90_virus_169.jpeg,1240,1072,L,6cbe42adbcd1303866f69f01d412064f,person90,viral
train,PNEUMONIA,person90_virus_170.jpeg,chest_xray_dataset\train\PNEUMONIA\person90_virus_170.jpeg,1224,768,L,ea4e70a268fba6d2cf459720b94e19f0,person90,viral
train,PNEUMONIA,person92_virus_174.jpeg,chest_xray_dataset\train\PNEUMONIA\person92_virus_174.jpeg,1040,528,L,48b19fe26e473dec6aac82fc23e65272,person92,viral
train,PNEUMONIA,person93_virus_175.jpeg,chest_xray_dataset\train\PNEUMONIA\person93_virus_175.jpeg,1120,592,L,18b4edebb7e5a0f8e88c0ee14efbb940,person93,viral
train,PNEUMONIA,person94_virus_176.jpeg,chest_xray_dataset\train\PNEUMONIA\person94_virus_176.jpeg,1472,1091,L,34eb6439cff9b5d1c703c99c6a6f47cb,person94,viral
train,PNEUMONIA,person95_virus_177.jpeg,chest_xray_dataset\train\PNEUMONIA\person95_virus_177.jpeg,1562,998,L,5e31e45d8fc930053c7e7f3025e5d107,person95,viral
train,PNEUMONIA,person96_virus_178.jpeg,chest_xray_dataset\train\PNEUMONIA\person96_virus_178.jpeg,1480,1144,L,474f3f7aace630ed9fd99ab82bb502d7,person96,viral
train,PNEUMONIA,person96_virus_179.jpeg,chest_xray_dataset\train\PNEUMONIA\person96_virus_179.jpeg,1624,1304,L,b1e0a466206bcb681a65c1f04aff345d,person96,viral
train,PNEUMONIA,person97_virus_180.jpeg,chest_xray_dataset\train\PNEUMONIA\person97_virus_180.jpeg,1184,880,L,46d1a4a1f9fcefced8a9a797f44b2a3e,person97,viral
train,PNEUMONIA,person97_virus_181.jpeg,chest_xray_dataset\train\PNEUMONIA\person97_virus_181.jpeg,1056,808,L,95ac5137612156b27aa7518ed9bf62ff,person97,viral
train,PNEUMONIA,person99_virus_183.jpeg,chest_xray_dataset\train\PNEUMONIA\person99_virus_183.jpeg,1414,882,L,1c004441620c6bb80ae265c2babe2da9,person99,viral
test,PNEUMONIA,person100_bacteria_475.jpeg,chest_xray_dataset\test\PNEUMONIA\person100_bacteria_475.jpeg,1106,762,L,56eefd01c9ffe9e931168256c7511970,person100,bacterial
test,PNEUMONIA,person100_bacteria_477.jpeg,chest_xray_dataset\test\PNEUMONIA\person100_bacteria_477.jpeg,1024,680,L,80292d5d5c87f13c8c974f3df6cd836a,person100,bacterial
test,PNEUMONIA,person100_bacteria_478.jpeg,chest_xray_dataset\test\PNEUMONIA\person100_bacteria_478.jpeg,1128,624,L,44e7bf7ff64f22921161ae6d7f26e966,person100,bacterial
test,PNEUMONIA,person100_bacteria_479.jpeg,chest_xray_dataset\test\PNEUMONIA\person100_bacteria_479.jpeg,904,552,L,e80ea67e95a46e6604385b15866bd252,person100,bacterial
test,PNEUMONIA,person100_bacteria_480.jpeg,chest_xray_dataset\test\PNEUMONIA\person100_bacteria_480.jpeg,880,536,L,a4caa7ccd102459666ba1790d139d13f,person100,bacterial
test,PNEUMONIA,person100_bacteria_481.jpeg,chest_xray_dataset\test\PNEUMONIA\person100_bacteria_481.jpeg,952,624,L,d879636989cd9b830acead6499a681b4,person100,bacterial
test,PNEUMONIA,person100_bacteria_482.jpeg,chest_xray_dataset\test\PNEUMONIA\person100_bacteria_482.jpeg,1040,696,L,02d8603668d72c255e2f5be9ac508116,person100,bacterial
test,PNEUMONIA,person101_bacteria_483.jpeg,chest_xray_dataset\test\PNEUMONIA\person101_bacteria_483.jpeg,1064,720,L,9ebae1eb7a8007349340f34fcbad59f2,person101,bacterial
test,PNEUMONIA,person101_bacteria_484.jpeg,chest_xray_dataset\test\PNEUMONIA\person101_bacteria_484.jpeg,1064,840,L,10cb8cd74b6928903aa49d93700a45c9,person101,bacterial
test,PNEUMONIA,person101_bacteria_485.jpeg,chest_xray_dataset\test\PNEUMONIA\person101_bacteria_485.jpeg,1032,752,L,e9b0dd2499ce3557984742e4ae35d3e3,person101,bacterial
test,PNEUMONIA,person101_bacteria_486.jpeg,chest_xray_dataset\test\PNEUMONIA\person101_bacteria_486.jpeg,1136,680,L,d1c6d4fbdb3500276a0f40b51ce39be4,person101,bacterial
test,PNEUMONIA,person102_bacteria_487.jpeg,chest_xray_dataset\test\PNEUMONIA\person102_bacteria_487.jpeg,1240,936,L,65705d86d73ff7cde72a28613db74274,person102,bacterial
test,PNEUMONIA,person103_bacteria_488.jpeg,chest_xray_dataset\test\PNEUMONIA\person103_bacteria_488.jpeg,904,656,L,f1d7ecd51b534c88358210b2f50c11e1,person103,bacterial
test,PNEUMONIA,person103_bacteria_489.jpeg,chest_xray_dataset\test\PNEUMONIA\person103_bacteria_489.jpeg,1000,744,L,8b1eb6dff91b6ab8cc4b765d2ee9541b,person103,bacterial
test,PNEUMONIA,person103_bacteria_490.jpeg,chest_xray_dataset\test\PNEUMONIA\person103_bacteria_490.jpeg,1206,871,L,b2bbfb15162f73423730962e4fdefef1,person103,bacterial
test,PNEUMONIA,person104_bacteria_491.jpeg,chest_xray_dataset\test\PNEUMONIA\person104_bacteria_491.jpeg,1144,784,L,243a49550bff1c19477f70cac759c935,person104,bacterial
test,PNEUMONIA,person104_bacteria_492.jpeg,chest_xray_dataset\test\PNEUMONIA\person104_bacteria_492.jpeg,992,592,L,f6f29844930daf5c582dfe5a9d744bbd,person104,bacterial
test,PNEUMONIA,person108_bacteria_504.jpeg,chest_xray_dataset\test\PNEUMONIA\person108_bacteria_504.jpeg,1336,1040,L,bf981947a91f08b4b644ba4bfdb9a440,person108,bacterial
test,PNEUMONIA,person108_bacteria_506.jpeg,chest_xray_dataset\test\PNEUMONIA\person108_bacteria_506.jpeg,1184,1032,L,a7caf57c25b137603cd70ff7bb8a1021,person108,bacterial
test,PNEUMONIA,person108_bacteria_507.jpeg,chest_xray_dataset\test\PNEUMONIA\person108_bacteria_507.jpeg,1176,1032,L,6c9184cde5afed11fa151777008b33fd,person108,bacterial
test,PNEUMONIA,person108_bacteria_511.jpeg,chest_xray_dataset\test\PNEUMONIA\person108_bacteria_511.jpeg,1438,1260,L,86410e036240792ccfa3b9d868ec62f4,person108,bacterial
test,PNEUMONIA,person109_bacteria_512.jpeg,chest_xray_dataset\test\PNEUMONIA\person109_bacteria_512.jpeg,1256,808,L,da3d7b54aec061cead363ba595bb358b,person109,bacterial
test,PNEUMONIA,person109_bacteria_513.jpeg,chest_xray_dataset\test\PNEUMONIA\person109_bacteria_513.jpeg,976,696,L,a5139e542ea25ea221f4da094261644d,person109,bacterial
test,PNEUMONIA,person109_bacteria_517.jpeg,chest_xray_dataset\test\PNEUMONIA\person109_bacteria_517.jpeg,1024,752,L,609363a1a5109938286eb52e931fc060,person109,bacterial
test,PNEUMONIA,person109_bacteria_519.jpeg,chest_xray_dataset\test\PNEUMONIA\person109_bacteria_519.jpeg,1080,776,L,c403617a383a06da5d314525349fe1bc,person109,bacterial
test,PNEUMONIA,person109_bacteria_522.jpeg,chest_xray_dataset\test\PNEUMONIA\person109_bacteria_522.jpeg,1112,736,L,98eacaf9fe3d2c668d108d2ad4fe3d1a,person109,bacterial
test,PNEUMONIA,person109_bacteria_523.jpeg,chest_xray_dataset\test\PNEUMONIA\person109_bacteria_523.jpeg,952,640,L,2446f57ff5f28e7c19f0f859acb30d98,person109,bacterial
test,PNEUMONIA,person109_bacteria_526.jpeg,chest_xray_dataset\test\PNEUMONIA\person109_bacteria_526.jpeg,1088,576,L,3863c73fa86a463d2d8ae62443a4893a,person109,bacterial
test,PNEUMONIA,person109_bacteria_527.jpeg,chest_xray_dataset\test\PNEUMONIA\person109_bacteria_527.jpeg,968,536,L,6da1d692a1a39ee18b644fc6633fc4de,person109,bacterial
test,PNEUMONIA,person109_bacteria_528.jpeg,chest_xray_dataset\test\PNEUMONIA\person109_bacteria_528.jpeg,1322,736,L,bc9292cfc13414532c563c91449f17e3,person109,bacterial
test,PNEUMONIA,person10_virus_35.jpeg,chest_xray_dataset\test\PNEUMONIA\person10_virus_35.jpeg,1488,1136,L,7d2b7887ee02e7e274c140f78389113a,person10,viral
test,PNEUMONIA,person110_bacteria_531.jpeg,chest_xray_dataset\test\PNEUMONIA\person110_bacteria_531.jpeg,1160,688,L,1371c1e95125d5c2ef322026c1a4506b,person110,bacterial
test,PNEUMONIA,person111_bacteria_533.jpeg,chest_xray_dataset\test\PNEUMONIA\person111_bacteria_533.jpeg,992,600,L,726df0f88c8f30e44f460715c44cbe31,person111,bacterial
test,PNEUMONIA,person111_bacteria_534.jpeg,chest_xray_dataset\test\PNEUMONIA\person111_bacteria_534.jpeg,976,712,L,adf1164f55504cca7de9b3b73ef60cfd,person111,bacterial
test,PNEUMONIA,person111_bacteria_535.jpeg,chest_xray_dataset\test\PNEUMONIA\person111_bacteria_535.jpeg,888,536,L,0cfeb61130ac9b8eb020cf05d06e94a8,person111,bacterial
test,PNEUMONIA,person111_bacteria_536.jpeg,chest_xray_dataset\test\PNEUMONIA\person111_bacteria_536.jpeg,1008,648,L,f514e6f447eb3ac7e1cfd6dc12ee60f5,person111,bacterial
test,PNEUMONIA,person111_bacteria_537.jpeg,chest_xray_dataset\test\PNEUMONIA\person111_bacteria_537.jpeg,1130,666,L,2bc67134d74cb485967eb030cf5fa77f,person111,bacterial
test,PNEUMONIA,person112_bacteria_538.jpeg,chest_xray_dataset\test\PNEUMONIA\person112_bacteria_538.jpeg,952,640,L,a6c9e17c06d06d2595ca3501541b9f11,person112,bacterial
test,PNEUMONIA,person112_bacteria_539.jpeg,chest_xray_dataset\test\PNEUMONIA\person112_bacteria_539.jpeg,936,712,L,20a8447a42f235b21a90c57c0c54cc17,person112,bacterial
test,PNEUMONIA,person113_bacteria_540.jpeg,chest_xray_dataset\test\PNEUMONIA\person113_bacteria_540.jpeg,1160,776,L,c487925dfdd41216ffa6d5442fd8b0e2,person113,bacterial
test,PNEUMONIA,person113_bacteria_541.jpeg,chest_xray_dataset\test\PNEUMONIA\person113_bacteria_541.jpeg,1080,824,L,2a65d0295510c45ec80b1c789685f7b9,person113,bacterial
test,PNEUMONIA,person113_bacteria_542.jpeg,chest_xray_dataset\test\PNEUMONIA\person113_bacteria_542.jpeg,1088,768,L,5c171c6dc6716ef005364cf6b3139094,person113,bacterial
test,PNEUMONIA,person113_bacteria_543.jpeg,chest_xray_dataset\test\PNEUMONIA\person113_bacteria_543.jpeg,1388,1013,L,bfc0042be59eb797fb22161406c10f86,person113,bacterial
test,PNEUMONIA,person114_bacteria_544.jpeg,chest_xray_dataset\test\PNEUMONIA\person114_bacteria_544.jpeg,1144,672,L,c7bb3ce1be1f24ef0916f57dcae3adbd,person114,bacterial
test,PNEUMONIA,person114_bacteria_545.jpeg,chest_xray_dataset\test\PNEUMONIA\person114_bacteria_545.jpeg,1328,920,L,8f0f4ea528025bab995077c8fa1601b5,person114,bacterial
test,PNEUMONIA,person114_bacteria_546.jpeg,chest_xray_dataset\test\PNEUMONIA\person114_bacteria_546.jpeg,1080,696,L,1a6c6031f9a806993f9ee6eb2157bdb2,person114,bacterial
test,PNEUMONIA,person117_bacteria_553.jpeg,chest_xray_dataset\test\PNEUMONIA\person117_bacteria_553.jpeg,952,624,L,6dc6bac79385be600611cd4d8d882b2c,person117,bacterial
test,PNEUMONIA,person117_bacteria_556.jpeg,chest_xray_dataset\test\PNEUMONIA\person117_bacteria_556.jpeg,904,648,L,31d15e6153038d6f8e97eee449e67ffd,person117,bacterial
test,PNEUMONIA,person117_bacteria_557.jpeg,chest_xray_dataset\test\PNEUMONIA\person117_bacteria_557.jpeg,1086,739,L,8b72e860b07b54adfb05489bf1045350,person117,bacterial
test,PNEUMONIA,person118_bacteria_559.jpeg,chest_xray_dataset\test\PNEUMONIA\person118_bacteria_559.jpeg,952,680,L,d33825fe51f14360e1a0d794e181de6f,person118,bacterial
test,PNEUMONIA,person118_bacteria_560.jpeg,chest_xray_dataset\test\PNEUMONIA\person118_bacteria_560.jpeg,1088,600,L,2d52e4b740fbe0911b9f0923789aac6a,person118,bacterial
test,PNEUMONIA,person119_bacteria_565.jpeg,chest_xray_dataset\test\PNEUMONIA\person119_bacteria_565.jpeg,1072,608,L,cbeca3a413afe9206430675d82419a89,person119,bacterial
test,PNEUMONIA,person119_bacteria_566.jpeg,chest_xray_dataset\test\PNEUMONIA\person119_bacteria_566.jpeg,1088,784,L,a231b2d96541ea6433f7aac36c25e84d,person119,bacterial
test,PNEUMONIA,person119_bacteria_567.jpeg,chest_xray_dataset\test\PNEUMONIA\person119_bacteria_567.jpeg,1210,859,L,8f96c3fb0091d8602eafa1e795640c4f,person119,bacterial
test,PNEUMONIA,person119_bacteria_568.jpeg,chest_xray_dataset\test\PNEUMONIA\person119_bacteria_568.jpeg,1222,878,L,bb5c9c0a1fdf007cefffb1ddae2fa752,person119,bacterial
test,PNEUMONIA,person11_virus_38.jpeg,chest_xray_dataset\test\PNEUMONIA\person11_virus_38.jpeg,1496,960,L,efd4580ea4c7ce2b8d6afa433ba713bc,person11,viral
test,PNEUMONIA,person120_bacteria_570.jpeg,chest_xray_dataset\test\PNEUMONIA\person120_bacteria_570.jpeg,1112,736,L,5efc3a6ef6e3259b4149044553ac1bc6,person120,bacterial
test,PNEUMONIA,person120_bacteria_571.jpeg,chest_xray_dataset\test\PNEUMONIA\person120_bacteria_571.jpeg,1120,592,L,95565191d87fc67399817985f2be757e,person120,bacterial
test,PNEUMONIA,person120_bacteria_572.jpeg,chest_xray_dataset\test\PNEUMONIA\person120_bacteria_572.jpeg,1024,688,L,bbf634943d27db4aa9af630e7ecae870,person120,bacterial
test,PNEUMONIA,person120_bacteria_573.jpeg,chest_xray_dataset\test\PNEUMONIA\person120_bacteria_573.jpeg,1272,813,L,6f810e6429f73a9bbbfaed0181360e51,person120,bacterial
test,PNEUMONIA,person122_bacteria_581.jpeg,chest_xray_dataset\test\PNEUMONIA\person122_bacteria_581.jpeg,1206,875,L,ad58599302457e2fa0917cbbbd267cd5,person122,bacterial
test,PNEUMONIA,person122_bacteria_582.jpeg,chest_xray_dataset\test\PNEUMONIA\person122_bacteria_582.jpeg,984,520,L,608d7ed2c16700a49d4253841cf63fbd,person122,bacterial
test,PNEUMONIA,person122_bacteria_583.jpeg,chest_xray_dataset\test\PNEUMONIA\person122_bacteria_583.jpeg,936,632,L,6dfda4da8d36a6f7609b904913f9fb61,person122,bacterial
test,PNEUMONIA,person122_bacteria_584.jpeg,chest_xray_dataset\test\PNEUMONIA\person122_bacteria_584.jpeg,832,640,L,a123bd5b1cf63b5040685f3142672eb6,person122,bacterial
test,PNEUMONIA,person122_bacteria_585.jpeg,chest_xray_dataset\test\PNEUMONIA\person122_bacteria_585.jpeg,928,624,L,5258d05273f99f746672ddd7e80a0a47,person122,bacterial
test,PNEUMONIA,person122_bacteria_586.jpeg,chest_xray_dataset\test\PNEUMONIA\person122_bacteria_586.jpeg,864,496,L,bc39c9e1ffc03b942999478e086135c9,person122,bacterial
test,PNEUMONIA,person123_bacteria_587.jpeg,chest_xray_dataset\test\PNEUMONIA\person123_bacteria_587.jpeg,1232,808,L,86f078dff2e3aa4144464d954a86770f,person123,bacterial
test,PNEUMONIA,person124_bacteria_589.jpeg,chest_xray_dataset\test\PNEUMONIA\person124_bacteria_589.jpeg,976,608,L,ac004f8909d801265f6796a0678bc35e,person124,bacterial
test,PNEUMONIA,person124_bacteria_590.jpeg,chest_xray_dataset\test\PNEUMONIA\person124_bacteria_590.jpeg,992,696,L,8a4e74a56e1540b9a5f11469b2c0ad88,person124,bacterial
test,PNEUMONIA,person124_bacteria_591.jpeg,chest_xray_dataset\test\PNEUMONIA\person124_bacteria_591.jpeg,1072,696,L,1da8be91ce9d455413d36be6e7100d6d,person124,bacterial
test,PNEUMONIA,person124_bacteria_592.jpeg,chest_xray_dataset\test\PNEUMONIA\person124_bacteria_592.jpeg,1094,709,L,0aacba1540f81532f41e369ecf95d112,person124,bacterial
test,PNEUMONIA,person125_bacteria_594.jpeg,chest_xray_dataset\test\PNEUMONIA\person125_bacteria_594.jpeg,1072,704,L,1a480221e23d6e2f5098cf630da2d272,person125,bacterial
test,PNEUMONIA,person125_bacteria_595.jpeg,chest_xray_dataset\test\PNEUMONIA\person125_bacteria_595.jpeg,1336,744,L,324a3f0ae3e485b3acdcbafcacb0ef7a,person125,bacterial
test,PNEUMONIA,person126_bacteria_598.jpeg,chest_xray_dataset\test\PNEUMONIA\person126_bacteria_598.jpeg,912,648,L,a1cd89a688383376e072b885ca1de94b,person126,bacterial
test,PNEUMONIA,person126_bacteria_599.jpeg,chest_xray_dataset\test\PNEUMONIA\person126_bacteria_599.jpeg,856,592,L,13fb6aeb562c4813274fa8a4ce02fec5,person126,bacterial
test,PNEUMONIA,person126_bacteria_600.jpeg,chest_xray_dataset\test\PNEUMONIA\person126_bacteria_600.jpeg,840,600,L,df7128bdb66e66b8de4d1d31503bed24,person126,bacterial
test,PNEUMONIA,person128_bacteria_605.jpeg,chest_xray_dataset\test\PNEUMONIA\person128_bacteria_605.jpeg,1000,600,L,5d106e2593c3cf90fe802fc76c0e0059,person128,bacterial
test,PNEUMONIA,person128_bacteria_606.jpeg,chest_xray_dataset\test\PNEUMONIA\person128_bacteria_606.jpeg,1160,736,L,62f9117f9c56340e6d34a93de32f320c,person128,bacterial
test,PNEUMONIA,person128_bacteria_607.jpeg,chest_xray_dataset\test\PNEUMONIA\person128_bacteria_607.jpeg,1160,736,L,62f9117f9c56340e6d34a93de32f320c,person128,bacterial
test,PNEUMONIA,person128_bacteria_608.jpeg,chest_xray_dataset\test\PNEUMONIA\person128_bacteria_608.jpeg,1086,874,L,2932baab0e8d8b566ca49367d5b975a6,person128,bacterial
test,PNEUMONIA,person130_bacteria_623.jpeg,chest_xray_dataset\test\PNEUMONIA\person130_bacteria_623.jpeg,1310,882,L,82ab0e972343445455d37b159d6f8f2b,person130,bacterial
test,PNEUMONIA,person130_bacteria_625.jpeg,chest_xray_dataset\test\PNEUMONIA\person130_bacteria_625.jpeg,1040,656,L,ac46e62d9e8563f07ef2e7fc2e8f0493,person130,bacterial
test,PNEUMONIA,person130_bacteria_626.jpeg,chest_xray_dataset\test\PNEUMONIA\person130_bacteria_626.jpeg,1000,704,L,82b69beb06211aa51b056e02e295420e,person130,bacterial
test,PNEUMONIA,person130_bacteria_627.jpeg,chest_xray_dataset\test\PNEUMONIA\person130_bacteria_627.jpeg,1080,720,L,eab5d619e1ab81534637ba761defca8c,person130,bacterial
test,PNEUMONIA,person130_bacteria_628.jpeg,chest_xray_dataset\test\PNEUMONIA\person130_bacteria_628.jpeg,1330,797,L,5e1fc0c24dafcd88676b810486726f30,person130,bacterial
test,PNEUMONIA,person131_bacteria_629.jpeg,chest_xray_dataset\test\PNEUMONIA\person131_bacteria_629.jpeg,1184,648,L,7653ea7493ebfa18ac813e489a3f5fb7,person131,bacterial
test,PNEUMONIA,person132_bacteria_632.jpeg,chest_xray_dataset\test\PNEUMONIA\person132_bacteria_632.jpeg,1120,704,L,d5246226013e522bc95a97ca51fd889a,person132,bacterial
test,PNEUMONIA,person133_bacteria_633.jpeg,chest_xray_dataset\test\PNEUMONIA\person133_bacteria_633.jpeg,976,632,L,9264a60af7b62cf7f5ed9bfc4fae85ff,person133,bacterial
test,PNEUMONIA,person133_bacteria_634.jpeg,chest_xray_dataset\test\PNEUMONIA\person133_bacteria_634.jpeg,936,696,L,d8d0ffc24c2a25e0009aa642c98bcd23,person133,bacterial
test,PNEUMONIA,person133_bacteria_635.jpeg,chest_xray_dataset\test\PNEUMONIA\person133_bacteria_635.jpeg,936,704,L,db3f60b990b3cf5aa0b6b8cd17ea9d46,person133,bacterial
test,PNEUMONIA,person133_bacteria_637.jpeg,chest_xray_dataset\test\PNEUMONIA\person133_bacteria_637.jpeg,992,640,L,77f6c52281928523cc22623afc1fd15f,person133,bacterial
test,PNEUMONIA,person133_bacteria_638.jpeg,chest_xray_dataset\test\PNEUMONIA\person133_bacteria_638.jpeg,944,616,L,c82edb30f5e3b547eef9ecc5d96c0f9a,person133,bacterial
test,PNEUMONIA,person134_bacteria_640.jpeg,chest_xray_dataset\test\PNEUMONIA\person134_bacteria_640.jpeg,1256,856,L,6955df23580babae0f9790749bb6eb4b,person134,bacterial
test,PNEUMONIA,person134_bacteria_641.jpeg,chest_xray_dataset\test\PNEUMONIA\person134_bacteria_641.jpeg,1280,872,L,e1dad3a17fdbefb2a024323bfea3f4be,person134,bacterial
test,PNEUMONIA,person134_bacteria_642.jpeg,chest_xray_dataset\test\PNEUMONIA\person134_bacteria_642.jpeg,1280,848,L,0c44ff2c3fc071a15f4ae657fc4db0e7,person134,bacterial
test,PNEUMONIA,person134_bacteria_643.jpeg,chest_xray_dataset\test\PNEUMONIA\person134_bacteria_643.jpeg,1184,792,L,fe703b7a0f66f29bfb5dc8a003ec3973,person134,bacterial
test,PNEUMONIA,person134_bacteria_644.jpeg,chest_xray_dataset\test\PNEUMONIA\person134_bacteria_644.jpeg,1184,792,L,fe703b7a0f66f29bfb5dc8a003ec3973,person134,bacterial
test,PNEUMONIA,person135_bacteria_646.jpeg,chest_xray_dataset\test\PNEUMONIA\person135_bacteria_646.jpeg,1056,616,L,6618c7903a014e2f8bac51aa445dc71c,person135,bacterial
test,PNEUMONIA,person135_bacteria_647.jpeg,chest_xray_dataset\test\PNEUMONIA\person135_bacteria_647.jpeg,1008,600,L,a8c2ca29da4a0491108ab09f50a67f85,person135,bacterial
test,PNEUMONIA,person137_bacteria_655.jpeg,chest_xray_dataset\test\PNEUMONIA\person137_bacteria_655.jpeg,1168,712,L,1796d648b22e7154ccdb4cb69d1efe12,person137,bacterial
test,PNEUMONIA,person138_bacteria_657.jpeg,chest_xray_dataset\test\PNEUMONIA\person138_bacteria_657.jpeg,1296,888,L,4868dec804245a58c72ab2b90b4f5d07,person138,bacterial
test,PNEUMONIA,person138_bacteria_658.jpeg,chest_xray_dataset\test\PNEUMONIA\person138_bacteria_658.jpeg,1200,944,L,6a6bd54d03ba7d0e7486318a8c68b6b4,person138,bacterial
test,PNEUMONIA,person138_bacteria_659.jpeg,chest_xray_dataset\test\PNEUMONIA\person138_bacteria_659.jpeg,1248,816,L,3f3da12abbc13884d77ed2adb767c2c8,person138,bacterial
test,PNEUMONIA,person139_bacteria_661.jpeg,chest_xray_dataset\test\PNEUMONIA\person139_bacteria_661.jpeg,1040,856,L,9d9854684f68fac8ce4b72311ef553fc,person139,bacterial
test,PNEUMONIA,person139_bacteria_662.jpeg,chest_xray_dataset\test\PNEUMONIA\person139_bacteria_662.jpeg,1000,776,L,a8fc69c0672ad600f80ae00d6030dcde,person139,bacterial
test,PNEUMONIA,person139_bacteria_663.jpeg,chest_xray_dataset\test\PNEUMONIA\person139_bacteria_663.jpeg,920,920,L,f60dec0ffa03fe5a923c12711c51dfcf,person139,bacterial
test,PNEUMONIA,person139_bacteria_664.jpeg,chest_xray_dataset\test\PNEUMONIA\person139_bacteria_664.jpeg,976,664,L,1cc55efd9209d3aab746a8d8e9192c40,person139,bacterial
test,PNEUMONIA,person139_bacteria_665.jpeg,chest_xray_dataset\test\PNEUMONIA\person139_bacteria_665.jpeg,928,736,L,1d3d8c8a58d32b5dceca239beb2dbab6,person139,bacterial
test,PNEUMONIA,person139_bacteria_666.jpeg,chest_xray_dataset\test\PNEUMONIA\person139_bacteria_666.jpeg,1260,1029,L,dd764a9de711d80549f8d3d10fb88ee1,person139,bacterial
test,PNEUMONIA,person140_bacteria_667.jpeg,chest_xray_dataset\test\PNEUMONIA\person140_bacteria_667.jpeg,992,792,L,8584fde5edb448635c79c7f5fb3add05,person140,bacterial
test,PNEUMONIA,person140_bacteria_668.jpeg,chest_xray_dataset\test\PNEUMONIA\person140_bacteria_668.jpeg,1344,824,L,a14afb382a605e4d647ab4dfba37aaf2,person140,bacterial
test,PNEUMONIA,person141_bacteria_670.jpeg,chest_xray_dataset\test\PNEUMONIA\person141_bacteria_670.jpeg,944,536,L,a2cb9ca8c7e20f86582125c370e9c772,person141,bacterial
test,PNEUMONIA,person141_bacteria_676.jpeg,chest_xray_dataset\test\PNEUMONIA\person141_bacteria_676.jpeg,920,568,L,9f218a2319446dca79c668273c73b57d,person141,bacterial
test,PNEUMONIA,person141_bacteria_677.jpeg,chest_xray_dataset\test\PNEUMONIA\person141_bacteria_677.jpeg,848,632,L,520390708b8feb0f495ca8cd3ca09fd8,person141,bacterial
test,PNEUMONIA,person141_bacteria_678.jpeg,chest_xray_dataset\test\PNEUMONIA\person141_bacteria_678.jpeg,856,536,L,fdbb4c9a8153ce129a4064d932268591,person141,bacterial
test,PNEUMONIA,person141_bacteria_681.jpeg,chest_xray_dataset\test\PNEUMONIA\person141_bacteria_681.jpeg,920,624,L,731ec9a96ccf9e05476993acb240557e,person141,bacterial
test,PNEUMONIA,person142_bacteria_682.jpeg,chest_xray_dataset\test\PNEUMONIA\person142_bacteria_682.jpeg,1088,776,L,3b8655839e3430a556484734165614f6,person142,bacterial
test,PNEUMONIA,person142_bacteria_683.jpeg,chest_xray_dataset\test\PNEUMONIA\person142_bacteria_683.jpeg,904,576,L,cc1300d2f39cf4ed6b2632545466c406,person142,bacterial
test,PNEUMONIA,person142_bacteria_684.jpeg,chest_xray_dataset\test\PNEUMONIA\person142_bacteria_684.jpeg,1096,712,L,c2ff2c106b998c4e4f94ba400903567e,person142,bacterial
test,PNEUMONIA,person143_bacteria_687.jpeg,chest_xray_dataset\test\PNEUMONIA\person143_bacteria_687.jpeg,944,744,L,bff8d3684a7facf571e9b3b0f94de216,person143,bacterial
test,PNEUMONIA,person143_bacteria_688.jpeg,chest_xray_dataset\test\PNEUMONIA\person143_bacteria_688.jpeg,872,696,L,0eb1fce67da173e878d46941a70bd152,person143,bacterial
test,PNEUMONIA,person143_bacteria_689.jpeg,chest_xray_dataset\test\PNEUMONIA\person143_bacteria_689.jpeg,1190,925,L,474e701ca420d71873b7874946f5853e,person143,bacterial
test,PNEUMONIA,person145_bacteria_696.jpeg,chest_xray_dataset\test\PNEUMONIA\person145_bacteria_696.jpeg,984,672,L,de85e3768e28521e3b85045e985f41d6,person145,bacterial
test,PNEUMONIA,person146_bacteria_700.jpeg,chest_xray_dataset\test\PNEUMONIA\person146_bacteria_700.jpeg,1168,776,L,f181dd3f008d7225f1a5642bc0baff37,person146,bacterial
test,PNEUMONIA,person146_bacteria_703.jpeg,chest_xray_dataset\test\PNEUMONIA\person146_bacteria_703.jpeg,976,616,L,2df5ac307cca29ef28d7f747041f1c5d,person146,bacterial
test,PNEUMONIA,person146_bacteria_704.jpeg,chest_xray_dataset\test\PNEUMONIA\person146_bacteria_704.jpeg,1410,720,L,f4680f3cf7ade85bc20fd0b9a50dbae2,person146,bacterial
test,PNEUMONIA,person147_bacteria_705.jpeg,chest_xray_dataset\test\PNEUMONIA\person147_bacteria_705.jpeg,1008,704,L,5c3805d380c4dd037e5162e270034a93,person147,bacterial
test,PNEUMONIA,person147_bacteria_706.jpeg,chest_xray_dataset\test\PNEUMONIA\person147_bacteria_706.jpeg,1120,808,L,e28b5ea3b43b12fcce887f38fccacbc1,person147,bacterial
test,PNEUMONIA,person147_bacteria_707.jpeg,chest_xray_dataset\test\PNEUMONIA\person147_bacteria_707.jpeg,1088,856,L,bb190d77099674007ff5e6cb86be9403,person147,bacterial
test,PNEUMONIA,person147_bacteria_711.jpeg,chest_xray_dataset\test\PNEUMONIA\person147_bacteria_711.jpeg,1268,816,L,1b5be2d891952c3c5e15fc9c692a39fb,person147,bacterial
test,PNEUMONIA,person149_bacteria_713.jpeg,chest_xray_dataset\test\PNEUMONIA\person149_bacteria_713.jpeg,1224,1008,L,09e1b5ab2f2eceb7ef0572a92c6bd7f5,person149,bacterial
test,PNEUMONIA,person14_virus_44.jpeg,chest_xray_dataset\test\PNEUMONIA\person14_virus_44.jpeg,1568,1184,L,08e5b00751ccbd7283164de0e7015c1f,person14,viral
test,PNEUMONIA,person151_bacteria_718.jpeg,chest_xray_dataset\test\PNEUMONIA\person151_bacteria_718.jpeg,824,424,L,ff64ca07e0e7a05716f8a6083e91872b,person151,bacterial
test,PNEUMONIA,person152_bacteria_720.jpeg,chest_xray_dataset\test\PNEUMONIA\person152_bacteria_720.jpeg,1192,760,L,99b7a57976d308ef7cdb61a0cea5a0b5,person152,bacterial
test,PNEUMONIA,person152_bacteria_721.jpeg,chest_xray_dataset\test\PNEUMONIA\person152_bacteria_721.jpeg,1232,824,L,dd47f8274db276671dde8da400339bd0,person152,bacterial
test,PNEUMONIA,person152_bacteria_722.jpeg,chest_xray_dataset\test\PNEUMONIA\person152_bacteria_722.jpeg,1120,648,L,043d931ad6b1323e470ddc59ca1b6c5c,person152,bacterial
test,PNEUMONIA,person152_bacteria_723.jpeg,chest_xray_dataset\test\PNEUMONIA\person152_bacteria_723.jpeg,1136,752,L,23d73ebf77886b80c991a788aa7703b0,person152,bacterial
test,PNEUMONIA,person152_bacteria_724.jpeg,chest_xray_dataset\test\PNEUMONIA\person152_bacteria_724.jpeg,1350,936,L,6a9621d769598b52faaf86a280201229,person152,bacterial
test,PNEUMONIA,person153_bacteria_725.jpeg,chest_xray_dataset\test\PNEUMONIA\person153_bacteria_725.jpeg,1464,808,L,8a3def396cf03ed8b493bf3e59c75a76,person153,bacterial
test,PNEUMONIA,person153_bacteria_726.jpeg,chest_xray_dataset\test\PNEUMONIA\person153_bacteria_726.jpeg,1720,1095,L,f8fa34b0efe402511aae6e6030dcdae5,person153,bacterial
test,PNEUMONIA,person154_bacteria_728.jpeg,chest_xray_dataset\test\PNEUMONIA\person154_bacteria_728.jpeg,1558,1218,L,22e713a3fdf9cf79ce8df0e61a77b39d,person154,bacterial
test,PNEUMONIA,person155_bacteria_729.jpeg,chest_xray_dataset\test\PNEUMONIA\person155_bacteria_729.jpeg,1224,976,L,6f185e46d442a4e8a8caa1d8d5ab20e7,person155,bacterial
test,PNEUMONIA,person155_bacteria_730.jpeg,chest_xray_dataset\test\PNEUMONIA\person155_bacteria_730.jpeg,1184,1128,L,ee3f68e4c6b681152c16b84d7c5490ca,person155,bacterial
test,PNEUMONIA,person155_bacteria_731.jpeg,chest_xray_dataset\test\PNEUMONIA\person155_bacteria_731.jpeg,1312,792,L,4da63cd0c0699b7ede2509db9802abb4,person155,bacterial
test,PNEUMONIA,person157_bacteria_735.jpeg,chest_xray_dataset\test\PNEUMONIA\person157_bacteria_735.jpeg,1008,728,L,d46c456de9fd4c50cb0271af827786c8,person157,bacterial
test,PNEUMONIA,person157_bacteria_739.jpeg,chest_xray_dataset\test\PNEUMONIA\person157_bacteria_739.jpeg,1232,792,L,25fd70f0e9ac033784e049fde52256dd,person157,bacterial
test,PNEUMONIA,person157_bacteria_740.jpeg,chest_xray_dataset\test\PNEUMONIA\person157_bacteria_740.jpeg,1152,832,L,009ea0e944b3f1b2703a786add37e2f9,person157,bacterial
test,PNEUMONIA,person158_bacteria_742.jpeg,chest_xray_dataset\test\PNEUMONIA\person158_bacteria_742.jpeg,936,680,L,d666e554aef33b7134461ad5dc58106c,person158,bacterial
test,PNEUMONIA,person158_bacteria_743.jpeg,chest_xray_dataset\test\PNEUMONIA\person158_bacteria_743.jpeg,992,784,L,2c12394f2ec23d8aa84f5454f05e23e3,person158,bacterial
test,PNEUMONIA,person158_bacteria_744.jpeg,chest_xray_dataset\test\PNEUMONIA\person158_bacteria_744.jpeg,968,656,L,f5c8ec430364b6652ccd2eea22f9b743,person158,bacterial
test,PNEUMONIA,person158_bacteria_745.jpeg,chest_xray_dataset\test\PNEUMONIA\person158_bacteria_745.jpeg,1406,913,L,c0cb303af3ffa486477fd6a7a20b4332,person158,bacterial
test,PNEUMONIA,person15_virus_46.jpeg,chest_xray_dataset\test\PNEUMONIA\person15_virus_46.jpeg,1314,1145,L,5a56896fdafd86fa2b2735447bd909c5,person15,viral
test,PNEUMONIA,person1608_virus_2786.jpeg,chest_xray_dataset\test\PNEUMONIA\person1608_virus_2786.jpeg,1072,800,L,696ed65d535ebab5528bcce5933423b6,person1608,viral
test,PNEUMONIA,person1610_virus_2793.jpeg,chest_xray_dataset\test\PNEUMONIA\person1610_virus_2793.jpeg,1120,880,L,13fdbe62a2af784fb3f82034b3651361,person1610,viral
test,PNEUMONIA,person1613_virus_2799.jpeg,chest_xray_dataset\test\PNEUMONIA\person1613_virus_2799.jpeg,1112,600,L,cf0f356ccc96a1e5a00073b36c785c42,person1613,viral
test,PNEUMONIA,person1614_virus_2800.jpeg,chest_xray_dataset\test\PNEUMONIA\person1614_virus_2800.jpeg,1216,936,L,2a5fa7df841d554bb8442ee77fdf1ec9,person1614,viral
test,PNEUMONIA,person1615_virus_2801.jpeg,chest_xray_dataset\test\PNEUMONIA\person1615_virus_2801.jpeg,1400,1048,L,7b4592e06c464a90a4ed3dc57c9b94fc,person1615,viral
test,PNEUMONIA,person1616_virus_2802.jpeg,chest_xray_dataset\test\PNEUMONIA\person1616_virus_2802.jpeg,1288,920,L,e23914c61dd291134cdd54258fb047fd,person1616,viral
test,PNEUMONIA,person1618_virus_2805.jpeg,chest_xray_dataset\test\PNEUMONIA\person1618_virus_2805.jpeg,1072,640,L,27a14d57d512865f2bb8337ef79645e0,person1618,viral
test,PNEUMONIA,person1619_virus_2806.jpeg,chest_xray_dataset\test\PNEUMONIA\person1619_virus_2806.jpeg,1304,816,L,5aa5576d16616f1724d68bd2b8966ffc,person1619,viral
test,PNEUMONIA,person161_bacteria_757.jpeg,chest_xray_dataset\test\PNEUMONIA\person161_bacteria_757.jpeg,856,696,L,cb8777a096bc4ab23d0381d93370c35b,person161,bacterial
test,PNEUMONIA,person161_bacteria_759.jpeg,chest_xray_dataset\test\PNEUMONIA\person161_bacteria_759.jpeg,856,480,L,a765c17cab405fcc9ace8bb34d516651,person161,bacterial
test,PNEUMONIA,person161_bacteria_762.jpeg,chest_xray_dataset\test\PNEUMONIA\person161_bacteria_762.jpeg,1164,801,L,e0024dde72bc9d997df8572a9239d839,person161,bacterial
test,PNEUMONIA,person1620_virus_2807.jpeg,chest_xray_dataset\test\PNEUMONIA\person1620_virus_2807.jpeg,1112,736,L,f917ccc44c12e4a3a7ca4c850d1f56f3,person1620,viral
test,PNEUMONIA,person1625_virus_2817.jpeg,chest_xray_dataset\test\PNEUMONIA\person1625_virus_2817.jpeg,1112,704,L,c1d06bb955d6d54787b305a098f17b09,person1625,viral
test,PNEUMONIA,person1626_virus_2818.jpeg,chest_xray_dataset\test\PNEUMONIA\person1626_virus_2818.jpeg,1344,968,L,d5c0de08ace31beedea7a46de07a8136,person1626,viral
test,PNEUMONIA,person1628_virus_2821.jpeg,chest_xray_dataset\test\PNEUMONIA\person1628_virus_2821.jpeg,1024,608,L,ea21313a632c1a0a7fe884a15b668fbf,person1628,viral
test,PNEUMONIA,person1628_virus_2822.jpeg,chest_xray_dataset\test\PNEUMONIA\person1628_virus_2822.jpeg,1096,472,L,29c6b0ac9dbb8cdcbea7d5177b1f9704,person1628,viral
test,PNEUMONIA,person1629_virus_2823.jpeg,chest_xray_dataset\test\PNEUMONIA\person1629_virus_2823.jpeg,1072,616,L,d529cabe7f79660a1c2028854491e4e2,person1629,viral
test,PNEUMONIA,person1634_virus_2830.jpeg,chest_xray_dataset\test\PNEUMONIA\person1634_virus_2830.jpeg,1336,1024,L,4dfbb25ae75142115dad7534eaced719,person1634,viral
test,PNEUMONIA,person1635_virus_2831.jpeg,chest_xray_dataset\test\PNEUMONIA\person1635_virus_2831.jpeg,1056,840,L,b444e1ed10b24d3a1a1d9b53b9d06861,person1635,viral
test,PNEUMONIA,person1637_virus_2834.jpeg,chest_xray_dataset\test\PNEUMONIA\person1637_virus_2834.jpeg,1080,672,L,65ab887d310078252f51a719ad33fbe9,person1637,viral
test,PNEUMONIA,person1640_virus_2839.jpeg,chest_xray_dataset\test\PNEUMONIA\person1640_virus_2839.jpeg,1248,768,L,7199beda297aa4bb1e0f55441d738d03,person1640,viral
test,PNEUMONIA,person1641_virus_2840.jpeg,chest_xray_dataset\test\PNEUMONIA\person1641_virus_2840.jpeg,1088,712,L,8ba68171d96281ae0a050b05e1b4169f,person1641,viral
test,PNEUMONIA,person1642_virus_2842.jpeg,chest_xray_dataset\test\PNEUMONIA\person1642_virus_2842.jpeg,1312,1000,L,f112b715d5dff315199af5abd2bb86b1,person1642,viral
test,PNEUMONIA,person1643_virus_2843.jpeg,chest_xray_dataset\test\PNEUMONIA\person1643_virus_2843.jpeg,1432,1288,L,7e63b0cee0099e7c60e5cb378a554411,person1643,viral
test,PNEUMONIA,person1644_virus_2844.jpeg,chest_xray_dataset\test\PNEUMONIA\person1644_virus_2844.jpeg,1400,1048,L,0db3dffcb2d0dbaeecc857ee5fb8c249,person1644,viral
test,PNEUMONIA,person1645_virus_2845.jpeg,chest_xray_dataset\test\PNEUMONIA\person1645_virus_2845.jpeg,1144,680,L,10864d708e51ab251d9c8de4e5a2f7bf,person1645,viral
test,PNEUMONIA,person1647_virus_2848.jpeg,chest_xray_dataset\test\PNEUMONIA\person1647_virus_2848.jpeg,1168,768,L,119c0490f57d1bc038f989f0878e556b,person1647,viral
test,PNEUMONIA,person1649_virus_2850.jpeg,chest_xray_dataset\test\PNEUMONIA\person1649_virus_2850.jpeg,1360,920,L,cc9735268f65f142acf839624efd306a,person1649,viral
test,PNEUMONIA,person1651_virus_2855.jpeg,chest_xray_dataset\test\PNEUMONIA\person1651_virus_2855.jpeg,888,464,L,9a8beb799e8d864aca09232196b282aa,person1651,viral
test,PNEUMONIA,person1657_virus_2864.jpeg,chest_xray_dataset\test\PNEUMONIA\person1657_virus_2864.jpeg,1624,1288,L,9c28ea2e79919355098ecd814979daa1,person1657,viral
test,PNEUMONIA,person1660_virus_2869.jpeg,chest_xray_dataset\test\PNEUMONIA\person1660_virus_2869.jpeg,1024,568,L,ecdcff2c5a1f1a26c5c3b62dc6861887,person1660,viral
test,PNEUMONIA,person1661_virus_2872.jpeg,chest_xray_dataset\test\PNEUMONIA\person1661_virus_2872.jpeg,1600,992,L,adf8b53df78fea92adf7ff3e80fb6810,person1661,viral
test,PNEUMONIA,person1661_virus_2873.jpeg,chest_xray_dataset\test\PNEUMONIA\person1661_virus_2873.jpeg,1600,992,L,adf8b53df78fea92adf7ff3e80fb6810,person1661,viral
test,PNEUMONIA,person1663_virus_2876.jpeg,chest_xray_dataset\test\PNEUMONIA\person1663_virus_2876.jpeg,944,528,L,eb1bce5cba82711af8227158e4c769f9,person1663,viral
test,PNEUMONIA,person1665_virus_2878.jpeg,chest_xray_dataset\test\PNEUMONIA\person1665_virus_2878.jpeg,1432,1024,L,716c168e0813790425446539081ac57a,person1665,viral
test,PNEUMONIA,person1667_virus_2881.jpeg,chest_xray_dataset\test\PNEUMONIA\person1667_virus_2881.jpeg,952,664,L,30b6049e2ed3480a25fd1bc7ea7eef92,person1667,viral
test,PNEUMONIA,person1668_virus_2882.jpeg,chest_xray_dataset\test\PNEUMONIA\person1668_virus_2882.jpeg,1168,728,L,3024bdba1f7f0d07a28b6beee25ed8a1,person1668,viral
test,PNEUMONIA,person1669_virus_2884.jpeg,chest_xray_dataset\test\PNEUMONIA\person1669_virus_2884.jpeg,1288,736,L,afadb5293a767edd1c3b4ae4b0c521b0,person1669,viral
test,PNEUMONIA,person1669_virus_2885.jpeg,chest_xray_dataset\test\PNEUMONIA\person1669_virus_2885.jpeg,1248,728,L,f7aae1eb7da1e6ef993c44396c6b8da3,person1669,viral
test,PNEUMONIA,person1670_virus_2886.jpeg,chest_xray_dataset\test\PNEUMONIA\person1670_virus_2886.jpeg,1120,552,L,90de81a57a21dbb539c2a0ecaad3843f,person1670,viral
test,PNEUMONIA,person1671_virus_2887.jpeg,chest_xray_dataset\test\PNEUMONIA\person1671_virus_2887.jpeg,1512,888,L,7478cfc2fe88bf89289d3b7c26b19497,person1671,viral
test,PNEUMONIA,person1673_virus_2889.jpeg,chest_xray_dataset\test\PNEUMONIA\person1673_virus_2889.jpeg,1168,840,L,1cd49cbae1f9d93e60c03489b4deebbd,person1673,viral
test,PNEUMONIA,person1674_virus_2890.jpeg,chest_xray_dataset\test\PNEUMONIA\person1674_virus_2890.jpeg,1960,1416,L,82477964605a36ecbcf4c8f1a16d68db,person1674,viral
test,PNEUMONIA,person1676_virus_2892.jpeg,chest_xray_dataset\test\PNEUMONIA\person1676_virus_2892.jpeg,1624,1104,L,f3612457f09042602e745d54e7096657,person1676,viral
test,PNEUMONIA,person1678_virus_2895.jpeg,chest_xray_dataset\test\PNEUMONIA\person1678_virus_2895.jpeg,1408,840,L,33b84f5be92986f092095c30085db091,person1678,viral
test,PNEUMONIA,person1679_virus_2896.jpeg,chest_xray_dataset\test\PNEUMONIA\person1679_virus_2896.jpeg,1248,840,L,eee6f3b1cfadaa64231da18eb66a7e50,person1679,viral
test,PNEUMONIA,person1680_virus_2897.jpeg,chest_xray_dataset\test\PNEUMONIA\person1680_virus_2897.jpeg,1624,968,L,0ebb58ff98b1a18cd49c38cb2acbb055,person1680,viral
test,PNEUMONIA,person1682_virus_2899.jpeg,chest_xray_dataset\test\PNEUMONIA\person1682_virus_2899.jpeg,1712,1392,L,46b0ce8ccb77e2b851fb56a903cbba0d,person1682,viral
test,PNEUMONIA,person1685_virus_2903.jpeg,chest_xray_dataset\test\PNEUMONIA\person1685_virus_2903.jpeg,792,560,L,56ccf48da2f20d448f2d2bf390a54c55,person1685,viral
test,PNEUMONIA,person16_virus_47.jpeg,chest_xray_dataset\test\PNEUMONIA\person16_virus_47.jpeg,1582,1333,L,6cd513a50e90b3f43dc067df9523206f,person16,viral
test,PNEUMONIA,person17_virus_48.jpeg,chest_xray_dataset\test\PNEUMONIA\person17_virus_48.jpeg,1224,856,L,f9f1501a2cfa7eeae175dbbf14ba6f8d,person17,viral
test,PNEUMONIA,person18_virus_49.jpeg,chest_xray_dataset\test\PNEUMONIA\person18_virus_49.jpeg,1198,654,L,628f09075718b91803cf32e5550df9af,person18,viral
test,PNEUMONIA,person19_virus_50.jpeg,chest_xray_dataset\test\PNEUMONIA\person19_virus_50.jpeg,1462,1010,L,67ad310a549cc6f64227db627d986c2b,person19,viral
test,PNEUMONIA,person1_virus_11.jpeg,chest_xray_dataset\test\PNEUMONIA\person1_virus_11.jpeg,872,560,L,c739b09ceb558805ed660c99c943c979,person1,viral
test,PNEUMONIA,person1_virus_12.jpeg,chest_xray_dataset\test\PNEUMONIA\person1_virus_12.jpeg,1080,624,L,327342bcd32717b0170e482f9944a6bf,person1,viral
test,PNEUMONIA,person1_virus_13.jpeg,chest_xray_dataset\test\PNEUMONIA\person1_virus_13.jpeg,1136,654,L,6a29ed18682202d40d08301eddeea61e,person1,viral
test,PNEUMONIA,person1_virus_6.jpeg,chest_xray_dataset\test\PNEUMONIA\person1_virus_6.jpeg,944,640,L,5a9cb6b1a5a89f9f25756f9d2da710e4,person1,viral
test,PNEUMONIA,person1_virus_7.jpeg,chest_xray_dataset\test\PNEUMONIA\person1_virus_7.jpeg,1000,544,L,ef00dc1f7c79d4e2f8107b141f49bd1e,person1,viral
test,PNEUMONIA,person1_virus_8.jpeg,chest_xray_dataset\test\PNEUMONIA\person1_virus_8.jpeg,960,544,L,d54825adae393210d320d1805b9bb79c,person1,viral
test,PNEUMONIA,person1_virus_9.jpeg,chest_xray_dataset\test\PNEUMONIA\person1_virus_9.jpeg,856,552,L,ae1e9c64b6679823f81b2507f326d4ce,person1,viral
test,PNEUMONIA,person20_virus_51.jpeg,chest_xray_dataset\test\PNEUMONIA\person20_virus_51.jpeg,1320,1208,L,af083e27ecba7d6c0da9639b185fb16e,person20,viral
test,PNEUMONIA,person21_virus_52.jpeg,chest_xray_dataset\test\PNEUMONIA\person21_virus_52.jpeg,1952,1296,L,af9bbb39a04236fce3fc26864594b3f7,person21,viral
test,PNEUMONIA,person21_virus_53.jpeg,chest_xray_dataset\test\PNEUMONIA\person21_virus_53.jpeg,2000,1456,L,dbe92347c49a950cc8aff64133cba122,person21,viral
test,PNEUMONIA,person22_virus_54.jpeg,chest_xray_dataset\test\PNEUMONIA\person22_virus_54.jpeg,1216,584,L,0370a95d1b40c9f1f09d1c133ec79107,person22,viral
test,PNEUMONIA,person22_virus_55.jpeg,chest_xray_dataset\test\PNEUMONIA\person22_virus_55.jpeg,1096,712,L,d0c6e79cddfd6f0653003c6255f4217a,person22,viral
test,PNEUMONIA,person23_virus_56.jpeg,chest_xray_dataset\test\PNEUMONIA\person23_virus_56.jpeg,1520,872,L,0e131d8f9a78394fd99b07d68bcf2552,person23,viral
test,PNEUMONIA,person24_virus_58.jpeg,chest_xray_dataset\test\PNEUMONIA\person24_virus_58.jpeg,1352,792,L,644b376c345db9b3bbad163544252cf3,person24,viral
test,PNEUMONIA,person25_virus_59.jpeg,chest_xray_dataset\test\PNEUMONIA\person25_virus_59.jpeg,960,616,L,40a9c7f4a88ae2d23d19e7831f7119bb,person25,viral
test,PNEUMONIA,person26_virus_60.jpeg,chest_xray_dataset\test\PNEUMONIA\person26_virus_60.jpeg,1152,720,L,b4ab174e3db8ae554a1cc958abd5b870,person26,viral
test,PNEUMONIA,person28_virus_62.jpeg,chest_xray_dataset\test\PNEUMONIA\person28_virus_62.jpeg,1216,872,L,aeb32a957942840969609b586a336997,person28,viral
test,PNEUMONIA,person28_virus_63.jpeg,chest_xray_dataset\test\PNEUMONIA\person28_virus_63.jpeg,1232,864,L,1fe2303d4ac6a25cf26e04ca9d6f4c3a,person28,viral
test,PNEUMONIA,person29_virus_64.jpeg,chest_xray_dataset\test\PNEUMONIA\person29_virus_64.jpeg,1024,600,L,45bb139a934f4ada4b9167ebd10066d0,person29,viral
test,PNEUMONIA,person30_virus_69.jpeg,chest_xray_dataset\test\PNEUMONIA\person30_virus_69.jpeg,1576,1216,L,f3d2a8f75cc057c42c2bbfb38eaa06c8,person30,viral
test,PNEUMONIA,person31_virus_70.jpeg,chest_xray_dataset\test\PNEUMONIA\person31_virus_70.jpeg,896,544,L,f857028ba2eec1eea1f5c887de5c8ae0,person31,viral
test,PNEUMONIA,person32_virus_71.jpeg,chest_xray_dataset\test\PNEUMONIA\person32_virus_71.jpeg,1288,952,L,2f47d8229f22e6f6d6389f95f1b194b6,person32,viral
test,PNEUMONIA,person33_virus_72.jpeg,chest_xray_dataset\test\PNEUMONIA\person33_virus_72.jpeg,1024,552,L,a0b5361b351092b87ce2b45f5a7616d2,person33,viral
test,PNEUMONIA,person34_virus_76.jpeg,chest_xray_dataset\test\PNEUMONIA\person34_virus_76.jpeg,1648,1400,L,c425f3cac7ad6c35eb56b94a8343300c,person34,viral
test,PNEUMONIA,person35_virus_80.jpeg,chest_xray_dataset\test\PNEUMONIA\person35_virus_80.jpeg,1552,1016,L,92c7e359cbdc770b36b95f2078629a61,person35,viral
test,PNEUMONIA,person36_virus_81.jpeg,chest_xray_dataset\test\PNEUMONIA\person36_virus_81.jpeg,1264,824,L,5e7f3d4f2f941bfc4b6a14eb70fde090,person36,viral
test,PNEUMONIA,person37_virus_82.jpeg,chest_xray_dataset\test\PNEUMONIA\person37_virus_82.jpeg,1080,752,L,fb7cb5d00e290d599ca1b509da677303,person37,viral
test,PNEUMONIA,person38_virus_83.jpeg,chest_xray_dataset\test\PNEUMONIA\person38_virus_83.jpeg,1400,1136,L,078dfad9d03fd134cff8a754d2de1e06,person38,viral
test,PNEUMONIA,person38_virus_84.jpeg,chest_xray_dataset\test\PNEUMONIA\person38_virus_84.jpeg,1488,976,L,325045eace4e63042ca674b1459e1b88,person38,viral
test,PNEUMONIA,person39_virus_85.jpeg,chest_xray_dataset\test\PNEUMONIA\person39_virus_85.jpeg,1120,696,L,e0917e35c253d038170f3ef0e956c1cc,person39,viral
test,PNEUMONIA,person3_virus_15.jpeg,chest_xray_dataset\test\PNEUMONIA\person3_virus_15.jpeg,1304,968,L,1294c6e208475a57ca2b228f40a0d39b,person3,viral
test,PNEUMONIA,person3_virus_16.jpeg,chest_xray_dataset\test\PNEUMONIA\person3_virus_16.jpeg,1256,848,L,72f8a825649e724a64f534d5ef12c69b,person3,viral
test,PNEUMONIA,person3_virus_17.jpeg,chest_xray_dataset\test\PNEUMONIA\person3_virus_17.jpeg,1344,1120,L,cc52d43d2d2101b2807aa8083210d0ae,person3,viral
test,PNEUMONIA,person40_virus_87.jpeg,chest_xray_dataset\test\PNEUMONIA\person40_virus_87.jpeg,1040,768,L,6f0ecbee3fd1e1353c25971bfdec521d,person40,viral
test,PNEUMONIA,person41_virus_88.jpeg,chest_xray_dataset\test\PNEUMONIA\person41_virus_88.jpeg,1328,984,L,b8014ba1189770b0da720b6936d852fa,person41,viral
test,PNEUMONIA,person43_virus_92.jpeg,chest_xray_dataset\test\PNEUMONIA\person43_virus_92.jpeg,1192,752,L,e0037de81345c596bb53e0b6b16cbe67,person43,viral
test,PNEUMONIA,person44_virus_93.jpeg,chest_xray_dataset\test\PNEUMONIA\person44_virus_93.jpeg,1192,920,L,3f50a469864c973ec02b76328eff1617,person44,viral
test,PNEUMONIA,person44_virus_94.jpeg,chest_xray_dataset\test\PNEUMONIA\person44_virus_94.jpeg,1392,1008,L,ab6846096cc8c36a4cdbd8e7fd9f240e,person44,viral
test,PNEUMONIA,person45_virus_95.jpeg,chest_xray_dataset\test\PNEUMONIA\person45_virus_95.jpeg,1376,912,L,71f0cf0f4278ef87cee937c4ec10d8e1,person45,viral
test,PNEUMONIA,person46_virus_96.jpeg,chest_xray_dataset\test\PNEUMONIA\person46_virus_96.jpeg,1192,872,L,23723d08147c44b97be53f0625b8c8ac,person46,viral
test,PNEUMONIA,person47_virus_99.jpeg,chest_xray_dataset\test\PNEUMONIA\person47_virus_99.jpeg,1344,864,L,8db146263f7440cd706f678f0e08b979,person47,viral
test,PNEUMONIA,person48_virus_100.jpeg,chest_xray_dataset\test\PNEUMONIA\person48_virus_100.jpeg,1352,1064,L,d200058a91aba526068dcb16c328c071,person48,viral
test,PNEUMONIA,person49_virus_101.jpeg,chest_xray_dataset\test\PNEUMONIA\person49_virus_101.jpeg,1336,1032,L,a3a299c00b5fd883fc647507d4cca274,person49,viral
test,PNEUMONIA,person50_virus_102.jpeg,chest_xray_dataset\test\PNEUMONIA\person50_virus_102.jpeg,1280,760,L,46bd730f0e33a593fb7c721065f6424b,person50,viral
test,PNEUMONIA,person51_virus_105.jpeg,chest_xray_dataset\test\PNEUMONIA\person51_virus_105.jpeg,1160,696,L,8c8a6e8c593b42d7a4737c786c704fa6,person51,viral
test,PNEUMONIA,person52_virus_106.jpeg,chest_xray_dataset\test\PNEUMONIA\person52_virus_106.jpeg,1048,688,L,a83a38435905ada6e98b678739a9786d,person52,viral
test,PNEUMONIA,person53_virus_107.jpeg,chest_xray_dataset\test\PNEUMONIA\person53_virus_107.jpeg,1168,712,L,d45eb476ee7441e9c4e1d76081c89aa4,person53,viral
test,PNEUMONIA,person53_virus_108.jpeg,chest_xray_dataset\test\PNEUMONIA\person53_virus_108.jpeg,1152,728,L,2a613f375e7ae64d2858165c1e0f7bf4,person53,viral
test,PNEUMONIA,person54_virus_109.jpeg,chest_xray_dataset\test\PNEUMONIA\person54_virus_109.jpeg,1184,816,L,daedf87f6118861480847bc075d7e3d4,person54,viral
test,PNEUMONIA,person55_virus_110.jpeg,chest_xray_dataset\test\PNEUMONIA\person55_virus_110.jpeg,1464,744,L,8fd11bcf6021d8e925fc3c8f39e9047a,person55,viral
test,PNEUMONIA,person56_virus_112.jpeg,chest_xray_dataset\test\PNEUMONIA\person56_virus_112.jpeg,1088,576,L,59cdbb00df79fac2667fe10c177298a0,person56,viral
test,PNEUMONIA,person57_virus_113.jpeg,chest_xray_dataset\test\PNEUMONIA\person57_virus_113.jpeg,1192,856,L,e55e4ebad17411161293b4c347ae7d76,person57,viral
test,PNEUMONIA,person59_virus_116.jpeg,chest_xray_dataset\test\PNEUMONIA\person59_virus_116.jpeg,1072,616,L,f29661d18fdcbbe35ff020ef21925eae,person59,viral
test,PNEUMONIA,person60_virus_117.jpeg,chest_xray_dataset\test\PNEUMONIA\person60_virus_117.jpeg,1072,880,L,4c87eef9ea55feab94f27ca862e51374,person60,viral
test,PNEUMONIA,person61_virus_118.jpeg,chest_xray_dataset\test\PNEUMONIA\person61_virus_118.jpeg,1088,696,L,93bb444ceaf1638d7343685d35388a75,person61,viral
test,PNEUMONIA,person62_virus_119.jpeg,chest_xray_dataset\test\PNEUMONIA\person62_virus_119.jpeg,1544,872,L,19beef4e3a74536b19c83d70c8b3cd25,person62,viral
test,PNEUMONIA,person63_virus_121.jpeg,chest_xray_dataset\test\PNEUMONIA\person63_virus_121.jpeg,1504,1032,L,7731f060b9e85d089473ec3695059e07,person63,viral
test,PNEUMONIA,person64_virus_122.jpeg,chest_xray_dataset\test\PNEUMONIA\person64_virus_122.jpeg,1112,592,L,bcd9ddc5cccbded63ff817b9a0c72b01,person64,viral
test,PNEUMONIA,person65_virus_123.jpeg,chest_xray_dataset\test\PNEUMONIA\person65_virus_123.jpeg,1320,768,L,23115feead9f877dfeeadca990c57402,person65,viral
test,PNEUMONIA,person66_virus_125.jpeg,chest_xray_dataset\test\PNEUMONIA\person66_virus_125.jpeg,1432,976,L,552823c465fbd2834adcae7010c21caa,person66,viral
test,PNEUMONIA,person67_virus_126.jpeg,chest_xray_dataset\test\PNEUMONIA\person67_virus_126.jpeg,1296,880,L,3e8c7fc2e4dec14914a02cc9d86f98f1,person67,viral
test,PNEUMONIA,person69_virus_129.jpeg,chest_xray_dataset\test\PNEUMONIA\person69_virus_129.jpeg,1048,440,L,583a0b736436b7258b0672ed31f6611c,person69,viral
test,PNEUMONIA,person70_virus_130.jpeg,chest_xray_dataset\test\PNEUMONIA\person70_virus_130.jpeg,1160,624,L,b8d984a4e392d585524bf6faefa2672d,person70,viral
test,PNEUMONIA,person71_virus_131.jpeg,chest_xray_dataset\test\PNEUMONIA\person71_virus_131.jpeg,1232,888,L,b90185cf12a01bd8a9e87740bc5ab60f,person71,viral
test,PNEUMONIA,person71_virus_132.jpeg,chest_xray_dataset\test\PNEUMONIA\person71_virus_132.jpeg,1368,904,L,568789f37562d28f53447d6623e08def,person71,viral
test,PNEUMONIA,person72_virus_133.jpeg,chest_xray_dataset\test\PNEUMONIA\person72_virus_133.jpeg,1528,968,L,e9e302980edaa0922ebf00a75198de67,person72,viral
test,PNEUMONIA,person74_virus_135.jpeg,chest_xray_dataset\test\PNEUMONIA\person74_virus_135.jpeg,840,560,L,3c5b22829ab0c83ea44dcaf671b1b065,person74,viral
test,PNEUMONIA,person75_virus_136.jpeg,chest_xray_dataset\test\PNEUMONIA\person75_virus_136.jpeg,960,576,L,535b5da0dfb656e007b5c3107a3ba0d4,person75,viral
test,PNEUMONIA,person76_virus_138.jpeg,chest_xray_dataset\test\PNEUMONIA\person76_virus_138.jpeg,1224,744,L,6cb44c442462b4f4bbbc8360fe773b6c,person76,viral
test,PNEUMONIA,person77_virus_139.jpeg,chest_xray_dataset\test\PNEUMONIA\person77_virus_139.jpeg,1240,784,L,08142a656b5bc89979bb6d60a154e7ba,person77,viral
test,PNEUMONIA,person80_bacteria_389.jpeg,chest_xray_dataset\test\PNEUMONIA\person80_bacteria_389.jpeg,1144,824,L,80971ead18df8b0abbbed306b4c1fca2,person80,bacterial
test,PNEUMONIA,person80_bacteria_390.jpeg,chest_xray_dataset\test\PNEUMONIA\person80_bacteria_390.jpeg,1104,640,L,85b06c55f63a60562ff457223f2d4047,person80,bacterial
test,PNEUMONIA,person80_bacteria_391.jpeg,chest_xray_dataset\test\PNEUMONIA\person80_bacteria_391.jpeg,1032,744,L,a9fcf6eba0f62b7e5164f4d26212e703,person80,bacterial
test,PNEUMONIA,person80_bacteria_392.jpeg,chest_xray_dataset\test\PNEUMONIA\person80_bacteria_392.jpeg,1152,832,L,cfb4ecfe08b287c4478c7d130488d6c4,person80,bacterial
test,PNEUMONIA,person80_bacteria_393.jpeg,chest_xray_dataset\test\PNEUMONIA\person80_bacteria_393.jpeg,1310,844,L,8d3514f60a188a930097d031fc76f483,person80,bacterial
test,PNEUMONIA,person81_bacteria_395.jpeg,chest_xray_dataset\test\PNEUMONIA\person81_bacteria_395.jpeg,912,584,L,4a08da543d9667bd72cfc6f61096c346,person81,bacterial
test,PNEUMONIA,person81_bacteria_396.jpeg,chest_xray_dataset\test\PNEUMONIA\person81_bacteria_396.jpeg,1048,480,L,1c61bb2869bb8fa1176f16b8ffe57f58,person81,bacterial
test,PNEUMONIA,person81_bacteria_397.jpeg,chest_xray_dataset\test\PNEUMONIA\person81_bacteria_397.jpeg,888,344,L,f49185302e8a0ac9bc4b2e18b85db989,person81,bacterial
test,PNEUMONIA,person81_bacteria_398.jpeg,chest_xray_dataset\test\PNEUMONIA\person81_bacteria_398.jpeg,848,600,L,6cac9d65818ede4f743a4c0f6b2a57aa,person81,bacterial
test,PNEUMONIA,person82_bacteria_402.jpeg,chest_xray_dataset\test\PNEUMONIA\person82_bacteria_402.jpeg,928,536,L,b4925ba3ec81af582f2e885d9c6b7e31,person82,bacterial
test,PNEUMONIA,person82_bacteria_403.jpeg,chest_xray_dataset\test\PNEUMONIA\person82_bacteria_403.jpeg,936,496,L,3b278c99b45f1313008293b422f567a3,person82,bacterial
test,PNEUMONIA,person82_bacteria_404.jpeg,chest_xray_dataset\test\PNEUMONIA\person82_bacteria_404.jpeg,840,464,L,ec143d07a9459fb73eb3c72ac58e37a9,person82,bacterial
test,PNEUMONIA,person82_bacteria_405.jpeg,chest_xray_dataset\test\PNEUMONIA\person82_bacteria_405.jpeg,952,568,L,304605880bc50b6d4d9f1041f3d559c2,person82,bacterial
test,PNEUMONIA,person83_bacteria_407.jpeg,chest_xray_dataset\test\PNEUMONIA\person83_bacteria_407.jpeg,1148,897,L,417c9801d3ac598df295b5dfc6d831f8,person83,bacterial
test,PNEUMONIA,person83_bacteria_409.jpeg,chest_xray_dataset\test\PNEUMONIA\person83_bacteria_409.jpeg,968,712,L,af26d496d7b3ff1b62597a8a2048ba32,person83,bacterial
test,PNEUMONIA,person83_bacteria_410.jpeg,chest_xray_dataset\test\PNEUMONIA\person83_bacteria_410.jpeg,912,648,L,34dce8e5f12ddd0ed3abd8280ea658f6,person83,bacterial
test,PNEUMONIA,person83_bacteria_411.jpeg,chest_xray_dataset\test\PNEUMONIA\person83_bacteria_411.jpeg,1016,832,L,0ee06b0329137209b6290fb84e36ae6b,person83,bacterial
test,PNEUMONIA,person83_bacteria_412.jpeg,chest_xray_dataset\test\PNEUMONIA\person83_bacteria_412.jpeg,864,560,L,c34c25a9f088ba165e488eeca64302fe,person83,bacterial
test,PNEUMONIA,person83_bacteria_414.jpeg,chest_xray_dataset\test\PNEUMONIA\person83_bacteria_414.jpeg,1010,717,L,22f3e2a088b1794130e86ac325d0ae92,person83,bacterial
test,PNEUMONIA,person86_bacteria_428.jpeg,chest_xray_dataset\test\PNEUMONIA\person86_bacteria_428.jpeg,832,552,L,0560d3ffc58e34545f2ce3f2bd653ac6,person86,bacterial
test,PNEUMONIA,person86_bacteria_429.jpeg,chest_xray_dataset\test\PNEUMONIA\person86_bacteria_429.jpeg,784,552,L,c5ba6c41921c2016b17356a1d84fd250,person86,bacterial
test,PNEUMONIA,person87_bacteria_433.jpeg,chest_xray_dataset\test\PNEUMONIA\person87_bacteria_433.jpeg,1064,808,L,0b397d45f8ea28bb1b6a494e5a49817c,person87,bacterial
test,PNEUMONIA,person87_bacteria_434.jpeg,chest_xray_dataset\test\PNEUMONIA\person87_bacteria_434.jpeg,1032,760,L,c25ccafa406cbd880d2bfda0b36db208,person87,bacterial
test,PNEUMONIA,person88_bacteria_437.jpeg,chest_xray_dataset\test\PNEUMONIA\person88_bacteria_437.jpeg,1144,848,L,d137eece4100830edd6886c50bf72c0f,person88,bacterial
test,PNEUMONIA,person88_bacteria_438.jpeg,chest_xray_dataset\test\PNEUMONIA\person88_bacteria_438.jpeg,1144,760,L,441a94b9fabe0a46604435b002dcb5b7,person88,bacterial
test,PNEUMONIA,person88_bacteria_439.jpeg,chest_xray_dataset\test\PNEUMONIA\person88_bacteria_439.jpeg,1512,991,L,225e4428524fc06c5cdf27eb126ec5ea,person88,bacterial
test,PNEUMONIA,person89_bacteria_440.jpeg,chest_xray_dataset\test\PNEUMONIA\person89_bacteria_440.jpeg,1280,1000,L,ad5835f720d1562f5c8bf07a28c82279,person89,bacterial
test,PNEUMONIA,person8_virus_27.jpeg,chest_xray_dataset\test\PNEUMONIA\person8_virus_27.jpeg,1008,696,L,9ee429b8d50bc902b729081ca723359d,person8,viral
test,PNEUMONIA,person8_virus_28.jpeg,chest_xray_dataset\test\PNEUMONIA\person8_virus_28.jpeg,992,688,L,be630bb55f9e010931dbe66049cc5c5a,person8,viral
test,PNEUMONIA,person90_bacteria_442.jpeg,chest_xray_dataset\test\PNEUMONIA\person90_bacteria_442.jpeg,1232,888,L,7e6be15ff340395d063d0b8a19f64f44,person90,bacterial
test,PNEUMONIA,person90_bacteria_443.jpeg,chest_xray_dataset\test\PNEUMONIA\person90_bacteria_443.jpeg,904,664,L,efb084d6a37d1568c91f738cf328e10a,person90,bacterial
test,PNEUMONIA,person92_bacteria_450.jpeg,chest_xray_dataset\test\PNEUMONIA\person92_bacteria_450.jpeg,1072,560,L,c399f9f70e7cf5121216a4291b519d6d,person92,bacterial
test,PNEUMONIA,person92_bacteria_451.jpeg,chest_xray_dataset\test\PNEUMONIA\person92_bacteria_451.jpeg,1040,568,L,ce47a2ea2dd8836ec2112ba6950b3f9a,person92,bacterial
test,PNEUMONIA,person93_bacteria_453.jpeg,chest_xray_dataset\test\PNEUMONIA\person93_bacteria_453.jpeg,952,656,L,27a9cc0500622bab6df09986f5ee50b0,person93,bacterial
test,PNEUMONIA,person93_bacteria_454.jpeg,chest_xray_dataset\test\PNEUMONIA\person93_bacteria_454.jpeg,1056,592,L,aaf751d748e4e6ac66fae4cc0e9e9068,person93,bacterial
test,PNEUMONIA,person94_bacteria_456.jpeg,chest_xray_dataset\test\PNEUMONIA\person94_bacteria_456.jpeg,1008,704,L,1e7e1ec7a4133d9681cdbfba04e8bdac,person94,bacterial
test,PNEUMONIA,person94_bacteria_457.jpeg,chest_xray_dataset\test\PNEUMONIA\person94_bacteria_457.jpeg,1016,688,L,306cc647c84946d1a22219b42563a273,person94,bacterial
test,PNEUMONIA,person94_bacteria_458.jpeg,chest_xray_dataset\test\PNEUMONIA\person94_bacteria_458.jpeg,952,560,L,1b571dc85526f8312b343a9a97b3c52d,person94,bacterial
test,PNEUMONIA,person95_bacteria_463.jpeg,chest_xray_dataset\test\PNEUMONIA\person95_bacteria_463.jpeg,1000,704,L,90215461f5a075429ed5891812649804,person95,bacterial
test,PNEUMONIA,person96_bacteria_464.jpeg,chest_xray_dataset\test\PNEUMONIA\person96_bacteria_464.jpeg,936,800,L,9bc4a9e58ec847b1af4430d00bfe7f46,person96,bacterial
test,PNEUMONIA,person96_bacteria_465.jpeg,chest_xray_dataset\test\PNEUMONIA\person96_bacteria_465.jpeg,1120,856,L,979547d46a04147ef5d7db2cc9a89e19,person96,bacterial
test,PNEUMONIA,person96_bacteria_466.jpeg,chest_xray_dataset\test\PNEUMONIA\person96_bacteria_466.jpeg,1064,856,L,24ac163316b3d58cca0d0a0c3a70056b,person96,bacterial
test,PNEUMONIA,person97_bacteria_468.jpeg,chest_xray_dataset\test\PNEUMONIA\person97_bacteria_468.jpeg,1400,1024,L,973501a2ad1f392a40ece10cf05a9c54,person97,bacterial
test,PNEUMONIA,person99_bacteria_473.jpeg,chest_xray_dataset\test\PNEUMONIA\person99_bacteria_473.jpeg,1264,1016,L,8666553a123ca14bcf3c86022e024a4c,person99,bacterial
test,PNEUMONIA,person99_bacteria_474.jpeg,chest_xray_dataset\test\PNEUMONIA\person99_bacteria_474.jpeg,1704,1122,L,2e7586f911f9ccac18bbdf01cd38fce0,person99,bacterial
