split,label,file,path,width,height,mode,md5,patient,ptype
train,NORMAL,IM-0115-0001.jpeg,chest_xray_dataset\train\NORMAL\IM-0115-0001.jpeg,2090,1858,L,20e1b8286b2d4e7a9869d42abd1cbf91,IM-0115,
train,NORMAL,IM-0117-0001.jpeg,chest_xray_dataset\train\NORMAL\IM-0117-0001.jpeg,1422,1152,L,9299d3c610ad02c31c30469c9a4c2431,IM-0117,
train,NORMAL,IM-0119-0001.jpeg,chest_xray_dataset\train\NORMAL\IM-0119-0001.jpeg,1810,1434,L,4b873c9f031149dccd93d51e092215ca,IM-0119,
train,NORMAL,IM-0122-0001.jpeg,chest_xray_dataset\train\NORMAL\IM-0122-0001.jpeg,1618,1279,L,f510c0d0ff70e725449ecbdf93553a70,IM-0122,
train,NORMAL,IM-0125-0001.jpeg,chest_xray_dataset\train\NORMAL\IM-0125-0001.jpeg,1600,1125,L,3c0c7a39407e411aa83b854f8f8fa8f0,IM-0125,
train,NORMAL,IM-0127-0001.jpeg,chest_xray_dataset\train\NORMAL\IM-0127-0001.jpeg,1974,1306,L,418786e61cd728e5a4050889f73b9f96,IM-0127,
train,NORMAL,IM-0128-0001.jpeg,chest_xray_dataset\train\NORMAL\IM-0128-0001.jpeg,1528,1013,L,cbc8d6af9e78486cc7e843911a33b1ba,IM-0128,
train,NORMAL,IM-0129-0001.jpeg,chest_xray_dataset\train\NORMAL\IM-0129-0001.jpeg,1384,1167,L,df87eb95951ed525b5120810fa3b3abe,IM-0129,
train,NORMAL,IM-0131-0001.jpeg,chest_xray_dataset\train\NORMAL\IM-0131-0001.jpeg,1450,1144,L,7f312b34a86c6c1bfd576d1d492fa981,IM-0131,
train,NORMAL,IM-0133-0001.jpeg,chest_xray_dataset\train\NORMAL\IM-0133-0001.jpeg,1468,993,L,c5f3f51ca1d32dd8f4d6a9d5c7ae3ac8,IM-0133,
train,NORMAL,IM-0135-0001.jpeg,chest_xray_dataset\train\NORMAL\IM-0135-0001.jpeg,1724,1581,L,36a75e41a60392423fe9b377bcf42340,IM-0135,
train,NORMAL,IM-0137-0001.jpeg,chest_xray_dataset\train\NORMAL\IM-0137-0001.jpeg,1346,1044,L,9d5d84363b69479fea0f3f80ed260522,IM-0137,
train,NORMAL,IM-0140-0001.jpeg,chest_xray_dataset\train\NORMAL\IM-0140-0001.jpeg,1156,1237,L,b43ad7d521aa60bd97852480c20a9914,IM-0140,
train,NORMAL,IM-0141-0001.jpeg,chest_xray_dataset\train\NORMAL\IM-0141-0001.jpeg,1740,1453,L,1ec662e4949e28d8cd546485d92e0fbd,IM-0141,
train,NORMAL,IM-0143-0001.jpeg,chest_xray_dataset\train\NORMAL\IM-0143-0001.jpeg,2138,1928,L,0431595f110bb7801a9eafaa666f623f,IM-0143,
train,NORMAL,IM-0145-0001.jpeg,chest_xray_dataset\train\NORMAL\IM-0145-0001.jpeg,1596,1156,L,e9209d6da424c0a2f16bbc006c40b7e6,IM-0145,
train,NORMAL,IM-0147-0001.jpeg,chest_xray_dataset\train\NORMAL\IM-0147-0001.jpeg,2102,1974,L,d93117d16328d3cbddf493471158ecda,IM-0147,
train,NORMAL,IM-0149-0001.jpeg,chest_xray_dataset\train\NORMAL\IM-0149-0001.jpeg,1542,1152,L,b31af44d02f2715b6421b6d0ba93a5ec,IM-0149,
train,NORMAL,IM-0151-0001.jpeg,chest_xray_dataset\train\NORMAL\IM-0151-0001.jpeg,1518,1156,L,6c5a50256c4a8094e4a9ceb68003313c,IM-0151,
train,NORMAL,IM-0152-0001.jpeg,chest_xray_dataset\train\NORMAL\IM-0152-0001.jpeg,1612,1133,L,c21e6df7d1b9a5ba4580953bb7128f38,IM-0152,
train,NORMAL,IM-0154-0001.jpeg,chest_xray_dataset\train\NORMAL\IM-0154-0001.jpeg,1844,1438,L,80dcd5ff27c6ee144d76128326e94fdf,IM-0154,
train,NORMAL,IM-0156-0001.jpeg,chest_xray_dataset\train\NORMAL\IM-0156-0001.jpeg,1488,1209,L,b1f75c3a07dd03ddc58f41211260ec3d,IM-0156,
train,NORMAL,IM-0158-0001.jpeg,chest_xray_dataset\train\NORMAL\IM-0158-0001.jpeg,994,758,L,2b933f5e354f4d4da5dda77a53cffb81,IM-0158,
train,NORMAL,IM-0160-0001.jpeg,chest_xray_dataset\train\NORMAL\IM-0160-0001.jpeg,1750,1314,L,185c40f51d602390a5275c382ba1dc22,IM-0160,
train,NORMAL,IM-0162-0001.jpeg,chest_xray_dataset\train\NORMAL\IM-0162-0001.jpeg,1762,1430,L,d4bb8128b1baff5a5b9fb322d1dc4dcc,IM-0162,
train,NORMAL,IM-0164-0001.jpeg,chest_xray_dataset\train\NORMAL\IM-0164-0001.jpeg,1202,808,L,f08dc3dfb7921825607810b439240605,IM-0164,
train,NORMAL,IM-0166-0001.jpeg,chest_xray_dataset\train\NORMAL\IM-0166-0001.jpeg,1972,1719,L,748cbf9c18ad33c5aaaccbdaa2585034,IM-0166,
train,NORMAL,IM-0168-0001.jpeg,chest_xray_dataset\train\NORMAL\IM-0168-0001.jpeg,1534,1187,L,2c94a29180b80062c133ed10a13c9f68,IM-0168,
train,NORMAL,IM-0170-0001.jpeg,chest_xray_dataset\train\NORMAL\IM-0170-0001.jpeg,2148,1496,L,ebbcf6ca8604f0c508e949ce103a5c92,IM-0170,
train,NORMAL,IM-0172-0001.jpeg,chest_xray_dataset\train\NORMAL\IM-0172-0001.jpeg,1876,1893,L,cb76f71497d39937e64894d37fd244c4,IM-0172,
train,NORMAL,IM-0176-0001.jpeg,chest_xray_dataset\train\NORMAL\IM-0176-0001.jpeg,1680,1557,L,d692dde8a93d54425f3542224a174963,IM-0176,
train,NORMAL,IM-0177-0001.jpeg,chest_xray_dataset\train\NORMAL\IM-0177-0001.jpeg,2172,1615,L,195c043bb000fa12a46f42477dbcc76f,IM-0177,
train,NORMAL,IM-0178-0001.jpeg,chest_xray_dataset\train\NORMAL\IM-0178-0001.jpeg,1646,1124,L,9386687ce4936393d300f41f18c4e3d9,IM-0178,
train,NORMAL,IM-0180-0001.jpeg,chest_xray_dataset\train\NORMAL\IM-0180-0001.jpeg,2136,1650,L,1a8298e59b73afa5b97a40f3a6ea3272,IM-0180,
train,NORMAL,IM-0182-0001.jpeg,chest_xray_dataset\train\NORMAL\IM-0182-0001.jpeg,1372,1005,L,1f8cda52401c1f5d5f0eca6b96671471,IM-0182,
train,NORMAL,IM-0183-0001.jpeg,chest_xray_dataset\train\NORMAL\IM-0183-0001.jpeg,2338,2025,L,102bcf6135ddcbda1361bf977fdfe638,IM-0183,
train,NORMAL,IM-0185-0001.jpeg,chest_xray_dataset\train\NORMAL\IM-0185-0001.jpeg,1458,1190,L,083179cac331f9c6c8cc2af1877d6e9f,IM-0185,
train,NORMAL,IM-0187-0001.jpeg,chest_xray_dataset\train\NORMAL\IM-0187-0001.jpeg,1854,1572,L,93c272557efd83b75cab0242bc4e8170,IM-0187,
train,NORMAL,IM-0189-0001.jpeg,chest_xray_dataset\train\NORMAL\IM-0189-0001.jpeg,1466,1109,L,4eca1d3334bc2bd59b3bc5267ef07506,IM-0189,
train,NORMAL,IM-0191-0001.jpeg,chest_xray_dataset\train\NORMAL\IM-0191-0001.jpeg,2164,1746,L,268d9c20bc7460d21d6b022b3b3ad108,IM-0191,
train,NORMAL,IM-0193-0001.jpeg,chest_xray_dataset\train\NORMAL\IM-0193-0001.jpeg,2010,1747,L,8d9b2b022548e82cc84a6ca13a5491e8,IM-0193,
train,NORMAL,IM-0195-0001.jpeg,chest_xray_dataset\train\NORMAL\IM-0195-0001.jpeg,1774,1546,L,45cbc540c85b62ea70eb7d4c3a5484f7,IM-0195,
train,NORMAL,IM-0199-0001.jpeg,chest_xray_dataset\train\NORMAL\IM-0199-0001.jpeg,1506,833,L,54117c69ddadc99e305cc8eb8deb8120,IM-0199,
train,NORMAL,IM-0201-0001.jpeg,chest_xray_dataset\train\NORMAL\IM-0201-0001.jpeg,1446,1310,L,92071db8185da0ed5f89443690e01a8f,IM-0201,
train,NORMAL,IM-0203-0001.jpeg,chest_xray_dataset\train\NORMAL\IM-0203-0001.jpeg,1434,1260,L,14a2ef52b9ed20934dc81c3c71888c9a,IM-0203,
train,NORMAL,IM-0205-0001.jpeg,chest_xray_dataset\train\NORMAL\IM-0205-0001.jpeg,1554,1075,L,6cbd57d2f1db886e7dfb27b62f3ec23d,IM-0205,
train,NORMAL,IM-0206-0001.jpeg,chest_xray_dataset\train\NORMAL\IM-0206-0001.jpeg,1040,747,L,86bce73ccd46f90d110c920c40b92e64,IM-0206,
train,NORMAL,IM-0207-0001.jpeg,chest_xray_dataset\train\NORMAL\IM-0207-0001.jpeg,1426,1049,L,22ca3adb30aede191f45fa57af2c5d4c,IM-0207,
train,NORMAL,IM-0209-0001.jpeg,chest_xray_dataset\train\NORMAL\IM-0209-0001.jpeg,1164,1021,L,dd9334f2022e39b350d5fe97f08060b9,IM-0209,
train,NORMAL,IM-0210-0001.jpeg,chest_xray_dataset\train\NORMAL\IM-0210-0001.jpeg,1688,1105,L,6ed1710dbc4decdbe6b914dec23a5717,IM-0210,
train,NORMAL,IM-0211-0001.jpeg,chest_xray_dataset\train\NORMAL\IM-0211-0001.jpeg,1642,1245,L,0f50c632607449b75e4251ecca7f39f1,IM-0211,
train,NORMAL,IM-0213-0001.jpeg,chest_xray_dataset\train\NORMAL\IM-0213-0001.jpeg,1928,1303,L,2e08ea526639fda0a8846f614d6c1d8a,IM-0213,
train,NORMAL,IM-0214-0001.jpeg,chest_xray_dataset\train\NORMAL\IM-0214-0001.jpeg,1522,1221,L,34e0fe4d5ecd1f87c190fef08b7942b2,IM-0214,
train,NORMAL,IM-0215-0001.jpeg,chest_xray_dataset\train\NORMAL\IM-0215-0001.jpeg,1666,1209,L,189ed6a6b2b9ea3cf9b1f535dfd6001c,IM-0215,
train,NORMAL,IM-0216-0001.jpeg,chest_xray_dataset\train\NORMAL\IM-0216-0001.jpeg,1944,1367,L,a4132aa62a077f92bdf770ad822c2406,IM-0216,
train,NORMAL,IM-0217-0001.jpeg,chest_xray_dataset\train\NORMAL\IM-0217-0001.jpeg,1654,1275,L,2e52a16d71a1b383fdc5444c4d0b3390,IM-0217,
train,NORMAL,IM-0218-0001.jpeg,chest_xray_dataset\train\NORMAL\IM-0218-0001.jpeg,1678,1654,L,94488030dfb68071a9cc3ac9e63ed226,IM-0218,
train,NORMAL,IM-0219-0001.jpeg,chest_xray_dataset\train\NORMAL\IM-0219-0001.jpeg,1592,1272,L,1fa6cb23310414aa3d2e736edb613b21,IM-0219,
train,NORMAL,IM-0220-0001.jpeg,chest_xray_dataset\train\NORMAL\IM-0220-0001.jpeg,1484,1399,L,eec120caa673a5bdf550c130b732233c,IM-0220,
train,NORMAL,IM-0221-0001.jpeg,chest_xray_dataset\train\NORMAL\IM-0221-0001.jpeg,1804,1480,L,2621f083437214234825a037117859fa,IM-0221,
train,NORMAL,IM-0222-0001.jpeg,chest_xray_dataset\train\NORMAL\IM-0222-0001.jpeg,1604,1179,L,338420575f40ebe6d424e2fddb9c4f10,IM-0222,
train,NORMAL,IM-0223-0001.jpeg,chest_xray_dataset\train\NORMAL\IM-0223-0001.jpeg,1852,1433,L,259e33f96a6210e06d683d26f7b3fabb,IM-0223,
train,NORMAL,IM-0224-0001.jpeg,chest_xray_dataset\train\NORMAL\IM-0224-0001.jpeg,1766,1287,L,bf45877163fd0a57785e64370a41d9c1,IM-0224,
train,NORMAL,IM-0225-0001.jpeg,chest_xray_dataset\train\NORMAL\IM-0225-0001.jpeg,2214,1974,L,3f98189ec5bc7817824cf187d077309a,IM-0225,
train,NORMAL,IM-0226-0001.jpeg,chest_xray_dataset\train\NORMAL\IM-0226-0001.jpeg,1770,1387,L,9eacdba887ada5ddde6673f2dc04e0f0,IM-0226,
train,NORMAL,IM-0227-0001.jpeg,chest_xray_dataset\train\NORMAL\IM-0227-0001.jpeg,1870,1612,L,52562323120d45995c773deb2ddb2cc8,IM-0227,
train,NORMAL,IM-0228-0001.jpeg,chest_xray_dataset\train\NORMAL\IM-0228-0001.jpeg,1608,1175,L,847cbf80c8278ff571eec6136f516fce,IM-0228,
train,NORMAL,IM-0229-0001.jpeg,chest_xray_dataset\train\NORMAL\IM-0229-0001.jpeg,1442,1101,L,a7d588a1b5bb399938357b81214bdeea,IM-0229,
train,NORMAL,IM-0230-0001.jpeg,chest_xray_dataset\train\NORMAL\IM-0230-0001.jpeg,1624,1256,L,e7a2f4bd4b6a1bcf80d1d80f92048729,IM-0230,
train,NORMAL,IM-0231-0001.jpeg,chest_xray_dataset\train\NORMAL\IM-0231-0001.jpeg,1650,1437,L,6326f5dc666c424e1dd2da01bd7febf4,IM-0231,
train,NORMAL,IM-0234-0001.jpeg,chest_xray_dataset\train\NORMAL\IM-0234-0001.jpeg,1550,1075,L,74152fd13e2f2daff358674e9616a738,IM-0234,
train,NORMAL,IM-0235-0001.jpeg,chest_xray_dataset\train\NORMAL\IM-0235-0001.jpeg,1816,1500,L,fa6ea05c9510ef121daadd660a665ede,IM-0235,
train,NORMAL,IM-0236-0001.jpeg,chest_xray_dataset\train\NORMAL\IM-0236-0001.jpeg,1442,974,L,22e754ef3abefb14beaa63c9ee7cac12,IM-0236,
train,NORMAL,IM-0237-0001.jpeg,chest_xray_dataset\train\NORMAL\IM-0237-0001.jpeg,1790,1140,L,97a267efcea1b2d187431bd7774e68eb,IM-0237,
train,NORMAL,IM-0238-0001.jpeg,chest_xray_dataset\train\NORMAL\IM-0238-0001.jpeg,1464,1051,L,e540508ca829df2c00e0f8fadc5967d5,IM-0238,
train,NORMAL,IM-0239-0001.jpeg,chest_xray_dataset\train\NORMAL\IM-0239-0001.jpeg,1690,1314,L,98c976b582e9f27741433163c468e331,IM-0239,
train,NORMAL,IM-0240-0001.jpeg,chest_xray_dataset\train\NORMAL\IM-0240-0001.jpeg,1944,1708,L,34938fbbed6593f9b258fe3a78a84d74,IM-0240,
train,NORMAL,IM-0241-0001.jpeg,chest_xray_dataset\train\NORMAL\IM-0241-0001.jpeg,1806,1392,L,853c9d6f66bbcdb88c4ea8dfcc83948a,IM-0241,
train,NORMAL,IM-0242-0001.jpeg,chest_xray_dataset\train\NORMAL\IM-0242-0001.jpeg,1844,1468,L,bcc3cc773b52b9f88cc8f2c103968d09,IM-0242,
train,NORMAL,IM-0243-0001.jpeg,chest_xray_dataset\train\NORMAL\IM-0243-0001.jpeg,1936,1677,L,b4420bcd9bb845b63bac1725d013668c,IM-0243,
train,NORMAL,IM-0244-0001.jpeg,chest_xray_dataset\train\NORMAL\IM-0244-0001.jpeg,1354,1024,L,376adb02576bfc020a33f5de9bacfe40,IM-0244,
train,NORMAL,IM-0245-0001.jpeg,chest_xray_dataset\train\NORMAL\IM-0245-0001.jpeg,1724,1480,L,36f13702537e4086373f0ff5dc9adcb1,IM-0245,
train,NORMAL,IM-0248-0001.jpeg,chest_xray_dataset\train\NORMAL\IM-0248-0001.jpeg,1608,1228,L,e213ce598e7c7e79789de740ef8b0927,IM-0248,
train,NORMAL,IM-0249-0001.jpeg,chest_xray_dataset\train\NORMAL\IM-0249-0001.jpeg,2396,1990,L,0d6ca01cab343c58affd765cfcf1ee7a,IM-0249,
train,NORMAL,IM-0250-0001.jpeg,chest_xray_dataset\train\NORMAL\IM-0250-0001.jpeg,1550,1368,L,47b7000a6b68862b8854407bcca609f5,IM-0250,
train,NORMAL,IM-0251-0001.jpeg,chest_xray_dataset\train\NORMAL\IM-0251-0001.jpeg,1812,1206,L,39b217706d87794c74fe62a78fb59b6c,IM-0251,
train,NORMAL,IM-0253-0001.jpeg,chest_xray_dataset\train\NORMAL\IM-0253-0001.jpeg,1720,1306,L,2197bca0e2795c190ee0beed80b9ed56,IM-0253,
train,NORMAL,IM-0255-0001.jpeg,chest_xray_dataset\train\NORMAL\IM-0255-0001.jpeg,1512,1171,L,a982b4e5aa01fc65b8731d5aa4899249,IM-0255,
train,NORMAL,IM-0256-0001.jpeg,chest_xray_dataset\train\NORMAL\IM-0256-0001.jpeg,1562,1086,L,76515e05b99a61feba301c35614daa29,IM-0256,
train,NORMAL,IM-0257-0001.jpeg,chest_xray_dataset\train\NORMAL\IM-0257-0001.jpeg,1682,1418,L,e6cdfd0828473f724101a2dead387e1c,IM-0257,
train,NORMAL,IM-0261-0001.jpeg,chest_xray_dataset\train\NORMAL\IM-0261-0001.jpeg,1596,1330,L,56c707d536d381b0eb221de83eaa513b,IM-0261,
train,NORMAL,IM-0262-0001.jpeg,chest_xray_dataset\train\NORMAL\IM-0262-0001.jpeg,1690,1538,L,f0553c7827ee8b9805174e2cb2480f6a,IM-0262,
train,NORMAL,IM-0264-0001.jpeg,chest_xray_dataset\train\NORMAL\IM-0264-0001.jpeg,1810,1545,L,9bccc8c59ac3dfbc2f53ea923b7328ee,IM-0264,
train,NORMAL,IM-0265-0001.jpeg,chest_xray_dataset\train\NORMAL\IM-0265-0001.jpeg,1616,1109,L,d217e38005385c380feb843b336b4a1c,IM-0265,
train,NORMAL,IM-0266-0001.jpeg,chest_xray_dataset\train\NORMAL\IM-0266-0001.jpeg,1848,1495,L,f8bb47ee70722326703da93ee0004054,IM-0266,
train,NORMAL,IM-0268-0001.jpeg,chest_xray_dataset\train\NORMAL\IM-0268-0001.jpeg,1620,1356,L,17cfa087b34eb8e32a034c3f853badf5,IM-0268,
train,NORMAL,IM-0269-0001.jpeg,chest_xray_dataset\train\NORMAL\IM-0269-0001.jpeg,2002,1786,L,943dc721e8f343fd2f19a032028d84e0,IM-0269,
train,NORMAL,IM-0270-0001.jpeg,chest_xray_dataset\train\NORMAL\IM-0270-0001.jpeg,1346,1109,L,8f707dd8ba7eaaa85ca3e976a95fd742,IM-0270,
train,NORMAL,IM-0272-0001.jpeg,chest_xray_dataset\train\NORMAL\IM-0272-0001.jpeg,1582,1155,L,8db0b00f4c6d25002442d187be85deac,IM-0272,
train,NORMAL,IM-0273-0001.jpeg,chest_xray_dataset\train\NORMAL\IM-0273-0001.jpeg,1522,1093,L,830394e0fbcff924b77801fd8df24ce5,IM-0273,
train,NORMAL,IM-0274-0001.jpeg,chest_xray_dataset\train\NORMAL\IM-0274-0001.jpeg,1704,1449,L,e8425650a25bb845b85432fd075f7c20,IM-0274,
train,NORMAL,IM-0275-0001.jpeg,chest_xray_dataset\train\NORMAL\IM-0275-0001.jpeg,1866,1595,L,2ef60fb4d70c39dd490bdd43c25e65a6,IM-0275,
train,NORMAL,IM-0276-0001.jpeg,chest_xray_dataset\train\NORMAL\IM-0276-0001.jpeg,1828,1654,L,89aab4a2639993eab3f745022f127b6c,IM-0276,
train,NORMAL,IM-0277-0001.jpeg,chest_xray_dataset\train\NORMAL\IM-0277-0001.jpeg,1608,1345,L,a5decd2cf2d7820c661783eee80d2101,IM-0277,
train,NORMAL,IM-0278-0001.jpeg,chest_xray_dataset\train\NORMAL\IM-0278-0001.jpeg,1766,1503,L,973fb729e285f97f05552351ca2ec08b,IM-0278,
train,NORMAL,IM-0279-0001.jpeg,chest_xray_dataset\train\NORMAL\IM-0279-0001.jpeg,1616,1121,L,b6d6c6403a5fa09ba73bfb19df899ecd,IM-0279,
train,NORMAL,IM-0280-0001.jpeg,chest_xray_dataset\train\NORMAL\IM-0280-0001.jpeg,1728,1222,L,15daba69083b975ec0544fd2268c2fdb,IM-0280,
train,NORMAL,IM-0282-0001.jpeg,chest_xray_dataset\train\NORMAL\IM-0282-0001.jpeg,1588,1372,L,671ea45f56c17b1817948370b88d2b8e,IM-0282,
train,NORMAL,IM-0283-0001.jpeg,chest_xray_dataset\train\NORMAL\IM-0283-0001.jpeg,1936,1612,L,57046052e1eff9271c0a4b8a1d77edb5,IM-0283,
train,NORMAL,IM-0285-0001.jpeg,chest_xray_dataset\train\NORMAL\IM-0285-0001.jpeg,1426,1101,L,cbd965c9a77e8c7a4d36d2b61aa2c1f0,IM-0285,
train,NORMAL,IM-0286-0001.jpeg,chest_xray_dataset\train\NORMAL\IM-0286-0001.jpeg,1982,1804,L,c04e91314f980b5cf7d17cec7bc51d26,IM-0286,
train,NORMAL,IM-0288-0001.jpeg,chest_xray_dataset\train\NORMAL\IM-0288-0001.jpeg,1438,1140,L,33d34b0f44fc32729ed55a5456daf769,IM-0288,
train,NORMAL,IM-0289-0001.jpeg,chest_xray_dataset\train\NORMAL\IM-0289-0001.jpeg,2280,2066,L,463b0c613b8c846d4a6cc52d1c52b22d,IM-0289,
train,NORMAL,IM-0290-0001.jpeg,chest_xray_dataset\train\NORMAL\IM-0290-0001.jpeg,1708,1434,L,cd49fb5678e4d0cfed2dc0039f1240ab,IM-0290,
train,NORMAL,IM-0291-0001.jpeg,chest_xray_dataset\train\NORMAL\IM-0291-0001.jpeg,1518,1005,L,f1ade7b2a6838df913165d41d8d0ab1c,IM-0291,
train,NORMAL,IM-0292-0001.jpeg,chest_xray_dataset\train\NORMAL\IM-0292-0001.jpeg,1858,1500,L,951c55422667f248b0ef023622034080,IM-0292,
train,NORMAL,IM-0293-0001.jpeg,chest_xray_dataset\train\NORMAL\IM-0293-0001.jpeg,1438,1059,L,a50fff52142df3ddf52bef2f873c9a8c,IM-0293,
train,NORMAL,IM-0294-0001.jpeg,chest_xray_dataset\train\NORMAL\IM-0294-0001.jpeg,1700,1383,L,00b40bd4294a3d0c9c79a53eb48b3832,IM-0294,
train,NORMAL,IM-0295-0001.jpeg,chest_xray_dataset\train\NORMAL\IM-0295-0001.jpeg,1828,1511,L,0c85522798ebadaca3ec877ad6dbb4a2,IM-0295,
train,NORMAL,IM-0297-0001.jpeg,chest_xray_dataset\train\NORMAL\IM-0297-0001.jpeg,1708,1415,L,90ee9bc812931c91c68e589681a0d40a,IM-0297,
train,NORMAL,IM-0298-0001.jpeg,chest_xray_dataset\train\NORMAL\IM-0298-0001.jpeg,1704,1487,L,a1da117ef20f19d14b302a25d71fd60d,IM-0298,
train,NORMAL,IM-0299-0001.jpeg,chest_xray_dataset\train\NORMAL\IM-0299-0001.jpeg,1800,1503,L,a433bdb641c1deaf47324799e38ef4d9,IM-0299,
train,NORMAL,IM-0300-0001.jpeg,chest_xray_dataset\train\NORMAL\IM-0300-0001.jpeg,2020,1565,L,89e5fb4ebd04e2a575c439d598a0b77e,IM-0300,
train,NORMAL,IM-0301-0001.jpeg,chest_xray_dataset\train\NORMAL\IM-0301-0001.jpeg,1708,1267,L,e90b2b1a0358868af7145ab9c154c46c,IM-0301,
train,NORMAL,IM-0302-0001.jpeg,chest_xray_dataset\train\NORMAL\IM-0302-0001.jpeg,1430,1128,L,f15a3a1a996b031cc81c3b3ac52125f2,IM-0302,
train,NORMAL,IM-0303-0001.jpeg,chest_xray_dataset\train\NORMAL\IM-0303-0001.jpeg,1762,1264,L,16d8cf798abcbfa08f411a1b5beba94f,IM-0303,
train,NORMAL,IM-0304-0001.jpeg,chest_xray_dataset\train\NORMAL\IM-0304-0001.jpeg,1472,978,L,1f84fb9f28f87b4ef81ab4a8b6e6782d,IM-0304,
train,NORMAL,IM-0305-0001.jpeg,chest_xray_dataset\train\NORMAL\IM-0305-0001.jpeg,1304,1097,L,2a7830b985e796f62d269a4e84bc8617,IM-0305,
train,NORMAL,IM-0306-0001.jpeg,chest_xray_dataset\train\NORMAL\IM-0306-0001.jpeg,1380,1040,L,752f6412c54c4534d21314e2a6cc94fe,IM-0306,
train,NORMAL,IM-0307-0001.jpeg,chest_xray_dataset\train\NORMAL\IM-0307-0001.jpeg,1766,1557,L,11b947d233594e30eb32f20f4da3a9e6,IM-0307,
train,NORMAL,IM-0308-0001.jpeg,chest_xray_dataset\train\NORMAL\IM-0308-0001.jpeg,1654,1368,L,fa89a8ecefb236556b94a0ba724e9aad,IM-0308,
train,NORMAL,IM-0309-0001.jpeg,chest_xray_dataset\train\NORMAL\IM-0309-0001.jpeg,2144,1805,L,0aeb096a8574c109b3a7a6c20e12c585,IM-0309,
train,NORMAL,IM-0311-0001.jpeg,chest_xray_dataset\train\NORMAL\IM-0311-0001.jpeg,1268,885,L,d09d6e8f833323b4cff31ad55a091c45,IM-0311,
train,NORMAL,IM-0312-0001.jpeg,chest_xray_dataset\train\NORMAL\IM-0312-0001.jpeg,1508,1093,L,96d1d7ca080cc79d232b9d268df5f00b,IM-0312,
train,NORMAL,IM-0313-0001.jpeg,chest_xray_dataset\train\NORMAL\IM-0313-0001.jpeg,1696,1298,L,8e61b7b88ca063ea551354663788a1eb,IM-0313,
train,NORMAL,IM-0314-0001.jpeg,chest_xray_dataset\train\NORMAL\IM-0314-0001.jpeg,1014,846,L,0c887d6bfd140334baf81ca49569567a,IM-0314,
train,NORMAL,IM-0315-0001.jpeg,chest_xray_dataset\train\NORMAL\IM-0315-0001.jpeg,1268,959,L,97d01ba575b35ebb5876bef6e5c11790,IM-0315,
train,NORMAL,IM-0316-0001.jpeg,chest_xray_dataset\train\NORMAL\IM-0316-0001.jpeg,1368,1009,L,5d5a39545163f07524fe4bcf0702e2d3,IM-0316,
train,NORMAL,IM-0317-0001.jpeg,chest_xray_dataset\train\NORMAL\IM-0317-0001.jpeg,2106,1719,L,eb72dfe7d92d2f5fc0231a09ed846c7c,IM-0317,
train,NORMAL,IM-0318-0001.jpeg,chest_xray_dataset\train\NORMAL\IM-0318-0001.jpeg,1634,1210,L,3b9017b8d394145005ac71f6ff3a8c24,IM-0318,
train,NORMAL,IM-0319-0001.jpeg,chest_xray_dataset\train\NORMAL\IM-0319-0001.jpeg,1292,1225,L,f8e5381c0aa0fcd8e622384d3fd79874,IM-0319,
train,NORMAL,IM-0320-0001.jpeg,chest_xray_dataset\train\NORMAL\IM-0320-0001.jpeg,1700,1271,L,a52c11cded0a062c68ea5adc882a6cff,IM-0320,
train,NORMAL,IM-0323-0001.jpeg,chest_xray_dataset\train\NORMAL\IM-0323-0001.jpeg,1824,1430,L,2b7330f1e0b144aee398bf1a1078634a,IM-0323,
train,NORMAL,IM-0324-0001.jpeg,chest_xray_dataset\train\NORMAL\IM-0324-0001.jpeg,1198,931,L,11c839264ecec5e19d924c8f1f3b16e9,IM-0324,
train,NORMAL,IM-0325-0001.jpeg,chest_xray_dataset\train\NORMAL\IM-0325-0001.jpeg,1504,1174,L,b3371ea86217b698129a87bed1058141,IM-0325,
train,NORMAL,IM-0326-0001.jpeg,chest_xray_dataset\train\NORMAL\IM-0326-0001.jpeg,1520,1306,L,1de4c4278b3a4dde6db9beff146e6465,IM-0326,
train,NORMAL,IM-0327-0001.jpeg,chest_xray_dataset\train\NORMAL\IM-0327-0001.jpeg,1808,1507,L,423693613389c9c9ff61d490aab5fcd0,IM-0327,
train,NORMAL,IM-0329-0001.jpeg,chest_xray_dataset\train\NORMAL\IM-0329-0001.jpeg,1196,974,L,2da6d0d461f541085382a1ec6f3ed625,IM-0329,
train,NORMAL,IM-0330-0001.jpeg,chest_xray_dataset\train\NORMAL\IM-0330-0001.jpeg,1422,1191,L,a4bc7338cfabd9df9341a59b943480e9,IM-0330,
train,NORMAL,IM-0331-0001.jpeg,chest_xray_dataset\train\NORMAL\IM-0331-0001.jpeg,1360,1341,L,1d80ab2c4f45bae877744f2e42342706,IM-0331,
train,NORMAL,IM-0332-0001.jpeg,chest_xray_dataset\train\NORMAL\IM-0332-0001.jpeg,1512,1202,L,9e998e395ba33aeaec33c34d3c96c69e,IM-0332,
train,NORMAL,IM-0333-0001.jpeg,chest_xray_dataset\train\NORMAL\IM-0333-0001.jpeg,1114,843,L,da0470b25e3be1d56c050815abd4018f,IM-0333,
train,NORMAL,IM-0335-0001.jpeg,chest_xray_dataset\train\NORMAL\IM-0335-0001.jpeg,2538,1897,L,d5361f8f0cbd0dc7f0086a1fe1c6f7b7,IM-0335,
train,NORMAL,IM-0337-0001.jpeg,chest_xray_dataset\train\NORMAL\IM-0337-0001.jpeg,1584,1237,L,ab77740c5d08cd8da750b9efb4218c46,IM-0337,
train,NORMAL,IM-0338-0001.jpeg,chest_xray_dataset\train\NORMAL\IM-0338-0001.jpeg,1746,1392,L,18361f60f639e04256cf569c1e9c12e8,IM-0338,
train,NORMAL,IM-0339-0001.jpeg,chest_xray_dataset\train\NORMAL\IM-0339-0001.jpeg,1792,1623,L,983a0d9c64456924dae52e53ee9b4ffb,IM-0339,
train,NORMAL,IM-0340-0001.jpeg,chest_xray_dataset\train\NORMAL\IM-0340-0001.jpeg,1840,1480,L,72413b3394eb573898a9cba454705f22,IM-0340,
train,NORMAL,IM-0341-0001.jpeg,chest_xray_dataset\train\NORMAL\IM-0341-0001.jpeg,1654,1364,L,161552ec45aad79580248f77b7d23fdb,IM-0341,
train,NORMAL,IM-0343-0001.jpeg,chest_xray_dataset\train\NORMAL\IM-0343-0001.jpeg,1588,1217,L,ce7026a5d9324677633eb27da2487d37,IM-0343,
train,NORMAL,IM-0345-0001.jpeg,chest_xray_dataset\train\NORMAL\IM-0345-0001.jpeg,1310,1071,L,b2694097b0a989c6a840ed32d8aec765,IM-0345,
train,NORMAL,IM-0346-0001.jpeg,chest_xray_dataset\train\NORMAL\IM-0346-0001.jpeg,1592,1411,L,7a4083c8bce8b53daa633c773dfb2da7,IM-0346,
train,NORMAL,IM-0347-0001.jpeg,chest_xray_dataset\train\NORMAL\IM-0347-0001.jpeg,1638,1168,L,0df19584736a8c43b5592d8bcd20ad0b,IM-0347,
train,NORMAL,IM-0348-0001.jpeg,chest_xray_dataset\train\NORMAL\IM-0348-0001.jpeg,1388,1063,L,3ed5ba1803d7d712cb30982df572c2e6,IM-0348,
train,NORMAL,IM-0349-0001.jpeg,chest_xray_dataset\train\NORMAL\IM-0349-0001.jpeg,1592,1329,L,aa8b4bd86fb39563b12c89d210ae7c1f,IM-0349,
train,NORMAL,IM-0350-0001.jpeg,chest_xray_dataset\train\NORMAL\IM-0350-0001.jpeg,1392,998,L,5e0f016c4d167631d8740e9e9d6cdc2a,IM-0350,
train,NORMAL,IM-0351-0001.jpeg,chest_xray_dataset\train\NORMAL\IM-0351-0001.jpeg,1774,1588,L,3de766511acb0128d1cf22f81e9a355b,IM-0351,
train,NORMAL,IM-0353-0001.jpeg,chest_xray_dataset\train\NORMAL\IM-0353-0001.jpeg,1620,1151,L,c8254580dca14d9417ff24c180572a0c,IM-0353,
train,NORMAL,IM-0354-0001.jpeg,chest_xray_dataset\train\NORMAL\IM-0354-0001.jpeg,1538,986,L,8754e48fa507b8f2577be12f965690fa,IM-0354,
train,NORMAL,IM-0355-0001.jpeg,chest_xray_dataset\train\NORMAL\IM-0355-0001.jpeg,1372,1109,L,32bcd6c336800b13be9847f586396196,IM-0355,
train,NORMAL,IM-0356-0001.jpeg,chest_xray_dataset\train\NORMAL\IM-0356-0001.jpeg,1300,974,L,3b27fb91d0c6d961da400d725f7b99eb,IM-0356,
train,NORMAL,IM-0357-0001.jpeg,chest_xray_dataset\train\NORMAL\IM-0357-0001.jpeg,2064,1951,L,d68f7ee8bc94b70238abc74d45c62b43,IM-0357,
train,NORMAL,IM-0358-0001.jpeg,chest_xray_dataset\train\NORMAL\IM-0358-0001.jpeg,1646,1299,L,837db0c047a90de68c366308a11015e2,IM-0358,
train,NORMAL,IM-0359-0001.jpeg,chest_xray_dataset\train\NORMAL\IM-0359-0001.jpeg,1634,1272,L,69465122d00d14849a635bcbb5d8fdc9,IM-0359,
train,NORMAL,IM-0361-0001.jpeg,chest_xray_dataset\train\NORMAL\IM-0361-0001.jpeg,1570,1156,L,9afeb08ab9b69042bc1d589a19a40bfa,IM-0361,
train,NORMAL,IM-0362-0001.jpeg,chest_xray_dataset\train\NORMAL\IM-0362-0001.jpeg,1582,1183,L,86f1c7fff7569c83227632b67a850771,IM-0362,
train,NORMAL,IM-0363-0001.jpeg,chest_xray_dataset\train\NORMAL\IM-0363-0001.jpeg,1580,1402,L,e8ef6eff81481ca121f2807d83b6d2c2,IM-0363,
train,NORMAL,IM-0364-0001.jpeg,chest_xray_dataset\train\NORMAL\IM-0364-0001.jpeg,1396,1001,L,7849c72088f0fd585d169c0dff34d82d,IM-0364,
train,NORMAL,IM-0365-0001.jpeg,chest_xray_dataset\train\NORMAL\IM-0365-0001.jpeg,1600,1229,L,d4542bba4c26d2d5340688cb6a0df34a,IM-0365,
train,NORMAL,IM-0367-0001.jpeg,chest_xray_dataset\train\NORMAL\IM-0367-0001.jpeg,1472,1171,L,6a31e433e01ae59683a38001ff3f622f,IM-0367,
train,NORMAL,IM-0368-0001.jpeg,chest_xray_dataset\train\NORMAL\IM-0368-0001.jpeg,1426,1164,L,2fff3a72e0597cbc694b7eddb953e667,IM-0368,
train,NORMAL,IM-0369-0001.jpeg,chest_xray_dataset\train\NORMAL\IM-0369-0001.jpeg,1396,1024,L,067c7ff37a7e170c3f84b77280ce85ac,IM-0369,
train,NORMAL,IM-0370-0001.jpeg,chest_xray_dataset\train\NORMAL\IM-0370-0001.jpeg,1114,832,L,6b2a7a226f86852d00262a2bc7ad9618,IM-0370,
train,NORMAL,IM-0371-0001.jpeg,chest_xray_dataset\train\NORMAL\IM-0371-0001.jpeg,2024,2036,L,a85f35d8a6b3acf3633a933d8f9427b0,IM-0371,
train,NORMAL,IM-0372-0001.jpeg,chest_xray_dataset\train\NORMAL\IM-0372-0001.jpeg,1790,1654,L,e6dff1d0ef9ba43d08d3279d86417d64,IM-0372,
train,NORMAL,IM-0374-0001.jpeg,chest_xray_dataset\train\NORMAL\IM-0374-0001.jpeg,1744,1402,L,bf0a690fa4ddde11f9fe5c9565fabcde,IM-0374,
train,NORMAL,IM-0375-0001.jpeg,chest_xray_dataset\train\NORMAL\IM-0375-0001.jpeg,1816,1627,L,cd5339725318223a03bb035732db01d9,IM-0375,
train,NORMAL,IM-0377-0001.jpeg,chest_xray_dataset\train\NORMAL\IM-0377-0001.jpeg,1438,1106,L,467e333dc4366e40164b962100ad236f,IM-0377,
train,NORMAL,IM-0379-0001.jpeg,chest_xray_dataset\train\NORMAL\IM-0379-0001.jpeg,1724,1395,L,cad15fa853911e0997c301fdbf17ef18,IM-0379,
train,NORMAL,IM-0381-0001.jpeg,chest_xray_dataset\train\NORMAL\IM-0381-0001.jpeg,1744,1388,L,9665f48d3626e9d623acc14c8fd48acd,IM-0381,
train,NORMAL,IM-0382-0001.jpeg,chest_xray_dataset\train\NORMAL\IM-0382-0001.jpeg,1472,1225,L,e403df2537e662c8f4944ea85b09e2af,IM-0382,
train,NORMAL,IM-0383-0001.jpeg,chest_xray_dataset\train\NORMAL\IM-0383-0001.jpeg,1472,1318,L,dadb94535e95dc30fbd978efed92339a,IM-0383,
train,NORMAL,IM-0384-0001.jpeg,chest_xray_dataset\train\NORMAL\IM-0384-0001.jpeg,1608,1226,L,55e6726b75b87a2fcc20c93126b4ae3d,IM-0384,
train,NORMAL,IM-0385-0001.jpeg,chest_xray_dataset\train\NORMAL\IM-0385-0001.jpeg,1712,1330,L,9c795238669896dd4efd7dd3fa95e920,IM-0385,
train,NORMAL,IM-0386-0001.jpeg,chest_xray_dataset\train\NORMAL\IM-0386-0001.jpeg,1550,1302,L,a4bea7de6add93a00436cfca94967fbb,IM-0386,
train,NORMAL,IM-0387-0001.jpeg,chest_xray_dataset\train\NORMAL\IM-0387-0001.jpeg,1920,1801,L,5ab3bd516f730fc94552b97807a5ee91,IM-0387,
train,NORMAL,IM-0388-0001.jpeg,chest_xray_dataset\train\NORMAL\IM-0388-0001.jpeg,1680,1353,L,7a47d91a22ab2d98ee0b260dcb33b372,IM-0388,
train,NORMAL,IM-0389-0001.jpeg,chest_xray_dataset\train\NORMAL\IM-0389-0001.jpeg,1530,1028,L,7df00cff7886196268bc7f2522e938d7,IM-0389,
train,NORMAL,IM-0391-0001.jpeg,chest_xray_dataset\train\NORMAL\IM-0391-0001.jpeg,2222,1669,L,6da278c5b72d9f48e3a51868c98f7e29,IM-0391,
train,NORMAL,IM-0392-0001.jpeg,chest_xray_dataset\train\NORMAL\IM-0392-0001.jpeg,1442,1059,L,6c9f7367ec165945b648d8cc0528a4e7,IM-0392,
train,NORMAL,IM-0393-0001.jpeg,chest_xray_dataset\train\NORMAL\IM-0393-0001.jpeg,1754,1221,L,815adeb56113b0e48b945f57e2b52c1d,IM-0393,
train,NORMAL,IM-0394-0001.jpeg,chest_xray_dataset\train\NORMAL\IM-0394-0001.jpeg,1666,1333,L,bad3d92afaef3c79badaf02887825350,IM-0394,
train,NORMAL,IM-0395-0001.jpeg,chest_xray_dataset\train\NORMAL\IM-0395-0001.jpeg,1488,1275,L,9f31fc2ed3a5f40df55850c4c114d001,IM-0395,
train,NORMAL,IM-0399-0001.jpeg,chest_xray_dataset\train\NORMAL\IM-0399-0001.jpeg,1164,1086,L,4c23d75e95168a2d07e055e65344b3b3,IM-0399,
train,NORMAL,IM-0400-0001.jpeg,chest_xray_dataset\train\NORMAL\IM-0400-0001.jpeg,1446,1082,L,bde76dfe3758b54ed1ddfa60fa48bf7d,IM-0400,
train,NORMAL,IM-0401-0001.jpeg,chest_xray_dataset\train\NORMAL\IM-0401-0001.jpeg,1820,1670,L,63d8c372b75bb275bb129c340973eab6,IM-0401,
train,NORMAL,IM-0403-0001.jpeg,chest_xray_dataset\train\NORMAL\IM-0403-0001.jpeg,1774,1612,L,3458f0d5d9454a929461c3ae8563071b,IM-0403,
train,NORMAL,IM-0404-0001.jpeg,chest_xray_dataset\train\NORMAL\IM-0404-0001.jpeg,1694,1182,L,dd4f4de22b94ecf2138cb37c35ed983f,IM-0404,
train,NORMAL,IM-0405-0001.jpeg,chest_xray_dataset\train\NORMAL\IM-0405-0001.jpeg,1952,1619,L,9936f4ccd84587b5b705fd9f32bea9b0,IM-0405,
train,NORMAL,IM-0408-0001.jpeg,chest_xray_dataset\train\NORMAL\IM-0408-0001.jpeg,1442,1148,L,b4d70c2b5e5d6e75e63d4df1267ddb0d,IM-0408,
train,NORMAL,IM-0409-0001.jpeg,chest_xray_dataset\train\NORMAL\IM-0409-0001.jpeg,1090,793,L,6394a103c681fd96deef5446f38857cd,IM-0409,
train,NORMAL,IM-0410-0001.jpeg,chest_xray_dataset\train\NORMAL\IM-0410-0001.jpeg,1632,1375,L,e94a938d902269170da5c851a372d476,IM-0410,
train,NORMAL,IM-0411-0001.jpeg,chest_xray_dataset\train\NORMAL\IM-0411-0001.jpeg,1728,1518,L,1fdca149f1e0fdbd70356ea76c9e3e01,IM-0411,
train,NORMAL,IM-0413-0001.jpeg,chest_xray_dataset\train\NORMAL\IM-0413-0001.jpeg,2318,2411,L,1dc66eb60636e6795c6e36a79fceda56,IM-0413,
train,NORMAL,IM-0414-0001.jpeg,chest_xray_dataset\train\NORMAL\IM-0414-0001.jpeg,1450,1287,L,41f0d14b6f202b1ba2ec0203e8686398,IM-0414,
train,NORMAL,IM-0416-0001.jpeg,chest_xray_dataset\train\NORMAL\IM-0416-0001.jpeg,1808,1418,L,56bb0fc1cf6d21de48029e17d9366248,IM-0416,
train,NORMAL,IM-0417-0001.jpeg,chest_xray_dataset\train\NORMAL\IM-0417-0001.jpeg,1786,1500,L,a3086d9f76f8c4eb95bb3d418e5cc420,IM-0417,
train,NORMAL,IM-0419-0001.jpeg,chest_xray_dataset\train\NORMAL\IM-0419-0001.jpeg,2118,1522,L,d68dcc672b4cb48e9cc2d79fb6c66558,IM-0419,
train,NORMAL,IM-0420-0001.jpeg,chest_xray_dataset\train\NORMAL\IM-0420-0001.jpeg,1558,1352,L,a77ff0d81532e80814a1dda646ccfad3,IM-0420,
train,NORMAL,IM-0421-0001.jpeg,chest_xray_dataset\train\NORMAL\IM-0421-0001.jpeg,1574,1129,L,597e40cf6a06c7cc5c0e7158e206c93d,IM-0421,
train,NORMAL,IM-0423-0001.jpeg,chest_xray_dataset\train\NORMAL\IM-0423-0001.jpeg,1480,1337,L,6fb069e834ef8de50faa187def825492,IM-0423,
train,NORMAL,IM-0424-0001.jpeg,chest_xray_dataset\train\NORMAL\IM-0424-0001.jpeg,1368,1078,L,ccc2b63a1dee5a7f4fb0c5e8767f3686,IM-0424,
train,NORMAL,IM-0425-0001.jpeg,chest_xray_dataset\train\NORMAL\IM-0425-0001.jpeg,1850,1314,L,6b09d6d34d2ff46a63ce4a26af8ba945,IM-0425,
train,NORMAL,IM-0427-0001.jpeg,chest_xray_dataset\train\NORMAL\IM-0427-0001.jpeg,1828,1357,L,dee0187150d3ad976e0c9af6dcee3cf3,IM-0427,
train,NORMAL,IM-0428-0001.jpeg,chest_xray_dataset\train\NORMAL\IM-0428-0001.jpeg,1562,1348,L,0db49f8368733098ac004d2d877bdac3,IM-0428,
train,NORMAL,IM-0429-0001-0001.jpeg,chest_xray_dataset\train\NORMAL\IM-0429-0001-0001.jpeg,1918,1569,L,730424cb4e596b94c53b201d7b7a2318,IM-0429,
train,NORMAL,IM-0429-0001-0002.jpeg,chest_xray_dataset\train\NORMAL\IM-0429-0001-0002.jpeg,1858,1380,L,0606c4e588b1ffe8e764e75435da035b,IM-0429,
train,NORMAL,IM-0429-0001.jpeg,chest_xray_dataset\train\NORMAL\IM-0429-0001.jpeg,1964,1692,L,f0a97ff4b3845e1b0d26d1f5625c480d,IM-0429,
train,NORMAL,IM-0430-0001.jpeg,chest_xray_dataset\train\NORMAL\IM-0430-0001.jpeg,1438,1082,L,d9a47979baf96065b5a3fe7764981c39,IM-0430,
train,NORMAL,IM-0431-0001.jpeg,chest_xray_dataset\train\NORMAL\IM-0431-0001.jpeg,1678,1414,L,16a07717b9e3c96861c987940269c134,IM-0431,
train,NORMAL,IM-0432-0001.jpeg,chest_xray_dataset\train\NORMAL\IM-0432-0001.jpeg,1480,1228,L,7cf0cebe76be9af9c335f41fd5ba89ba,IM-0432,
train,NORMAL,IM-0433-0001.jpeg,chest_xray_dataset\train\NORMAL\IM-0433-0001.jpeg,1916,1677,L,89b6e0658c85c47c0b6f2e5d6e4afcc9,IM-0433,
train,NORMAL,IM-0434-0001.jpeg,chest_xray_dataset\train\NORMAL\IM-0434-0001.jpeg,2214,1715,L,a2fb5a0bd9cd1b04f793b5b4d60b7fdf,IM-0434,
train,NORMAL,IM-0435-0001-0001.jpeg,chest_xray_dataset\train\NORMAL\IM-0435-0001-0001.jpeg,1512,1209,L,76db48f8156d1ddd32563c2935b7eb57,IM-0435,
train,NORMAL,IM-0435-0001.jpeg,chest_xray_dataset\train\NORMAL\IM-0435-0001.jpeg,1130,831,L,8aa8e9f38f03c582a2e74c83ef0d68d7,IM-0435,
train,NORMAL,IM-0437-0001-0001.jpeg,chest_xray_dataset\train\NORMAL\IM-0437-0001-0001.jpeg,2022,1445,L,d76765cef5e180b485f98f9fb9c2a151,IM-0437,
train,NORMAL,IM-0437-0001-0002.jpeg,chest_xray_dataset\train\NORMAL\IM-0437-0001-0002.jpeg,1508,1152,L,64e083f7b9e9400cf7b3a22b26cee224,IM-0437,
train,NORMAL,IM-0437-0001.jpeg,chest_xray_dataset\train\NORMAL\IM-0437-0001.jpeg,1410,1179,L,5e90332db6f52820c9e426bba8cf7047,IM-0437,
train,NORMAL,IM-0438-0001.jpeg,chest_xray_dataset\train\NORMAL\IM-0438-0001.jpeg,1904,1422,L,0271f55dd421a845cde098d25be346ba,IM-0438,
train,NORMAL,IM-0439-0001-0001.jpeg,chest_xray_dataset\train\NORMAL\IM-0439-0001-0001.jpeg,1766,1380,L,f46a933c4283912c7131a5af03ad8911,IM-0439,
train,NORMAL,IM-0439-0001-0002.jpeg,chest_xray_dataset\train\NORMAL\IM-0439-0001-0002.jpeg,1368,1032,L,fc117aed985b90c5ed1ae865091e5543,IM-0439,
train,NORMAL,IM-0439-0001.jpeg,chest_xray_dataset\train\NORMAL\IM-0439-0001.jpeg,1816,1558,L,af6acabd8c48d067e9a53d852d3db719,IM-0439,
train,NORMAL,IM-0440-0001.jpeg,chest_xray_dataset\train\NORMAL\IM-0440-0001.jpeg,1690,1464,L,6efcc54c4fdc70eee7a4a73373668bd5,IM-0440,
train,NORMAL,IM-0441-0001.jpeg,chest_xray_dataset\train\NORMAL\IM-0441-0001.jpeg,1472,1171,L,4da5166adb484557209c39014d0810db,IM-0441,
train,NORMAL,IM-0442-0001.jpeg,chest_xray_dataset\train\NORMAL\IM-0442-0001.jpeg,1510,1352,L,62fead7696af5b79460f1e4502f61335,IM-0442,
train,NORMAL,IM-0444-0001.jpeg,chest_xray_dataset\train\NORMAL\IM-0444-0001.jpeg,1928,1754,L,87e15491d4a38f894361024b3097ecf4,IM-0444,
train,NORMAL,IM-0445-0001.jpeg,chest_xray_dataset\train\NORMAL\IM-0445-0001.jpeg,1762,1506,L,598647cabad3cdc23cca76cab9a7c1b4,IM-0445,
train,NORMAL,IM-0446-0001.jpeg,chest_xray_dataset\train\NORMAL\IM-0446-0001.jpeg,1816,1661,L,b8e749c18ad895cb472ebad50a9c10e8,IM-0446,
train,NORMAL,IM-0447-0001.jpeg,chest_xray_dataset\train\NORMAL\IM-0447-0001.jpeg,1840,1499,L,e468db97ee3243f290d7d6deda891545,IM-0447,
train,NORMAL,IM-0448-0001.jpeg,chest_xray_dataset\train\NORMAL\IM-0448-0001.jpeg,1954,1279,L,ac62ce8903d3db419378feec0f667ce4,IM-0448,
train,NORMAL,IM-0449-0001.jpeg,chest_xray_dataset\train\NORMAL\IM-0449-0001.jpeg,1638,1236,L,14798237e906f8d5b88fcae3dd1389d0,IM-0449,
train,NORMAL,IM-0450-0001.jpeg,chest_xray_dataset\train\NORMAL\IM-0450-0001.jpeg,1678,1480,L,1ce4ecb9181e6f0da99701ed9bd3a6a0,IM-0450,
train,NORMAL,IM-0451-0001.jpeg,chest_xray_dataset\train\NORMAL\IM-0451-0001.jpeg,1850,1746,L,ed63126b9b598c0050a6be0cc0b119c8,IM-0451,
train,NORMAL,IM-0452-0001.jpeg,chest_xray_dataset\train\NORMAL\IM-0452-0001.jpeg,1848,1588,L,fdc8166e0e2a73ca76fc47abf7b717fc,IM-0452,
train,NORMAL,IM-0453-0001-0002.jpeg,chest_xray_dataset\train\NORMAL\IM-0453-0001-0002.jpeg,2088,2074,L,1db2409cdaec041e3795b912d879b9fa,IM-0453,
train,NORMAL,IM-0453-0001.jpeg,chest_xray_dataset\train\NORMAL\IM-0453-0001.jpeg,1762,1715,L,14f587e6baeb76b9d8e8db299394c027,IM-0453,
train,NORMAL,IM-0455-0001.jpeg,chest_xray_dataset\train\NORMAL\IM-0455-0001.jpeg,1364,1148,L,384f282887fec6a869394fc839ea5b9b,IM-0455,
train,NORMAL,IM-0456-0001.jpeg,chest_xray_dataset\train\NORMAL\IM-0456-0001.jpeg,1812,1693,L,623cdf8b5b2d5e556d1f20506f6b7fd0,IM-0456,
train,NORMAL,IM-0457-0001.jpeg,chest_xray_dataset\train\NORMAL\IM-0457-0001.jpeg,2090,1785,L,62c4966f8cd6232cd9ea6bb660048dd6,IM-0457,
train,NORMAL,IM-0458-0001.jpeg,chest_xray_dataset\train\NORMAL\IM-0458-0001.jpeg,1226,955,L,e9e85f06875d2a63bb21368e7c6e6af1,IM-0458,
train,NORMAL,IM-0459-0001.jpeg,chest_xray_dataset\train\NORMAL\IM-0459-0001.jpeg,2338,1970,L,8d26052fce9748b033c23a912721f5d5,IM-0459,
train,NORMAL,IM-0460-0001.jpeg,chest_xray_dataset\train\NORMAL\IM-0460-0001.jpeg,1654,1259,L,515bfb60de93c011054f00a7acde627c,IM-0460,
train,NORMAL,IM-0461-0001.jpeg,chest_xray_dataset\train\NORMAL\IM-0461-0001.jpeg,1704,1341,L,8eb520c1aaf4828a6507eb82ee61c7c2,IM-0461,
train,NORMAL,IM-0463-0001.jpeg,chest_xray_dataset\train\NORMAL\IM-0463-0001.jpeg,1804,1758,L,7406731ac750566c67392477ee62df8e,IM-0463,
train,NORMAL,IM-0464-0001.jpeg,chest_xray_dataset\train\NORMAL\IM-0464-0001.jpeg,1770,1353,L,c6a5a0df2274a622f36e678002cc292b,IM-0464,
train,NORMAL,IM-0465-0001.jpeg,chest_xray_dataset\train\NORMAL\IM-0465-0001.jpeg,1750,1334,L,6b20fd6eeb4e9ac1f84cc7bfd578f844,IM-0465,
train,NORMAL,IM-0466-0001.jpeg,chest_xray_dataset\train\NORMAL\IM-0466-0001.jpeg,1600,1264,L,baab9aafb855a5934c6fecd043af7e5e,IM-0466,
train,NORMAL,IM-0467-0001-0001.jpeg,chest_xray_dataset\train\NORMAL\IM-0467-0001-0001.jpeg,1912,1739,L,72c50f1297e95a25c4c107594e465082,IM-0467,
train,NORMAL,IM-0467-0001-0002.jpeg,chest_xray_dataset\train\NORMAL\IM-0467-0001-0002.jpeg,1634,1372,L,8c952d87eb740699043fa9b882f0e69f,IM-0467,
train,NORMAL,IM-0467-0001.jpeg,chest_xray_dataset\train\NORMAL\IM-0467-0001.jpeg,2114,1866,L,63baa1d16b8943a8366cb3e54002cbc5,IM-0467,
train,NORMAL,IM-0469-0001.jpeg,chest_xray_dataset\train\NORMAL\IM-0469-0001.jpeg,1948,1576,L,559107b4a067556871593aa8e00ec275,IM-0469,
train,NORMAL,IM-0471-0001.jpeg,chest_xray_dataset\train\NORMAL\IM-0471-0001.jpeg,2080,1781,L,7eb1a1863cc60d3999bbe93b021c9eed,IM-0471,
train,NORMAL,IM-0472-0001.jpeg,chest_xray_dataset\train\NORMAL\IM-0472-0001.jpeg,1616,1318,L,c25a13188bdd239dbefbb2bb353bc82e,IM-0472,
train,NORMAL,IM-0473-0001.jpeg,chest_xray_dataset\train\NORMAL\IM-0473-0001.jpeg,1558,1179,L,af7345ae824d4acf8c8083f1e5b7d9d7,IM-0473,
train,NORMAL,IM-0474-0001.jpeg,chest_xray_dataset\train\NORMAL\IM-0474-0001.jpeg,1472,1013,L,f009fdb36a81ec4b068f992c2a2f88e2,IM-0474,
train,NORMAL,IM-0475-0001.jpeg,chest_xray_dataset\train\NORMAL\IM-0475-0001.jpeg,1736,1345,L,c9f319b058c969395e444f71f7eec5f6,IM-0475,
train,NORMAL,IM-0476-0001.jpeg,chest_xray_dataset\train\NORMAL\IM-0476-0001.jpeg,1558,1048,L,5cc0d65a09f4d7972d2354cc7da9e43c,IM-0476,
train,NORMAL,IM-0477-0001.jpeg,chest_xray_dataset\train\NORMAL\IM-0477-0001.jpeg,1666,1537,L,216710c6020c229447a7a6a180e6545d,IM-0477,
train,NORMAL,IM-0478-0001.jpeg,chest_xray_dataset\train\NORMAL\IM-0478-0001.jpeg,1676,1561,L,3bdf969e3561461e38a2ca320664fb34,IM-0478,
train,NORMAL,IM-0479-0001.jpeg,chest_xray_dataset\train\NORMAL\IM-0479-0001.jpeg,1438,927,L,aeebafb9ecdf879533c94f118ca09d36,IM-0479,
train,NORMAL,IM-0480-0001.jpeg,chest_xray_dataset\train\NORMAL\IM-0480-0001.jpeg,2218,2183,L,b56895432e1ab0b8c61a80a7db9f5a30,IM-0480,
train,NORMAL,IM-0481-0001.jpeg,chest_xray_dataset\train\NORMAL\IM-0481-0001.jpeg,1222,970,L,d64c1aa4c77fd4e9c48bdbf61a09f997,IM-0481,
train,NORMAL,IM-0482-0001.jpeg,chest_xray_dataset\train\NORMAL\IM-0482-0001.jpeg,1252,1028,L,d8911a0698bdfceaccbf9a527c0b5eba,IM-0482,
train,NORMAL,IM-0483-0001.jpeg,chest_xray_dataset\train\NORMAL\IM-0483-0001.jpeg,1690,1167,L,474ad9f8dde4725023de647e94b024f1,IM-0483,
train,NORMAL,IM-0484-0001.jpeg,chest_xray_dataset\train\NORMAL\IM-0484-0001.jpeg,1506,1121,L,7eb96237e8153f984bcb8d27b5df0e07,IM-0484,
train,NORMAL,IM-0485-0001.jpeg,chest_xray_dataset\train\NORMAL\IM-0485-0001.jpeg,1404,1059,L,27e56ce40d1c3312f6ba3b0035552724,IM-0485,
train,NORMAL,IM-0486-0001.jpeg,chest_xray_dataset\train\NORMAL\IM-0486-0001.jpeg,1808,1488,L,bd258ec9815cc2e2fbe94c49e6367574,IM-0486,
train,NORMAL,IM-0487-0001.jpeg,chest_xray_dataset\train\NORMAL\IM-0487-0001.jpeg,1778,1461,L,bae3397dd7eae3104cfa107ee908e5e7,IM-0487,
train,NORMAL,IM-0488-0001.jpeg,chest_xray_dataset\train\NORMAL\IM-0488-0001.jpeg,1280,909,L,346c7fbdc17d8a56ff47d86a4b00c635,IM-0488,
train,NORMAL,IM-0489-0001.jpeg,chest_xray_dataset\train\NORMAL\IM-0489-0001.jpeg,1310,1148,L,230fb39e61c3b14c35e38a467a51beae,IM-0489,
train,NORMAL,IM-0490-0001.jpeg,chest_xray_dataset\train\NORMAL\IM-0490-0001.jpeg,2226,2013,L,fb7df9a5914c8a15609221150fccd2b0,IM-0490,
train,NORMAL,IM-0491-0001-0001.jpeg,chest_xray_dataset\train\NORMAL\IM-0491-0001-0001.jpeg,1584,1295,L,516c3533757a565c120da45fe081eb67,IM-0491,
train,NORMAL,IM-0491-0001-0002.jpeg,chest_xray_dataset\train\NORMAL\IM-0491-0001-0002.jpeg,1604,1414,L,73e9a0199a0c4e7b3b7c55a2f5672365,IM-0491,
train,NORMAL,IM-0491-0001.jpeg,chest_xray_dataset\train\NORMAL\IM-0491-0001.jpeg,2304,2086,L,731854fd3333eb007a11a58721ebafa0,IM-0491,
train,NORMAL,IM-0492-0001.jpeg,chest_xray_dataset\train\NORMAL\IM-0492-0001.jpeg,1636,1468,L,86cd7fe5a63f8e131bc15978b8ba190d,IM-0492,
train,NORMAL,IM-0493-0001.jpeg,chest_xray_dataset\train\NORMAL\IM-0493-0001.jpeg,2260,2237,L,7e0887b5ef44152eb5f6648d4a5a3ef1,IM-0493,
train,NORMAL,IM-0494-0001.jpeg,chest_xray_dataset\train\NORMAL\IM-0494-0001.jpeg,1692,1302,L,5674b37b611bdf5df80d7401c2bc15cb,IM-0494,
train,NORMAL,IM-0495-0001.jpeg,chest_xray_dataset\train\NORMAL\IM-0495-0001.jpeg,2064,1750,L,7f67cb20a34f6fb0f5a60b36dcfd1a45,IM-0495,
train,NORMAL,IM-0496-0001.jpeg,chest_xray_dataset\train\NORMAL\IM-0496-0001.jpeg,1824,1426,L,fd55077ac60b68948aede37c7562a75e,IM-0496,
train,NORMAL,IM-0497-0001-0001.jpeg,chest_xray_dataset\train\NORMAL\IM-0497-0001-0001.jpeg,1284,1013,L,75361db7caf9dec7440cfbf0114a8e85,IM-0497,
train,NORMAL,IM-0497-0001-0002.jpeg,chest_xray_dataset\train\NORMAL\IM-0497-0001-0002.jpeg,1932,1561,L,0cbce62b6c14de3f7b82cdeb85797fe0,IM-0497,
train,NORMAL,IM-0497-0001.jpeg,chest_xray_dataset\train\NORMAL\IM-0497-0001.jpeg,1338,1194,L,278ea449568fac95d567a15e4b3007e1,IM-0497,
train,NORMAL,IM-0499-0001-0001.jpeg,chest_xray_dataset\train\NORMAL\IM-0499-0001-0001.jpeg,1582,1056,L,1876241400a7d6888651f8e40d2c5a90,IM-0499,
train,NORMAL,IM-0499-0001-0002.jpeg,chest_xray_dataset\train\NORMAL\IM-0499-0001-0002.jpeg,1446,1391,L,9d8baf127b593659542a17501f87f667,IM-0499,
train,NORMAL,IM-0499-0001.jpeg,chest_xray_dataset\train\NORMAL\IM-0499-0001.jpeg,1674,1493,L,162cd9dfa77a8681d3389b7251ca17af,IM-0499,
train,NORMAL,IM-0500-0001.jpeg,chest_xray_dataset\train\NORMAL\IM-0500-0001.jpeg,1400,1239,L,731f1c00d2cba1cd43057d74d9420422,IM-0500,
train,NORMAL,IM-0501-0001-0001.jpeg,chest_xray_dataset\train\NORMAL\IM-0501-0001-0001.jpeg,1364,1051,L,c770aab363d4e6c25709977bc755b9f0,IM-0501,
train,NORMAL,IM-0501-0001-0002.jpeg,chest_xray_dataset\train\NORMAL\IM-0501-0001-0002.jpeg,1562,1059,L,89868648049f4cfb86bc128e85f8125c,IM-0501,
train,NORMAL,IM-0501-0001.jpeg,chest_xray_dataset\train\NORMAL\IM-0501-0001.jpeg,1870,1905,L,3935cf35eed801b64928fa4e3c09517a,IM-0501,
train,NORMAL,IM-0502-0001.jpeg,chest_xray_dataset\train\NORMAL\IM-0502-0001.jpeg,2156,1936,L,828301cec31d4dc25e19fd9368581471,IM-0502,
train,NORMAL,IM-0503-0001.jpeg,chest_xray_dataset\train\NORMAL\IM-0503-0001.jpeg,1504,1171,L,e94678f0c693f48fb071944a42583459,IM-0503,
train,NORMAL,IM-0504-0001.jpeg,chest_xray_dataset\train\NORMAL\IM-0504-0001.jpeg,1554,1449,L,d4dd7663911d8fd3bd04e6015af6e63a,IM-0504,
train,NORMAL,IM-0505-0001-0001.jpeg,chest_xray_dataset\train\NORMAL\IM-0505-0001-0001.jpeg,1400,1221,L,c6cde8006471be27707b07b4e732be7e,IM-0505,
train,NORMAL,IM-0505-0001-0002.jpeg,chest_xray_dataset\train\NORMAL\IM-0505-0001-0002.jpeg,1314,1171,L,dda3b31bd1086e750b69098bc7b41628,IM-0505,
train,NORMAL,IM-0505-0001.jpeg,chest_xray_dataset\train\NORMAL\IM-0505-0001.jpeg,1696,1330,L,10dd00a9129e641715392a3249b8b602,IM-0505,
train,NORMAL,IM-0506-0001.jpeg,chest_xray_dataset\train\NORMAL\IM-0506-0001.jpeg,1700,1368,L,1df4f455dc4ff4ca21bc82ba77a64603,IM-0506,
train,NORMAL,IM-0507-0001.jpeg,chest_xray_dataset\train\NORMAL\IM-0507-0001.jpeg,1752,1384,L,883bb6fb4a078c8989f32487605efbd2,IM-0507,
train,NORMAL,IM-0508-0001.jpeg,chest_xray_dataset\train\NORMAL\IM-0508-0001.jpeg,1936,1669,L,bc32ed3de1e9760ba15db375afff7d29,IM-0508,
train,NORMAL,IM-0509-0001-0001.jpeg,chest_xray_dataset\train\NORMAL\IM-0509-0001-0001.jpeg,1434,1125,L,6340e7a8ebf75575d699c02ad02aea5b,IM-0509,
train,NORMAL,IM-0509-0001-0002.jpeg,chest_xray_dataset\train\NORMAL\IM-0509-0001-0002.jpeg,1306,920,L,3e7463d778b30117ff8ca9430ec6fa20,IM-0509,
train,NORMAL,IM-0509-0001.jpeg,chest_xray_dataset\train\NORMAL\IM-0509-0001.jpeg,1248,1044,L,e6d3e0d580912e96538637107ebfe533,IM-0509,
train,NORMAL,IM-0510-0001.jpeg,chest_xray_dataset\train\NORMAL\IM-0510-0001.jpeg,1616,1147,L,9b427401ba1c2100d9d804700d8df17b,IM-0510,
train,NORMAL,IM-0511-0001-0001.jpeg,chest_xray_dataset\train\NORMAL\IM-0511-0001-0001.jpeg,1302,1187,L,cfbb89fc000aa794e5f23db1065c1653,IM-0511,
train,NORMAL,IM-0511-0001-0002.jpeg,chest_xray_dataset\train\NORMAL\IM-0511-0001-0002.jpeg,1870,1495,L,c545b27cbb975672f5696c4403bb4750,IM-0511,
train,NORMAL,IM-0511-0001.jpeg,chest_xray_dataset\train\NORMAL\IM-0511-0001.jpeg,2060,1839,L,a6bd95c0ca53004c3e078939cc68f747,IM-0511,
train,NORMAL,IM-0512-0001.jpeg,chest_xray_dataset\train\NORMAL\IM-0512-0001.jpeg,1558,1279,L,5d79bf672562804b54d4c2a87015443f,IM-0512,
train,NORMAL,IM-0513-0001.jpeg,chest_xray_dataset\train\NORMAL\IM-0513-0001.jpeg,1492,1024,L,6330d749f59ca216439988b78e325ae7,IM-0513,
train,NORMAL,IM-0514-0001.jpeg,chest_xray_dataset\train\NORMAL\IM-0514-0001.jpeg,1866,1302,L,f96b37e74161a40b1a7a4a225d77bb0f,IM-0514,
train,NORMAL,IM-0515-0001.jpeg,chest_xray_dataset\train\NORMAL\IM-0515-0001.jpeg,1644,1167,L,1f69496803ff46a2833d4294f9b30595,IM-0515,
train,NORMAL,IM-0516-0001.jpeg,chest_xray_dataset\train\NORMAL\IM-0516-0001.jpeg,1496,981,L,c06b18734fc71edfa0223458072f9fdf,IM-0516,
train,NORMAL,IM-0517-0001-0001.jpeg,chest_xray_dataset\train\NORMAL\IM-0517-0001-0001.jpeg,2102,1654,L,5843dd23768248799a19f505d992621c,IM-0517,
train,NORMAL,IM-0517-0001.jpeg,chest_xray_dataset\train\NORMAL\IM-0517-0001.jpeg,2844,2067,L,aa6b90b1412b217405b7940897b6534b,IM-0517,
train,NORMAL,IM-0519-0001-0001.jpeg,chest_xray_dataset\train\NORMAL\IM-0519-0001-0001.jpeg,1742,1322,L,53600b4de2bf9faf340076fe053c7cfb,IM-0519,
train,NORMAL,IM-0519-0001-0002.jpeg,chest_xray_dataset\train\NORMAL\IM-0519-0001-0002.jpeg,2014,1577,L,97104a6a66d8bccb342ebc73466f6691,IM-0519,
train,NORMAL,IM-0519-0001.jpeg,chest_xray_dataset\train\NORMAL\IM-0519-0001.jpeg,1822,1705,L,f1160d53f81d4e387262f9a88feef48d,IM-0519,
train,NORMAL,IM-0520-0001.jpeg,chest_xray_dataset\train\NORMAL\IM-0520-0001.jpeg,1642,1545,L,a0b2a5dcba4a148b62f7167593ad667c,IM-0520,
train,NORMAL,IM-0521-0001.jpeg,chest_xray_dataset\train\NORMAL\IM-0521-0001.jpeg,2890,2534,L,e10ca6daf47ab44a0648e984ffa8ffc1,IM-0521,
train,NORMAL,IM-0522-0001.jpeg,chest_xray_dataset\train\NORMAL\IM-0522-0001.jpeg,1636,1074,L,427594a89679d9435488c3791de770d1,IM-0522,
train,NORMAL,IM-0523-0001-0001.jpeg,chest_xray_dataset\train\NORMAL\IM-0523-0001-0001.jpeg,1342,1059,L,c185cab1b027cbeba31cfcdb5f8906ff,IM-0523,
train,NORMAL,IM-0523-0001-0002.jpeg,chest_xray_dataset\train\NORMAL\IM-0523-0001-0002.jpeg,1762,1480,L,6770368a15112581dace6fa925906af0,IM-0523,
train,NORMAL,IM-0523-0001-0003.jpeg,chest_xray_dataset\train\NORMAL\IM-0523-0001-0003.jpeg,1628,1167,L,63a2e0a3ef5a288083fe609d3c1c3cae,IM-0523,
train,NORMAL,IM-0523-0001.jpeg,chest_xray_dataset\train\NORMAL\IM-0523-0001.jpeg,1492,1106,L,2aeea82548fba06c08d961b3184b04ca,IM-0523,
train,NORMAL,IM-0524-0001.jpeg,chest_xray_dataset\train\NORMAL\IM-0524-0001.jpeg,1964,1611,L,d8c1faa4a3ec4e0ca65af5bd8971847f,IM-0524,
train,NORMAL,IM-0525-0001-0001.jpeg,chest_xray_dataset\train\NORMAL\IM-0525-0001-0001.jpeg,1268,1017,L,8cf0647ad3c3beb0750d5102986e8f34,IM-0525,
train,NORMAL,IM-0525-0001-0002.jpeg,chest_xray_dataset\train\NORMAL\IM-0525-0001-0002.jpeg,1410,970,L,43eddda22955cb18789364f3ce1a53a1,IM-0525,
train,NORMAL,IM-0525-0001.jpeg,chest_xray_dataset\train\NORMAL\IM-0525-0001.jpeg,1418,1024,L,9aca2bbe4fae79e197ecffd5b65a2027,IM-0525,
train,NORMAL,IM-0526-0001.jpeg,chest_xray_dataset\train\NORMAL\IM-0526-0001.jpeg,1576,1395,L,db998c0c86a713f83eb8821d0adb21d6,IM-0526,
train,NORMAL,IM-0527-0001.jpeg,chest_xray_dataset\train\NORMAL\IM-0527-0001.jpeg,1728,1175,L,1b1dc0d970cce3924650b6f761ae136e,IM-0527,
train,NORMAL,IM-0528-0001.jpeg,chest_xray_dataset\train\NORMAL\IM-0528-0001.jpeg,1426,1128,L,78c46f3909c8661cefbeb6c42ef6edd6,IM-0528,
train,NORMAL,IM-0529-0001.jpeg,chest_xray_dataset\train\NORMAL\IM-0529-0001.jpeg,1484,1267,L,c74aaecd146cc7928dcf58c4036be38d,IM-0529,
train,NORMAL,IM-0530-0001.jpeg,chest_xray_dataset\train\NORMAL\IM-0530-0001.jpeg,1458,1128,L,e4e325df247d1c77e493d67afea2e97d,IM-0530,
train,NORMAL,IM-0531-0001-0001.jpeg,chest_xray_dataset\train\NORMAL\IM-0531-0001-0001.jpeg,1882,1353,L,fdbc4e500cfadfcdb332d407ff57e09c,IM-0531,
train,NORMAL,IM-0531-0001.jpeg,chest_xray_dataset\train\NORMAL\IM-0531-0001.jpeg,1626,1600,L,ac2a80e99f6b7f9b41d74e340848e5d1,IM-0531,
train,NORMAL,IM-0532-0001.jpeg,chest_xray_dataset\train\NORMAL\IM-0532-0001.jpeg,1466,1140,L,d8457b06501d7541b0d71c2251073ed0,IM-0532,
train,NORMAL,IM-0533-0001-0001.jpeg,chest_xray_dataset\train\NORMAL\IM-0533-0001-0001.jpeg,1908,1476,L,9d0331fcebdfade6669411872ef48535,IM-0533,
train,NORMAL,IM-0533-0001-0002.jpeg,chest_xray_dataset\train\NORMAL\IM-0533-0001-0002.jpeg,1756,1484,L,485f2d53aa5c9cc1e610afd68930ccce,IM-0533,
train,NORMAL,IM-0533-0001.jpeg,chest_xray_dataset\train\NORMAL\IM-0533-0001.jpeg,2518,2364,L,c5aebac90f702ff75663a7373dffc593,IM-0533,
train,NORMAL,IM-0534-0001.jpeg,chest_xray_dataset\train\NORMAL\IM-0534-0001.jpeg,1624,1375,L,9e948d4a80ed2062a9f86aa03e672a55,IM-0534,
train,NORMAL,IM-0535-0001.jpeg,chest_xray_dataset\train\NORMAL\IM-0535-0001.jpeg,1522,1109,L,02e10e3c6ab8edf761d59f77c5600742,IM-0535,
train,NORMAL,IM-0536-0001.jpeg,chest_xray_dataset\train\NORMAL\IM-0536-0001.jpeg,1670,1344,L,8e5a57e017e8e198dafb040e2588b0f6,IM-0536,
train,NORMAL,IM-0537-0001.jpeg,chest_xray_dataset\train\NORMAL\IM-0537-0001.jpeg,1550,1059,L,5e38921b18378aaf47b4bcaca1096af0,IM-0537,
train,NORMAL,IM-0538-0001.jpeg,chest_xray_dataset\train\NORMAL\IM-0538-0001.jpeg,1902,1595,L,f6e6cc04272a42c23ef374a99cbe6693,IM-0538,
train,NORMAL,IM-0539-0001-0001.jpeg,chest_xray_dataset\train\NORMAL\IM-0539-0001-0001.jpeg,2110,1700,L,fe46c7402c0aad030a259340f86583af,IM-0539,
train,NORMAL,IM-0539-0001-0002.jpeg,chest_xray_dataset\train\NORMAL\IM-0539-0001-0002.jpeg,1526,1195,L,b7f27211b25f245ea48b48e02d0cf95a,IM-0539,
train,NORMAL,IM-0539-0001.jpeg,chest_xray_dataset\train\NORMAL\IM-0539-0001.jpeg,1724,1476,L,c6d7b94ed2472a50a93c495e7372372a,IM-0539,
train,NORMAL,IM-0540-0001.jpeg,chest_xray_dataset\train\NORMAL\IM-0540-0001.jpeg,1496,1333,L,115461dc961aae30cc290eb809874ca6,IM-0540,
train,NORMAL,IM-0541-0001.jpeg,chest_xray_dataset\train\NORMAL\IM-0541-0001.jpeg,1940,1522,L,79354bdb9944122a858d51f18e0d7bbd,IM-0541,
train,NORMAL,IM-0542-0001.jpeg,chest_xray_dataset\train\NORMAL\IM-0542-0001.jpeg,1886,1406,L,60913997f450c0aff8083c5cce68ace8,IM-0542,
train,NORMAL,IM-0543-0001-0002.jpeg,chest_xray_dataset\train\NORMAL\IM-0543-0001-0002.jpeg,1640,1410,L,11f4ead5cab8a7b9967f2254a02914f6,IM-0543,
train,NORMAL,IM-0543-0001.jpeg,chest_xray_dataset\train\NORMAL\IM-0543-0001.jpeg,1778,1318,L,24929f7f76603016d702c824c6fac8e7,IM-0543,
train,NORMAL,IM-0544-0001.jpeg,chest_xray_dataset\train\NORMAL\IM-0544-0001.jpeg,1542,1286,L,f0d9d59614e5ac51f2ccfcdd49e16ea5,IM-0544,
train,NORMAL,IM-0545-0001-0001.jpeg,chest_xray_dataset\train\NORMAL\IM-0545-0001-0001.jpeg,1924,1580,L,82dcb9030c144fd9342ca69fafd55e78,IM-0545,
train,NORMAL,IM-0545-0001-0002.jpeg,chest_xray_dataset\train\NORMAL\IM-0545-0001-0002.jpeg,1940,1503,L,0cfde6e76a82bd23548a5810ec432d0a,IM-0545,
train,NORMAL,IM-0545-0001.jpeg,chest_xray_dataset\train\NORMAL\IM-0545-0001.jpeg,1658,1183,L,e34043dce09512d18d510fccaa8e90bb,IM-0545,
train,NORMAL,IM-0546-0001.jpeg,chest_xray_dataset\train\NORMAL\IM-0546-0001.jpeg,1854,1457,L,8368282b248c1e8dba196d4cd20c075d,IM-0546,
train,NORMAL,IM-0547-0001.jpeg,chest_xray_dataset\train\NORMAL\IM-0547-0001.jpeg,1296,1074,L,1b18d06bf170f6c28dbe68ec89ce3e5a,IM-0547,
train,NORMAL,IM-0548-0001.jpeg,chest_xray_dataset\train\NORMAL\IM-0548-0001.jpeg,1790,1132,L,a266041fad932fb987847ffbf93563cc,IM-0548,
train,NORMAL,IM-0549-0001-0001.jpeg,chest_xray_dataset\train\NORMAL\IM-0549-0001-0001.jpeg,1696,1349,L,78fab59f6a3052c4e6138d8bcafd90e2,IM-0549,
train,NORMAL,IM-0549-0001-0002.jpeg,chest_xray_dataset\train\NORMAL\IM-0549-0001-0002.jpeg,1912,1708,L,fff250cf4045cb442fed2979b101702d,IM-0549,
train,NORMAL,IM-0549-0001.jpeg,chest_xray_dataset\train\NORMAL\IM-0549-0001.jpeg,1272,1017,L,79ddabba23573f67b59e45c4979888b9,IM-0549,
train,NORMAL,IM-0551-0001-0001.jpeg,chest_xray_dataset\train\NORMAL\IM-0551-0001-0001.jpeg,1678,1156,L,52d8169b379f34407ef0cd090032ba15,IM-0551,
train,NORMAL,IM-0551-0001-0002.jpeg,chest_xray_dataset\train\NORMAL\IM-0551-0001-0002.jpeg,1624,1341,L,3febd68f8fa9432e1d4e76000d72a411,IM-0551,
train,NORMAL,IM-0551-0001.jpeg,chest_xray_dataset\train\NORMAL\IM-0551-0001.jpeg,1944,1746,L,d5d95deff06ca8b426c7f466ed2ee2b0,IM-0551,
train,NORMAL,IM-0552-0001.jpeg,chest_xray_dataset\train\NORMAL\IM-0552-0001.jpeg,1924,1623,L,f188eb54c91061fd6a5f78d4d98282bf,IM-0552,
train,NORMAL,IM-0553-0001-0001.jpeg,chest_xray_dataset\train\NORMAL\IM-0553-0001-0001.jpeg,1632,1206,L,2a8c03e637403f506d775f04ec1b9678,IM-0553,
train,NORMAL,IM-0553-0001-0002.jpeg,chest_xray_dataset\train\NORMAL\IM-0553-0001-0002.jpeg,1796,1287,L,bc92d7257d02434c93ed88545e0c9d72,IM-0553,
train,NORMAL,IM-0553-0001-0003.jpeg,chest_xray_dataset\train\NORMAL\IM-0553-0001-0003.jpeg,2202,2129,L,c68bf0ac06a83ff2dbd21e82d729a8a8,IM-0553,
train,NORMAL,IM-0553-0001.jpeg,chest_xray_dataset\train\NORMAL\IM-0553-0001.jpeg,2264,1900,L,1ffbf6ecd668ab7bf582181423504f7d,IM-0553,
train,NORMAL,IM-0554-0001.jpeg,chest_xray_dataset\train\NORMAL\IM-0554-0001.jpeg,1296,1082,L,2baac5a41487a341f32370bac0d1b7df,IM-0554,
train,NORMAL,IM-0555-0001-0001.jpeg,chest_xray_dataset\train\NORMAL\IM-0555-0001-0001.jpeg,1902,1854,L,b5bf3dc3d6f551e0a03c0524d3b5d648,IM-0555,
train,NORMAL,IM-0555-0001-0002.jpeg,chest_xray_dataset\train\NORMAL\IM-0555-0001-0002.jpeg,1446,1171,L,c529c8a982e9b2e4b676636da7f3d83f,IM-0555,
train,NORMAL,IM-0555-0001.jpeg,chest_xray_dataset\train\NORMAL\IM-0555-0001.jpeg,1646,1476,L,7c4ac540043cb122d307a84c1b3da5f9,IM-0555,
train,NORMAL,IM-0556-0001.jpeg,chest_xray_dataset\train\NORMAL\IM-0556-0001.jpeg,1566,1225,L,9e6ac6fff071267e62306aec3e125541,IM-0556,
train,NORMAL,IM-0557-0001.jpeg,chest_xray_dataset\train\NORMAL\IM-0557-0001.jpeg,2442,2226,L,78b43bb70feaba17c9a6718f08ccb67f,IM-0557,
train,NORMAL,IM-0559-0001.jpeg,chest_xray_dataset\train\NORMAL\IM-0559-0001.jpeg,1346,1024,L,632c8df6b1560e282f790acf0c616605,IM-0559,
train,NORMAL,IM-0560-0001.jpeg,chest_xray_dataset\train\NORMAL\IM-0560-0001.jpeg,1778,1356,L,4505b5ee3dc4351d26765d34bef7e2f6,IM-0560,
train,NORMAL,IM-0561-0001.jpeg,chest_xray_dataset\train\NORMAL\IM-0561-0001.jpeg,2172,1963,L,19d4420ac3356a0ae8366c1973136641,IM-0561,
train,NORMAL,IM-0562-0001.jpeg,chest_xray_dataset\train\NORMAL\IM-0562-0001.jpeg,1330,1133,L,9c8df0250cc83ef660b55db6e904c193,IM-0562,
train,NORMAL,IM-0563-0001.jpeg,chest_xray_dataset\train\NORMAL\IM-0563-0001.jpeg,1302,970,L,043e5513761b613935c3704c1b3ecf3d,IM-0563,
train,NORMAL,IM-0564-0001.jpeg,chest_xray_dataset\train\NORMAL\IM-0564-0001.jpeg,1472,1360,L,5d83d6273c0bb779a2e328f9a547eb12,IM-0564,
train,NORMAL,IM-0565-0001.jpeg,chest_xray_dataset\train\NORMAL\IM-0565-0001.jpeg,1940,1755,L,984fb497fbffb9a23d1fc3d5a04ca60c,IM-0565,
train,NORMAL,IM-0566-0001.jpeg,chest_xray_dataset\train\NORMAL\IM-0566-0001.jpeg,2358,1673,L,65277a9f517b46c9af28f53072fbf390,IM-0566,
train,NORMAL,IM-0568-0001.jpeg,chest_xray_dataset\train\NORMAL\IM-0568-0001.jpeg,2144,2129,L,70bec5612cd3bbbfc764ee596f6add52,IM-0568,
train,NORMAL,IM-0569-0001.jpeg,chest_xray_dataset\train\NORMAL\IM-0569-0001.jpeg,1786,1437,L,010764e4465a366036b4e8800a62f1ba,IM-0569,
train,NORMAL,IM-0570-0001.jpeg,chest_xray_dataset\train\NORMAL\IM-0570-0001.jpeg,1816,1554,L,99597fe6e13cdf6e472307c191dac06a,IM-0570,
train,NORMAL,IM-0571-0001.jpeg,chest_xray_dataset\train\NORMAL\IM-0571-0001.jpeg,1746,1445,L,d62c0a8833f4f5ca6ddb3edbf82497d9,IM-0571,
train,NORMAL,IM-0574-0001.jpeg,chest_xray_dataset\train\NORMAL\IM-0574-0001.jpeg,1736,1553,L,40468b64d0242f919739331c2cc44891,IM-0574,
train,NORMAL,IM-0575-0001.jpeg,chest_xray_dataset\train\NORMAL\IM-0575-0001.jpeg,1296,1036,L,7ee7321a817f47607ed26a3627841429,IM-0575,
train,NORMAL,IM-0577-0001.jpeg,chest_xray_dataset\train\NORMAL\IM-0577-0001.jpeg,1376,1210,L,ca07aaa2c3b03cd33df245d94b7b8349,IM-0577,
train,NORMAL,IM-0578-0001.jpeg,chest_xray_dataset\train\NORMAL\IM-0578-0001.jpeg,1630,1353,L,f831caf1252db936c2f1ad74f1a106dc,IM-0578,
train,NORMAL,IM-0579-0001.jpeg,chest_xray_dataset\train\NORMAL\IM-0579-0001.jpeg,1604,1117,L,9c94e15de59b8b5dce0b4c93c80970db,IM-0579,
train,NORMAL,IM-0580-0001.jpeg,chest_xray_dataset\train\NORMAL\IM-0580-0001.jpeg,1728,1522,L,f88fd9efb9c9955bf8e95265cf1fb240,IM-0580,
train,NORMAL,IM-0581-0001.jpeg,chest_xray_dataset\train\NORMAL\IM-0581-0001.jpeg,1338,1433,L,84dfbfc28df96beb1f0f3ed31c07c1b7,IM-0581,
train,NORMAL,IM-0582-0001.jpeg,chest_xray_dataset\train\NORMAL\IM-0582-0001.jpeg,2180,1955,L,a47cbb203dee1632223eab736bb26e55,IM-0582,
train,NORMAL,IM-0583-0001.jpeg,chest_xray_dataset\train\NORMAL\IM-0583-0001.jpeg,1692,1341,L,e81c6279479d4b1fe8cf8feda55359e3,IM-0583,
train,NORMAL,IM-0584-0001.jpeg,chest_xray_dataset\train\NORMAL\IM-0584-0001.jpeg,1148,908,L,f5d8561ebd2e8a77e6ba1ef2cd57b388,IM-0584,
train,NORMAL,IM-0586-0001.jpeg,chest_xray_dataset\train\NORMAL\IM-0586-0001.jpeg,1812,1476,L,68f348330f13a8a457c90b9078d9f2e1,IM-0586,
train,NORMAL,IM-0588-0001.jpeg,chest_xray_dataset\train\NORMAL\IM-0588-0001.jpeg,1488,1017,L,2bc44dee1795f8c64a0c39c3a230479d,IM-0588,
train,NORMAL,IM-0590-0001.jpeg,chest_xray_dataset\train\NORMAL\IM-0590-0001.jpeg,2056,1673,L,6c6a2469495177803f8d9b4b78a31265,IM-0590,
train,NORMAL,IM-0591-0001.jpeg,chest_xray_dataset\train\NORMAL\IM-0591-0001.jpeg,1626,1280,L,bc77344ee1ac494986768635a4072a65,IM-0591,
train,NORMAL,IM-0592-0001.jpeg,chest_xray_dataset\train\NORMAL\IM-0592-0001.jpeg,1932,1712,L,f2fa736f86d9e63d956fbd72ed5d1c5d,IM-0592,
train,NORMAL,IM-0593-0001.jpeg,chest_xray_dataset\train\NORMAL\IM-0593-0001.jpeg,1728,1333,L,43caa636507eac8c57cd2514cd29904d,IM-0593,
train,NORMAL,IM-0595-0001.jpeg,chest_xray_dataset\train\NORMAL\IM-0595-0001.jpeg,1924,2102,L,e15b9c03810322a3b7877b1734ba08bf,IM-0595,
train,NORMAL,IM-0596-0001.jpeg,chest_xray_dataset\train\NORMAL\IM-0596-0001.jpeg,1430,1141,L,71be2b55ccadd60daa20300f98a5c711,IM-0596,
train,NORMAL,IM-0598-0001.jpeg,chest_xray_dataset\train\NORMAL\IM-0598-0001.jpeg,1518,1302,L,290148a7cd49e6f37183b8c0d21eb80f,IM-0598,
train,NORMAL,IM-0599-0001.jpeg,chest_xray_dataset\train\NORMAL\IM-0599-0001.jpeg,1550,1144,L,eea419ab5771bb3152a3d240ce0dec5e,IM-0599,
train,NORMAL,IM-0600-0001.jpeg,chest_xray_dataset\train\NORMAL\IM-0600-0001.jpeg,1832,1488,L,29b97eb2ae44906a9a7f7effcf42ea44,IM-0600,
train,NORMAL,IM-0601-0001.jpeg,chest_xray_dataset\train\NORMAL\IM-0601-0001.jpeg,1858,1680,L,ccc27e47ec0f353ceeaedb747f2a882b,IM-0601,
train,NORMAL,IM-0602-0001.jpeg,chest_xray_dataset\train\NORMAL\IM-0602-0001.jpeg,1350,1062,L,6cebaa98e2cdec49c52eef6cd1f6d1f8,IM-0602,
train,NORMAL,IM-0604-0001.jpeg,chest_xray_dataset\train\NORMAL\IM-0604-0001.jpeg,1724,1353,L,b6eb9a06f9b2bcea65a69c0fdbde2f53,IM-0604,
train,NORMAL,IM-0605-0001.jpeg,chest_xray_dataset\train\NORMAL\IM-0605-0001.jpeg,1396,955,L,5294167de18462e5de73020ab9e57003,IM-0605,
train,NORMAL,IM-0606-0001.jpeg,chest_xray_dataset\train\NORMAL\IM-0606-0001.jpeg,1850,1445,L,868c343440272e629e831e2631f076cf,IM-0606,
train,NORMAL,IM-0607-0001.jpeg,chest_xray_dataset\train\NORMAL\IM-0607-0001.jpeg,1518,1121,L,838031ac97e548b8cd1ca5b4f2e2df3d,IM-0607,
train,NORMAL,IM-0608-0001-0001.jpeg,chest_xray_dataset\train\NORMAL\IM-0608-0001-0001.jpeg,1300,928,L,349b5e381e6d1ea20c210d5faacb6da1,IM-0608,
train,NORMAL,IM-0608-0001-0002.jpeg,chest_xray_dataset\train\NORMAL\IM-0608-0001-0002.jpeg,1580,1604,L,5aab031830ebf776f768102ae0c6dad8,IM-0608,
train,NORMAL,IM-0608-0001.jpeg,chest_xray_dataset\train\NORMAL\IM-0608-0001.jpeg,1852,1403,L,392bcb6e1d3cf3f289c78665ade85113,IM-0608,
train,NORMAL,IM-0609-0001.jpeg,chest_xray_dataset\train\NORMAL\IM-0609-0001.jpeg,1394,1257,L,24366b48d19e69e8af720b77f21224e0,IM-0609,
train,NORMAL,IM-0612-0001-0001.jpeg,chest_xray_dataset\train\NORMAL\IM-0612-0001-0001.jpeg,1488,1094,L,3ceb57958dd05847a64d670cc268c343,IM-0612,
train,NORMAL,IM-0612-0001-0002.jpeg,chest_xray_dataset\train\NORMAL\IM-0612-0001-0002.jpeg,1466,1175,L,0bc1570ca3780bb4a800051e662f74cd,IM-0612,
train,NORMAL,IM-0612-0001.jpeg,chest_xray_dataset\train\NORMAL\IM-0612-0001.jpeg,1460,1279,L,88b5fa3c03e82a4cbddd9c888b021d5c,IM-0612,
train,NORMAL,IM-0613-0001.jpeg,chest_xray_dataset\train\NORMAL\IM-0613-0001.jpeg,1732,1662,L,6afb1de57950e0e731ed2a095b20c440,IM-0613,
train,NORMAL,IM-0614-0001.jpeg,chest_xray_dataset\train\NORMAL\IM-0614-0001.jpeg,1750,1480,L,e89d24a6a115912bbe8838b48978b229,IM-0614,
train,NORMAL,IM-0615-0001.jpeg,chest_xray_dataset\train\NORMAL\IM-0615-0001.jpeg,1640,1322,L,f218ad63081d3856ca4e30740121f9af,IM-0615,
train,NORMAL,IM-0616-0001.jpeg,chest_xray_dataset\train\NORMAL\IM-0616-0001.jpeg,1792,1422,L,2029d18ff9573a20baacf263134a7abc,IM-0616,
train,NORMAL,IM-0617-0001.jpeg,chest_xray_dataset\train\NORMAL\IM-0617-0001.jpeg,1622,1383,L,9b680fb0cae504d594b8c0d6ad40bb37,IM-0617,
train,NORMAL,IM-0618-0001-0001.jpeg,chest_xray_dataset\train\NORMAL\IM-0618-0001-0001.jpeg,2292,1893,L,1223653debf7978d1eb94f9feae37569,IM-0618,
train,NORMAL,IM-0618-0001-0002.jpeg,chest_xray_dataset\train\NORMAL\IM-0618-0001-0002.jpeg,2178,1970,L,834373d6301b592cfb71f1e1343b7f5f,IM-0618,
train,NORMAL,IM-0618-0001.jpeg,chest_xray_dataset\train\NORMAL\IM-0618-0001.jpeg,2078,2047,L,9289d9c7a10ea11349eeb43dadd7e76b,IM-0618,
train,NORMAL,IM-0619-0001.jpeg,chest_xray_dataset\train\NORMAL\IM-0619-0001.jpeg,1554,1345,L,f18e149e6e3001f81c65696aca9d7070,IM-0619,
train,NORMAL,IM-0620-0001-0001.jpeg,chest_xray_dataset\train\NORMAL\IM-0620-0001-0001.jpeg,1832,1472,L,3f5fbba62ceb419e472d7ffe6f94cf11,IM-0620,
train,NORMAL,IM-0620-0001-0002.jpeg,chest_xray_dataset\train\NORMAL\IM-0620-0001-0002.jpeg,1512,1302,L,26e23309d30e775f88c5134f785f2cc0,IM-0620,
train,NORMAL,IM-0620-0001.jpeg,chest_xray_dataset\train\NORMAL\IM-0620-0001.jpeg,1514,1395,L,b941417d84847cd9773b745aee168b44,IM-0620,
train,NORMAL,IM-0621-0001.jpeg,chest_xray_dataset\train\NORMAL\IM-0621-0001.jpeg,1524,1171,L,5fec10dd2e74ae0a4cd648d6dcaf4fd4,IM-0621,
train,NORMAL,IM-0622-0001-0001.jpeg,chest_xray_dataset\train\NORMAL\IM-0622-0001-0001.jpeg,1598,1197,L,d05dbb5528cf1b6851eb0b8405da115b,IM-0622,
train,NORMAL,IM-0622-0001-0002.jpeg,chest_xray_dataset\train\NORMAL\IM-0622-0001-0002.jpeg,1626,1268,L,47cff608224a8f891d04ccced1f89d26,IM-0622,
train,NORMAL,IM-0622-0001.jpeg,chest_xray_dataset\train\NORMAL\IM-0622-0001.jpeg,1840,1507,L,96d9e96403c5a08d82f6fea955c9ab3a,IM-0622,
train,NORMAL,IM-0623-0001.jpeg,chest_xray_dataset\train\NORMAL\IM-0623-0001.jpeg,1724,1422,L,63c8279a26c6ba4fedd2dd89a2722fea,IM-0623,
train,NORMAL,IM-0624-0001-0002.jpeg,chest_xray_dataset\train\NORMAL\IM-0624-0001-0002.jpeg,1690,1334,L,2fb933dffec392307e95e1c88b85e6ca,IM-0624,
train,NORMAL,IM-0624-0001.jpeg,chest_xray_dataset\train\NORMAL\IM-0624-0001.jpeg,1630,1333,L,9c0d251a9861db653ff4675127ad886c,IM-0624,
train,NORMAL,IM-0625-0001.jpeg,chest_xray_dataset\train\NORMAL\IM-0625-0001.jpeg,1678,1229,L,659f294d701b2b46863c31ff84df2d32,IM-0625,
train,NORMAL,IM-0626-0001-0001.jpeg,chest_xray_dataset\train\NORMAL\IM-0626-0001-0001.jpeg,1754,1178,L,32e9dd8518caf157703ac879f8b6857e,IM-0626,
train,NORMAL,IM-0626-0001-0002.jpeg,chest_xray_dataset\train\NORMAL\IM-0626-0001-0002.jpeg,1728,1249,L,ea3b7e21095a4d342798cb7da1a4f694,IM-0626,
train,NORMAL,IM-0627-0001.jpeg,chest_xray_dataset\train\NORMAL\IM-0627-0001.jpeg,1802,1514,L,1b4dd161b40a47ec5d96924c1d2a8513,IM-0627,
train,NORMAL,IM-0628-0001.jpeg,chest_xray_dataset\train\NORMAL\IM-0628-0001.jpeg,2012,1457,L,28608fe42ee21f47a334c4e04468e2a0,IM-0628,
train,NORMAL,IM-0629-0001-0001.jpeg,chest_xray_dataset\train\NORMAL\IM-0629-0001-0001.jpeg,2344,1855,L,77b9db380266327ca8814e9c20b915ff,IM-0629,
train,NORMAL,IM-0629-0001-0002.jpeg,chest_xray_dataset\train\NORMAL\IM-0629-0001-0002.jpeg,1804,1510,L,6abe669cfcce6b1c54a98c00541e384a,IM-0629,
train,NORMAL,IM-0629-0001-0003.jpeg,chest_xray_dataset\train\NORMAL\IM-0629-0001-0003.jpeg,1874,1735,L,30c69ed203f0bceb6f77d805e060b299,IM-0629,
train,NORMAL,IM-0629-0001.jpeg,chest_xray_dataset\train\NORMAL\IM-0629-0001.jpeg,1252,1044,L,ddefcf47175a4cecb28441e35726a2bf,IM-0629,
train,NORMAL,IM-0630-0001.jpeg,chest_xray_dataset\train\NORMAL\IM-0630-0001.jpeg,1956,1634,L,2ee89ecb758f14962a9fe7b7f089ad26,IM-0630,
train,NORMAL,IM-0631-0001-0001.jpeg,chest_xray_dataset\train\NORMAL\IM-0631-0001-0001.jpeg,1744,1337,L,042657722dfe719c74c95c273ad59901,IM-0631,
train,NORMAL,IM-0631-0001-0002.jpeg,chest_xray_dataset\train\NORMAL\IM-0631-0001-0002.jpeg,1738,1430,L,f5304120334c39e714654ac6a1c2983e,IM-0631,
train,NORMAL,IM-0631-0001.jpeg,chest_xray_dataset\train\NORMAL\IM-0631-0001.jpeg,1746,1279,L,2f1e7e1632d60a1a8d23f421243b51c6,IM-0631,
train,NORMAL,IM-0632-0001.jpeg,chest_xray_dataset\train\NORMAL\IM-0632-0001.jpeg,1438,1067,L,cfd48bde1a94c42e6c11a4fb34480f65,IM-0632,
train,NORMAL,IM-0633-0001.jpeg,chest_xray_dataset\train\NORMAL\IM-0633-0001.jpeg,1836,1719,L,669bfdb79b6312a32337597ec48bc8af,IM-0633,
train,NORMAL,IM-0634-0001.jpeg,chest_xray_dataset\train\NORMAL\IM-0634-0001.jpeg,1500,1051,L,955330570a050ab7c8aaf96fc8b67142,IM-0634,
train,NORMAL,IM-0635-0001.jpeg,chest_xray_dataset\train\NORMAL\IM-0635-0001.jpeg,1296,1052,L,b96b8c44ae99217a66be927eadfe3904,IM-0635,
train,NORMAL,IM-0636-0001.jpeg,chest_xray_dataset\train\NORMAL\IM-0636-0001.jpeg,1766,1611,L,0f003f97e99c60c2895549ed6220ca2f,IM-0636,
train,NORMAL,IM-0637-0001.jpeg,chest_xray_dataset\train\NORMAL\IM-0637-0001.jpeg,1746,1442,L,1148dcd9554f69c8d97fd1e440f25a32,IM-0637,
train,NORMAL,IM-0640-0001-0001.jpeg,chest_xray_dataset\train\NORMAL\IM-0640-0001-0001.jpeg,1462,1140,L,10240814539ab0ab5099d13e3b23b4d9,IM-0640,
train,NORMAL,IM-0640-0001-0002.jpeg,chest_xray_dataset\train\NORMAL\IM-0640-0001-0002.jpeg,1470,1248,L,0ae65d8ac1fd6675228bf7bb97fd897f,IM-0640,
train,NORMAL,IM-0640-0001.jpeg,chest_xray_dataset\train\NORMAL\IM-0640-0001.jpeg,1642,1221,L,1928e229466736fbe209ea56176ec3d1,IM-0640,
train,NORMAL,IM-0641-0001.jpeg,chest_xray_dataset\train\NORMAL\IM-0641-0001.jpeg,1858,1480,L,2a2ba9051cfe31b1e6e091ec588a107c,IM-0641,
train,NORMAL,IM-0642-0001.jpeg,chest_xray_dataset\train\NORMAL\IM-0642-0001.jpeg,1508,1052,L,fee7a6b09b448974b1500fbf4329f0e6,IM-0642,
train,NORMAL,IM-0643-0001.jpeg,chest_xray_dataset\train\NORMAL\IM-0643-0001.jpeg,2348,1851,L,d61bfeb4a712a651095f9f86367e04cb,IM-0643,
train,NORMAL,IM-0644-0001-0001.jpeg,chest_xray_dataset\train\NORMAL\IM-0644-0001-0001.jpeg,1284,1020,L,25d452751e3a7e4dae691c112d93a967,IM-0644,
train,NORMAL,IM-0644-0001-0002.jpeg,chest_xray_dataset\train\NORMAL\IM-0644-0001-0002.jpeg,1476,1133,L,0833f14e8c6b98867eb3a0e1d08dbbd3,IM-0644,
train,NORMAL,IM-0644-0001.jpeg,chest_xray_dataset\train\NORMAL\IM-0644-0001.jpeg,1414,1086,L,dda26ad8cf0d9ef94f348185aa9c98bc,IM-0644,
train,NORMAL,IM-0645-0001.jpeg,chest_xray_dataset\train\NORMAL\IM-0645-0001.jpeg,2048,1777,L,93b739863c31f1d419440ac734f7ab28,IM-0645,
train,NORMAL,IM-0646-0001.jpeg,chest_xray_dataset\train\NORMAL\IM-0646-0001.jpeg,1630,1179,L,99836e6c0a89b37de60fca59cc4396f3,IM-0646,
train,NORMAL,IM-0647-0001.jpeg,chest_xray_dataset\train\NORMAL\IM-0647-0001.jpeg,1214,994,L,ce291057da4c154dd8dd7f675131496b,IM-0647,
train,NORMAL,IM-0648-0001.jpeg,chest_xray_dataset\train\NORMAL\IM-0648-0001.jpeg,1604,1279,L,8cc5f9127046057157f674ecbed1ce06,IM-0648,
train,NORMAL,IM-0649-0001.jpeg,chest_xray_dataset\train\NORMAL\IM-0649-0001.jpeg,1512,1005,L,f505b0de2573e11ee9379b542cf67ce1,IM-0649,
train,NORMAL,IM-0650-0001-0001.jpeg,chest_xray_dataset\train\NORMAL\IM-0650-0001-0001.jpeg,1682,1341,L,aabdc16da1f511b2966285fa7ccfb749,IM-0650,
train,NORMAL,IM-0650-0001-0002.jpeg,chest_xray_dataset\train\NORMAL\IM-0650-0001-0002.jpeg,1798,1356,L,27cd176ad2fb92925d5ad216a9c76307,IM-0650,
train,NORMAL,IM-0650-0001.jpeg,chest_xray_dataset\train\NORMAL\IM-0650-0001.jpeg,1620,1159,L,05f8b6a81f6fdf5a0df27d93616e1362,IM-0650,
train,NORMAL,IM-0651-0001.jpeg,chest_xray_dataset\train\NORMAL\IM-0651-0001.jpeg,1126,1012,L,43475922265756bd5009be953456710a,IM-0651,
train,NORMAL,IM-0652-0001-0002.jpeg,chest_xray_dataset\train\NORMAL\IM-0652-0001-0002.jpeg,1512,1237,L,7c881b45a5948f41c0219ac41871768e,IM-0652,
train,NORMAL,IM-0652-0001.jpeg,chest_xray_dataset\train\NORMAL\IM-0652-0001.jpeg,2480,1924,L,7f4cc500a0eca19aca2fca164c0ea2a8,IM-0652,
train,NORMAL,IM-0654-0001.jpeg,chest_xray_dataset\train\NORMAL\IM-0654-0001.jpeg,1790,1519,L,8478ab9f76320a6e521b101982e562fc,IM-0654,
train,NORMAL,IM-0655-0001.jpeg,chest_xray_dataset\train\NORMAL\IM-0655-0001.jpeg,2134,1827,L,351492f53d2200b76cd20807bb12d891,IM-0655,
train,NORMAL,IM-0656-0001-0001.jpeg,chest_xray_dataset\train\NORMAL\IM-0656-0001-0001.jpeg,2194,1966,L,08eaa62c1628c0c1aaea38616c338041,IM-0656,
train,NORMAL,IM-0656-0001-0002.jpeg,chest_xray_dataset\train\NORMAL\IM-0656-0001-0002.jpeg,1624,1299,L,6aa25631144373bc48bb867ac26c8fc0,IM-0656,
train,NORMAL,IM-0656-0001.jpeg,chest_xray_dataset\train\NORMAL\IM-0656-0001.jpeg,1504,1395,L,acff1825d4d16e92afe0f9695e338ee6,IM-0656,
train,NORMAL,IM-0657-0001.jpeg,chest_xray_dataset\train\NORMAL\IM-0657-0001.jpeg,1608,1364,L,062efa651ba5de9283883b1ba78075fa,IM-0657,
train,NORMAL,IM-0658-0001.jpeg,chest_xray_dataset\train\NORMAL\IM-0658-0001.jpeg,1800,1723,L,44449f991862f4e56ccdf9569d80c3fd,IM-0658,
train,NORMAL,IM-0659-0001.jpeg,chest_xray_dataset\train\NORMAL\IM-0659-0001.jpeg,1566,1271,L,7552cae92a4fa134e8e7315d31499c13,IM-0659,
train,NORMAL,IM-0660-0001-0001.jpeg,chest_xray_dataset\train\NORMAL\IM-0660-0001-0001.jpeg,1330,1132,L,408972bf7fdeaa044ad11dc3aea85bab,IM-0660,
train,NORMAL,IM-0660-0001-0002.jpeg,chest_xray_dataset\train\NORMAL\IM-0660-0001-0002.jpeg,1654,1688,L,7a1d2e7f52a1743520f999306b3e1516,IM-0660,
train,NORMAL,IM-0660-0001.jpeg,chest_xray_dataset\train\NORMAL\IM-0660-0001.jpeg,1680,1642,L,234afc13899d78ef261646b7c6adc7b0,IM-0660,
train,NORMAL,IM-0661-0001.jpeg,chest_xray_dataset\train\NORMAL\IM-0661-0001.jpeg,1754,1638,L,19697cfedc851e5ddd78fea251f31341,IM-0661,
train,NORMAL,IM-0662-0001.jpeg,chest_xray_dataset\train\NORMAL\IM-0662-0001.jpeg,1538,1179,L,bdbab19941c0415a738cb020ef5006fc,IM-0662,
train,NORMAL,IM-0663-0001.jpeg,chest_xray_dataset\train\NORMAL\IM-0663-0001.jpeg,1246,931,L,ae57daaa7b87f57966130279963997e6,IM-0663,
train,NORMAL,IM-0664-0001.jpeg,chest_xray_dataset\train\NORMAL\IM-0664-0001.jpeg,2016,1603,L,e91000d08be63011c108b0f57b0aa5df,IM-0664,
train,NORMAL,IM-0665-0001.jpeg,chest_xray_dataset\train\NORMAL\IM-0665-0001.jpeg,1364,1179,L,e7f637b886bb782bc79442e9baff5317,IM-0665,
train,NORMAL,IM-0666-0001-0001.jpeg,chest_xray_dataset\train\NORMAL\IM-0666-0001-0001.jpeg,1748,1442,L,5896aac8cdc98fb895c59814abd4defc,IM-0666,
train,NORMAL,IM-0666-0001-0002.jpeg,chest_xray_dataset\train\NORMAL\IM-0666-0001-0002.jpeg,1480,1306,L,2ab23498565b01a16db2831af423cca6,IM-0666,
train,NORMAL,IM-0666-0001.jpeg,chest_xray_dataset\train\NORMAL\IM-0666-0001.jpeg,2418,2260,L,8b88e9cfffb060ae7cfd8a03154692c7,IM-0666,
train,NORMAL,IM-0667-0001.jpeg,chest_xray_dataset\train\NORMAL\IM-0667-0001.jpeg,1754,1615,L,ce3b421814ffbccf1a8a7d7735f51067,IM-0667,
train,NORMAL,IM-0668-0001.jpeg,chest_xray_dataset\train\NORMAL\IM-0668-0001.jpeg,1596,1306,L,90ef336635ad72c9a430f3d1fcbcaab7,IM-0668,
train,NORMAL,IM-0669-0001.jpeg,chest_xray_dataset\train\NORMAL\IM-0669-0001.jpeg,1458,1074,L,362c7551253d4a2aa1e2c8102b03ed91,IM-0669,
train,NORMAL,IM-0670-0001.jpeg,chest_xray_dataset\train\NORMAL\IM-0670-0001.jpeg,2434,2418,L,297b7742c91406b9d9af43302d8314da,IM-0670,
train,NORMAL,IM-0671-0001.jpeg,chest_xray_dataset\train\NORMAL\IM-0671-0001.jpeg,1608,1152,L,3122352f42d0162fbe6712c4cd1eb96f,IM-0671,
train,NORMAL,IM-0672-0001.jpeg,chest_xray_dataset\train\NORMAL\IM-0672-0001.jpeg,2018,1920,L,5a91e485952537816e3352e3f43b7562,IM-0672,
train,NORMAL,IM-0673-0001.jpeg,chest_xray_dataset\train\NORMAL\IM-0673-0001.jpeg,1364,1136,L,048cfd7eb5ef57403e1923a18ec338e1,IM-0673,
train,NORMAL,IM-0674-0001.jpeg,chest_xray_dataset\train\NORMAL\IM-0674-0001.jpeg,1870,1380,L,3b51ee2852c571497b06bb5b1fe4ea60,IM-0674,
train,NORMAL,IM-0675-0001.jpeg,chest_xray_dataset\train\NORMAL\IM-0675-0001.jpeg,1218,1032,L,11045e18b249d440482d4ae1728fbd82,IM-0675,
train,NORMAL,IM-0676-0001.jpeg,chest_xray_dataset\train\NORMAL\IM-0676-0001.jpeg,1752,1160,L,f93bfc7be3993c5130533fa01b33284f,IM-0676,
train,NORMAL,IM-0677-0001.jpeg,chest_xray_dataset\train\NORMAL\IM-0677-0001.jpeg,1604,1202,L,1e746ced7e648afc14806a78ef622ab2,IM-0677,
train,NORMAL,IM-0678-0001.jpeg,chest_xray_dataset\train\NORMAL\IM-0678-0001.jpeg,1792,1611,L,7b00a70ebb166d749d635814fe206971,IM-0678,
train,NORMAL,IM-0679-0001.jpeg,chest_xray_dataset\train\NORMAL\IM-0679-0001.jpeg,1368,1151,L,cd8147fa8f0006d25c0f9ff42fb23403,IM-0679,
train,NORMAL,IM-0680-0001.jpeg,chest_xray_dataset\train\NORMAL\IM-0680-0001.jpeg,1530,1078,L,38799adb3c603cb553cb05cc65dece6d,IM-0680,
train,NORMAL,IM-0681-0001.jpeg,chest_xray_dataset\train\NORMAL\IM-0681-0001.jpeg,1496,1074,L,a57b29934cd4f850bb7cde66f50c82af,IM-0681,
train,NORMAL,IM-0682-0001.jpeg,chest_xray_dataset\train\NORMAL\IM-0682-0001.jpeg,1948,1670,L,fed15d9d863ab638e4b5712c39a557b8,IM-0682,
train,NORMAL,IM-0683-0001.jpeg,chest_xray_dataset\train\NORMAL\IM-0683-0001.jpeg,1674,1144,L,d954a5fa23a7f3d087bb88641d1606a6,IM-0683,
train,NORMAL,IM-0684-0001.jpeg,chest_xray_dataset\train\NORMAL\IM-0684-0001.jpeg,2078,1801,L,26e40847c6b1e241b28ab37a7af052e4,IM-0684,
train,NORMAL,IM-0685-0001.jpeg,chest_xray_dataset\train\NORMAL\IM-0685-0001.jpeg,1530,1279,L,4aa3b28b62f3af76e9e78ec574806538,IM-0685,
train,NORMAL,IM-0686-0001.jpeg,chest_xray_dataset\train\NORMAL\IM-0686-0001.jpeg,1160,897,L,cc8bea8649d8143c1324ee20234e87b2,IM-0686,
train,NORMAL,IM-0687-0001.jpeg,chest_xray_dataset\train\NORMAL\IM-0687-0001.jpeg,1554,1298,L,747d51753133482f9c2499fcdc52daa3,IM-0687,
train,NORMAL,IM-0688-0001.jpeg,chest_xray_dataset\train\NORMAL\IM-0688-0001.jpeg,1514,1310,L,34940243473a88a1cc5c7cee56dc661f,IM-0688,
train,NORMAL,IM-0689-0001.jpeg,chest_xray_dataset\train\NORMAL\IM-0689-0001.jpeg,1454,1229,L,fd63d8f2defbdb9bc584fc35d62bf447,IM-0689,
train,NORMAL,IM-0691-0001.jpeg,chest_xray_dataset\train\NORMAL\IM-0691-0001.jpeg,1284,893,L,c0c00c4e6f41bcd32cf7cfb4e08e096c,IM-0691,
train,NORMAL,IM-0692-0001.jpeg,chest_xray_dataset\train\NORMAL\IM-0692-0001.jpeg,2512,2012,L,5dbecbe1faad5063dd34c6858e331c69,IM-0692,
train,NORMAL,IM-0693-0001.jpeg,chest_xray_dataset\train\NORMAL\IM-0693-0001.jpeg,1118,932,L,ad3f7fae1736ed035c5d86885ee57e19,IM-0693,
train,NORMAL,IM-0694-0001.jpeg,chest_xray_dataset\train\NORMAL\IM-0694-0001.jpeg,1820,1410,L,a2d9fe9ca8f7dbde2d29cffbd2ddeadc,IM-0694,
train,NORMAL,IM-0695-0001.jpeg,chest_xray_dataset\train\NORMAL\IM-0695-0001.jpeg,1828,1437,L,536e39cde9ff53ed01405aca03da1a7a,IM-0695,
train,NORMAL,IM-0696-0001.jpeg,chest_xray_dataset\train\NORMAL\IM-0696-0001.jpeg,1064,842,L,4e137077e1891028fdb48afdac2c33e2,IM-0696,
train,NORMAL,IM-0697-0001.jpeg,chest_xray_dataset\train\NORMAL\IM-0697-0001.jpeg,1538,1353,L,c39077dc6499d30a64ef2fc6a8f22e55,IM-0697,
train,NORMAL,IM-0698-0001.jpeg,chest_xray_dataset\train\NORMAL\IM-0698-0001.jpeg,1952,1777,L,1256d7410d1a175a1759127be4d5d225,IM-0698,
train,NORMAL,IM-0700-0001.jpeg,chest_xray_dataset\train\NORMAL\IM-0700-0001.jpeg,1994,1865,L,de2f1deae630a346ea65367fa1d06826,IM-0700,
train,NORMAL,IM-0701-0001.jpeg,chest_xray_dataset\train\NORMAL\IM-0701-0001.jpeg,1576,1272,L,6116ad7e6caaaf98ee484041008a27a3,IM-0701,
train,NORMAL,IM-0702-0001.jpeg,chest_xray_dataset\train\NORMAL\IM-0702-0001.jpeg,1968,1484,L,cd7a42a0a805c82d73a0ec191291e1fd,IM-0702,
train,NORMAL,IM-0703-0001.jpeg,chest_xray_dataset\train\NORMAL\IM-0703-0001.jpeg,1426,1052,L,d7956ef63e2344f789d10b8418b27f6a,IM-0703,
train,NORMAL,IM-0704-0001.jpeg,chest_xray_dataset\train\NORMAL\IM-0704-0001.jpeg,1596,1248,L,d457d2e031e61e87167ccecbc9cceb03,IM-0704,
train,NORMAL,IM-0705-0001.jpeg,chest_xray_dataset\train\NORMAL\IM-0705-0001.jpeg,1734,1426,L,3c976d07ba9f0c3dce77af01b2b44c47,IM-0705,
train,NORMAL,IM-0706-0001.jpeg,chest_xray_dataset\train\NORMAL\IM-0706-0001.jpeg,1454,1160,L,591a7f7ee02131d7d270c18134dbbc05,IM-0706,
train,NORMAL,IM-0707-0001.jpeg,chest_xray_dataset\train\NORMAL\IM-0707-0001.jpeg,1712,1430,L,a2effedd0ba7dadf76cde109de79b59d,IM-0707,
train,NORMAL,IM-0709-0001.jpeg,chest_xray_dataset\train\NORMAL\IM-0709-0001.jpeg,1570,1272,L,2b70f1f73d76c19dce7d824581ad8dd1,IM-0709,
train,NORMAL,IM-0710-0001.jpeg,chest_xray_dataset\train\NORMAL\IM-0710-0001.jpeg,1910,1661,L,d2073b8057b54195608818a093bb397d,IM-0710,
train,NORMAL,IM-0711-0001.jpeg,chest_xray_dataset\train\NORMAL\IM-0711-0001.jpeg,1596,1306,L,359bd10ae37e038f071634646276f098,IM-0711,
train,NORMAL,IM-0712-0001.jpeg,chest_xray_dataset\train\NORMAL\IM-0712-0001.jpeg,1882,1557,L,328638d8b16969a1af9941719fe3110b,IM-0712,
train,NORMAL,IM-0713-0001.jpeg,chest_xray_dataset\train\NORMAL\IM-0713-0001.jpeg,1636,1329,L,58846b692e958e349ac373bdacf2ceb1,IM-0713,
train,NORMAL,IM-0714-0001.jpeg,chest_xray_dataset\train\NORMAL\IM-0714-0001.jpeg,1728,1260,L,b353b79927f57b4fb85d2d431c691688,IM-0714,
train,NORMAL,IM-0715-0001.jpeg,chest_xray_dataset\train\NORMAL\IM-0715-0001.jpeg,1546,1105,L,6a5a0ff782cc3798cbcae862a7a7e2de,IM-0715,
train,NORMAL,IM-0716-0001.jpeg,chest_xray_dataset\train\NORMAL\IM-0716-0001.jpeg,1426,1182,L,7cc4f4c512093fc7d619d436a6887aa4,IM-0716,
train,NORMAL,IM-0717-0001.jpeg,chest_xray_dataset\train\NORMAL\IM-0717-0001.jpeg,1442,1109,L,ea4476f03f6c1ea69249e35083e22942,IM-0717,
train,NORMAL,IM-0718-0001.jpeg,chest_xray_dataset\train\NORMAL\IM-0718-0001.jpeg,1634,1341,L,34a9fd0b57389bf7123122b103d7f486,IM-0718,
train,NORMAL,IM-0719-0001.jpeg,chest_xray_dataset\train\NORMAL\IM-0719-0001.jpeg,1550,1452,L,2983ee28eb33039fb20f915544fb11b3,IM-0719,
train,NORMAL,IM-0721-0001.jpeg,chest_xray_dataset\train\NORMAL\IM-0721-0001.jpeg,1434,1310,L,d7f13d59bfaf0803adab659abd7e9ad4,IM-0721,
train,NORMAL,IM-0722-0001.jpeg,chest_xray_dataset\train\NORMAL\IM-0722-0001.jpeg,1662,1403,L,4228dd043735831c415689eac8a56a53,IM-0722,
train,NORMAL,IM-0724-0001.jpeg,chest_xray_dataset\train\NORMAL\IM-0724-0001.jpeg,1840,1341,L,bfb4ed7cd9613bd0ec0ecf7bdf6cbe58,IM-0724,
train,NORMAL,IM-0727-0001.jpeg,chest_xray_dataset\train\NORMAL\IM-0727-0001.jpeg,1400,1190,L,74fbb91c5f8f6f2329f5a35a7f6dcccf,IM-0727,
train,NORMAL,IM-0728-0001.jpeg,chest_xray_dataset\train\NORMAL\IM-0728-0001.jpeg,1574,1229,L,746ed8ff8665e9785b20c315cbcd4400,IM-0728,
train,NORMAL,IM-0729-0001.jpeg,chest_xray_dataset\train\NORMAL\IM-0729-0001.jpeg,1572,1194,L,dda1f3e2e19661b23dbf326a679f9698,IM-0729,
train,NORMAL,IM-0730-0001.jpeg,chest_xray_dataset\train\NORMAL\IM-0730-0001.jpeg,1310,951,L,888ea350851dd4c88745e98a553c73a9,IM-0730,
train,NORMAL,IM-0732-0001.jpeg,chest_xray_dataset\train\NORMAL\IM-0732-0001.jpeg,1296,800,L,d0c62b23a6712ef1697a82b4f1da9873,IM-0732,
train,NORMAL,IM-0733-0001.jpeg,chest_xray_dataset\train\NORMAL\IM-0733-0001.jpeg,1430,1194,L,494defeaaba3132e9c2d25cf6296a294,IM-0733,
train,NORMAL,IM-0734-0001.jpeg,chest_xray_dataset\train\NORMAL\IM-0734-0001.jpeg,2572,2476,L,1430b21fbe635673e3498e08caf058e7,IM-0734,
train,NORMAL,IM-0735-0001.jpeg,chest_xray_dataset\train\NORMAL\IM-0735-0001.jpeg,1654,1051,L,f86e5ff1ed8c18169a17ba460c4bd751,IM-0735,
train,NORMAL,IM-0736-0001.jpeg,chest_xray_dataset\train\NORMAL\IM-0736-0001.jpeg,1430,1005,L,d7c52d57391be307dab4215825f483f5,IM-0736,
train,NORMAL,IM-0737-0001.jpeg,chest_xray_dataset\train\NORMAL\IM-0737-0001.jpeg,1384,1121,L,85a3aeac9b8b0957fd3c1a1e59fd7297,IM-0737,
train,NORMAL,IM-0738-0001.jpeg,chest_xray_dataset\train\NORMAL\IM-0738-0001.jpeg,1546,1314,L,8073d4ee691ea35ffd688fc3b4b1db38,IM-0738,
train,NORMAL,IM-0739-0001.jpeg,chest_xray_dataset\train\NORMAL\IM-0739-0001.jpeg,1114,815,L,f8dba1d3ad9a1d659a58c650ebf0d2c4,IM-0739,
train,NORMAL,IM-0740-0001.jpeg,chest_xray_dataset\train\NORMAL\IM-0740-0001.jpeg,1840,1283,L,9e2745df6352a5d5118e8d81ec70547e,IM-0740,
train,NORMAL,IM-0741-0001.jpeg,chest_xray_dataset\train\NORMAL\IM-0741-0001.jpeg,1256,1097,L,150c3320b3dad542ab7af795b2a72f6a,IM-0741,
train,NORMAL,IM-0742-0001.jpeg,chest_xray_dataset\train\NORMAL\IM-0742-0001.jpeg,1670,1302,L,14f75d6b94efda4344f365e0c81abd79,IM-0742,
train,NORMAL,IM-0746-0001.jpeg,chest_xray_dataset\train\NORMAL\IM-0746-0001.jpeg,1712,1259,L,e0cd2cf328f2946428efa9fb7ecad5af,IM-0746,
train,NORMAL,IM-0747-0001.jpeg,chest_xray_dataset\train\NORMAL\IM-0747-0001.jpeg,1604,1171,L,b984108eeecbc07f4aa97f67860ca9f7,IM-0747,
train,NORMAL,IM-0748-0001.jpeg,chest_xray_dataset\train\NORMAL\IM-0748-0001.jpeg,1844,1573,L,ae338649a6a054dd20a72877090dad62,IM-0748,
train,NORMAL,IM-0750-0001.jpeg,chest_xray_dataset\train\NORMAL\IM-0750-0001.jpeg,1198,978,L,8a6e5b5438478a8e9a7ec4132ed79371,IM-0750,
train,NORMAL,IM-0751-0001.jpeg,chest_xray_dataset\train\NORMAL\IM-0751-0001.jpeg,1488,1136,L,1b780258d80e1b9b8f4d928b47cc0702,IM-0751,
train,NORMAL,IM-0752-0001.jpeg,chest_xray_dataset\train\NORMAL\IM-0752-0001.jpeg,1438,1144,L,9a4ef01147e9c9f885e686a8aae78099,IM-0752,
train,NORMAL,IM-0753-0001.jpeg,chest_xray_dataset\train\NORMAL\IM-0753-0001.jpeg,1518,1097,L,b3dc5ad70b535a745c80e7ddee0fb969,IM-0753,
train,NORMAL,IM-0754-0001.jpeg,chest_xray_dataset\train\NORMAL\IM-0754-0001.jpeg,1782,1460,L,af899e5fb1e18f168828a85f0f9f063a,IM-0754,
train,NORMAL,IM-0755-0001.jpeg,chest_xray_dataset\train\NORMAL\IM-0755-0001.jpeg,1346,1040,L,4ee6afb3b876bea215f274652f5cb38a,IM-0755,
train,NORMAL,IM-0757-0001.jpeg,chest_xray_dataset\train\NORMAL\IM-0757-0001.jpeg,1284,1086,L,81fde5399d162f28ad2347e317e88db0,IM-0757,
train,NORMAL,IM-0761-0001.jpeg,chest_xray_dataset\train\NORMAL\IM-0761-0001.jpeg,1348,1028,L,c24f91ceed992500db4107314adc9814,IM-0761,
train,NORMAL,IM-0764-0001.jpeg,chest_xray_dataset\train\NORMAL\IM-0764-0001.jpeg,1620,1480,L,7658c2e4cd8f5ac703dbdb48d11a092a,IM-0764,
train,NORMAL,IM-0766-0001.jpeg,chest_xray_dataset\train\NORMAL\IM-0766-0001.jpeg,2252,1913,L,224d3d1da1f96df333c3690cd688688e,IM-0766,
train,NORMAL,NORMAL2-IM-0383-0001.jpeg,chest_xray_dataset\train\NORMAL\NORMAL2-IM-0383-0001.jpeg,1882,1480,L,30c9656d9fdb32e4251694cf525cfbd3,NORMAL2-IM-0383,
train,NORMAL,NORMAL2-IM-0384-0001.jpeg,chest_xray_dataset\train\NORMAL\NORMAL2-IM-0384-0001.jpeg,1268,924,L,187b71ea19db4a6b0741e8b63cdae08f,NORMAL2-IM-0384,
train,NORMAL,NORMAL2-IM-0385-0001.jpeg,chest_xray_dataset\train\NORMAL\NORMAL2-IM-0385-0001.jpeg,1676,1391,L,d2ab861933c048ec206d381b1f534069,NORMAL2-IM-0385,
train,NORMAL,NORMAL2-IM-0386-0001.jpeg,chest_xray_dataset\train\NORMAL\NORMAL2-IM-0386-0001.jpeg,1636,1321,L,c5db184cba20893311733a5ae590b571,NORMAL2-IM-0386,
train,NORMAL,NORMAL2-IM-0388-0001.jpeg,chest_xray_dataset\train\NORMAL\NORMAL2-IM-0388-0001.jpeg,1388,1009,L,36519c046271a855972cec46c776a7b1,NORMAL2-IM-0388,
train,NORMAL,NORMAL2-IM-0389-0001.jpeg,chest_xray_dataset\train\NORMAL\NORMAL2-IM-0389-0001.jpeg,1484,1136,L,8d1fd80c1da695ec640639c8da8e9b75,NORMAL2-IM-0389,
train,NORMAL,NORMAL2-IM-0390-0001.jpeg,chest_xray_dataset\train\NORMAL\NORMAL2-IM-0390-0001.jpeg,2434,2376,L,225a33a6b925ff6a2fe0fb72d7170a84,NORMAL2-IM-0390,
train,NORMAL,NORMAL2-IM-0391-0001.jpeg,chest_xray_dataset\train\NORMAL\NORMAL2-IM-0391-0001.jpeg,1582,1582,L,d8cdafbb8b7c333eb1cbcb0892e74922,NORMAL2-IM-0391,
train,NORMAL,NORMAL2-IM-0392-0001.jpeg,chest_xray_dataset\train\NORMAL\NORMAL2-IM-0392-0001.jpeg,1546,1414,L,36ef66b8d96ade65571ac3de0b0bc15c,NORMAL2-IM-0392,
train,NORMAL,NORMAL2-IM-0393-0001.jpeg,chest_xray_dataset\train\NORMAL\NORMAL2-IM-0393-0001.jpeg,1410,1106,L,854f2077648a2c3947bff505cf8e5afe,NORMAL2-IM-0393,
train,NORMAL,NORMAL2-IM-0394-0001.jpeg,chest_xray_dataset\train\NORMAL\NORMAL2-IM-0394-0001.jpeg,1588,1144,L,94372f49b8e8b0da31a2f05f7d1f8d62,NORMAL2-IM-0394,
train,NORMAL,NORMAL2-IM-0395-0001-0001.jpeg,chest_xray_dataset\train\NORMAL\NORMAL2-IM-0395-0001-0001.jpeg,1520,1070,L,a7892b4aa390890ae77c66efe73d4e56,NORMAL2-IM-0395,
train,NORMAL,NORMAL2-IM-0395-0001-0002.jpeg,chest_xray_dataset\train\NORMAL\NORMAL2-IM-0395-0001-0002.jpeg,1416,1148,L,32bd7ffa3ae8595959d86f1d990dbaca,NORMAL2-IM-0395,
train,NORMAL,NORMAL2-IM-0395-0001.jpeg,chest_xray_dataset\train\NORMAL\NORMAL2-IM-0395-0001.jpeg,1464,1167,L,f16a22a7545e95c2429de30c3ad17dc5,NORMAL2-IM-0395,
train,NORMAL,NORMAL2-IM-0396-0001.jpeg,chest_xray_dataset\train\NORMAL\NORMAL2-IM-0396-0001.jpeg,1882,1653,L,c357368298608a5712f38cc96307c7c8,NORMAL2-IM-0396,
train,NORMAL,NORMAL2-IM-0397-0001.jpeg,chest_xray_dataset\train\NORMAL\NORMAL2-IM-0397-0001.jpeg,2036,1908,L,b39701b90683d9e30ad1ff362acdcb08,NORMAL2-IM-0397,
train,NORMAL,NORMAL2-IM-0399-0001.jpeg,chest_xray_dataset\train\NORMAL\NORMAL2-IM-0399-0001.jpeg,1546,1399,L,50e4d9016e644f916a3e13df00cfabda,NORMAL2-IM-0399,
train,NORMAL,NORMAL2-IM-0401-0001.jpeg,chest_xray_dataset\train\NORMAL\NORMAL2-IM-0401-0001.jpeg,1898,1854,L,9a80ebc2ef5f5ea2bd26c95b157b0baa,NORMAL2-IM-0401,
train,NORMAL,NORMAL2-IM-0402-0001.jpeg,chest_xray_dataset\train\NORMAL\NORMAL2-IM-0402-0001.jpeg,1666,1252,L,c6f0d123a404f796ba327585d920ac64,NORMAL2-IM-0402,
train,NORMAL,NORMAL2-IM-0403-0001.jpeg,chest_xray_dataset\train\NORMAL\NORMAL2-IM-0403-0001.jpeg,1476,1013,L,89c8f820a7ba73770f889b0f797734d9,NORMAL2-IM-0403,
train,NORMAL,NORMAL2-IM-0404-0001.jpeg,chest_xray_dataset\train\NORMAL\NORMAL2-IM-0404-0001.jpeg,1532,1256,L,80b42bb25798faa341d74781300d4528,NORMAL2-IM-0404,
train,NORMAL,NORMAL2-IM-0406-0001.jpeg,chest_xray_dataset\train\NORMAL\NORMAL2-IM-0406-0001.jpeg,1470,1043,L,c7a1a515d3e79fea44c2cb9a3b261dbf,NORMAL2-IM-0406,
train,NORMAL,NORMAL2-IM-0407-0001.jpeg,chest_xray_dataset\train\NORMAL\NORMAL2-IM-0407-0001.jpeg,1690,1368,L,a8493a012002c5799db3818b06f36e48,NORMAL2-IM-0407,
train,NORMAL,NORMAL2-IM-0408-0001.jpeg,chest_xray_dataset\train\NORMAL\NORMAL2-IM-0408-0001.jpeg,1978,1766,L,5f10aba86c969390be2c8bce89ffe946,NORMAL2-IM-0408,
train,NORMAL,NORMAL2-IM-0409-0001.jpeg,chest_xray_dataset\train\NORMAL\NORMAL2-IM-0409-0001.jpeg,1542,1310,L,20b03943b3cf48c5c6759473c4d79444,NORMAL2-IM-0409,
train,NORMAL,NORMAL2-IM-0410-0001.jpeg,chest_xray_dataset\train\NORMAL\NORMAL2-IM-0410-0001.jpeg,1372,1070,L,5b8bd7c45117b35bc649e781de628086,NORMAL2-IM-0410,
train,NORMAL,NORMAL2-IM-0412-0001.jpeg,chest_xray_dataset\train\NORMAL\NORMAL2-IM-0412-0001.jpeg,1450,1210,L,264f96ebc9a1c580c345543a5f442fe4,NORMAL2-IM-0412,
train,NORMAL,NORMAL2-IM-0413-0001.jpeg,chest_xray_dataset\train\NORMAL\NORMAL2-IM-0413-0001.jpeg,2106,1986,L,626d614a6d179bc6f457dfde6102ffc3,NORMAL2-IM-0413,
train,NORMAL,NORMAL2-IM-0414-0001.jpeg,chest_xray_dataset\train\NORMAL\NORMAL2-IM-0414-0001.jpeg,1778,1754,L,dddb4991e8a7bf269862024613bf258c,NORMAL2-IM-0414,
train,NORMAL,NORMAL2-IM-0415-0001.jpeg,chest_xray_dataset\train\NORMAL\NORMAL2-IM-0415-0001.jpeg,1524,1410,L,16241bd30ee28261e1661c589f0f6497,NORMAL2-IM-0415,
train,NORMAL,NORMAL2-IM-0416-0001-0001.jpeg,chest_xray_dataset\train\NORMAL\NORMAL2-IM-0416-0001-0001.jpeg,1584,1426,L,466234ae6cb4ac58be7b2f49cb367749,NORMAL2-IM-0416,
train,NORMAL,NORMAL2-IM-0416-0001-0002.jpeg,chest_xray_dataset\train\NORMAL\NORMAL2-IM-0416-0001-0002.jpeg,1844,1272,L,66c524868989d609fad4b06ee583652a,NORMAL2-IM-0416,
train,NORMAL,NORMAL2-IM-0416-0001.jpeg,chest_xray_dataset\train\NORMAL\NORMAL2-IM-0416-0001.jpeg,1624,1341,L,0b3a3649dd1e5c2527fdb599a7391220,NORMAL2-IM-0416,
train,NORMAL,NORMAL2-IM-0417-0001.jpeg,chest_xray_dataset\train\NORMAL\NORMAL2-IM-0417-0001.jpeg,2302,1514,L,43b63dfcf99d90bf61ed9bc5ca2f5a2d,NORMAL2-IM-0417,
train,NORMAL,NORMAL2-IM-0418-0001.jpeg,chest_xray_dataset\train\NORMAL\NORMAL2-IM-0418-0001.jpeg,1530,1299,L,5a03169d1d23043e1ddb9e6ca7bbb126,NORMAL2-IM-0418,
train,NORMAL,NORMAL2-IM-0419-0001.jpeg,chest_xray_dataset\train\NORMAL\NORMAL2-IM-0419-0001.jpeg,1454,1071,L,bf82216f8b77e01d5dcd5c7ffa728ccc,NORMAL2-IM-0419,
train,NORMAL,NORMAL2-IM-0421-0001.jpeg,chest_xray_dataset\train\NORMAL\NORMAL2-IM-0421-0001.jpeg,1804,1453,L,cab0a9078847dc55d4b79547bd73a0ab,NORMAL2-IM-0421,
train,NORMAL,NORMAL2-IM-0423-0001.jpeg,chest_xray_dataset\train\NORMAL\NORMAL2-IM-0423-0001.jpeg,1816,1534,L,90db228d2ec3a828f311fcdc6603ea99,NORMAL2-IM-0423,
train,NORMAL,NORMAL2-IM-0424-0001.jpeg,chest_xray_dataset\train\NORMAL\NORMAL2-IM-0424-0001.jpeg,1538,1205,L,9e230b193f84128b52e07801de7c6162,NORMAL2-IM-0424,
train,NORMAL,NORMAL2-IM-0425-0001.jpeg,chest_xray_dataset\train\NORMAL\NORMAL2-IM-0425-0001.jpeg,2101,1606,L,18a8a2904f47a541b5153ceaebb817e5,NORMAL2-IM-0425,
train,NORMAL,NORMAL2-IM-0427-0001.jpeg,chest_xray_dataset\train\NORMAL\NORMAL2-IM-0427-0001.jpeg,1574,1225,L,5ed5f5f5fdd1f19cb952f09344e5af8d,NORMAL2-IM-0427,
train,NORMAL,NORMAL2-IM-0428-0001.jpeg,chest_xray_dataset\train\NORMAL\NORMAL2-IM-0428-0001.jpeg,1692,1221,L,779196b4a92cff46ff2faf7203f78043,NORMAL2-IM-0428,
train,NORMAL,NORMAL2-IM-0429-0001.jpeg,chest_xray_dataset\train\NORMAL\NORMAL2-IM-0429-0001.jpeg,1572,1389,L,6b02acf33e07c38f69f43988c61a7fe2,NORMAL2-IM-0429,
train,NORMAL,NORMAL2-IM-0433-0001.jpeg,chest_xray_dataset\train\NORMAL\NORMAL2-IM-0433-0001.jpeg,1546,1255,L,7d1ee62846dfe50fb1c28f70a9a45758,NORMAL2-IM-0433,
train,NORMAL,NORMAL2-IM-0435-0001.jpeg,chest_xray_dataset\train\NORMAL\NORMAL2-IM-0435-0001.jpeg,2185,1942,L,27db553a22b48d313dd264ecaf9af94a,NORMAL2-IM-0435,
train,NORMAL,NORMAL2-IM-0437-0001.jpeg,chest_xray_dataset\train\NORMAL\NORMAL2-IM-0437-0001.jpeg,1434,1074,L,8b0f56df1aa0cd29221ca82de5f487e4,NORMAL2-IM-0437,
train,NORMAL,NORMAL2-IM-0439-0001.jpeg,chest_xray_dataset\train\NORMAL\NORMAL2-IM-0439-0001.jpeg,1808,1666,L,bd5fe197403e0c377972e7e9a59d55d3,NORMAL2-IM-0439,
train,NORMAL,NORMAL2-IM-0440-0001.jpeg,chest_xray_dataset\train\NORMAL\NORMAL2-IM-0440-0001.jpeg,1516,1295,L,dd5d342495a601c0a8ad1ece72070264,NORMAL2-IM-0440,
train,NORMAL,NORMAL2-IM-0441-0001.jpeg,chest_xray_dataset\train\NORMAL\NORMAL2-IM-0441-0001.jpeg,2288,2363,L,ba62afe495f97f9a4c554eac98940029,NORMAL2-IM-0441,
train,NORMAL,NORMAL2-IM-0443-0001.jpeg,chest_xray_dataset\train\NORMAL\NORMAL2-IM-0443-0001.jpeg,1688,1542,L,3269634fa1bddf74dc2b01c1233271e5,NORMAL2-IM-0443,
train,NORMAL,NORMAL2-IM-0445-0001.jpeg,chest_xray_dataset\train\NORMAL\NORMAL2-IM-0445-0001.jpeg,1782,1310,L,0db9f822ac79d135e6301a9570280c19,NORMAL2-IM-0445,
train,NORMAL,NORMAL2-IM-0447-0001.jpeg,chest_xray_dataset\train\NORMAL\NORMAL2-IM-0447-0001.jpeg,1654,1441,L,4bb1bc9e4fafa086a0f3308eca957f61,NORMAL2-IM-0447,
train,NORMAL,NORMAL2-IM-0448-0001.jpeg,chest_xray_dataset\train\NORMAL\NORMAL2-IM-0448-0001.jpeg,1774,1225,L,a27e8f3561a28c708034cf345d79cb92,NORMAL2-IM-0448,
train,NORMAL,NORMAL2-IM-0449-0001.jpeg,chest_xray_dataset\train\NORMAL\NORMAL2-IM-0449-0001.jpeg,1284,1013,L,a6190a76a72f1a9b4805065d631834a5,NORMAL2-IM-0449,
train,NORMAL,NORMAL2-IM-0450-0001.jpeg,chest_xray_dataset\train\NORMAL\NORMAL2-IM-0450-0001.jpeg,1622,1422,L,4b63d1b1c87ad264d7c53aec9a41c6e6,NORMAL2-IM-0450,
train,NORMAL,NORMAL2-IM-0451-0001.jpeg,chest_xray_dataset\train\NORMAL\NORMAL2-IM-0451-0001.jpeg,1574,1043,L,bea4fe344a8aa4475f82c2b6d55226e4,NORMAL2-IM-0451,
train,NORMAL,NORMAL2-IM-0452-0001.jpeg,chest_xray_dataset\train\NORMAL\NORMAL2-IM-0452-0001.jpeg,1454,978,L,b6c8e48f0ab55ee1fb007e462d24b108,NORMAL2-IM-0452,
train,NORMAL,NORMAL2-IM-0453-0001.jpeg,chest_xray_dataset\train\NORMAL\NORMAL2-IM-0453-0001.jpeg,1434,1179,L,fea317b9c626466dfd9eaa9676b1b536,NORMAL2-IM-0453,
train,NORMAL,NORMAL2-IM-0454-0001.jpeg,chest_xray_dataset\train\NORMAL\NORMAL2-IM-0454-0001.jpeg,1650,1341,L,098af1abc40918009d6d7e752724da09,NORMAL2-IM-0454,
train,NORMAL,NORMAL2-IM-0455-0001.jpeg,chest_xray_dataset\train\NORMAL\NORMAL2-IM-0455-0001.jpeg,1928,1631,L,681ef2a693e43fa8b6afbc6cafa8911e,NORMAL2-IM-0455,
train,NORMAL,NORMAL2-IM-0456-0001.jpeg,chest_xray_dataset\train\NORMAL\NORMAL2-IM-0456-0001.jpeg,1368,1079,L,381f46c4a158817fbcd4f713cd0ec395,NORMAL2-IM-0456,
train,NORMAL,NORMAL2-IM-0458-0001.jpeg,chest_xray_dataset\train\NORMAL\NORMAL2-IM-0458-0001.jpeg,1558,1106,L,8d2f942af71bdc89b6559c92eb6858fd,NORMAL2-IM-0458,
train,NORMAL,NORMAL2-IM-0460-0001.jpeg,chest_xray_dataset\train\NORMAL\NORMAL2-IM-0460-0001.jpeg,1186,940,L,04e831a7ec9d97def6d5e6173b072771,NORMAL2-IM-0460,
train,NORMAL,NORMAL2-IM-0462-0001.jpeg,chest_xray_dataset\train\NORMAL\NORMAL2-IM-0462-0001.jpeg,1684,1240,L,4d2d9e1fa3b7bcc887adb25085dd8f42,NORMAL2-IM-0462,
train,NORMAL,NORMAL2-IM-0463-0001.jpeg,chest_xray_dataset\train\NORMAL\NORMAL2-IM-0463-0001.jpeg,1646,1121,L,4ccbb834a87a2d775f36fad8526f4211,NORMAL2-IM-0463,
train,NORMAL,NORMAL2-IM-0464-0001.jpeg,chest_xray_dataset\train\NORMAL\NORMAL2-IM-0464-0001.jpeg,1662,1214,L,310d25da28068333dd80f6948e984ace,NORMAL2-IM-0464,
train,NORMAL,NORMAL2-IM-0465-0001.jpeg,chest_xray_dataset\train\NORMAL\NORMAL2-IM-0465-0001.jpeg,1418,1221,L,d41b72e99f89c5920a42926fabaf1134,NORMAL2-IM-0465,
train,NORMAL,NORMAL2-IM-0466-0001.jpeg,chest_xray_dataset\train\NORMAL\NORMAL2-IM-0466-0001.jpeg,2346,2032,L,060009748ea835981194408c51fc5901,NORMAL2-IM-0466,
train,NORMAL,NORMAL2-IM-0468-0001.jpeg,chest_xray_dataset\train\NORMAL\NORMAL2-IM-0468-0001.jpeg,1114,850,L,27fc8ad293549aaac2afee2096ab0b7b,NORMAL2-IM-0468,
train,NORMAL,NORMAL2-IM-0472-0001.jpeg,chest_xray_dataset\train\NORMAL\NORMAL2-IM-0472-0001.jpeg,1670,1330,L,893ff87d164cf57f0d1b6d5d5651ebe6,NORMAL2-IM-0472,
train,NORMAL,NORMAL2-IM-0473-0001.jpeg,chest_xray_dataset\train\NORMAL\NORMAL2-IM-0473-0001.jpeg,1418,1121,L,4f5ebbef0e34dc5cc62601c40163d838,NORMAL2-IM-0473,
train,NORMAL,NORMAL2-IM-0474-0001.jpeg,chest_xray_dataset\train\NORMAL\NORMAL2-IM-0474-0001.jpeg,1728,1619,L,b4eb58e78f69ec99ea9b724e61b37acd,NORMAL2-IM-0474,
train,NORMAL,NORMAL2-IM-0475-0001.jpeg,chest_xray_dataset\train\NORMAL\NORMAL2-IM-0475-0001.jpeg,1512,1225,L,58d0b49300d4fe64271b60ef5565db63,NORMAL2-IM-0475,
train,NORMAL,NORMAL2-IM-0476-0001.jpeg,chest_xray_dataset\train\NORMAL\NORMAL2-IM-0476-0001.jpeg,1588,1337,L,eb2d691fafa14d1f9bfdfd796b3fb2af,NORMAL2-IM-0476,
train,NORMAL,NORMAL2-IM-0478-0001.jpeg,chest_xray_dataset\train\NORMAL\NORMAL2-IM-0478-0001.jpeg,1724,1638,L,b7d95287e3c81eae147d693ca57589c6,NORMAL2-IM-0478,
train,NORMAL,NORMAL2-IM-0479-0001.jpeg,chest_xray_dataset\train\NORMAL\NORMAL2-IM-0479-0001.jpeg,1480,1256,L,1492543ab15c22e1071913902c31a3d5,NORMAL2-IM-0479,
train,NORMAL,NORMAL2-IM-0480-0001.jpeg,chest_xray_dataset\train\NORMAL\NORMAL2-IM-0480-0001.jpeg,1878,1729,L,ac28e88d97e11432236d6be5a9666a6b,NORMAL2-IM-0480,
train,NORMAL,NORMAL2-IM-0481-0001.jpeg,chest_xray_dataset\train\NORMAL\NORMAL2-IM-0481-0001.jpeg,1956,1596,L,3436f55cea1037979a4d48d8b8b1f64d,NORMAL2-IM-0481,
train,NORMAL,NORMAL2-IM-0482-0001.jpeg,chest_xray_dataset\train\NORMAL\NORMAL2-IM-0482-0001.jpeg,2048,1804,L,bacf381ec6830d00e8360c344769c734,NORMAL2-IM-0482,
train,NORMAL,NORMAL2-IM-0485-0001.jpeg,chest_xray_dataset\train\NORMAL\NORMAL2-IM-0485-0001.jpeg,1120,904,L,f4616b2ed8e8d10d3c1661683353747a,NORMAL2-IM-0485,
train,NORMAL,NORMAL2-IM-0486-0001.jpeg,chest_xray_dataset\train\NORMAL\NORMAL2-IM-0486-0001.jpeg,1214,1106,L,0e1985e6ea4c962c37fc4d9f2d418cd5,NORMAL2-IM-0486,
train,NORMAL,NORMAL2-IM-0487-0001.jpeg,chest_xray_dataset\train\NORMAL\NORMAL2-IM-0487-0001.jpeg,1238,874,L,5d4bde2d1ab2df5c173186f599c6cfe9,NORMAL2-IM-0487,
train,NORMAL,NORMAL2-IM-0488-0001.jpeg,chest_xray_dataset\train\NORMAL\NORMAL2-IM-0488-0001.jpeg,1298,959,L,b7585077978157c9aa7628d8cfe011d4,NORMAL2-IM-0488,
train,NORMAL,NORMAL2-IM-0489-0001.jpeg,chest_xray_dataset\train\NORMAL\NORMAL2-IM-0489-0001.jpeg,1700,1302,L,be42699e222abab0837c679336398ae8,NORMAL2-IM-0489,
train,NORMAL,NORMAL2-IM-0490-0001.jpeg,chest_xray_dataset\train\NORMAL\NORMAL2-IM-0490-0001.jpeg,1620,1340,L,6710a1cb865acf501da4578603e34f90,NORMAL2-IM-0490,
train,NORMAL,NORMAL2-IM-0491-0001.jpeg,chest_xray_dataset\train\NORMAL\NORMAL2-IM-0491-0001.jpeg,1808,1604,L,560500da52edbb4eeb69e2316de73b9b,NORMAL2-IM-0491,
train,NORMAL,NORMAL2-IM-0493-0001.jpeg,chest_xray_dataset\train\NORMAL\NORMAL2-IM-0493-0001.jpeg,1882,1692,L,e1e2c5a1634cd694c6a913dd9dbe449c,NORMAL2-IM-0493,
train,NORMAL,NORMAL2-IM-0496-0001.jpeg,chest_xray_dataset\train\NORMAL\NORMAL2-IM-0496-0001.jpeg,1716,1202,L,3c8ff5e99233f3e683540823e91a4979,NORMAL2-IM-0496,
train,NORMAL,NORMAL2-IM-0497-0001.jpeg,chest_xray_dataset\train\NORMAL\NORMAL2-IM-0497-0001.jpeg,1434,1411,L,0f8b78dd92742df3917c078a176305e7,NORMAL2-IM-0497,
train,NORMAL,NORMAL2-IM-0499-0001.jpeg,chest_xray_dataset\train\NORMAL\NORMAL2-IM-0499-0001.jpeg,1414,1106,L,675e7dd4212109fd01e4dc8e4af38c42,NORMAL2-IM-0499,
train,NORMAL,NORMAL2-IM-0500-0001.jpeg,chest_xray_dataset\train\NORMAL\NORMAL2-IM-0500-0001.jpeg,1442,1152,L,f4be591e785664b0f38d922d8d1c39e1,NORMAL2-IM-0500,
train,NORMAL,NORMAL2-IM-0501-0001.jpeg,chest_xray_dataset\train\NORMAL\NORMAL2-IM-0501-0001.jpeg,1782,1503,L,427927207c123d8b029fda02a472a2ce,NORMAL2-IM-0501,
train,NORMAL,NORMAL2-IM-0502-0001.jpeg,chest_xray_dataset\train\NORMAL\NORMAL2-IM-0502-0001.jpeg,1454,1183,L,8316998ae95f28a94eac2a672bc0eb4d,NORMAL2-IM-0502,
train,NORMAL,NORMAL2-IM-0503-0001.jpeg,chest_xray_dataset\train\NORMAL\NORMAL2-IM-0503-0001.jpeg,1658,1465,L,e8ec2274584826b8e37d000051acaa89,NORMAL2-IM-0503,
train,NORMAL,NORMAL2-IM-0506-0001.jpeg,chest_xray_dataset\train\NORMAL\NORMAL2-IM-0506-0001.jpeg,1762,1399,L,ee33f8bc7d772f33dda8fc44d2fc7296,NORMAL2-IM-0506,
train,NORMAL,NORMAL2-IM-0507-0001.jpeg,chest_xray_dataset\train\NORMAL\NORMAL2-IM-0507-0001.jpeg,1658,1407,L,3834870de4d3ef053a2b94412623cf26,NORMAL2-IM-0507,
train,NORMAL,NORMAL2-IM-0508-0001.jpeg,chest_xray_dataset\train\NORMAL\NORMAL2-IM-0508-0001.jpeg,1422,1066,L,e169ccb0fe8814edfcc6405f09e2f7ad,NORMAL2-IM-0508,
train,NORMAL,NORMAL2-IM-0509-0001.jpeg,chest_xray_dataset\train\NORMAL\NORMAL2-IM-0509-0001.jpeg,1904,1534,L,0b57a36344806063c22270522afd245c,NORMAL2-IM-0509,
train,NORMAL,NORMAL2-IM-0511-0001.jpeg,chest_xray_dataset\train\NORMAL\NORMAL2-IM-0511-0001.jpeg,1924,1356,L,8a878e8ce368204583d11d1c4c8c3b6a,NORMAL2-IM-0511,
train,NORMAL,NORMAL2-IM-0512-0001.jpeg,chest_xray_dataset\train\NORMAL\NORMAL2-IM-0512-0001.jpeg,1376,1229,L,96b21b0b18eebd881b0f8c81f41a9e34,NORMAL2-IM-0512,
train,NORMAL,NORMAL2-IM-0513-0001.jpeg,chest_xray_dataset\train\NORMAL\NORMAL2-IM-0513-0001.jpeg,1986,1604,L,64a66a17918f8b56bdea8e932bb1fb73,NORMAL2-IM-0513,
train,NORMAL,NORMAL2-IM-0515-0001.jpeg,chest_xray_dataset\train\NORMAL\NORMAL2-IM-0515-0001.jpeg,1638,1020,L,c4efe87c12a6918c88711a50ab85b33c,NORMAL2-IM-0515,
train,NORMAL,NORMAL2-IM-0516-0001.jpeg,chest_xray_dataset\train\NORMAL\NORMAL2-IM-0516-0001.jpeg,2120,2283,L,f9a26882212f46a04eb348686fda8869,NORMAL2-IM-0516,
train,NORMAL,NORMAL2-IM-0517-0001.jpeg,chest_xray_dataset\train\NORMAL\NORMAL2-IM-0517-0001.jpeg,1542,1032,L,10e40c1a97ea49c34f0458be58ba24f9,NORMAL2-IM-0517,
train,NORMAL,NORMAL2-IM-0518-0001.jpeg,chest_xray_dataset\train\NORMAL\NORMAL2-IM-0518-0001.jpeg,1650,1217,L,f486db7ad25bfd518475aa2adc085371,NORMAL2-IM-0518,
train,NORMAL,NORMAL2-IM-0520-0001.jpeg,chest_xray_dataset\train\NORMAL\NORMAL2-IM-0520-0001.jpeg,1554,1402,L,50d604d64647168704150c792f2880a7,NORMAL2-IM-0520,
train,NORMAL,NORMAL2-IM-0521-0001.jpeg,chest_xray_dataset\train\NORMAL\NORMAL2-IM-0521-0001.jpeg,1952,1496,L,01ba1dcace717855fe9d1398306e96e2,NORMAL2-IM-0521,
train,NORMAL,NORMAL2-IM-0522-0001.jpeg,chest_xray_dataset\train\NORMAL\NORMAL2-IM-0522-0001.jpeg,1198,1032,L,ece4f3cb736ff2b288aaaa8ae7393b70,NORMAL2-IM-0522,
train,NORMAL,NORMAL2-IM-0523-0001.jpeg,chest_xray_dataset\train\NORMAL\NORMAL2-IM-0523-0001.jpeg,1914,1581,L,ad1fddddadae4d2f03ee447a17b7d5b0,NORMAL2-IM-0523,
train,NORMAL,NORMAL2-IM-0525-0001.jpeg,chest_xray_dataset\train\NORMAL\NORMAL2-IM-0525-0001.jpeg,1929,1802,L,d27bbd9654857828be5dbd22f1bc6d92,NORMAL2-IM-0525,
train,NORMAL,NORMAL2-IM-0526-0001.jpeg,chest_xray_dataset\train\NORMAL\NORMAL2-IM-0526-0001.jpeg,1422,1128,L,ac7f146e17f10f4217bebbf9a76216e8,NORMAL2-IM-0526,
train,NORMAL,NORMAL2-IM-0528-0001.jpeg,chest_xray_dataset\train\NORMAL\NORMAL2-IM-0528-0001.jpeg,1628,1314,L,6b1d97d6368ffbf26c9405a3437cf6b5,NORMAL2-IM-0528,
train,NORMAL,NORMAL2-IM-0529-0001.jpeg,chest_xray_dataset\train\NORMAL\NORMAL2-IM-0529-0001.jpeg,1388,1029,L,52f96ac0a0d8f92e8b494e5e4964b6d8,NORMAL2-IM-0529,
train,NORMAL,NORMAL2-IM-0530-0001.jpeg,chest_xray_dataset\train\NORMAL\NORMAL2-IM-0530-0001.jpeg,2186,2086,L,a96291a19e1805488c9c3e1fec022012,NORMAL2-IM-0530,
train,NORMAL,NORMAL2-IM-0531-0001.jpeg,chest_xray_dataset\train\NORMAL\NORMAL2-IM-0531-0001.jpeg,1744,1345,L,54f3e189afc628feeac6385f3b3e4d29,NORMAL2-IM-0531,
train,NORMAL,NORMAL2-IM-0533-0001.jpeg,chest_xray_dataset\train\NORMAL\NORMAL2-IM-0533-0001.jpeg,1924,1797,L,e7b42b31f13923676887b89ca16399ad,NORMAL2-IM-0533,
train,NORMAL,NORMAL2-IM-0535-0001-0002.jpeg,chest_xray_dataset\train\NORMAL\NORMAL2-IM-0535-0001-0002.jpeg,1192,862,L,0129eb465026a37e27cc4a03326d548c,NORMAL2-IM-0535,
train,NORMAL,NORMAL2-IM-0535-0001.jpeg,chest_xray_dataset\train\NORMAL\NORMAL2-IM-0535-0001.jpeg,1682,1519,L,5cea7c36e757081ab75b94b95441ec11,NORMAL2-IM-0535,
train,NORMAL,NORMAL2-IM-0536-0001.jpeg,chest_xray_dataset\train\NORMAL\NORMAL2-IM-0536-0001.jpeg,1400,1120,L,4aa89ff6912968557465700955c59210,NORMAL2-IM-0536,
train,NORMAL,NORMAL2-IM-0537-0001.jpeg,chest_xray_dataset\train\NORMAL\NORMAL2-IM-0537-0001.jpeg,2458,1870,L,2f8d22e8298b9890b509f522651618a2,NORMAL2-IM-0537,
train,NORMAL,NORMAL2-IM-0539-0001.jpeg,chest_xray_dataset\train\NORMAL\NORMAL2-IM-0539-0001.jpeg,1845,1761,L,be62d74cbb9f7ded0449b7938500536f,NORMAL2-IM-0539,
train,NORMAL,NORMAL2-IM-0540-0001.jpeg,chest_xray_dataset\train\NORMAL\NORMAL2-IM-0540-0001.jpeg,1970,1554,L,a1066c507b60cfaa1d00cb1308007328,NORMAL2-IM-0540,
train,NORMAL,NORMAL2-IM-0541-0001.jpeg,chest_xray_dataset\train\NORMAL\NORMAL2-IM-0541-0001.jpeg,2014,1746,L,e43f0bcc54db8ba94f5512f592af0188,NORMAL2-IM-0541,
train,NORMAL,NORMAL2-IM-0543-0001.jpeg,chest_xray_dataset\train\NORMAL\NORMAL2-IM-0543-0001.jpeg,1410,1244,L,2a8740b87b1ea7cdac4cbf9cb933983f,NORMAL2-IM-0543,
train,NORMAL,NORMAL2-IM-0545-0001.jpeg,chest_xray_dataset\train\NORMAL\NORMAL2-IM-0545-0001.jpeg,2006,1878,L,3ad5bb57ff38f779847b506e66d4d304,NORMAL2-IM-0545,
train,NORMAL,NORMAL2-IM-0547-0001.jpeg,chest_xray_dataset\train\NORMAL\NORMAL2-IM-0547-0001.jpeg,2068,1982,L,fdf4fa12264c47579ee2e3f011a1a0d9,NORMAL2-IM-0547,
train,NORMAL,NORMAL2-IM-0550-0001.jpeg,chest_xray_dataset\train\NORMAL\NORMAL2-IM-0550-0001.jpeg,1404,1333,L,c001c94f49bcd168371e455836aff9f8,NORMAL2-IM-0550,
train,NORMAL,NORMAL2-IM-0551-0001.jpeg,chest_xray_dataset\train\NORMAL\NORMAL2-IM-0551-0001.jpeg,1729,1668,L,a23bbfc399263467aaf75b9ba1f43b40,NORMAL2-IM-0551,
train,NORMAL,NORMAL2-IM-0552-0001.jpeg,chest_xray_dataset\train\NORMAL\NORMAL2-IM-0552-0001.jpeg,1638,1264,L,df26687dc43d0fa3134f61012d3ee44b,NORMAL2-IM-0552,
train,NORMAL,NORMAL2-IM-0553-0001.jpeg,chest_xray_dataset\train\NORMAL\NORMAL2-IM-0553-0001.jpeg,1708,1248,L,97cf80e20f4dfac5633d086df3113d8b,NORMAL2-IM-0553,
train,NORMAL,NORMAL2-IM-0554-0001.jpeg,chest_xray_dataset\train\NORMAL\NORMAL2-IM-0554-0001.jpeg,1180,885,L,2d3a471174ba2934a3aac5cc37f48278,NORMAL2-IM-0554,
train,NORMAL,NORMAL2-IM-0555-0001-0001.jpeg,chest_xray_dataset\train\NORMAL\NORMAL2-IM-0555-0001-0001.jpeg,2056,2206,L,1158ea5f86d34fd831c6b835b77e0754,NORMAL2-IM-0555,
train,NORMAL,NORMAL2-IM-0555-0001-0002.jpeg,chest_xray_dataset\train\NORMAL\NORMAL2-IM-0555-0001-0002.jpeg,2414,2132,L,e99f024ab2b4299d726028a778fe659b,NORMAL2-IM-0555,
train,NORMAL,NORMAL2-IM-0555-0001.jpeg,chest_xray_dataset\train\NORMAL\NORMAL2-IM-0555-0001.jpeg,1302,958,L,e71da338f59c52dbb78dd52fd27c5ba0,NORMAL2-IM-0555,
train,NORMAL,NORMAL2-IM-0557-0001.jpeg,chest_xray_dataset\train\NORMAL\NORMAL2-IM-0557-0001.jpeg,1812,1325,L,cd3614368a86f88c3ee318665a4c75ab,NORMAL2-IM-0557,
train,NORMAL,NORMAL2-IM-0558-0001.jpeg,chest_xray_dataset\train\NORMAL\NORMAL2-IM-0558-0001.jpeg,1110,944,L,40d466d4720494183a5cb78696bc30d2,NORMAL2-IM-0558,
train,NORMAL,NORMAL2-IM-0559-0001.jpeg,chest_xray_dataset\train\NORMAL\NORMAL2-IM-0559-0001.jpeg,1767,1869,L,a369084223a436fe2ca93947ac04b8eb,NORMAL2-IM-0559,
train,NORMAL,NORMAL2-IM-0561-0001.jpeg,chest_xray_dataset\train\NORMAL\NORMAL2-IM-0561-0001.jpeg,1650,1214,L,9387d8364cd9ea86dfa351a2ec732bb4,NORMAL2-IM-0561,
train,NORMAL,NORMAL2-IM-0563-0001.jpeg,chest_xray_dataset\train\NORMAL\NORMAL2-IM-0563-0001.jpeg,1546,1425,L,4f07e2938c511524e804556d860ea720,NORMAL2-IM-0563,
train,NORMAL,NORMAL2-IM-0564-0001.jpeg,chest_xray_dataset\train\NORMAL\NORMAL2-IM-0564-0001.jpeg,1554,1198,L,3bdd186e83d257ae52cf0f15e7368feb,NORMAL2-IM-0564,
train,NORMAL,NORMAL2-IM-0566-0001.jpeg,chest_xray_dataset\train\NORMAL\NORMAL2-IM-0566-0001.jpeg,1608,1195,L,77391bd9f4a1dde52ac3a192a8719c30,NORMAL2-IM-0566,
train,NORMAL,NORMAL2-IM-0567-0001.jpeg,chest_xray_dataset\train\NORMAL\NORMAL2-IM-0567-0001.jpeg,1962,2169,L,3b7da9e9aa71d21b2e57e319143befd4,NORMAL2-IM-0567,
train,NORMAL,NORMAL2-IM-0568-0001.jpeg,chest_xray_dataset\train\NORMAL\NORMAL2-IM-0568-0001.jpeg,1796,1696,L,06932b7a1f9db7bedef7195250d737f6,NORMAL2-IM-0568,
train,NORMAL,NORMAL2-IM-0569-0001.jpeg,chest_xray_dataset\train\NORMAL\NORMAL2-IM-0569-0001.jpeg,1724,1160,L,d4ac122b15a2e0ced19d157b644a9d62,NORMAL2-IM-0569,
train,NORMAL,NORMAL2-IM-0571-0001.jpeg,chest_xray_dataset\train\NORMAL\NORMAL2-IM-0571-0001.jpeg,2124,1630,L,2ac62338c17dc29c2c7eab529188b6f7,NORMAL2-IM-0571,
train,NORMAL,NORMAL2-IM-0572-0001.jpeg,chest_xray_dataset\train\NORMAL\NORMAL2-IM-0572-0001.jpeg,1750,1526,L,4e1b1ce208e3e2d11c1d1dcd7acc8716,NORMAL2-IM-0572,
train,NORMAL,NORMAL2-IM-0573-0001.jpeg,chest_xray_dataset\train\NORMAL\NORMAL2-IM-0573-0001.jpeg,1696,1568,L,ebcd642030d80c74dc92cfc83271a49f,NORMAL2-IM-0573,
train,NORMAL,NORMAL2-IM-0575-0001.jpeg,chest_xray_dataset\train\NORMAL\NORMAL2-IM-0575-0001.jpeg,1688,1469,L,b67295c00f8e4c0a3293b6c395987f15,NORMAL2-IM-0575,
train,NORMAL,NORMAL2-IM-0576-0001.jpeg,chest_xray_dataset\train\NORMAL\NORMAL2-IM-0576-0001.jpeg,1688,1422,L,e51beec3c934a99b473d04ac6f9d762b,NORMAL2-IM-0576,
train,NORMAL,NORMAL2-IM-0577-0001.jpeg,chest_xray_dataset\train\NORMAL\NORMAL2-IM-0577-0001.jpeg,1866,1654,L,7f0efd173492990e8d88a4bd179851f0,NORMAL2-IM-0577,
train,NORMAL,NORMAL2-IM-0578-0001.jpeg,chest_xray_dataset\train\NORMAL\NORMAL2-IM-0578-0001.jpeg,1894,1688,L,1b68097eb26b462fadd0bc8a217e2898,NORMAL2-IM-0578,
train,NORMAL,NORMAL2-IM-0579-0001.jpeg,chest_xray_dataset\train\NORMAL\NORMAL2-IM-0579-0001.jpeg,1916,1488,L,7fdcaa713b755490689b0879e83445be,NORMAL2-IM-0579,
train,NORMAL,NORMAL2-IM-0580-0001.jpeg,chest_xray_dataset\train\NORMAL\NORMAL2-IM-0580-0001.jpeg,1724,1588,L,33ad2a554a991ec33fae7c8089e4e295,NORMAL2-IM-0580,
train,NORMAL,NORMAL2-IM-0582-0001.jpeg,chest_xray_dataset\train\NORMAL\NORMAL2-IM-0582-0001.jpeg,1484,1190,L,961b8982edaf870bdd6c71785fdb28c9,NORMAL2-IM-0582,
train,NORMAL,NORMAL2-IM-0583-0001.jpeg,chest_xray_dataset\train\NORMAL\NORMAL2-IM-0583-0001.jpeg,1712,1534,L,14960196dea2e225f770ac16e48b8e77,NORMAL2-IM-0583,
train,NORMAL,NORMAL2-IM-0585-0001.jpeg,chest_xray_dataset\train\NORMAL\NORMAL2-IM-0585-0001.jpeg,1848,1848,L,a079e100e29f26d9e96cb24f04ac3e67,NORMAL2-IM-0585,
train,NORMAL,NORMAL2-IM-0587-0001-0001.jpeg,chest_xray_dataset\train\NORMAL\NORMAL2-IM-0587-0001-0001.jpeg,2428,2540,L,dcc3ab0eaf19ff80af9d3d254b340da5,NORMAL2-IM-0587,
train,NORMAL,NORMAL2-IM-0587-0001-0002.jpeg,chest_xray_dataset\train\NORMAL\NORMAL2-IM-0587-0001-0002.jpeg,2428,2540,L,dcc3ab0eaf19ff80af9d3d254b340da5,NORMAL2-IM-0587,
train,NORMAL,NORMAL2-IM-0587-0001.jpeg,chest_xray_dataset\train\NORMAL\NORMAL2-IM-0587-0001.jpeg,1504,1206,L,0464e6bf5793bf7a6db49808e9b2b4e2,NORMAL2-IM-0587,
train,NORMAL,NORMAL2-IM-0588-0001.jpeg,chest_xray_dataset\train\NORMAL\NORMAL2-IM-0588-0001.jpeg,1218,808,L,fd365a150bc21aac82230baabbd60ce2,NORMAL2-IM-0588,
train,NORMAL,NORMAL2-IM-0589-0001.jpeg,chest_xray_dataset\train\NORMAL\NORMAL2-IM-0589-0001.jpeg,1622,1272,L,99a2913db6da7f435814422d87c2dc1e,NORMAL2-IM-0589,
train,NORMAL,NORMAL2-IM-0592-0001.jpeg,chest_xray_dataset\train\NORMAL\NORMAL2-IM-0592-0001.jpeg,1450,1210,L,3d650843fc246c868401dab230ee4be9,NORMAL2-IM-0592,
train,NORMAL,NORMAL2-IM-0594-0001.jpeg,chest_xray_dataset\train\NORMAL\NORMAL2-IM-0594-0001.jpeg,1852,1442,L,9c9ce5546aa3f23e5bd53a5a73d57354,NORMAL2-IM-0594,
train,NORMAL,NORMAL2-IM-0595-0001.jpeg,chest_xray_dataset\train\NORMAL\NORMAL2-IM-0595-0001.jpeg,1318,1082,L,433e31b9751764dd6510eb8fe999c324,NORMAL2-IM-0595,
train,NORMAL,NORMAL2-IM-0596-0001.jpeg,chest_xray_dataset\train\NORMAL\NORMAL2-IM-0596-0001.jpeg,1496,1314,L,18c8ba4e87949b850d82e571445cf585,NORMAL2-IM-0596,
train,NORMAL,NORMAL2-IM-0599-0001.jpeg,chest_xray_dataset\train\NORMAL\NORMAL2-IM-0599-0001.jpeg,1484,1036,L,d81dd818b1fb9c2e1e8719ee5498de2f,NORMAL2-IM-0599,
train,NORMAL,NORMAL2-IM-0600-0001.jpeg,chest_xray_dataset\train\NORMAL\NORMAL2-IM-0600-0001.jpeg,1474,1527,L,f679f1decbebf1d1460691cd2c4579c8,NORMAL2-IM-0600,
train,NORMAL,NORMAL2-IM-0601-0001.jpeg,chest_xray_dataset\train\NORMAL\NORMAL2-IM-0601-0001.jpeg,1906,1909,L,b018c60780b4d19fd09c85c2217f54b1,NORMAL2-IM-0601,
train,NORMAL,NORMAL2-IM-0602-0001.jpeg,chest_xray_dataset\train\NORMAL\NORMAL2-IM-0602-0001.jpeg,2619,2628,L,4ff005cd0c5d19821d42b3ff945d12c8,NORMAL2-IM-0602,
train,NORMAL,NORMAL2-IM-0603-0001.jpeg,chest_xray_dataset\train\NORMAL\NORMAL2-IM-0603-0001.jpeg,2234,1843,L,7b44ff7559715999faad789b7cbe408a,NORMAL2-IM-0603,
train,NORMAL,NORMAL2-IM-0604-0001.jpeg,chest_xray_dataset\train\NORMAL\NORMAL2-IM-0604-0001.jpeg,1700,1437,L,4fd252eb2930d1fb9f6f8906c7f871b2,NORMAL2-IM-0604,
train,NORMAL,NORMAL2-IM-0609-0001.jpeg,chest_xray_dataset\train\NORMAL\NORMAL2-IM-0609-0001.jpeg,1852,1943,L,b1c772e320fb9e8ba05b85d84c6111fb,NORMAL2-IM-0609,
train,NORMAL,NORMAL2-IM-0611-0001.jpeg,chest_xray_dataset\train\NORMAL\NORMAL2-IM-0611-0001.jpeg,1336,864,L,7b91b49a8ff31c8d4edd321f243cf641,NORMAL2-IM-0611,
train,NORMAL,NORMAL2-IM-0616-0001.jpeg,chest_xray_dataset\train\NORMAL\NORMAL2-IM-0616-0001.jpeg,1456,1279,L,e72448d51e2ab8c0f6e03cf238810222,NORMAL2-IM-0616,
train,NORMAL,NORMAL2-IM-0617-0001.jpeg,chest_xray_dataset\train\NORMAL\NORMAL2-IM-0617-0001.jpeg,1692,1383,L,072914db248bb862994a0ae2e64f7b67,NORMAL2-IM-0617,
train,NORMAL,NORMAL2-IM-0618-0001.jpeg,chest_xray_dataset\train\NORMAL\NORMAL2-IM-0618-0001.jpeg,1534,1121,L,38d39a8dabd91cdccab818705e0901c5,NORMAL2-IM-0618,
train,NORMAL,NORMAL2-IM-0619-0001.jpeg,chest_xray_dataset\train\NORMAL\NORMAL2-IM-0619-0001.jpeg,1566,1465,L,17c5e000144e2c218ba07a0f3c8d6d73,NORMAL2-IM-0619,
train,NORMAL,NORMAL2-IM-0620-0001.jpeg,chest_xray_dataset\train\NORMAL\NORMAL2-IM-0620-0001.jpeg,1736,1785,L,47b192c9b70d209eaaafbef4ea33134b,NORMAL2-IM-0620,
train,NORMAL,NORMAL2-IM-0621-0001.jpeg,chest_xray_dataset\train\NORMAL\NORMAL2-IM-0621-0001.jpeg,1979,1978,L,f62bcb47e16a6a1118723792f92141f0,NORMAL2-IM-0621,
train,NORMAL,NORMAL2-IM-0622-0001.jpeg,chest_xray_dataset\train\NORMAL\NORMAL2-IM-0622-0001.jpeg,2114,1812,L,9e95fc8d638f142f99f2a0573b39ffce,NORMAL2-IM-0622,
train,NORMAL,NORMAL2-IM-0623-0001.jpeg,chest_xray_dataset\train\NORMAL\NORMAL2-IM-0623-0001.jpeg,1808,1542,L,782c0b2cbc0b22d0b85bd5be6684d683,NORMAL2-IM-0623,
train,NORMAL,NORMAL2-IM-0626-0001.jpeg,chest_xray_dataset\train\NORMAL\NORMAL2-IM-0626-0001.jpeg,1820,1476,L,189d3da30441628e5a1b8fea18fc4457,NORMAL2-IM-0626,
train,NORMAL,NORMAL2-IM-0627-0001.jpeg,chest_xray_dataset\train\NORMAL\NORMAL2-IM-0627-0001.jpeg,2400,2121,L,56114b515acdf69c535a77766d53af98,NORMAL2-IM-0627,
train,NORMAL,NORMAL2-IM-0629-0001.jpeg,chest_xray_dataset\train\NORMAL\NORMAL2-IM-0629-0001.jpeg,1558,1380,L,868692ca09924695a8af2b543bc20248,NORMAL2-IM-0629,
train,NORMAL,NORMAL2-IM-0630-0001.jpeg,chest_xray_dataset\train\NORMAL\NORMAL2-IM-0630-0001.jpeg,1600,1329,L,72a5f26a3aa8739cbfa549de46c447aa,NORMAL2-IM-0630,
train,NORMAL,NORMAL2-IM-0633-0001.jpeg,chest_xray_dataset\train\NORMAL\NORMAL2-IM-0633-0001.jpeg,1670,1279,L,287d29d701e9cc6b70aa558917ddcc53,NORMAL2-IM-0633,
train,NORMAL,NORMAL2-IM-0634-0001.jpeg,chest_xray_dataset\train\NORMAL\NORMAL2-IM-0634-0001.jpeg,1418,1048,L,2507ff9db3efa3c44962b5c27c1de41f,NORMAL2-IM-0634,
train,NORMAL,NORMAL2-IM-0635-0001.jpeg,chest_xray_dataset\train\NORMAL\NORMAL2-IM-0635-0001.jpeg,1400,1070,L,bf924447eb57f4eca2988fccf6961fb2,NORMAL2-IM-0635,
train,NORMAL,NORMAL2-IM-0636-0001.jpeg,chest_xray_dataset\train\NORMAL\NORMAL2-IM-0636-0001.jpeg,1376,1051,L,316049ba1e38ad81564c146dee9f5cb8,NORMAL2-IM-0636,
train,NORMAL,NORMAL2-IM-0637-0001.jpeg,chest_xray_dataset\train\NORMAL\NORMAL2-IM-0637-0001.jpeg,1604,1248,L,0e993956771f846b9549ea32c7b91433,NORMAL2-IM-0637,
train,NORMAL,NORMAL2-IM-0640-0001.jpeg,chest_xray_dataset\train\NORMAL\NORMAL2-IM-0640-0001.jpeg,1510,1136,L,84beebb3db17a32c96ec28fe6c40a766,NORMAL2-IM-0640,
train,NORMAL,NORMAL2-IM-0641-0001.jpeg,chest_xray_dataset\train\NORMAL\NORMAL2-IM-0641-0001.jpeg,1920,1816,L,a4871988c6e65ca2e1e762b27d2c0857,NORMAL2-IM-0641,
train,NORMAL,NORMAL2-IM-0642-0001.jpeg,chest_xray_dataset\train\NORMAL\NORMAL2-IM-0642-0001.jpeg,1546,1368,L,c894dedc9508c4c80b878b1cbf66bbe0,NORMAL2-IM-0642,
train,NORMAL,NORMAL2-IM-0643-0001.jpeg,chest_xray_dataset\train\NORMAL\NORMAL2-IM-0643-0001.jpeg,1902,1495,L,409d6999d0acda6e63493cbbdb4e2f06,NORMAL2-IM-0643,
train,NORMAL,NORMAL2-IM-0645-0001.jpeg,chest_xray_dataset\train\NORMAL\NORMAL2-IM-0645-0001.jpeg,1510,1175,L,fe41616b34dfefb1183f66f6864093cd,NORMAL2-IM-0645,
train,NORMAL,NORMAL2-IM-0647-0001.jpeg,chest_xray_dataset\train\NORMAL\NORMAL2-IM-0647-0001.jpeg,1682,1619,L,d808bf44e6212efcb36781814592cdd0,NORMAL2-IM-0647,
train,NORMAL,NORMAL2-IM-0648-0001.jpeg,chest_xray_dataset\train\NORMAL\NORMAL2-IM-0648-0001.jpeg,1462,1245,L,a342d8de213774cb1f86a3ba7458b1f7,NORMAL2-IM-0648,
train,NORMAL,NORMAL2-IM-0649-0001.jpeg,chest_xray_dataset\train\NORMAL\NORMAL2-IM-0649-0001.jpeg,1518,1194,L,93f0bd1680371fa86f8875a4d499f894,NORMAL2-IM-0649,
train,NORMAL,NORMAL2-IM-0650-0001.jpeg,chest_xray_dataset\train\NORMAL\NORMAL2-IM-0650-0001.jpeg,1528,1327,L,f78102223767304e8372c7fa2dd819ad,NORMAL2-IM-0650,
train,NORMAL,NORMAL2-IM-0651-0001.jpeg,chest_xray_dataset\train\NORMAL\NORMAL2-IM-0651-0001.jpeg,1955,1672,L,87fb3d30c5bad483653f2527b1f53ec9,NORMAL2-IM-0651,
train,NORMAL,NORMAL2-IM-0651-0004.jpeg,chest_xray_dataset\train\NORMAL\NORMAL2-IM-0651-0004.jpeg,1686,1231,L,3aafaaa9cc9b4e13357e4883a05bee6b,NORMAL2-IM-0651,
train,NORMAL,NORMAL2-IM-0652-0001.jpeg,chest_xray_dataset\train\NORMAL\NORMAL2-IM-0652-0001.jpeg,1422,1125,L,bd0788f76bc6eac1d59717324169e29a,NORMAL2-IM-0652,
train,NORMAL,NORMAL2-IM-0653-0001.jpeg,chest_xray_dataset\train\NORMAL\NORMAL2-IM-0653-0001.jpeg,1966,1499,L,6e7c78d209387fc451a00149be60c2ad,NORMAL2-IM-0653,
train,NORMAL,NORMAL2-IM-0654-0001.jpeg,chest_xray_dataset\train\NORMAL\NORMAL2-IM-0654-0001.jpeg,1670,1144,L,e82c712808bdbd7dc1745f5d146eda79,NORMAL2-IM-0654,
train,NORMAL,NORMAL2-IM-0655-0001.jpeg,chest_xray_dataset\train\NORMAL\NORMAL2-IM-0655-0001.jpeg,1802,1407,L,6af1e5c626bc49845d87f664f2804cb8,NORMAL2-IM-0655,
train,NORMAL,NORMAL2-IM-0657-0001.jpeg,chest_xray_dataset\train\NORMAL\NORMAL2-IM-0657-0001.jpeg,1524,1295,L,7c80653734cadfaa7d300b633cdb9dca,NORMAL2-IM-0657,
train,NORMAL,NORMAL2-IM-0659-0001.jpeg,chest_xray_dataset\train\NORMAL\NORMAL2-IM-0659-0001.jpeg,1438,1187,L,e8ad9a135fdba856e05e5f188457d114,NORMAL2-IM-0659,
train,NORMAL,NORMAL2-IM-0660-0001.jpeg,chest_xray_dataset\train\NORMAL\NORMAL2-IM-0660-0001.jpeg,1264,950,L,f008ec3263ddde3a1cebf25589735dcb,NORMAL2-IM-0660,
train,NORMAL,NORMAL2-IM-0661-0001.jpeg,chest_xray_dataset\train\NORMAL\NORMAL2-IM-0661-0001.jpeg,2144,2028,L,817a18377414f85b024427bcee4f18c8,NORMAL2-IM-0661,
train,NORMAL,NORMAL2-IM-0662-0001.jpeg,chest_xray_dataset\train\NORMAL\NORMAL2-IM-0662-0001.jpeg,1418,1020,L,f302aa9732d94cd17afe731f8352396e,NORMAL2-IM-0662,
train,NORMAL,NORMAL2-IM-0663-0001.jpeg,chest_xray_dataset\train\NORMAL\NORMAL2-IM-0663-0001.jpeg,2090,1932,L,7e09a1e36a05c2e81fc91b36b571e1d0,NORMAL2-IM-0663,
train,NORMAL,NORMAL2-IM-0664-0001.jpeg,chest_xray_dataset\train\NORMAL\NORMAL2-IM-0664-0001.jpeg,1878,1647,L,b479c67694309e1b6faf6f976b71e324,NORMAL2-IM-0664,
train,NORMAL,NORMAL2-IM-0665-0001.jpeg,chest_xray_dataset\train\NORMAL\NORMAL2-IM-0665-0001.jpeg,1186,769,L,0fb33dcd93fe681973469b8f3d62733a,NORMAL2-IM-0665,
train,NORMAL,NORMAL2-IM-0666-0001.jpeg,chest_xray_dataset\train\NORMAL\NORMAL2-IM-0666-0001.jpeg,1920,1750,L,957250f09df7ba6ea3fbb5db83e8af29,NORMAL2-IM-0666,
train,NORMAL,NORMAL2-IM-0667-0001.jpeg,chest_xray_dataset\train\NORMAL\NORMAL2-IM-0667-0001.jpeg,1566,1210,L,9ffc51088bc119b29400caff7e398f85,NORMAL2-IM-0667,
train,NORMAL,NORMAL2-IM-0668-0001.jpeg,chest_xray_dataset\train\NORMAL\NORMAL2-IM-0668-0001.jpeg,1600,1542,L,89705781a5b3d4d54fe660b418135715,NORMAL2-IM-0668,
train,NORMAL,NORMAL2-IM-0669-0001.jpeg,chest_xray_dataset\train\NORMAL\NORMAL2-IM-0669-0001.jpeg,1692,1735,L,b8e20fc0ade1463d513ab31865b612d7,NORMAL2-IM-0669,
train,NORMAL,NORMAL2-IM-0671-0001.jpeg,chest_xray_dataset\train\NORMAL\NORMAL2-IM-0671-0001.jpeg,1546,1205,L,3b4be8d3d94755939f858ae97a963835,NORMAL2-IM-0671,
train,NORMAL,NORMAL2-IM-0672-0001.jpeg,chest_xray_dataset\train\NORMAL\NORMAL2-IM-0672-0001.jpeg,1576,1383,L,ba6abd12c8c49a27a1eae19241470615,NORMAL2-IM-0672,
train,NORMAL,NORMAL2-IM-0673-0001.jpeg,chest_xray_dataset\train\NORMAL\NORMAL2-IM-0673-0001.jpeg,1616,1318,L,e3cbaf7f8525b3a2f77cee175a169d50,NORMAL2-IM-0673,
train,NORMAL,NORMAL2-IM-0675-0001.jpeg,chest_xray_dataset\train\NORMAL\NORMAL2-IM-0675-0001.jpeg,1460,1233,L,50259b849fac1de250cf13712819037e,NORMAL2-IM-0675,
train,NORMAL,NORMAL2-IM-0678-0001.jpeg,chest_xray_dataset\train\NORMAL\NORMAL2-IM-0678-0001.jpeg,1634,1183,L,4742adce083adff547c4f743232b9a2f,NORMAL2-IM-0678,
train,NORMAL,NORMAL2-IM-0680-0001.jpeg,chest_xray_dataset\train\NORMAL\NORMAL2-IM-0680-0001.jpeg,1592,1344,L,c9776c9e90718a97e30432d4d2be53c3,NORMAL2-IM-0680,
train,NORMAL,NORMAL2-IM-0682-0001.jpeg,chest_xray_dataset\train\NORMAL\NORMAL2-IM-0682-0001.jpeg,1778,1492,L,4248fc103888eb2661713ca3fe907877,NORMAL2-IM-0682,
train,NORMAL,NORMAL2-IM-0683-0001.jpeg,chest_xray_dataset\train\NORMAL\NORMAL2-IM-0683-0001.jpeg,1538,1222,L,2f3f4410a55c020c7d4e775ec4fefa7d,NORMAL2-IM-0683,
train,NORMAL,NORMAL2-IM-0684-0001-0001.jpeg,chest_xray_dataset\train\NORMAL\NORMAL2-IM-0684-0001-0001.jpeg,1857,1815,L,83729eafac63902f990e9453ff20d4df,NORMAL2-IM-0684,
train,NORMAL,NORMAL2-IM-0686-0001.jpeg,chest_xray_dataset\train\NORMAL\NORMAL2-IM-0686-0001.jpeg,1512,1325,L,7d467dd1d5f1f5ee0923149c5dd8157b,NORMAL2-IM-0686,
train,NORMAL,NORMAL2-IM-0687-0001.jpeg,chest_xray_dataset\train\NORMAL\NORMAL2-IM-0687-0001.jpeg,1504,1244,L,2cdb41c0a838a34c5b33a88febb7e69e,NORMAL2-IM-0687,
train,NORMAL,NORMAL2-IM-0689-0001.jpeg,chest_xray_dataset\train\NORMAL\NORMAL2-IM-0689-0001.jpeg,1244,1097,L,55227b600800be9203eda69552a42edf,NORMAL2-IM-0689,
train,NORMAL,NORMAL2-IM-0690-0001.jpeg,chest_xray_dataset\train\NORMAL\NORMAL2-IM-0690-0001.jpeg,1198,897,L,2bf0806b71ef51cf98bc9f03694df11d,NORMAL2-IM-0690,
train,NORMAL,NORMAL2-IM-0692-0001.jpeg,chest_xray_dataset\train\NORMAL\NORMAL2-IM-0692-0001.jpeg,1724,1534,L,b21525d0c3748cc7b4ae1f672a88f6d5,NORMAL2-IM-0692,
train,NORMAL,NORMAL2-IM-0693-0001.jpeg,chest_xray_dataset\train\NORMAL\NORMAL2-IM-0693-0001.jpeg,2020,1700,L,ba848ee125b94215b514437128943725,NORMAL2-IM-0693,
train,NORMAL,NORMAL2-IM-0694-0001.jpeg,chest_xray_dataset\train\NORMAL\NORMAL2-IM-0694-0001.jpeg,2018,1881,L,5c9d376aed5f3f692d24b5d9b483a8c4,NORMAL2-IM-0694,
train,NORMAL,NORMAL2-IM-0695-0001.jpeg,chest_xray_dataset\train\NORMAL\NORMAL2-IM-0695-0001.jpeg,1500,1294,L,7ed382f8928841f34815ee7a918470a7,NORMAL2-IM-0695,
train,NORMAL,NORMAL2-IM-0696-0001.jpeg,chest_xray_dataset\train\NORMAL\NORMAL2-IM-0696-0001.jpeg,1802,1422,L,bfc25590bce262cdb3d9c5d6533bd8bd,NORMAL2-IM-0696,
train,NORMAL,NORMAL2-IM-0698-0001.jpeg,chest_xray_dataset\train\NORMAL\NORMAL2-IM-0698-0001.jpeg,1554,1245,L,0997f930c481bc5c33e7c54d09fa4364,NORMAL2-IM-0698,
train,NORMAL,NORMAL2-IM-0699-0001.jpeg,chest_xray_dataset\train\NORMAL\NORMAL2-IM-0699-0001.jpeg,1920,1920,L,013b80128bf09d566226de5294497a7a,NORMAL2-IM-0699,
train,NORMAL,NORMAL2-IM-0700-0001.jpeg,chest_xray_dataset\train\NORMAL\NORMAL2-IM-0700-0001.jpeg,1874,1774,L,31cf3d43cabd3648ce53ae0a889adc29,NORMAL2-IM-0700,
train,NORMAL,NORMAL2-IM-0702-0001.jpeg,chest_xray_dataset\train\NORMAL\NORMAL2-IM-0702-0001.jpeg,2514,2264,L,37a30a42497ee33119a7e8f3f48a5b2d,NORMAL2-IM-0702,
train,NORMAL,NORMAL2-IM-0705-0001.jpeg,chest_xray_dataset\train\NORMAL\NORMAL2-IM-0705-0001.jpeg,1960,1648,L,2f71a68261834d3d8db6729d74e06c74,NORMAL2-IM-0705,
train,NORMAL,NORMAL2-IM-0707-0001.jpeg,chest_xray_dataset\train\NORMAL\NORMAL2-IM-0707-0001.jpeg,1384,1208,L,1ffd41bde65c330dff0181f095ae19e0,NORMAL2-IM-0707,
train,NORMAL,NORMAL2-IM-0718-0001.jpeg,chest_xray_dataset\train\NORMAL\NORMAL2-IM-0718-0001.jpeg,1248,1136,L,2c34a17d1cfca20485e65d42033e74be,NORMAL2-IM-0718,
train,NORMAL,NORMAL2-IM-0719-0001.jpeg,chest_xray_dataset\train\NORMAL\NORMAL2-IM-0719-0001.jpeg,1616,1408,L,d1af777dfd36d8fa1df3b80c1623a9c8,NORMAL2-IM-0719,
train,NORMAL,NORMAL2-IM-0723-0001.jpeg,chest_xray_dataset\train\NORMAL\NORMAL2-IM-0723-0001.jpeg,1168,960,L,2f8c35e6747fe405dad2e2b6545abc45,NORMAL2-IM-0723,
train,NORMAL,NORMAL2-IM-0725-0001.jpeg,chest_xray_dataset\train\NORMAL\NORMAL2-IM-0725-0001.jpeg,1088,824,L,5018bbc014e434b2134ca7010f24fdb1,NORMAL2-IM-0725,
train,NORMAL,NORMAL2-IM-0727-0001.jpeg,chest_xray_dataset\train\NORMAL\NORMAL2-IM-0727-0001.jpeg,1672,1432,L,41ec22a2e75164693a138aaca7c7d9e1,NORMAL2-IM-0727,
train,NORMAL,NORMAL2-IM-0730-0001.jpeg,chest_xray_dataset\train\NORMAL\NORMAL2-IM-0730-0001.jpeg,1672,1328,L,9fe03346a5a00692d31dbcd9e107092e,NORMAL2-IM-0730,
train,NORMAL,NORMAL2-IM-0736-0001.jpeg,chest_xray_dataset\train\NORMAL\NORMAL2-IM-0736-0001.jpeg,1432,1184,L,a3748386eb0c4000809e6885d1387d31,NORMAL2-IM-0736,
train,NORMAL,NORMAL2-IM-0741-0001.jpeg,chest_xray_dataset\train\NORMAL\NORMAL2-IM-0741-0001.jpeg,1240,1064,L,bec04fde0100ca3f12cb69439bce3a78,NORMAL2-IM-0741,
train,NORMAL,NORMAL2-IM-0744-0001.jpeg,chest_xray_dataset\train\NORMAL\NORMAL2-IM-0744-0001.jpeg,1416,1296,L,51988f0981316e4cec8482557b6b9bea,NORMAL2-IM-0744,
train,NORMAL,NORMAL2-IM-0746-0001.jpeg,chest_xray_dataset\train\NORMAL\NORMAL2-IM-0746-0001.jpeg,1456,1272,L,ea3be71d159854c16ba9f30c10508859,NORMAL2-IM-0746,
train,NORMAL,NORMAL2-IM-0749-0001.jpeg,chest_xray_dataset\train\NORMAL\NORMAL2-IM-0749-0001.jpeg,1412,1066,L,474169dc67c8d00907f373fcf4b5b223,NORMAL2-IM-0749,
train,NORMAL,NORMAL2-IM-0753-0001.jpeg,chest_xray_dataset\train\NORMAL\NORMAL2-IM-0753-0001.jpeg,1088,968,L,f00680669ea8ae421e0e9c129a0bd013,NORMAL2-IM-0753,
train,NORMAL,NORMAL2-IM-0757-0001.jpeg,chest_xray_dataset\train\NORMAL\NORMAL2-IM-0757-0001.jpeg,1160,904,L,88fe34dd979ecd1b3252b512b972bac5,NORMAL2-IM-0757,
train,NORMAL,NORMAL2-IM-0765-0001.jpeg,chest_xray_dataset\train\NORMAL\NORMAL2-IM-0765-0001.jpeg,1264,984,L,947e4966f8e856489343c33bf8aec0f1,NORMAL2-IM-0765,
train,NORMAL,NORMAL2-IM-0771-0001.jpeg,chest_xray_dataset\train\NORMAL\NORMAL2-IM-0771-0001.jpeg,1336,1128,L,f7b25b0b41e5a1402e381b7a840c10db,NORMAL2-IM-0771,
train,NORMAL,NORMAL2-IM-0772-0001.jpeg,chest_xray_dataset\train\NORMAL\NORMAL2-IM-0772-0001.jpeg,1376,1048,L,4109bf54dc0727b000d6b22dae9c5a7f,NORMAL2-IM-0772,
train,NORMAL,NORMAL2-IM-0774-0001.jpeg,chest_xray_dataset\train\NORMAL\NORMAL2-IM-0774-0001.jpeg,2510,2543,L,b47bbfe9cda0cb5675ce3e75e111ad21,NORMAL2-IM-0774,
train,NORMAL,NORMAL2-IM-0775-0001.jpeg,chest_xray_dataset\train\NORMAL\NORMAL2-IM-0775-0001.jpeg,1310,1136,L,d00ae64907762cb8bd5892f04884e3a5,NORMAL2-IM-0775,
train,NORMAL,NORMAL2-IM-0776-0001.jpeg,chest_xray_dataset\train\NORMAL\NORMAL2-IM-0776-0001.jpeg,1744,1769,L,e3e47e93d22a7cacf615a296930527e5,NORMAL2-IM-0776,
train,NORMAL,NORMAL2-IM-0777-0001.jpeg,chest_xray_dataset\train\NORMAL\NORMAL2-IM-0777-0001.jpeg,1522,1407,L,263e4f261703b587c1263f6aef25c5ff,NORMAL2-IM-0777,
train,NORMAL,NORMAL2-IM-0780-0001.jpeg,chest_xray_dataset\train\NORMAL\NORMAL2-IM-0780-0001.jpeg,1709,1787,L,bb990c65f200dd362fbc7b1d19436482,NORMAL2-IM-0780,
train,NORMAL,NORMAL2-IM-0781-0001.jpeg,chest_xray_dataset\train\NORMAL\NORMAL2-IM-0781-0001.jpeg,2276,2221,L,573ee93a95bfcd9f6d230b357fe19d1a,NORMAL2-IM-0781,
train,NORMAL,NORMAL2-IM-0790-0001.jpeg,chest_xray_dataset\train\NORMAL\NORMAL2-IM-0790-0001.jpeg,1624,1280,L,2108f6d650a15b6f6cb4426478887895,NORMAL2-IM-0790,
train,NORMAL,NORMAL2-IM-0793-0001.jpeg,chest_xray_dataset\train\NORMAL\NORMAL2-IM-0793-0001.jpeg,2179,1604,L,17987bca6c16b85d00c5ba1d6d99292c,NORMAL2-IM-0793,
train,NORMAL,NORMAL2-IM-0796-0001.jpeg,chest_xray_dataset\train\NORMAL\NORMAL2-IM-0796-0001.jpeg,1554,1136,L,6d3b36f17ad854ceb74f21e2a1c899fb,NORMAL2-IM-0796,
train,NORMAL,NORMAL2-IM-0797-0001.jpeg,chest_xray_dataset\train\NORMAL\NORMAL2-IM-0797-0001.jpeg,1612,1515,L,300889fde152b0189d3c493ea821263b,NORMAL2-IM-0797,
train,NORMAL,NORMAL2-IM-0798-0001.jpeg,chest_xray_dataset\train\NORMAL\NORMAL2-IM-0798-0001.jpeg,1450,1051,L,fdbb823cc40a573337c19b05c99dd1c2,NORMAL2-IM-0798,
train,NORMAL,NORMAL2-IM-0799-0001.jpeg,chest_xray_dataset\train\NORMAL\NORMAL2-IM-0799-0001.jpeg,1856,1333,L,8c3af741feae15f442e052fd98adab87,NORMAL2-IM-0799,
train,NORMAL,NORMAL2-IM-0803-0001.jpeg,chest_xray_dataset\train\NORMAL\NORMAL2-IM-0803-0001.jpeg,1740,1279,L,406188cf146acefb187b575a1855827e,NORMAL2-IM-0803,
train,NORMAL,NORMAL2-IM-0804-0001.jpeg,chest_xray_dataset\train\NORMAL\NORMAL2-IM-0804-0001.jpeg,1646,1391,L,7ce5771aeaad3bfb7d9ed807aa1cd55f,NORMAL2-IM-0804,
train,NORMAL,NORMAL2-IM-0806-0001.jpeg,chest_xray_dataset\train\NORMAL\NORMAL2-IM-0806-0001.jpeg,1508,1337,L,22687dd323bae6bc8264200bf613f4dd,NORMAL2-IM-0806,
train,NORMAL,NORMAL2-IM-0807-0001.jpeg,chest_xray_dataset\train\NORMAL\NORMAL2-IM-0807-0001.jpeg,1496,1337,L,73feb2ad107345229d3d46db7c9ed2c1,NORMAL2-IM-0807,
train,NORMAL,NORMAL2-IM-0808-0001.jpeg,chest_xray_dataset\train\NORMAL\NORMAL2-IM-0808-0001.jpeg,1932,1908,L,ad04de68cb0cef3de98d30975c589a40,NORMAL2-IM-0808,
train,NORMAL,NORMAL2-IM-0809-0001.jpeg,chest_xray_dataset\train\NORMAL\NORMAL2-IM-0809-0001.jpeg,1322,978,L,a16245a194e1e37c7a853da6ab837ac1,NORMAL2-IM-0809,
train,NORMAL,NORMAL2-IM-0810-0001.jpeg,chest_xray_dataset\train\NORMAL\NORMAL2-IM-0810-0001.jpeg,1638,1279,L,7cca8c7970e2f9bbaf608ed729bc9d0d,NORMAL2-IM-0810,
train,NORMAL,NORMAL2-IM-0811-0001.jpeg,chest_xray_dataset\train\NORMAL\NORMAL2-IM-0811-0001.jpeg,1678,1368,L,4b006d7d08e5af49cd58d2f276543ecf,NORMAL2-IM-0811,
train,NORMAL,NORMAL2-IM-0812-0001.jpeg,chest_xray_dataset\train\NORMAL\NORMAL2-IM-0812-0001.jpeg,1754,1341,L,e60a157a4fc725bc165690354b8ba679,NORMAL2-IM-0812,
train,NORMAL,NORMAL2-IM-0814-0001.jpeg,chest_xray_dataset\train\NORMAL\NORMAL2-IM-0814-0001.jpeg,1736,1399,L,d4b0d73844f7a5bf271a03c43400cb55,NORMAL2-IM-0814,
train,NORMAL,NORMAL2-IM-0815-0001.jpeg,chest_xray_dataset\train\NORMAL\NORMAL2-IM-0815-0001.jpeg,1554,1067,L,612376f6e8aca495baf7bc36ad888509,NORMAL2-IM-0815,
train,NORMAL,NORMAL2-IM-0816-0001.jpeg,chest_xray_dataset\train\NORMAL\NORMAL2-IM-0816-0001.jpeg,1642,1422,L,ac2871ea7796ae05f57343762687b414,NORMAL2-IM-0816,
train,NORMAL,NORMAL2-IM-0818-0001-0002.jpeg,chest_xray_dataset\train\NORMAL\NORMAL2-IM-0818-0001-0002.jpeg,1679,1914,L,4b2b018d3cd686e1765655c621ce8a68,NORMAL2-IM-0818,
train,NORMAL,NORMAL2-IM-0818-0001.jpeg,chest_xray_dataset\train\NORMAL\NORMAL2-IM-0818-0001.jpeg,1874,1670,L,a11d85a10449e9661ccca47c0c4e7863,NORMAL2-IM-0818,
train,NORMAL,NORMAL2-IM-0819-0001.jpeg,chest_xray_dataset\train\NORMAL\NORMAL2-IM-0819-0001.jpeg,1796,1283,L,9a85cbfc2e6ac7876e85b3745faec684,NORMAL2-IM-0819,
train,NORMAL,NORMAL2-IM-0820-0001.jpeg,chest_xray_dataset\train\NORMAL\NORMAL2-IM-0820-0001.jpeg,1620,1438,L,b2606461629ab176a52b32bdfedf534e,NORMAL2-IM-0820,
train,NORMAL,NORMAL2-IM-0821-0001.jpeg,chest_xray_dataset\train\NORMAL\NORMAL2-IM-0821-0001.jpeg,1836,1487,L,a83da7d05290aab5690d497fd7077952,NORMAL2-IM-0821,
train,NORMAL,NORMAL2-IM-0822-0001.jpeg,chest_xray_dataset\train\NORMAL\NORMAL2-IM-0822-0001.jpeg,1904,1461,L,9ec6f62421d6214dec67dae755ce3a2b,NORMAL2-IM-0822,
train,NORMAL,NORMAL2-IM-0824-0001.jpeg,chest_xray_dataset\train\NORMAL\NORMAL2-IM-0824-0001.jpeg,1230,993,L,01a305d7670f9bdc79b7f8c1f6dd3c09,NORMAL2-IM-0824,
train,NORMAL,NORMAL2-IM-0825-0001.jpeg,chest_xray_dataset\train\NORMAL\NORMAL2-IM-0825-0001.jpeg,1720,1507,L,5ecc6f73d558f4b26b57ced9efbf9298,NORMAL2-IM-0825,
train,NORMAL,NORMAL2-IM-0826-0001.jpeg,chest_xray_dataset\train\NORMAL\NORMAL2-IM-0826-0001.jpeg,1450,1020,L,f43bdee99b243861ea6a9ecebed2c78a,NORMAL2-IM-0826,
train,NORMAL,NORMAL2-IM-0827-0001.jpeg,chest_xray_dataset\train\NORMAL\NORMAL2-IM-0827-0001.jpeg,1646,1588,L,8e9a15e9ee3c718f3eab81d1a049ad30,NORMAL2-IM-0827,
train,NORMAL,NORMAL2-IM-0828-0001.jpeg,chest_xray_dataset\train\NORMAL\NORMAL2-IM-0828-0001.jpeg,2553,2305,L,f62baf93214455d522cd96a1f1d0ac19,NORMAL2-IM-0828,
train,NORMAL,NORMAL2-IM-0829-0001.jpeg,chest_xray_dataset\train\NORMAL\NORMAL2-IM-0829-0001.jpeg,1144,966,L,54e191f72d8a5134b2e2102c84e4213a,NORMAL2-IM-0829,
train,NORMAL,NORMAL2-IM-0830-0001.jpeg,chest_xray_dataset\train\NORMAL\NORMAL2-IM-0830-0001.jpeg,1386,1158,L,ca636b10aa5ef725da86059a8e6d643d,NORMAL2-IM-0830,
train,NORMAL,NORMAL2-IM-0831-0001.jpeg,chest_xray_dataset\train\NORMAL\NORMAL2-IM-0831-0001.jpeg,2032,2016,L,d810722367a864c53f85c83f6ac68243,NORMAL2-IM-0831,
train,NORMAL,NORMAL2-IM-0832-0001-0001.jpeg,chest_xray_dataset\train\NORMAL\NORMAL2-IM-0832-0001-0001.jpeg,1632,1186,L,dfc2c0bd213b4d511ce31d299d086281,NORMAL2-IM-0832,
train,NORMAL,NORMAL2-IM-0832-0001-0002.jpeg,chest_xray_dataset\train\NORMAL\NORMAL2-IM-0832-0001-0002.jpeg,1426,1206,L,5722265a0e62db5835e07918c7e31de6,NORMAL2-IM-0832,
train,NORMAL,NORMAL2-IM-0832-0001.jpeg,chest_xray_dataset\train\NORMAL\NORMAL2-IM-0832-0001.jpeg,1538,1164,L,ac1d643e8663d03227d0343fe5f6e7c2,NORMAL2-IM-0832,
train,NORMAL,NORMAL2-IM-0833-0001.jpeg,chest_xray_dataset\train\NORMAL\NORMAL2-IM-0833-0001.jpeg,1800,1499,L,d79c4896c0604f6347a5d760be39a2ce,NORMAL2-IM-0833,
train,NORMAL,NORMAL2-IM-0834-0001.jpeg,chest_xray_dataset\train\NORMAL\NORMAL2-IM-0834-0001.jpeg,2031,1693,L,06f9470d610faa220fd928ba539fbdfd,NORMAL2-IM-0834,
train,NORMAL,NORMAL2-IM-0836-0001.jpeg,chest_xray_dataset\train\NORMAL\NORMAL2-IM-0836-0001.jpeg,1666,1507,L,5e7bcc3a5b92d3686c040882b5458a03,NORMAL2-IM-0836,
train,NORMAL,NORMAL2-IM-0837-0001.jpeg,chest_xray_dataset\train\NORMAL\NORMAL2-IM-0837-0001.jpeg,1566,1248,L,f23a050d0c22dd1bec66549d24fd5d89,NORMAL2-IM-0837,
train,NORMAL,NORMAL2-IM-0838-0001.jpeg,chest_xray_dataset\train\NORMAL\NORMAL2-IM-0838-0001.jpeg,1300,1051,L,30434eaef789fb71869ae2935bd06ac2,NORMAL2-IM-0838,
train,NORMAL,NORMAL2-IM-0839-0001.jpeg,chest_xray_dataset\train\NORMAL\NORMAL2-IM-0839-0001.jpeg,1882,1855,L,137e4c41dfe16cc3136e4e04abc51b9a,NORMAL2-IM-0839,
train,NORMAL,NORMAL2-IM-0840-0001.jpeg,chest_xray_dataset\train\NORMAL\NORMAL2-IM-0840-0001.jpeg,1786,1175,L,8e9679e64824614f0c8f16269897ad44,NORMAL2-IM-0840,
train,NORMAL,NORMAL2-IM-0841-0001.jpeg,chest_xray_dataset\train\NORMAL\NORMAL2-IM-0841-0001.jpeg,2132,2017,L,672af8c5fe7d4b65657d6046e29c25dd,NORMAL2-IM-0841,
train,NORMAL,NORMAL2-IM-0842-0001.jpeg,chest_xray_dataset\train\NORMAL\NORMAL2-IM-0842-0001.jpeg,1658,1294,L,f0b7a6342805060f27c43991357e79d2,NORMAL2-IM-0842,
train,NORMAL,NORMAL2-IM-0843-0001.jpeg,chest_xray_dataset\train\NORMAL\NORMAL2-IM-0843-0001.jpeg,1708,1468,L,ce7839c3869b5ddac67a6d805978e5ba,NORMAL2-IM-0843,
train,NORMAL,NORMAL2-IM-0845-0001.jpeg,chest_xray_dataset\train\NORMAL\NORMAL2-IM-0845-0001.jpeg,1698,1473,L,1ff8e403011fd1684a804f73fe61dc4e,NORMAL2-IM-0845,
train,NORMAL,NORMAL2-IM-0846-0001.jpeg,chest_xray_dataset\train\NORMAL\NORMAL2-IM-0846-0001.jpeg,1952,1967,L,9926a4fe85b4cd46cf6a54bf004381e4,NORMAL2-IM-0846,
train,NORMAL,NORMAL2-IM-0847-0001.jpeg,chest_xray_dataset\train\NORMAL\NORMAL2-IM-0847-0001.jpeg,1566,1353,L,5719c7273b12e73e175527a8de3f41a5,NORMAL2-IM-0847,
train,NORMAL,NORMAL2-IM-0848-0001.jpeg,chest_xray_dataset\train\NORMAL\NORMAL2-IM-0848-0001.jpeg,1514,1032,L,6a02d9dc02eb78b44d13703bcc6bbc0f,NORMAL2-IM-0848,
train,NORMAL,NORMAL2-IM-0849-0001.jpeg,chest_xray_dataset\train\NORMAL\NORMAL2-IM-0849-0001.jpeg,1704,1283,L,43cadaf8e712b74f02331a91f1e4fa9a,NORMAL2-IM-0849,
train,NORMAL,NORMAL2-IM-0851-0001-0001.jpeg,chest_xray_dataset\train\NORMAL\NORMAL2-IM-0851-0001-0001.jpeg,1562,1164,L,d7a517c8751572b73486f65b8c2fd670,NORMAL2-IM-0851,
train,NORMAL,NORMAL2-IM-0851-0001-0002.jpeg,chest_xray_dataset\train\NORMAL\NORMAL2-IM-0851-0001-0002.jpeg,1782,1437,L,bd7de852a13e1bf1e954acbfaf4e8fa0,NORMAL2-IM-0851,
train,NORMAL,NORMAL2-IM-0851-0001.jpeg,chest_xray_dataset\train\NORMAL\NORMAL2-IM-0851-0001.jpeg,1442,1229,L,8c0eac05b3431b7cc813e39d39191bac,NORMAL2-IM-0851,
train,NORMAL,NORMAL2-IM-0852-0001.jpeg,chest_xray_dataset\train\NORMAL\NORMAL2-IM-0852-0001.jpeg,1360,1167,L,a4ef5a94e0bce013d083181ef34facb3,NORMAL2-IM-0852,
train,NORMAL,NORMAL2-IM-0853-0001.jpeg,chest_xray_dataset\train\NORMAL\NORMAL2-IM-0853-0001.jpeg,1554,1151,L,cb8cabf1ce5cf9b05580b8ac26dca8c5,NORMAL2-IM-0853,
train,NORMAL,NORMAL2-IM-0854-0001.jpeg,chest_xray_dataset\train\NORMAL\NORMAL2-IM-0854-0001.jpeg,1662,1194,L,8b18fbf2e029e355d57b48456fe57c94,NORMAL2-IM-0854,
train,NORMAL,NORMAL2-IM-0855-0001.jpeg,chest_xray_dataset\train\NORMAL\NORMAL2-IM-0855-0001.jpeg,1675,1428,L,97b79a5a901d9da0b79591b5a203a9d3,NORMAL2-IM-0855,
train,NORMAL,NORMAL2-IM-0856-0001.jpeg,chest_xray_dataset\train\NORMAL\NORMAL2-IM-0856-0001.jpeg,1395,1312,L,428cb51a86bf1e9c2f032afad86073c7,NORMAL2-IM-0856,
train,NORMAL,NORMAL2-IM-0857-0001.jpeg,chest_xray_dataset\train\NORMAL\NORMAL2-IM-0857-0001.jpeg,1586,1306,L,c55ff7c703aee33acbb4c47ba5105195,NORMAL2-IM-0857,
train,NORMAL,NORMAL2-IM-0858-0001.jpeg,chest_xray_dataset\train\NORMAL\NORMAL2-IM-0858-0001.jpeg,1558,1259,L,e1943e9edb9bb585a116319280c23cbc,NORMAL2-IM-0858,
train,NORMAL,NORMAL2-IM-0859-0001.jpeg,chest_xray_dataset\train\NORMAL\NORMAL2-IM-0859-0001.jpeg,1906,1527,L,745642698cdae359c8f0cba33c14e300,NORMAL2-IM-0859,
train,NORMAL,NORMAL2-IM-0860-0001.jpeg,chest_xray_dataset\train\NORMAL\NORMAL2-IM-0860-0001.jpeg,1704,1553,L,3743379f43651219320e7f834ec87e98,NORMAL2-IM-0860,
train,NORMAL,NORMAL2-IM-0862-0001.jpeg,chest_xray_dataset\train\NORMAL\NORMAL2-IM-0862-0001.jpeg,1570,1310,L,063aa75d69a7ef428b1452c2b37221ca,NORMAL2-IM-0862,
train,NORMAL,NORMAL2-IM-0863-0001.jpeg,chest_xray_dataset\train\NORMAL\NORMAL2-IM-0863-0001.jpeg,1770,1472,L,7cd3a28d156416aaf764903065626389,NORMAL2-IM-0863,
train,NORMAL,NORMAL2-IM-0865-0001.jpeg,chest_xray_dataset\train\NORMAL\NORMAL2-IM-0865-0001.jpeg,2180,2085,L,97deb3f9eb2d60300604beb033b60cd7,NORMAL2-IM-0865,
train,NORMAL,NORMAL2-IM-0866-0001.jpeg,chest_xray_dataset\train\NORMAL\NORMAL2-IM-0866-0001.jpeg,1414,1206,L,561c6a94baf0dbe7879f9d061a797d1f,NORMAL2-IM-0866,
train,NORMAL,NORMAL2-IM-0867-0001.jpeg,chest_xray_dataset\train\NORMAL\NORMAL2-IM-0867-0001.jpeg,1334,994,L,93cd05052175382b7328b00829deaa4f,NORMAL2-IM-0867,
train,NORMAL,NORMAL2-IM-0868-0001.jpeg,chest_xray_dataset\train\NORMAL\NORMAL2-IM-0868-0001.jpeg,1504,1283,L,0c51c03bca74a0f5c9bc6ec3efed6c8c,NORMAL2-IM-0868,
train,NORMAL,NORMAL2-IM-0869-0001.jpeg,chest_xray_dataset\train\NORMAL\NORMAL2-IM-0869-0001.jpeg,1534,1063,L,c270b5fd0d75ba9891654ae7bb1eb602,NORMAL2-IM-0869,
train,NORMAL,NORMAL2-IM-0870-0001.jpeg,chest_xray_dataset\train\NORMAL\NORMAL2-IM-0870-0001.jpeg,1480,1228,L,f1df2cd6e5311e5b2aefa7879d903c7d,NORMAL2-IM-0870,
train,NORMAL,NORMAL2-IM-0871-0001.jpeg,chest_xray_dataset\train\NORMAL\NORMAL2-IM-0871-0001.jpeg,1632,1260,L,e3f64d0d27a710642390caf26d73d4c8,NORMAL2-IM-0871,
train,NORMAL,NORMAL2-IM-0872-0001.jpeg,chest_xray_dataset\train\NORMAL\NORMAL2-IM-0872-0001.jpeg,1156,804,L,39f4d2d444ca50110572411adde24bae,NORMAL2-IM-0872,
train,NORMAL,NORMAL2-IM-0873-0001.jpeg,chest_xray_dataset\train\NORMAL\NORMAL2-IM-0873-0001.jpeg,1210,1017,L,c006e0b4060f475e07a91ac44a8fc0a3,NORMAL2-IM-0873,
train,NORMAL,NORMAL2-IM-0874-0001.jpeg,chest_xray_dataset\train\NORMAL\NORMAL2-IM-0874-0001.jpeg,1748,1299,L,a49ec09b65e37f45c9f8f2563f3b71d3,NORMAL2-IM-0874,
train,NORMAL,NORMAL2-IM-0875-0001.jpeg,chest_xray_dataset\train\NORMAL\NORMAL2-IM-0875-0001.jpeg,2094,1912,L,d8d2adf991190ae4cb483b6285672f80,NORMAL2-IM-0875,
train,NORMAL,NORMAL2-IM-0876-0001.jpeg,chest_xray_dataset\train\NORMAL\NORMAL2-IM-0876-0001.jpeg,1874,1187,L,637be0d5c4f91bd7d02c3a8d809d47d4,NORMAL2-IM-0876,
train,NORMAL,NORMAL2-IM-0877-0001.jpeg,chest_xray_dataset\train\NORMAL\NORMAL2-IM-0877-0001.jpeg,1584,1407,L,893b59e19950243772aeeccbbe5d8dfa,NORMAL2-IM-0877,
train,NORMAL,NORMAL2-IM-0879-0001.jpeg,chest_xray_dataset\train\NORMAL\NORMAL2-IM-0879-0001.jpeg,1454,1078,L,64791644725def43525fdf774210569c,NORMAL2-IM-0879,
train,NORMAL,NORMAL2-IM-0880-0001.jpeg,chest_xray_dataset\train\NORMAL\NORMAL2-IM-0880-0001.jpeg,1426,1055,L,8b77a4414c5715b748f2257b946f6dda,NORMAL2-IM-0880,
train,NORMAL,NORMAL2-IM-0881-0001.jpeg,chest_xray_dataset\train\NORMAL\NORMAL2-IM-0881-0001.jpeg,1600,1464,L,f1312020915660475bd5a8dfa04344a3,NORMAL2-IM-0881,
train,NORMAL,NORMAL2-IM-0882-0001.jpeg,chest_xray_dataset\train\NORMAL\NORMAL2-IM-0882-0001.jpeg,2090,1743,L,5b5f11f7c07a47fac2ae78c9d3abc90a,NORMAL2-IM-0882,
train,NORMAL,NORMAL2-IM-0885-0001.jpeg,chest_xray_dataset\train\NORMAL\NORMAL2-IM-0885-0001.jpeg,1268,900,L,b784d9b2c02218bf864d26fa463fb256,NORMAL2-IM-0885,
train,NORMAL,NORMAL2-IM-0886-0001.jpeg,chest_xray_dataset\train\NORMAL\NORMAL2-IM-0886-0001.jpeg,1816,1607,L,1887a063b844b1942852160905add062,NORMAL2-IM-0886,
train,NORMAL,NORMAL2-IM-0887-0001.jpeg,chest_xray_dataset\train\NORMAL\NORMAL2-IM-0887-0001.jpeg,1496,1094,L,bfb4bfdef93175dada6b0e9c421fc4ad,NORMAL2-IM-0887,
train,NORMAL,NORMAL2-IM-0888-0001.jpeg,chest_xray_dataset\train\NORMAL\NORMAL2-IM-0888-0001.jpeg,2450,2145,L,f3957d90e2acf1e51eb58e9a17e21c69,NORMAL2-IM-0888,
train,NORMAL,NORMAL2-IM-0890-0001.jpeg,chest_xray_dataset\train\NORMAL\NORMAL2-IM-0890-0001.jpeg,1744,1532,L,28482509f87cdae525e9ee8b1b5e8b6b,NORMAL2-IM-0890,
train,NORMAL,NORMAL2-IM-0892-0001.jpeg,chest_xray_dataset\train\NORMAL\NORMAL2-IM-0892-0001.jpeg,2022,1947,L,ee38d340ca5d885eb2554a354d2fb7ab,NORMAL2-IM-0892,
train,NORMAL,NORMAL2-IM-0893-0001.jpeg,chest_xray_dataset\train\NORMAL\NORMAL2-IM-0893-0001.jpeg,1292,885,L,da2298a1ebc60b9865ec13676894395a,NORMAL2-IM-0893,
train,NORMAL,NORMAL2-IM-0894-0001.jpeg,chest_xray_dataset\train\NORMAL\NORMAL2-IM-0894-0001.jpeg,1808,1383,L,04afa3b483ee457a8413cd3138827d58,NORMAL2-IM-0894,
train,NORMAL,NORMAL2-IM-0895-0001.jpeg,chest_xray_dataset\train\NORMAL\NORMAL2-IM-0895-0001.jpeg,1434,1036,L,25978ccd9680525032353dbb9b6caa13,NORMAL2-IM-0895,
train,NORMAL,NORMAL2-IM-0896-0001.jpeg,chest_xray_dataset\train\NORMAL\NORMAL2-IM-0896-0001.jpeg,1732,1666,L,3cc1909e7de9bba3e7ecf779694bc947,NORMAL2-IM-0896,
train,NORMAL,NORMAL2-IM-0897-0001.jpeg,chest_xray_dataset\train\NORMAL\NORMAL2-IM-0897-0001.jpeg,1676,1400,L,daa288d7bd94b555137c38de807468cf,NORMAL2-IM-0897,
train,NORMAL,NORMAL2-IM-0898-0001.jpeg,chest_xray_dataset\train\NORMAL\NORMAL2-IM-0898-0001.jpeg,1418,1078,L,bc4bde80a857a183fe581530a7a5dbfc,NORMAL2-IM-0898,
train,NORMAL,NORMAL2-IM-0899-0001.jpeg,chest_xray_dataset\train\NORMAL\NORMAL2-IM-0899-0001.jpeg,2427,2374,L,01beb84151432419373954541cf9925a,NORMAL2-IM-0899,
train,NORMAL,NORMAL2-IM-0900-0001.jpeg,chest_xray_dataset\train\NORMAL\NORMAL2-IM-0900-0001.jpeg,1554,1271,L,4b0963ecfb8fc3c71fb21cb21a852203,NORMAL2-IM-0900,
train,NORMAL,NORMAL2-IM-0903-0001.jpeg,chest_xray_dataset\train\NORMAL\NORMAL2-IM-0903-0001.jpeg,1496,1155,L,145398de42f9a3cc39cce4a107f63ad0,NORMAL2-IM-0903,
train,NORMAL,NORMAL2-IM-0904-0001.jpeg,chest_xray_dataset\train\NORMAL\NORMAL2-IM-0904-0001.jpeg,2534,2169,L,2fd40fdc7ec4454360e9091586ed24f7,NORMAL2-IM-0904,
train,NORMAL,NORMAL2-IM-0905-0001.jpeg,chest_xray_dataset\train\NORMAL\NORMAL2-IM-0905-0001.jpeg,1546,1307,L,ac348d7570b617a62f4b97b37f136c20,NORMAL2-IM-0905,
train,NORMAL,NORMAL2-IM-0906-0001.jpeg,chest_xray_dataset\train\NORMAL\NORMAL2-IM-0906-0001.jpeg,1824,1565,L,938c0c99316d7520faa856f76b7dd40d,NORMAL2-IM-0906,
train,NORMAL,NORMAL2-IM-0907-0001.jpeg,chest_xray_dataset\train\NORMAL\NORMAL2-IM-0907-0001.jpeg,1720,1642,L,366e391375b129b84a783c77e1ca05b3,NORMAL2-IM-0907,
train,NORMAL,NORMAL2-IM-0908-0001.jpeg,chest_xray_dataset\train\NORMAL\NORMAL2-IM-0908-0001.jpeg,1402,1105,L,8c36263c2397008531cb491a06b145b6,NORMAL2-IM-0908,
train,NORMAL,NORMAL2-IM-0909-0001.jpeg,chest_xray_dataset\train\NORMAL\NORMAL2-IM-0909-0001.jpeg,1948,1905,L,835f8b21fca939e6d765663f9faa3573,NORMAL2-IM-0909,
train,NORMAL,NORMAL2-IM-0910-0001.jpeg,chest_xray_dataset\train\NORMAL\NORMAL2-IM-0910-0001.jpeg,1754,1179,L,d8d91dcbf4560bcea7e34606174b635a,NORMAL2-IM-0910,
train,NORMAL,NORMAL2-IM-0911-0001.jpeg,chest_xray_dataset\train\NORMAL\NORMAL2-IM-0911-0001.jpeg,2251,1853,L,cad226987cc1a2e52b70759fc9535a4c,NORMAL2-IM-0911,
train,NORMAL,NORMAL2-IM-0912-0001.jpeg,chest_xray_dataset\train\NORMAL\NORMAL2-IM-0912-0001.jpeg,1244,1005,L,d0db53af8a5fcc47a16209887f599243,NORMAL2-IM-0912,
train,NORMAL,NORMAL2-IM-0913-0001.jpeg,chest_xray_dataset\train\NORMAL\NORMAL2-IM-0913-0001.jpeg,1508,1240,L,e05005c35b1cc24093476aec0d474a12,NORMAL2-IM-0913,
train,NORMAL,NORMAL2-IM-0914-0001.jpeg,chest_xray_dataset\train\NORMAL\NORMAL2-IM-0914-0001.jpeg,1430,1113,L,4bdd61e8728e0e5d4dd8f23b482e2984,NORMAL2-IM-0914,
train,NORMAL,NORMAL2-IM-0915-0001.jpeg,chest_xray_dataset\train\NORMAL\NORMAL2-IM-0915-0001.jpeg,1276,1036,L,61da6f8a92d812ebf4fe960d3a2c6a55,NORMAL2-IM-0915,
train,NORMAL,NORMAL2-IM-0917-0001.jpeg,chest_xray_dataset\train\NORMAL\NORMAL2-IM-0917-0001.jpeg,1492,1148,L,244a090020152fd360923cd64be33521,NORMAL2-IM-0917,
train,NORMAL,NORMAL2-IM-0918-0001.jpeg,chest_xray_dataset\train\NORMAL\NORMAL2-IM-0918-0001.jpeg,1450,1275,L,6ed4c89f7f9be82eec2ce72545d5e03b,NORMAL2-IM-0918,
train,NORMAL,NORMAL2-IM-0919-0001.jpeg,chest_xray_dataset\train\NORMAL\NORMAL2-IM-0919-0001.jpeg,2148,1773,L,342c8196d856461190b04b3b2cfcc314,NORMAL2-IM-0919,
train,NORMAL,NORMAL2-IM-0922-0001.jpeg,chest_xray_dataset\train\NORMAL\NORMAL2-IM-0922-0001.jpeg,1508,1140,L,820287468ba65b770a128ea934e8db65,NORMAL2-IM-0922,
train,NORMAL,NORMAL2-IM-0923-0001.jpeg,chest_xray_dataset\train\NORMAL\NORMAL2-IM-0923-0001.jpeg,1820,1619,L,97703608f7d4240ea76039ccd0dce277,NORMAL2-IM-0923,
train,NORMAL,NORMAL2-IM-0924-0001.jpeg,chest_xray_dataset\train\NORMAL\NORMAL2-IM-0924-0001.jpeg,1692,1364,L,1e60d59a50687642f9a82083f7c69aaa,NORMAL2-IM-0924,
train,NORMAL,NORMAL2-IM-0925-0001.jpeg,chest_xray_dataset\train\NORMAL\NORMAL2-IM-0925-0001.jpeg,1886,1916,L,6814f6360798d64924303525ba02e561,NORMAL2-IM-0925,
train,NORMAL,NORMAL2-IM-0926-0001.jpeg,chest_xray_dataset\train\NORMAL\NORMAL2-IM-0926-0001.jpeg,1586,1217,L,e3683fa23e43337f46e479718b81eaea,NORMAL2-IM-0926,
train,NORMAL,NORMAL2-IM-0927-0001.jpeg,chest_xray_dataset\train\NORMAL\NORMAL2-IM-0927-0001.jpeg,2359,2234,L,37d9c9eae7fc6a4356149e071e886a52,NORMAL2-IM-0927,
train,NORMAL,NORMAL2-IM-0929-0001.jpeg,chest_xray_dataset\train\NORMAL\NORMAL2-IM-0929-0001.jpeg,1906,1627,L,5b41d6c0a09170444f3e57f2ebceab5c,NORMAL2-IM-0929,
train,NORMAL,NORMAL2-IM-0930-0001.jpeg,chest_xray_dataset\train\NORMAL\NORMAL2-IM-0930-0001.jpeg,1666,1171,L,72822b66fbb75e01782549f5c03ead9a,NORMAL2-IM-0930,
train,NORMAL,NORMAL2-IM-0931-0001.jpeg,chest_xray_dataset\train\NORMAL\NORMAL2-IM-0931-0001.jpeg,1774,1662,L,cffe471ad7c52981627d03f739489d28,NORMAL2-IM-0931,
train,NORMAL,NORMAL2-IM-0932-0001.jpeg,chest_xray_dataset\train\NORMAL\NORMAL2-IM-0932-0001.jpeg,1650,1078,L,93e6c291158feab8f1a39621c56cd1b7,NORMAL2-IM-0932,
train,NORMAL,NORMAL2-IM-0933-0001.jpeg,chest_xray_dataset\train\NORMAL\NORMAL2-IM-0933-0001.jpeg,1372,1164,L,a9ec55a0a8bc087744fce34e5e1b8f64,NORMAL2-IM-0933,
train,NORMAL,NORMAL2-IM-0934-0001.jpeg,chest_xray_dataset\train\NORMAL\NORMAL2-IM-0934-0001.jpeg,1508,1349,L,68ea91cfef0d767280c3dbf3aee7c544,NORMAL2-IM-0934,
train,NORMAL,NORMAL2-IM-0935-0001.jpeg,chest_xray_dataset\train\NORMAL\NORMAL2-IM-0935-0001.jpeg,1662,1276,L,8956faf8a6c714126f4e9385f78ce9fb,NORMAL2-IM-0935,
train,NORMAL,NORMAL2-IM-0936-0001.jpeg,chest_xray_dataset\train\NORMAL\NORMAL2-IM-0936-0001.jpeg,1582,1418,L,f5e543f433e692a697617765fc991308,NORMAL2-IM-0936,
train,NORMAL,NORMAL2-IM-0937-0001.jpeg,chest_xray_dataset\train\NORMAL\NORMAL2-IM-0937-0001.jpeg,1642,1496,L,8223d132c2606edfeb6167729398c1ec,NORMAL2-IM-0937,
train,NORMAL,NORMAL2-IM-0939-0001.jpeg,chest_xray_dataset\train\NORMAL\NORMAL2-IM-0939-0001.jpeg,2342,2399,L,04871ac3654740be38889826c7f59270,NORMAL2-IM-0939,
train,NORMAL,NORMAL2-IM-0941-0001.jpeg,chest_xray_dataset\train\NORMAL\NORMAL2-IM-0941-0001.jpeg,1704,1499,L,ae8564b83eeb12f5627d6ca9be3daef8,NORMAL2-IM-0941,
train,NORMAL,NORMAL2-IM-0942-0001.jpeg,chest_xray_dataset\train\NORMAL\NORMAL2-IM-0942-0001.jpeg,1746,1812,L,6f05bb40fa0de4dc7a8c2f9804941367,NORMAL2-IM-0942,
train,NORMAL,NORMAL2-IM-0944-0001.jpeg,chest_xray_dataset\train\NORMAL\NORMAL2-IM-0944-0001.jpeg,2566,2321,L,4df554e5d284b8b127c961cbeaea16c2,NORMAL2-IM-0944,
train,NORMAL,NORMAL2-IM-0945-0001.jpeg,chest_xray_dataset\train\NORMAL\NORMAL2-IM-0945-0001.jpeg,1268,924,L,96e1abc20be8887746757fd4928a700d,NORMAL2-IM-0945,
train,NORMAL,NORMAL2-IM-0946-0001.jpeg,chest_xray_dataset\train\NORMAL\NORMAL2-IM-0946-0001.jpeg,1654,1313,L,cbbd4a90943d2212316678a0a7a0acab,NORMAL2-IM-0946,
train,NORMAL,NORMAL2-IM-0947-0001.jpeg,chest_xray_dataset\train\NORMAL\NORMAL2-IM-0947-0001.jpeg,1662,1241,L,e2f9f6613838b56111b8bc6436baa02b,NORMAL2-IM-0947,
train,NORMAL,NORMAL2-IM-0948-0001.jpeg,chest_xray_dataset\train\NORMAL\NORMAL2-IM-0948-0001.jpeg,1994,1839,L,2e8cec03114601735b877e111e68d48f,NORMAL2-IM-0948,
train,NORMAL,NORMAL2-IM-0949-0001.jpeg,chest_xray_dataset\train\NORMAL\NORMAL2-IM-0949-0001.jpeg,1646,1410,L,1793fc51636ba06ea11fef963a1f03bd,NORMAL2-IM-0949,
train,NORMAL,NORMAL2-IM-0950-0001.jpeg,chest_xray_dataset\train\NORMAL\NORMAL2-IM-0950-0001.jpeg,1802,1437,L,84f6f545a13bcfb729119f7526e63d30,NORMAL2-IM-0950,
train,NORMAL,NORMAL2-IM-0951-0001.jpeg,chest_xray_dataset\train\NORMAL\NORMAL2-IM-0951-0001.jpeg,1558,1279,L,5318487cbe3551e91a68eac03e2042d9,NORMAL2-IM-0951,
train,NORMAL,NORMAL2-IM-0952-0001.jpeg,chest_xray_dataset\train\NORMAL\NORMAL2-IM-0952-0001.jpeg,1554,1229,L,1656e068d0067c15d452a1c66361b5f4,NORMAL2-IM-0952,
train,NORMAL,NORMAL2-IM-0954-0001.jpeg,chest_xray_dataset\train\NORMAL\NORMAL2-IM-0954-0001.jpeg,1570,1499,L,a8b6b1d0bf5c1b5e3d6676c4cee33874,NORMAL2-IM-0954,
train,NORMAL,NORMAL2-IM-0955-0001.jpeg,chest_xray_dataset\train\NORMAL\NORMAL2-IM-0955-0001.jpeg,1770,1325,L,c14750aa49d5f4a080f62c69fdd0b3de,NORMAL2-IM-0955,
train,NORMAL,NORMAL2-IM-0956-0001.jpeg,chest_xray_dataset\train\NORMAL\NORMAL2-IM-0956-0001.jpeg,1334,1171,L,84fe2de679c2cd9170c9f3f3dc763a84,NORMAL2-IM-0956,
train,NORMAL,NORMAL2-IM-0957-0001.jpeg,chest_xray_dataset\train\NORMAL\NORMAL2-IM-0957-0001.jpeg,2633,2578,L,1a03628e8910d38b064b4a0c77bee008,NORMAL2-IM-0957,
train,NORMAL,NORMAL2-IM-0959-0001.jpeg,chest_xray_dataset\train\NORMAL\NORMAL2-IM-0959-0001.jpeg,1128,966,L,c3ebab57f6a4056c1100051496602691,NORMAL2-IM-0959,
train,NORMAL,NORMAL2-IM-0960-0001.jpeg,chest_xray_dataset\train\NORMAL\NORMAL2-IM-0960-0001.jpeg,1862,1429,L,3321bc5638e7a489c9ab030f36200f2d,NORMAL2-IM-0960,
train,NORMAL,NORMAL2-IM-0961-0001.jpeg,chest_xray_dataset\train\NORMAL\NORMAL2-IM-0961-0001.jpeg,1840,1642,L,b61a93d94d7c910f5e536e10caeb0177,NORMAL2-IM-0961,
train,NORMAL,NORMAL2-IM-0962-0001.jpeg,chest_xray_dataset\train\NORMAL\NORMAL2-IM-0962-0001.jpeg,1496,1137,L,be47071be3aeddc9946aa420846ccd3d,NORMAL2-IM-0962,
train,NORMAL,NORMAL2-IM-0965-0001.jpeg,chest_xray_dataset\train\NORMAL\NORMAL2-IM-0965-0001.jpeg,1500,1249,L,6108cf29e9c14f8997e916da404438ca,NORMAL2-IM-0965,
train,NORMAL,NORMAL2-IM-0966-0001.jpeg,chest_xray_dataset\train\NORMAL\NORMAL2-IM-0966-0001.jpeg,1518,1071,L,2f2388b994ccaeb5e377ddf6e36059a6,NORMAL2-IM-0966,
train,NORMAL,NORMAL2-IM-0967-0001.jpeg,chest_xray_dataset\train\NORMAL\NORMAL2-IM-0967-0001.jpeg,1844,1256,L,c562f7de4989bfcb36c7fb342b9d88a4,NORMAL2-IM-0967,
train,NORMAL,NORMAL2-IM-0969-0001.jpeg,chest_xray_dataset\train\NORMAL\NORMAL2-IM-0969-0001.jpeg,1790,1472,L,51eb5e3b903c77ca2a8873d7bc29de24,NORMAL2-IM-0969,
train,NORMAL,NORMAL2-IM-0970-0001.jpeg,chest_xray_dataset\train\NORMAL\NORMAL2-IM-0970-0001.jpeg,1546,1294,L,9762762529cdd6b089b23f4ec1aca89e,NORMAL2-IM-0970,
train,NORMAL,NORMAL2-IM-0971-0001-0001.jpeg,chest_xray_dataset\train\NORMAL\NORMAL2-IM-0971-0001-0001.jpeg,1850,1785,L,da354beb07f48f906f71b8a3cef351bc,NORMAL2-IM-0971,
train,NORMAL,NORMAL2-IM-0971-0001-0002.jpeg,chest_xray_dataset\train\NORMAL\NORMAL2-IM-0971-0001-0002.jpeg,1554,1353,L,2cbaee43499ef47cfbbfa4861d51e3d4,NORMAL2-IM-0971,
train,NORMAL,NORMAL2-IM-0974-0001.jpeg,chest_xray_dataset\train\NORMAL\NORMAL2-IM-0974-0001.jpeg,1642,1507,L,3233b4053163d2993100b21073133a9f,NORMAL2-IM-0974,
train,NORMAL,NORMAL2-IM-0975-0001.jpeg,chest_xray_dataset\train\NORMAL\NORMAL2-IM-0975-0001.jpeg,1566,1383,L,7b1572e0de8a201dc3859e9ab41a0197,NORMAL2-IM-0975,
train,NORMAL,NORMAL2-IM-0976-0001.jpeg,chest_xray_dataset\train\NORMAL\NORMAL2-IM-0976-0001.jpeg,1546,1236,L,93c319d3c63a6cad215714049e7b122a,NORMAL2-IM-0976,
train,NORMAL,NORMAL2-IM-0977-0001.jpeg,chest_xray_dataset\train\NORMAL\NORMAL2-IM-0977-0001.jpeg,1388,1094,L,775388655e292827e83fe40e386f07e1,NORMAL2-IM-0977,
train,NORMAL,NORMAL2-IM-0978-0001.jpeg,chest_xray_dataset\train\NORMAL\NORMAL2-IM-0978-0001.jpeg,1678,1129,L,1513a7d800caceec9ea3b71d757f8957,NORMAL2-IM-0978,
train,NORMAL,NORMAL2-IM-0979-0001.jpeg,chest_xray_dataset\train\NORMAL\NORMAL2-IM-0979-0001.jpeg,1416,1079,L,fde992ba72343a09c8da1f0fffd3b3d6,NORMAL2-IM-0979,
train,NORMAL,NORMAL2-IM-0980-0001.jpeg,chest_xray_dataset\train\NORMAL\NORMAL2-IM-0980-0001.jpeg,1236,1013,L,4204153d832a9f115f519f482c014091,NORMAL2-IM-0980,
train,NORMAL,NORMAL2-IM-0981-0001.jpeg,chest_xray_dataset\train\NORMAL\NORMAL2-IM-0981-0001.jpeg,1418,1137,L,2fca48087beddbafdb3663c89cf534f9,NORMAL2-IM-0981,
train,NORMAL,NORMAL2-IM-0983-0001-0001.jpeg,chest_xray_dataset\train\NORMAL\NORMAL2-IM-0983-0001-0001.jpeg,1882,1812,L,8c506ebea896028a6de910196fb07e1c,NORMAL2-IM-0983,
train,NORMAL,NORMAL2-IM-0983-0001-0002.jpeg,chest_xray_dataset\train\NORMAL\NORMAL2-IM-0983-0001-0002.jpeg,1466,1178,L,2c6e1896d3ea762b0cd9d3072173b7c9,NORMAL2-IM-0983,
train,NORMAL,NORMAL2-IM-0983-0001.jpeg,chest_xray_dataset\train\NORMAL\NORMAL2-IM-0983-0001.jpeg,1846,1676,L,93feb087b953d93c673f8a13daaa58b5,NORMAL2-IM-0983,
train,NORMAL,NORMAL2-IM-0986-0001.jpeg,chest_xray_dataset\train\NORMAL\NORMAL2-IM-0986-0001.jpeg,1786,1449,L,ac1973c05dc21221e47a1145ba7995c8,NORMAL2-IM-0986,
train,NORMAL,NORMAL2-IM-0987-0001.jpeg,chest_xray_dataset\train\NORMAL\NORMAL2-IM-0987-0001.jpeg,1572,1322,L,ea7e0355eba6fcf6b8ac21d5410b86ed,NORMAL2-IM-0987,
train,NORMAL,NORMAL2-IM-0988-0001.jpeg,chest_xray_dataset\train\NORMAL\NORMAL2-IM-0988-0001.jpeg,1960,1920,L,0fc76bcd83287912df8fee0d9b683e5e,NORMAL2-IM-0988,
train,NORMAL,NORMAL2-IM-0989-0001.jpeg,chest_xray_dataset\train\NORMAL\NORMAL2-IM-0989-0001.jpeg,1450,1160,L,e75e4f13907513828ec2d610513c7006,NORMAL2-IM-0989,
train,NORMAL,NORMAL2-IM-0992-0001.jpeg,chest_xray_dataset\train\NORMAL\NORMAL2-IM-0992-0001.jpeg,1408,1090,L,86687f676d67d5cce74ee9de47ed079f,NORMAL2-IM-0992,
train,NORMAL,NORMAL2-IM-0993-0001.jpeg,chest_xray_dataset\train\NORMAL\NORMAL2-IM-0993-0001.jpeg,1846,1488,L,de4f1d6c628d403ec5395ed6d7f6a8b4,NORMAL2-IM-0993,
train,NORMAL,NORMAL2-IM-0994-0001.jpeg,chest_xray_dataset\train\NORMAL\NORMAL2-IM-0994-0001.jpeg,2373,2663,L,05e4a273118be4bd5de9133762e33e27,NORMAL2-IM-0994,
train,NORMAL,NORMAL2-IM-0995-0001-0001.jpeg,chest_xray_dataset\train\NORMAL\NORMAL2-IM-0995-0001-0001.jpeg,1172,967,L,6a02fd4edb2d075e70ca550632350461,NORMAL2-IM-0995,
train,NORMAL,NORMAL2-IM-0995-0001-0002.jpeg,chest_xray_dataset\train\NORMAL\NORMAL2-IM-0995-0001-0002.jpeg,1692,1878,L,26832a09beb5135981e52566144112bb,NORMAL2-IM-0995,
train,NORMAL,NORMAL2-IM-0995-0001.jpeg,chest_xray_dataset\train\NORMAL\NORMAL2-IM-0995-0001.jpeg,1774,1318,L,e9ff88278c2c93b2f91f493acd4303c0,NORMAL2-IM-0995,
train,NORMAL,NORMAL2-IM-0997-0001.jpeg,chest_xray_dataset\train\NORMAL\NORMAL2-IM-0997-0001.jpeg,1338,1102,L,3e1eaa01fc54b28e528bcea4c9573eb5,NORMAL2-IM-0997,
train,NORMAL,NORMAL2-IM-0998-0001.jpeg,chest_xray_dataset\train\NORMAL\NORMAL2-IM-0998-0001.jpeg,1276,1059,L,fd0170dca566250bc2211a527e438184,NORMAL2-IM-0998,
train,NORMAL,NORMAL2-IM-0999-0001.jpeg,chest_xray_dataset\train\NORMAL\NORMAL2-IM-0999-0001.jpeg,1916,2059,L,64fd56e93cd2317ef63c9b9a65c4e1f2,NORMAL2-IM-0999,
train,NORMAL,NORMAL2-IM-1001-0001.jpeg,chest_xray_dataset\train\NORMAL\NORMAL2-IM-1001-0001.jpeg,1808,1665,L,54eb23cbb9fed05b0d85d84ffc563ed1,NORMAL2-IM-1001,
train,NORMAL,NORMAL2-IM-1002-0001.jpeg,chest_xray_dataset\train\NORMAL\NORMAL2-IM-1002-0001.jpeg,1364,1090,L,1fe2a01aaacb694271112734f220cbb5,NORMAL2-IM-1002,
train,NORMAL,NORMAL2-IM-1004-0001.jpeg,chest_xray_dataset\train\NORMAL\NORMAL2-IM-1004-0001.jpeg,1402,1117,L,4f9f9aae5e7829d93f19fb5d9ea3df88,NORMAL2-IM-1004,
train,NORMAL,NORMAL2-IM-1005-0001.jpeg,chest_xray_dataset\train\NORMAL\NORMAL2-IM-1005-0001.jpeg,1716,1569,L,91b334d05c4cc491ed92b170ac60ef28,NORMAL2-IM-1005,
train,NORMAL,NORMAL2-IM-1006-0001.jpeg,chest_xray_dataset\train\NORMAL\NORMAL2-IM-1006-0001.jpeg,1754,1352,L,c87535578e00528e016f5a215a761a1f,NORMAL2-IM-1006,
train,NORMAL,NORMAL2-IM-1008-0001.jpeg,chest_xray_dataset\train\NORMAL\NORMAL2-IM-1008-0001.jpeg,1882,1329,L,d0184b4d4e7cfe527c5b4d9345783fd5,NORMAL2-IM-1008,
train,NORMAL,NORMAL2-IM-1010-0001.jpeg,chest_xray_dataset\train\NORMAL\NORMAL2-IM-1010-0001.jpeg,1720,1348,L,00d0fbc3e485617efa67b4089ed05668,NORMAL2-IM-1010,
train,NORMAL,NORMAL2-IM-1011-0001.jpeg,chest_xray_dataset\train\NORMAL\NORMAL2-IM-1011-0001.jpeg,1762,1391,L,25a8713b35fca9484db6236d8e09cbc7,NORMAL2-IM-1011,
train,NORMAL,NORMAL2-IM-1014-0001.jpeg,chest_xray_dataset\train\NORMAL\NORMAL2-IM-1014-0001.jpeg,1696,1542,L,335b88a3f9a9905e5f930e6c72d7146e,NORMAL2-IM-1014,
train,NORMAL,NORMAL2-IM-1015-0001.jpeg,chest_xray_dataset\train\NORMAL\NORMAL2-IM-1015-0001.jpeg,1422,1066,L,1aac563fd15db58b43d944a33bc22263,NORMAL2-IM-1015,
train,NORMAL,NORMAL2-IM-1016-0001.jpeg,chest_xray_dataset\train\NORMAL\NORMAL2-IM-1016-0001.jpeg,1458,1233,L,c62d545f66a2a83afa7d16ec4273594e,NORMAL2-IM-1016,
train,NORMAL,NORMAL2-IM-1017-0001.jpeg,chest_xray_dataset\train\NORMAL\NORMAL2-IM-1017-0001.jpeg,1364,1067,L,da02af0b1ce386b70119c5bd56841377,NORMAL2-IM-1017,
train,NORMAL,NORMAL2-IM-1018-0001.jpeg,chest_xray_dataset\train\NORMAL\NORMAL2-IM-1018-0001.jpeg,2694,2625,L,8db84173438c08b2b607acaf8914fa1f,NORMAL2-IM-1018,
train,NORMAL,NORMAL2-IM-1019-0001.jpeg,chest_xray_dataset\train\NORMAL\NORMAL2-IM-1019-0001.jpeg,1414,1020,L,ae5db0b3b7a6f6a1705ba8cb79723112,NORMAL2-IM-1019,
train,NORMAL,NORMAL2-IM-1020-0001-0001.jpeg,chest_xray_dataset\train\NORMAL\NORMAL2-IM-1020-0001-0001.jpeg,1886,1357,L,0d53af85247ed2ce02d0c0d08b6f672f,NORMAL2-IM-1020,
train,NORMAL,NORMAL2-IM-1020-0001-0002.jpeg,chest_xray_dataset\train\NORMAL\NORMAL2-IM-1020-0001-0002.jpeg,1870,1785,L,73ef749d6111b49f531cd7c58a3aea71,NORMAL2-IM-1020,
train,NORMAL,NORMAL2-IM-1020-0001.jpeg,chest_xray_dataset\train\NORMAL\NORMAL2-IM-1020-0001.jpeg,1720,1380,L,452bb889270917953c7aa104adf55af8,NORMAL2-IM-1020,
train,NORMAL,NORMAL2-IM-1022-0001.jpeg,chest_xray_dataset\train\NORMAL\NORMAL2-IM-1022-0001.jpeg,1804,1314,L,34d7b869abbeac314fd0de1b70c4cba6,NORMAL2-IM-1022,
train,NORMAL,NORMAL2-IM-1023-0001.jpeg,chest_xray_dataset\train\NORMAL\NORMAL2-IM-1023-0001.jpeg,1974,1627,L,271e242212ddf50ce11d114d3afbc9a2,NORMAL2-IM-1023,
train,NORMAL,NORMAL2-IM-1024-0001.jpeg,chest_xray_dataset\train\NORMAL\NORMAL2-IM-1024-0001.jpeg,1974,2175,L,b30dc9525f740b9e9e3435b291daa84f,NORMAL2-IM-1024,
train,NORMAL,NORMAL2-IM-1025-0001.jpeg,chest_xray_dataset\train\NORMAL\NORMAL2-IM-1025-0001.jpeg,1740,1291,L,16e408751d07b64fc4d4ec4739156c87,NORMAL2-IM-1025,
train,NORMAL,NORMAL2-IM-1026-0001.jpeg,chest_xray_dataset\train\NORMAL\NORMAL2-IM-1026-0001.jpeg,1836,1604,L,9c0c14a32de9a865f76a2bc1d6b4e23a,NORMAL2-IM-1026,
train,NORMAL,NORMAL2-IM-1027-0001.jpeg,chest_xray_dataset\train\NORMAL\NORMAL2-IM-1027-0001.jpeg,1372,1074,L,36df155ced512ef56ce3817630ca5998,NORMAL2-IM-1027,
train,NORMAL,NORMAL2-IM-1028-0001.jpeg,chest_xray_dataset\train\NORMAL\NORMAL2-IM-1028-0001.jpeg,1850,1793,L,74890673d39b4de5ef368eddd80fe74e,NORMAL2-IM-1028,
train,NORMAL,NORMAL2-IM-1030-0001.jpeg,chest_xray_dataset\train\NORMAL\NORMAL2-IM-1030-0001.jpeg,1646,1395,L,2f383867f44e0b9079ef4197e86a748c,NORMAL2-IM-1030,
train,NORMAL,NORMAL2-IM-1033-0001.jpeg,chest_xray_dataset\train\NORMAL\NORMAL2-IM-1033-0001.jpeg,1530,1272,L,a2fb7e566e093560e16131a61c4da13b,NORMAL2-IM-1033,
train,NORMAL,NORMAL2-IM-1035-0001.jpeg,chest_xray_dataset\train\NORMAL\NORMAL2-IM-1035-0001.jpeg,1812,1446,L,bf20f747bbd816b75e363a1e5750f065,NORMAL2-IM-1035,
train,NORMAL,NORMAL2-IM-1037-0001.jpeg,chest_xray_dataset\train\NORMAL\NORMAL2-IM-1037-0001.jpeg,1920,1854,L,14080c68b9b6543cf898f3ff4fe841b4,NORMAL2-IM-1037,
train,NORMAL,NORMAL2-IM-1038-0001.jpeg,chest_xray_dataset\train\NORMAL\NORMAL2-IM-1038-0001.jpeg,2309,2601,L,94df9ce432df83d1195a21e1cb1d39d2,NORMAL2-IM-1038,
train,NORMAL,NORMAL2-IM-1039-0001.jpeg,chest_xray_dataset\train\NORMAL\NORMAL2-IM-1039-0001.jpeg,1384,1090,L,2b6cf2ee5f3a03bf3e75e9608470aa52,NORMAL2-IM-1039,
train,NORMAL,NORMAL2-IM-1040-0001.jpeg,chest_xray_dataset\train\NORMAL\NORMAL2-IM-1040-0001.jpeg,1318,951,L,4be8f7bc92db928b23853522e9e555f7,NORMAL2-IM-1040,
train,NORMAL,NORMAL2-IM-1041-0001.jpeg,chest_xray_dataset\train\NORMAL\NORMAL2-IM-1041-0001.jpeg,1654,1541,L,3d82e3bb654ead7aac6f0046f5cc7003,NORMAL2-IM-1041,
train,NORMAL,NORMAL2-IM-1043-0001.jpeg,chest_xray_dataset\train\NORMAL\NORMAL2-IM-1043-0001.jpeg,1804,1612,L,b74a29267518a1fb35afa670b24cb263,NORMAL2-IM-1043,
train,NORMAL,NORMAL2-IM-1044-0001.jpeg,chest_xray_dataset\train\NORMAL\NORMAL2-IM-1044-0001.jpeg,1458,1248,L,051e45ef3dd073cef8fb9c744214a5f1,NORMAL2-IM-1044,
train,NORMAL,NORMAL2-IM-1045-0001.jpeg,chest_xray_dataset\train\NORMAL\NORMAL2-IM-1045-0001.jpeg,1426,1067,L,ff0b703bf2e0b0deaa255e18c3b2fee8,NORMAL2-IM-1045,
train,NORMAL,NORMAL2-IM-1046-0001.jpeg,chest_xray_dataset\train\NORMAL\NORMAL2-IM-1046-0001.jpeg,1542,1461,L,eada05e858d0235d5f5f19823141d983,NORMAL2-IM-1046,
train,NORMAL,NORMAL2-IM-1047-0001.jpeg,chest_xray_dataset\train\NORMAL\NORMAL2-IM-1047-0001.jpeg,1596,1233,L,d199537935113c5ff42bacee1cc5efa6,NORMAL2-IM-1047,
train,NORMAL,NORMAL2-IM-1048-0001.jpeg,chest_xray_dataset\train\NORMAL\NORMAL2-IM-1048-0001.jpeg,1496,1012,L,35b933299c52b2775af19c8b44ba178e,NORMAL2-IM-1048,
train,NORMAL,NORMAL2-IM-1049-0001.jpeg,chest_xray_dataset\train\NORMAL\NORMAL2-IM-1049-0001.jpeg,1812,1627,L,452c2e105cf07527413de9a7a43ac573,NORMAL2-IM-1049,
train,NORMAL,NORMAL2-IM-1050-0001.jpeg,chest_xray_dataset\train\NORMAL\NORMAL2-IM-1050-0001.jpeg,2564,2519,L,36c722d4ce11f4ca3e6a52affb796f50,NORMAL2-IM-1050,
train,NORMAL,NORMAL2-IM-1051-0001.jpeg,chest_xray_dataset\train\NORMAL\NORMAL2-IM-1051-0001.jpeg,1400,1125,L,1d349689522b373d79720e60e6b044e7,NORMAL2-IM-1051,
train,NORMAL,NORMAL2-IM-1052-0001.jpeg,chest_xray_dataset\train\NORMAL\NORMAL2-IM-1052-0001.jpeg,2340,2431,L,acca1d5d709ae5de391c1edd5300442d,NORMAL2-IM-1052,
train,NORMAL,NORMAL2-IM-1053-0001.jpeg,chest_xray_dataset\train\NORMAL\NORMAL2-IM-1053-0001.jpeg,1692,1372,L,1c52a470a69cdb7be205a8ce98c069d3,NORMAL2-IM-1053,
train,NORMAL,NORMAL2-IM-1054-0001.jpeg,chest_xray_dataset\train\NORMAL\NORMAL2-IM-1054-0001.jpeg,1468,1163,L,becfcab3dd92cb493d667dd1d9f8ac17,NORMAL2-IM-1054,
train,NORMAL,NORMAL2-IM-1055-0001.jpeg,chest_xray_dataset\train\NORMAL\NORMAL2-IM-1055-0001.jpeg,2126,1345,L,866ed5587dde074311b79e5994e3e1d9,NORMAL2-IM-1055,
train,NORMAL,NORMAL2-IM-1056-0001.jpeg,chest_xray_dataset\train\NORMAL\NORMAL2-IM-1056-0001.jpeg,1422,1067,L,5492ab6358ac859e0090e2fce26e5804,NORMAL2-IM-1056,
train,NORMAL,NORMAL2-IM-1058-0001.jpeg,chest_xray_dataset\train\NORMAL\NORMAL2-IM-1058-0001.jpeg,1608,1469,L,ea548e6d66aa8e4b7ce093cf6292d645,NORMAL2-IM-1058,
train,NORMAL,NORMAL2-IM-1059-0001.jpeg,chest_xray_dataset\train\NORMAL\NORMAL2-IM-1059-0001.jpeg,1592,1337,L,9b57b0922a735b580e8351404956c096,NORMAL2-IM-1059,
train,NORMAL,NORMAL2-IM-1060-0001.jpeg,chest_xray_dataset\train\NORMAL\NORMAL2-IM-1060-0001.jpeg,1546,1271,L,5af1e1f1f6a0d4ec44e94c0ada09436f,NORMAL2-IM-1060,
train,NORMAL,NORMAL2-IM-1062-0001.jpeg,chest_xray_dataset\train\NORMAL\NORMAL2-IM-1062-0001.jpeg,1805,1421,L,9e956e044354aae3fb46ad56e80bebce,NORMAL2-IM-1062,
train,NORMAL,NORMAL2-IM-1064-0001.jpeg,chest_xray_dataset\train\NORMAL\NORMAL2-IM-1064-0001.jpeg,1880,1552,L,7f09f83dd4c7ebfa63e84f8da03acf37,NORMAL2-IM-1064,
train,NORMAL,NORMAL2-IM-1067-0001-0001.jpeg,chest_xray_dataset\train\NORMAL\NORMAL2-IM-1067-0001-0001.jpeg,1304,968,L,f378c9872ffbba376f21b588c2d62ba0,NORMAL2-IM-1067,
train,NORMAL,NORMAL2-IM-1067-0001.jpeg,chest_xray_dataset\train\NORMAL\NORMAL2-IM-1067-0001.jpeg,1416,1160,L,582e066295bb30ff909cf8ba72c4afc8,NORMAL2-IM-1067,
train,NORMAL,NORMAL2-IM-1073-0001.jpeg,chest_xray_dataset\train\NORMAL\NORMAL2-IM-1073-0001.jpeg,1568,1560,L,4fa0f7341ab6574544ae93fb5f2df808,NORMAL2-IM-1073,
train,NORMAL,NORMAL2-IM-1084-0001.jpeg,chest_xray_dataset\train\NORMAL\NORMAL2-IM-1084-0001.jpeg,1360,1128,L,6a8852add1bea3c00c086c3c8a2ce45d,NORMAL2-IM-1084,
train,NORMAL,NORMAL2-IM-1086-0001.jpeg,chest_xray_dataset\train\NORMAL\NORMAL2-IM-1086-0001.jpeg,1288,1008,L,e43e942ec5b53bab4541c0bedb4979e5,NORMAL2-IM-1086,
train,NORMAL,NORMAL2-IM-1088-0001.jpeg,chest_xray_dataset\train\NORMAL\NORMAL2-IM-1088-0001.jpeg,1546,1152,L,4ff7931e86f44d96584c0b957b496e22,NORMAL2-IM-1088,
train,NORMAL,NORMAL2-IM-1089-0001.jpeg,chest_xray_dataset\train\NORMAL\NORMAL2-IM-1089-0001.jpeg,1350,1152,L,53a9d31ca41d61c96b020a94b3acddc5,NORMAL2-IM-1089,
train,NORMAL,NORMAL2-IM-1090-0001.jpeg,chest_xray_dataset\train\NORMAL\NORMAL2-IM-1090-0001.jpeg,1740,1541,L,03db15023b7b0bef058f5bf0298e9559,NORMAL2-IM-1090,
train,NORMAL,NORMAL2-IM-1091-0001.jpeg,chest_xray_dataset\train\NORMAL\NORMAL2-IM-1091-0001.jpeg,1512,1164,L,39368eb13a2542c138afd1d7b55c5924,NORMAL2-IM-1091,
train,NORMAL,NORMAL2-IM-1093-0001.jpeg,chest_xray_dataset\train\NORMAL\NORMAL2-IM-1093-0001.jpeg,1422,1186,L,54e0cd564a6580b9a8f88c079c1bec95,NORMAL2-IM-1093,
train,NORMAL,NORMAL2-IM-1094-0001-0001.jpeg,chest_xray_dataset\train\NORMAL\NORMAL2-IM-1094-0001-0001.jpeg,1638,1634,L,a38ff1d705ce072d7c5bb45b28e86773,NORMAL2-IM-1094,
train,NORMAL,NORMAL2-IM-1094-0001-0002.jpeg,chest_xray_dataset\train\NORMAL\NORMAL2-IM-1094-0001-0002.jpeg,1674,1337,L,1abd79484a776dd909053659a9f0f384,NORMAL2-IM-1094,
train,NORMAL,NORMAL2-IM-1094-0001.jpeg,chest_xray_dataset\train\NORMAL\NORMAL2-IM-1094-0001.jpeg,1522,1256,L,31f2fd884d6cd211d2618ba9d9bd67b4,NORMAL2-IM-1094,
train,NORMAL,NORMAL2-IM-1096-0001-0001.jpeg,chest_xray_dataset\train\NORMAL\NORMAL2-IM-1096-0001-0001.jpeg,1674,1291,L,dbc96b588a668d59374cce0cf50f5611,NORMAL2-IM-1096,
train,NORMAL,NORMAL2-IM-1096-0001-0003.jpeg,chest_xray_dataset\train\NORMAL\NORMAL2-IM-1096-0001-0003.jpeg,1840,1511,L,b25d5bff2923d9b5afc9a705ecd3b017,NORMAL2-IM-1096,
train,NORMAL,NORMAL2-IM-1096-0001.jpeg,chest_xray_dataset\train\NORMAL\NORMAL2-IM-1096-0001.jpeg,1580,1329,L,5741df864a226e768dcf8f33243f2bda,NORMAL2-IM-1096,
train,NORMAL,NORMAL2-IM-1098-0001.jpeg,chest_xray_dataset\train\NORMAL\NORMAL2-IM-1098-0001.jpeg,1732,1267,L,2b503e8c538480b32478fc31f6058a8c,NORMAL2-IM-1098,
train,NORMAL,NORMAL2-IM-1100-0001.jpeg,chest_xray_dataset\train\NORMAL\NORMAL2-IM-1100-0001.jpeg,2098,1770,L,481c552373f3ad6d5e2f5feca04bcf7a,NORMAL2-IM-1100,
train,NORMAL,NORMAL2-IM-1102-0001-0001.jpeg,chest_xray_dataset\train\NORMAL\NORMAL2-IM-1102-0001-0001.jpeg,2114,1758,L,52426c2849872e27e812036d62d03c82,NORMAL2-IM-1102,
train,NORMAL,NORMAL2-IM-1102-0001-0002.jpeg,chest_xray_dataset\train\NORMAL\NORMAL2-IM-1102-0001-0002.jpeg,1230,1136,L,d3916cf6674b699e2f71b7d343d939a8,NORMAL2-IM-1102,
train,NORMAL,NORMAL2-IM-1102-0001.jpeg,chest_xray_dataset\train\NORMAL\NORMAL2-IM-1102-0001.jpeg,1790,1441,L,53e131d3eb3e679f8a1818a60b5796a8,NORMAL2-IM-1102,
train,NORMAL,NORMAL2-IM-1103-0001-0001.jpeg,chest_xray_dataset\train\NORMAL\NORMAL2-IM-1103-0001-0001.jpeg,1418,1360,L,737784203bc67d199a27ecb7a41d0843,NORMAL2-IM-1103,
train,NORMAL,NORMAL2-IM-1104-0001.jpeg,chest_xray_dataset\train\NORMAL\NORMAL2-IM-1104-0001.jpeg,2268,1959,L,eac3d6cc8bf819ea0dbcfb23ba16de62,NORMAL2-IM-1104,
train,NORMAL,NORMAL2-IM-1105-0001.jpeg,chest_xray_dataset\train\NORMAL\NORMAL2-IM-1105-0001.jpeg,1248,936,L,923fa5dfd7d2ac3058ae092e8347381c,NORMAL2-IM-1105,
train,NORMAL,NORMAL2-IM-1106-0001.jpeg,chest_xray_dataset\train\NORMAL\NORMAL2-IM-1106-0001.jpeg,1778,1542,L,df5b71ab14b5d8b1f488ae27a30be210,NORMAL2-IM-1106,
train,NORMAL,NORMAL2-IM-1108-0001.jpeg,chest_xray_dataset\train\NORMAL\NORMAL2-IM-1108-0001.jpeg,1620,1310,L,2e83464c3237f5eb6c8f906e41fb4bb2,NORMAL2-IM-1108,
train,NORMAL,NORMAL2-IM-1109-0001.jpeg,chest_xray_dataset\train\NORMAL\NORMAL2-IM-1109-0001.jpeg,1500,1268,L,119f58f7857047f3a146346c1fad48fe,NORMAL2-IM-1109,
train,NORMAL,NORMAL2-IM-1110-0001.jpeg,chest_xray_dataset\train\NORMAL\NORMAL2-IM-1110-0001.jpeg,1902,1665,L,d281ff3f6801848296db592772babb23,NORMAL2-IM-1110,
train,NORMAL,NORMAL2-IM-1111-0001.jpeg,chest_xray_dataset\train\NORMAL\NORMAL2-IM-1111-0001.jpeg,1496,1201,L,e683cf91a88da1bd49e2e1b42490c916,NORMAL2-IM-1111,
train,NORMAL,NORMAL2-IM-1112-0001.jpeg,chest_xray_dataset\train\NORMAL\NORMAL2-IM-1112-0001.jpeg,2148,1820,L,b9bf342bc90f7e79c1069020acb854bc,NORMAL2-IM-1112,
train,NORMAL,NORMAL2-IM-1113-0001.jpeg,chest_xray_dataset\train\NORMAL\NORMAL2-IM-1113-0001.jpeg,2128,1630,L,97322c89c4573da1e0a5d8b14e424569,NORMAL2-IM-1113,
train,NORMAL,NORMAL2-IM-1114-0001.jpeg,chest_xray_dataset\train\NORMAL\NORMAL2-IM-1114-0001.jpeg,1570,1286,L,c849e759ff00a10a005dca82ace6b739,NORMAL2-IM-1114,
train,NORMAL,NORMAL2-IM-1116-0001-0001.jpeg,chest_xray_dataset\train\NORMAL\NORMAL2-IM-1116-0001-0001.jpeg,2272,1989,L,b1937f5ddd50a648bfdfbe1cee2c8bf1,NORMAL2-IM-1116,
train,NORMAL,NORMAL2-IM-1116-0001-0002.jpeg,chest_xray_dataset\train\NORMAL\NORMAL2-IM-1116-0001-0002.jpeg,1940,1761,L,214ef6448e97090df161fa31feff2b02,NORMAL2-IM-1116,
train,NORMAL,NORMAL2-IM-1116-0001.jpeg,chest_xray_dataset\train\NORMAL\NORMAL2-IM-1116-0001.jpeg,1878,1654,L,c28adf9bdb4179f0df3705dacdf33860,NORMAL2-IM-1116,
train,NORMAL,NORMAL2-IM-1117-0001.jpeg,chest_xray_dataset\train\NORMAL\NORMAL2-IM-1117-0001.jpeg,1466,1265,L,99668f5f548ea5ceac2c2cc93bc2db70,NORMAL2-IM-1117,
train,NORMAL,NORMAL2-IM-1118-0001.jpeg,chest_xray_dataset\train\NORMAL\NORMAL2-IM-1118-0001.jpeg,1304,1028,L,ab4938616e07d6bd5ce57d216d729c78,NORMAL2-IM-1118,
train,NORMAL,NORMAL2-IM-1120-0001.jpeg,chest_xray_dataset\train\NORMAL\NORMAL2-IM-1120-0001.jpeg,1500,1113,L,39879bbebf8e1b9529e8dfde04c81a55,NORMAL2-IM-1120,
train,NORMAL,NORMAL2-IM-1122-0001.jpeg,chest_xray_dataset\train\NORMAL\NORMAL2-IM-1122-0001.jpeg,1624,1410,L,db140ccd22f120ccf5ec7bbf0d61f480,NORMAL2-IM-1122,
train,NORMAL,NORMAL2-IM-1123-0001.jpeg,chest_xray_dataset\train\NORMAL\NORMAL2-IM-1123-0001.jpeg,1384,950,L,0cfb942ce371e49988e1cfd1342bc4a4,NORMAL2-IM-1123,
train,NORMAL,NORMAL2-IM-1124-0001.jpeg,chest_xray_dataset\train\NORMAL\NORMAL2-IM-1124-0001.jpeg,1687,1595,L,44b79e30c25a6035e25983242d770090,NORMAL2-IM-1124,
train,NORMAL,NORMAL2-IM-1125-0001.jpeg,chest_xray_dataset\train\NORMAL\NORMAL2-IM-1125-0001.jpeg,1828,1704,L,fcd8b0544746468d0c50cd07595e0e63,NORMAL2-IM-1125,
train,NORMAL,NORMAL2-IM-1126-0001.jpeg,chest_xray_dataset\train\NORMAL\NORMAL2-IM-1126-0001.jpeg,1580,1410,L,c39f8c04898c0b8a75c9b92ae1c3f2cd,NORMAL2-IM-1126,
train,NORMAL,NORMAL2-IM-1127-0001.jpeg,chest_xray_dataset\train\NORMAL\NORMAL2-IM-1127-0001.jpeg,1654,1291,L,d3645461655852482424e26934d8941f,NORMAL2-IM-1127,
train,NORMAL,NORMAL2-IM-1128-0001-0001.jpeg,chest_xray_dataset\train\NORMAL\NORMAL2-IM-1128-0001-0001.jpeg,1860,1569,L,4618b77717888d10f266ac3f2a80a3f9,NORMAL2-IM-1128,
train,NORMAL,NORMAL2-IM-1128-0001-0002.jpeg,chest_xray_dataset\train\NORMAL\NORMAL2-IM-1128-0001-0002.jpeg,1414,1164,L,707321bdd2035d3cbbb07d6e5a469554,NORMAL2-IM-1128,
train,NORMAL,NORMAL2-IM-1128-0001.jpeg,chest_xray_dataset\train\NORMAL\NORMAL2-IM-1128-0001.jpeg,1666,1290,L,07d7d79d7ec6a8f94f14752beb935b91,NORMAL2-IM-1128,
train,NORMAL,NORMAL2-IM-1130-0001.jpeg,chest_xray_dataset\train\NORMAL\NORMAL2-IM-1130-0001.jpeg,2056,1793,L,67f066d917a7893c80ea8ce401df7f26,NORMAL2-IM-1130,
train,NORMAL,NORMAL2-IM-1131-0001.jpeg,chest_xray_dataset\train\NORMAL\NORMAL2-IM-1131-0001.jpeg,1716,1353,L,fa2e6a4b928af5f52fd8c4030c8b4ac1,NORMAL2-IM-1131,
train,NORMAL,NORMAL2-IM-1132-0001.jpeg,chest_xray_dataset\train\NORMAL\NORMAL2-IM-1132-0001.jpeg,1500,1194,L,4a4bf7e336b44fbf147a63e64160b62e,NORMAL2-IM-1132,
train,NORMAL,NORMAL2-IM-1134-0001.jpeg,chest_xray_dataset\train\NORMAL\NORMAL2-IM-1134-0001.jpeg,1724,1410,L,6e4aca198d8acb3436ba0a5cede41443,NORMAL2-IM-1134,
train,NORMAL,NORMAL2-IM-1135-0001.jpeg,chest_xray_dataset\train\NORMAL\NORMAL2-IM-1135-0001.jpeg,1550,1194,L,42f466f8d6a3caa85a29bb56d4b567fc,NORMAL2-IM-1135,
train,NORMAL,NORMAL2-IM-1136-0001.jpeg,chest_xray_dataset\train\NORMAL\NORMAL2-IM-1136-0001.jpeg,1778,1473,L,518ef341345a1c7cbb7a6c4718141122,NORMAL2-IM-1136,
train,NORMAL,NORMAL2-IM-1138-0001.jpeg,chest_xray_dataset\train\NORMAL\NORMAL2-IM-1138-0001.jpeg,1778,1356,L,592751e2e97bd743e2f974023d4f7598,NORMAL2-IM-1138,
train,NORMAL,NORMAL2-IM-1141-0001.jpeg,chest_xray_dataset\train\NORMAL\NORMAL2-IM-1141-0001.jpeg,1824,1090,L,5b5e2e063e07149850227a85de81d96c,NORMAL2-IM-1141,
train,NORMAL,NORMAL2-IM-1142-0001-0001.jpeg,chest_xray_dataset\train\NORMAL\NORMAL2-IM-1142-0001-0001.jpeg,1604,1442,L,ff1915cc7faa0868acc2991f46709754,NORMAL2-IM-1142,
train,NORMAL,NORMAL2-IM-1142-0001-0002.jpeg,chest_xray_dataset\train\NORMAL\NORMAL2-IM-1142-0001-0002.jpeg,1516,1283,L,db0dc5e2d1879ca932e05c955a36f4db,NORMAL2-IM-1142,
train,NORMAL,NORMAL2-IM-1142-0001.jpeg,chest_xray_dataset\train\NORMAL\NORMAL2-IM-1142-0001.jpeg,1666,1433,L,72a8be5ac6c8d3f8f7972c532bb0a534,NORMAL2-IM-1142,
train,NORMAL,NORMAL2-IM-1144-0001.jpeg,chest_xray_dataset\train\NORMAL\NORMAL2-IM-1144-0001.jpeg,1682,1241,L,da6c5c24671859e4244a53a5f5fdb0d9,NORMAL2-IM-1144,
train,NORMAL,NORMAL2-IM-1145-0001.jpeg,chest_xray_dataset\train\NORMAL\NORMAL2-IM-1145-0001.jpeg,1376,967,L,0e204af1b21b4ef211c69d81dcc06ff3,NORMAL2-IM-1145,
train,NORMAL,NORMAL2-IM-1147-0001.jpeg,chest_xray_dataset\train\NORMAL\NORMAL2-IM-1147-0001.jpeg,1890,1615,L,63790bfdf66552500d05dccb11da7e69,NORMAL2-IM-1147,
train,NORMAL,NORMAL2-IM-1148-0001.jpeg,chest_xray_dataset\train\NORMAL\NORMAL2-IM-1148-0001.jpeg,1852,1453,L,b3ef847b63602d5ac7a9ef3eeb78b7f6,NORMAL2-IM-1148,
train,NORMAL,NORMAL2-IM-1149-0001.jpeg,chest_xray_dataset\train\NORMAL\NORMAL2-IM-1149-0001.jpeg,1098,955,L,7fcad2f37c55db1d844f2b782d9a272d,NORMAL2-IM-1149,
train,NORMAL,NORMAL2-IM-1150-0001.jpeg,chest_xray_dataset\train\NORMAL\NORMAL2-IM-1150-0001.jpeg,1696,1310,L,f2324ec2d5c387104ca49445ba800167,NORMAL2-IM-1150,
train,NORMAL,NORMAL2-IM-1151-0001.jpeg,chest_xray_dataset\train\NORMAL\NORMAL2-IM-1151-0001.jpeg,1640,1469,L,1597615b32056f192ff133d91b03be0e,NORMAL2-IM-1151,
train,NORMAL,NORMAL2-IM-1152-0001-0001.jpeg,chest_xray_dataset\train\NORMAL\NORMAL2-IM-1152-0001-0001.jpeg,1636,1433,L,1e6087738b1c8cd2788436c56fac5ff9,NORMAL2-IM-1152,
train,NORMAL,NORMAL2-IM-1152-0001-0002.jpeg,chest_xray_dataset\train\NORMAL\NORMAL2-IM-1152-0001-0002.jpeg,1562,1133,L,022190fca438e4d8c71bb028f43124f5,NORMAL2-IM-1152,
train,NORMAL,NORMAL2-IM-1152-0001.jpeg,chest_xray_dataset\train\NORMAL\NORMAL2-IM-1152-0001.jpeg,1472,1175,L,796f2a49771600ea889ee7d96822cf86,NORMAL2-IM-1152,
train,NORMAL,NORMAL2-IM-1153-0001.jpeg,chest_xray_dataset\train\NORMAL\NORMAL2-IM-1153-0001.jpeg,1628,1283,L,177daeeb626b60e581b7fef9866ffb71,NORMAL2-IM-1153,
train,NORMAL,NORMAL2-IM-1154-0001-0001.jpeg,chest_xray_dataset\train\NORMAL\NORMAL2-IM-1154-0001-0001.jpeg,2026,1468,L,72737a35601cb4acb6968245024feece,NORMAL2-IM-1154,
train,NORMAL,NORMAL2-IM-1154-0001-0002.jpeg,chest_xray_dataset\train\NORMAL\NORMAL2-IM-1154-0001-0002.jpeg,1644,1487,L,6639da68c07090f3b3cf783fdeca04c1,NORMAL2-IM-1154,
train,NORMAL,NORMAL2-IM-1154-0001.jpeg,chest_xray_dataset\train\NORMAL\NORMAL2-IM-1154-0001.jpeg,1744,1422,L,294afeb25d4938d4ea68580d26633a16,NORMAL2-IM-1154,
train,NORMAL,NORMAL2-IM-1155-0001.jpeg,chest_xray_dataset\train\NORMAL\NORMAL2-IM-1155-0001.jpeg,1364,1114,L,0a11b5010ef1b2f49e1e225bdbc5bd34,NORMAL2-IM-1155,
train,NORMAL,NORMAL2-IM-1156-0001.jpeg,chest_xray_dataset\train\NORMAL\NORMAL2-IM-1156-0001.jpeg,1592,1148,L,fbdf3417944fafc1517b6ffec968c0a3,NORMAL2-IM-1156,
train,NORMAL,NORMAL2-IM-1157-0001.jpeg,chest_xray_dataset\train\NORMAL\NORMAL2-IM-1157-0001.jpeg,1306,994,L,52b85481059b7103a246dcd80c12f6cf,NORMAL2-IM-1157,
train,NORMAL,NORMAL2-IM-1158-0001.jpeg,chest_xray_dataset\train\NORMAL\NORMAL2-IM-1158-0001.jpeg,1716,1504,L,f4db18eb50738114b77c70cf6d963ac6,NORMAL2-IM-1158,
train,NORMAL,NORMAL2-IM-1160-0001.jpeg,chest_xray_dataset\train\NORMAL\NORMAL2-IM-1160-0001.jpeg,2091,2326,L,500d4144c4203310ce8dcacaced96089,NORMAL2-IM-1160,
train,NORMAL,NORMAL2-IM-1161-0001.jpeg,chest_xray_dataset\train\NORMAL\NORMAL2-IM-1161-0001.jpeg,1600,1380,L,16459705f40bf6a29f753989096fce52,NORMAL2-IM-1161,
train,NORMAL,NORMAL2-IM-1162-0001.jpeg,chest_xray_dataset\train\NORMAL\NORMAL2-IM-1162-0001.jpeg,1670,1348,L,f74afa3babcf6aaa719c27e19f2f52b5,NORMAL2-IM-1162,
train,NORMAL,NORMAL2-IM-1163-0001.jpeg,chest_xray_dataset\train\NORMAL\NORMAL2-IM-1163-0001.jpeg,1616,1283,L,d0674c47723f75baf9d58f385ecb9bea,NORMAL2-IM-1163,
train,NORMAL,NORMAL2-IM-1164-0001.jpeg,chest_xray_dataset\train\NORMAL\NORMAL2-IM-1164-0001.jpeg,1492,1190,L,f46b21d2047a86316ee9224d58f3a7e0,NORMAL2-IM-1164,
train,NORMAL,NORMAL2-IM-1167-0001.jpeg,chest_xray_dataset\train\NORMAL\NORMAL2-IM-1167-0001.jpeg,1870,1638,L,94abee085528f00af70fc6bc093e2640,NORMAL2-IM-1167,
train,NORMAL,NORMAL2-IM-1168-0001.jpeg,chest_xray_dataset\train\NORMAL\NORMAL2-IM-1168-0001.jpeg,1982,1603,L,6c8ef7f05cd3896d0c77b5bf6525cfb5,NORMAL2-IM-1168,
train,NORMAL,NORMAL2-IM-1169-0001.jpeg,chest_xray_dataset\train\NORMAL\NORMAL2-IM-1169-0001.jpeg,1782,1433,L,55640511a40569a05f52447695a43582,NORMAL2-IM-1169,
train,NORMAL,NORMAL2-IM-1170-0001.jpeg,chest_xray_dataset\train\NORMAL\NORMAL2-IM-1170-0001.jpeg,1666,1360,L,e32c61fad1dba126a5b4390d632c4eaa,NORMAL2-IM-1170,
train,NORMAL,NORMAL2-IM-1171-0001.jpeg,chest_xray_dataset\train\NORMAL\NORMAL2-IM-1171-0001.jpeg,1790,1600,L,f425419238698d30ad7161c80fe646e7,NORMAL2-IM-1171,
train,NORMAL,NORMAL2-IM-1173-0001.jpeg,chest_xray_dataset\train\NORMAL\NORMAL2-IM-1173-0001.jpeg,1310,1306,L,f9af06ee7766b1d577116d9bfade242b,NORMAL2-IM-1173,
train,NORMAL,NORMAL2-IM-1174-0001.jpeg,chest_xray_dataset\train\NORMAL\NORMAL2-IM-1174-0001.jpeg,1716,1523,L,3de8d0646b7d21e9783ba44c9c67ed92,NORMAL2-IM-1174,
train,NORMAL,NORMAL2-IM-1175-0001.jpeg,chest_xray_dataset\train\NORMAL\NORMAL2-IM-1175-0001.jpeg,1516,1291,L,dcaec9c4ca7340d47796b6d260f13da5,NORMAL2-IM-1175,
train,NORMAL,NORMAL2-IM-1176-0001.jpeg,chest_xray_dataset\train\NORMAL\NORMAL2-IM-1176-0001.jpeg,2362,2187,L,91a289f34553b945ab41e4787b2bdb5d,NORMAL2-IM-1176,
train,NORMAL,NORMAL2-IM-1177-0001.jpeg,chest_xray_dataset\train\NORMAL\NORMAL2-IM-1177-0001.jpeg,1518,1310,L,bfc6dff757229be8c0a15afa3e2800d8,NORMAL2-IM-1177,
train,NORMAL,NORMAL2-IM-1178-0001.jpeg,chest_xray_dataset\train\NORMAL\NORMAL2-IM-1178-0001.jpeg,1588,1438,L,7687494d304ac833ee7a4d74945380c5,NORMAL2-IM-1178,
train,NORMAL,NORMAL2-IM-1179-0001.jpeg,chest_xray_dataset\train\NORMAL\NORMAL2-IM-1179-0001.jpeg,1742,1372,L,762de9c319588d2a594f2e4dc23ce24d,NORMAL2-IM-1179,
train,NORMAL,NORMAL2-IM-1180-0001.jpeg,chest_xray_dataset\train\NORMAL\NORMAL2-IM-1180-0001.jpeg,1696,1287,L,42ce5f7eb6614aa7cccdad2ddb27e263,NORMAL2-IM-1180,
train,NORMAL,NORMAL2-IM-1181-0001.jpeg,chest_xray_dataset\train\NORMAL\NORMAL2-IM-1181-0001.jpeg,1862,1441,L,cb7090b584ceaf5d2b8390c05f519116,NORMAL2-IM-1181,
train,NORMAL,NORMAL2-IM-1182-0001.jpeg,chest_xray_dataset\train\NORMAL\NORMAL2-IM-1182-0001.jpeg,1716,1225,L,19e638f317013a2d0fa859672b41ff21,NORMAL2-IM-1182,
train,NORMAL,NORMAL2-IM-1183-0001.jpeg,chest_xray_dataset\train\NORMAL\NORMAL2-IM-1183-0001.jpeg,1836,1592,L,905a8f195dd82c5e01e52a18a4a2d3ca,NORMAL2-IM-1183,
train,NORMAL,NORMAL2-IM-1184-0001.jpeg,chest_xray_dataset\train\NORMAL\NORMAL2-IM-1184-0001.jpeg,1464,1205,L,3879052f4172833847568ef0164a3495,NORMAL2-IM-1184,
train,NORMAL,NORMAL2-IM-1185-0001.jpeg,chest_xray_dataset\train\NORMAL\NORMAL2-IM-1185-0001.jpeg,1754,1499,L,39bf2ebaa7132e5a8bb47e671ac88df3,NORMAL2-IM-1185,
train,NORMAL,NORMAL2-IM-1187-0001.jpeg,chest_xray_dataset\train\NORMAL\NORMAL2-IM-1187-0001.jpeg,1692,1360,L,574f4a3eb766a674829927eeb82130a5,NORMAL2-IM-1187,
train,NORMAL,NORMAL2-IM-1188-0001.jpeg,chest_xray_dataset\train\NORMAL\NORMAL2-IM-1188-0001.jpeg,2078,2067,L,fc473e6e467e3f947bf31d5898dae7f2,NORMAL2-IM-1188,
train,NORMAL,NORMAL2-IM-1189-0001.jpeg,chest_xray_dataset\train\NORMAL\NORMAL2-IM-1189-0001.jpeg,1306,1047,L,e6e8e80da54a016a6885d219d9f4586d,NORMAL2-IM-1189,
train,NORMAL,NORMAL2-IM-1190-0001.jpeg,chest_xray_dataset\train\NORMAL\NORMAL2-IM-1190-0001.jpeg,1746,1576,L,2d99240f6f7566ba6c8e278bb482e7c7,NORMAL2-IM-1190,
train,NORMAL,NORMAL2-IM-1191-0001.jpeg,chest_xray_dataset\train\NORMAL\NORMAL2-IM-1191-0001.jpeg,1616,1187,L,23fdb26f3b1775de1fd5fb9744ba0866,NORMAL2-IM-1191,
train,NORMAL,NORMAL2-IM-1192-0001.jpeg,chest_xray_dataset\train\NORMAL\NORMAL2-IM-1192-0001.jpeg,1882,1418,L,6ae3f47496dccf06f7b8448971dea40b,NORMAL2-IM-1192,
train,NORMAL,NORMAL2-IM-1194-0001.jpeg,chest_xray_dataset\train\NORMAL\NORMAL2-IM-1194-0001.jpeg,1350,1090,L,0a642fc38e5381c8125cfd30a09d9064,NORMAL2-IM-1194,
train,NORMAL,NORMAL2-IM-1196-0001.jpeg,chest_xray_dataset\train\NORMAL\NORMAL2-IM-1196-0001.jpeg,1898,1804,L,d199632177f3fd9e189f9604582bc664,NORMAL2-IM-1196,
train,NORMAL,NORMAL2-IM-1197-0001.jpeg,chest_xray_dataset\train\NORMAL\NORMAL2-IM-1197-0001.jpeg,1608,1348,L,92f22ed95c1c519802f5fbf840712de3,NORMAL2-IM-1197,
train,NORMAL,NORMAL2-IM-1198-0001.jpeg,chest_xray_dataset\train\NORMAL\NORMAL2-IM-1198-0001.jpeg,2040,2059,L,d258d1252407b8ec9ccce8d4a75fffeb,NORMAL2-IM-1198,
train,NORMAL,NORMAL2-IM-1200-0001.jpeg,chest_xray_dataset\train\NORMAL\NORMAL2-IM-1200-0001.jpeg,1828,1781,L,d514ca74e97e78a3e40ce441423d0f5e,NORMAL2-IM-1200,
train,NORMAL,NORMAL2-IM-1201-0001.jpeg,chest_xray_dataset\train\NORMAL\NORMAL2-IM-1201-0001.jpeg,1636,1218,L,defe45610705353726d5204b35a57f6c,NORMAL2-IM-1201,
train,NORMAL,NORMAL2-IM-1202-0001.jpeg,chest_xray_dataset\train\NORMAL\NORMAL2-IM-1202-0001.jpeg,1898,1565,L,0c44ab709fc6fa8d41799103783d0509,NORMAL2-IM-1202,
train,NORMAL,NORMAL2-IM-1203-0001.jpeg,chest_xray_dataset\train\NORMAL\NORMAL2-IM-1203-0001.jpeg,1376,1105,L,fb53c927eccd8968125854abe0283d12,NORMAL2-IM-1203,
train,NORMAL,NORMAL2-IM-1204-0001.jpeg,chest_xray_dataset\train\NORMAL\NORMAL2-IM-1204-0001.jpeg,1592,1392,L,4eada5724f544eee7021f76afac54bae,NORMAL2-IM-1204,
train,NORMAL,NORMAL2-IM-1205-0001.jpeg,chest_xray_dataset\train\NORMAL\NORMAL2-IM-1205-0001.jpeg,1558,1167,L,bb828c4037e85bf053524b70029029dd,NORMAL2-IM-1205,
train,NORMAL,NORMAL2-IM-1206-0001.jpeg,chest_xray_dataset\train\NORMAL\NORMAL2-IM-1206-0001.jpeg,1692,1245,L,788767b2fec67e89cc431c3c49f79121,NORMAL2-IM-1206,
train,NORMAL,NORMAL2-IM-1209-0001.jpeg,chest_xray_dataset\train\NORMAL\NORMAL2-IM-1209-0001.jpeg,1434,978,L,898bd801146b1bd10869d8a2683cd5fd,NORMAL2-IM-1209,
train,NORMAL,NORMAL2-IM-1214-0001.jpeg,chest_xray_dataset\train\NORMAL\NORMAL2-IM-1214-0001.jpeg,1392,1232,L,f96465d6f8c5c125aac0aef85e13b374,NORMAL2-IM-1214,
train,NORMAL,NORMAL2-IM-1218-0001.jpeg,chest_xray_dataset\train\NORMAL\NORMAL2-IM-1218-0001.jpeg,1982,1751,L,955a8303169d0a262a00f800a6146da9,NORMAL2-IM-1218,
train,NORMAL,NORMAL2-IM-1219-0001.jpeg,chest_xray_dataset\train\NORMAL\NORMAL2-IM-1219-0001.jpeg,2566,1909,L,8fb5cb1212d8b3950b6f27a72a564aa9,NORMAL2-IM-1219,
train,NORMAL,NORMAL2-IM-1220-0001.jpeg,chest_xray_dataset\train\NORMAL\NORMAL2-IM-1220-0001.jpeg,1596,1510,L,23de772f692f2ec064a453d55934b9ed,NORMAL2-IM-1220,
train,NORMAL,NORMAL2-IM-1221-0001.jpeg,chest_xray_dataset\train\NORMAL\NORMAL2-IM-1221-0001.jpeg,1500,1206,L,1ee4148dd5709582fe4c50fc378a997e,NORMAL2-IM-1221,
train,NORMAL,NORMAL2-IM-1222-0001.jpeg,chest_xray_dataset\train\NORMAL\NORMAL2-IM-1222-0001.jpeg,1364,1148,L,76a8e1199fa7ca761098e84ef5731804,NORMAL2-IM-1222,
train,NORMAL,NORMAL2-IM-1223-0001.jpeg,chest_xray_dataset\train\NORMAL\NORMAL2-IM-1223-0001.jpeg,1716,1530,L,4a71dff4044bf066a3449c6bdacb32ee,NORMAL2-IM-1223,
train,NORMAL,NORMAL2-IM-1224-0001.jpeg,chest_xray_dataset\train\NORMAL\NORMAL2-IM-1224-0001.jpeg,1786,1360,L,b5f567e4391adf9183bd0a41843c4156,NORMAL2-IM-1224,
train,NORMAL,NORMAL2-IM-1225-0001.jpeg,chest_xray_dataset\train\NORMAL\NORMAL2-IM-1225-0001.jpeg,1676,1129,L,7735b91bfe662c1d21468b539b954fdd,NORMAL2-IM-1225,
train,NORMAL,NORMAL2-IM-1226-0001.jpeg,chest_xray_dataset\train\NORMAL\NORMAL2-IM-1226-0001.jpeg,1902,1608,L,475d6dfa9acb7c77512ff6afa951051f,NORMAL2-IM-1226,
train,NORMAL,NORMAL2-IM-1227-0001.jpeg,chest_xray_dataset\train\NORMAL\NORMAL2-IM-1227-0001.jpeg,1172,986,L,7c2eb4c6eb650dc2aea0898eaa85d796,NORMAL2-IM-1227,
train,NORMAL,NORMAL2-IM-1228-0001.jpeg,chest_xray_dataset\train\NORMAL\NORMAL2-IM-1228-0001.jpeg,1306,994,L,c21e05a28b8ca68f0ab3a1ae0e66f04a,NORMAL2-IM-1228,
train,NORMAL,NORMAL2-IM-1231-0001.jpeg,chest_xray_dataset\train\NORMAL\NORMAL2-IM-1231-0001.jpeg,1414,1167,L,f7f9b233080969341219b298e3d421b9,NORMAL2-IM-1231,
train,NORMAL,NORMAL2-IM-1232-0001.jpeg,chest_xray_dataset\train\NORMAL\NORMAL2-IM-1232-0001.jpeg,1302,927,L,ef1cbdedaf5a0bb012acdbd594bb28e1,NORMAL2-IM-1232,
train,NORMAL,NORMAL2-IM-1234-0001.jpeg,chest_xray_dataset\train\NORMAL\NORMAL2-IM-1234-0001.jpeg,2114,1681,L,f98e9d977a0dea7bd3e1c4c36ed226a7,NORMAL2-IM-1234,
train,NORMAL,NORMAL2-IM-1236-0001.jpeg,chest_xray_dataset\train\NORMAL\NORMAL2-IM-1236-0001.jpeg,1886,1573,L,404a1e8567c606c3254a0e5a987f137c,NORMAL2-IM-1236,
train,NORMAL,NORMAL2-IM-1237-0001.jpeg,chest_xray_dataset\train\NORMAL\NORMAL2-IM-1237-0001.jpeg,1762,1341,L,f3d2f79035e9c1c60a62845c2fb81cc6,NORMAL2-IM-1237,
train,NORMAL,NORMAL2-IM-1240-0001.jpeg,chest_xray_dataset\train\NORMAL\NORMAL2-IM-1240-0001.jpeg,1570,1460,L,0b839061e5e244ecd4b68ad86af8dd6e,NORMAL2-IM-1240,
train,NORMAL,NORMAL2-IM-1241-0001.jpeg,chest_xray_dataset\train\NORMAL\NORMAL2-IM-1241-0001.jpeg,1056,792,L,c0995699fa9f1b7c84b7664c1652b5df,NORMAL2-IM-1241,
train,NORMAL,NORMAL2-IM-1242-0001.jpeg,chest_xray_dataset\train\NORMAL\NORMAL2-IM-1242-0001.jpeg,1354,1078,L,0626c1aa1c6d075b34a6a130e99f8dfb,NORMAL2-IM-1242,
train,NORMAL,NORMAL2-IM-1243-0001.jpeg,chest_xray_dataset\train\NORMAL\NORMAL2-IM-1243-0001.jpeg,2024,1963,L,d9826e3c1e9b88f1a29722cfe35d644b,NORMAL2-IM-1243,
train,NORMAL,NORMAL2-IM-1244-0001.jpeg,chest_xray_dataset\train\NORMAL\NORMAL2-IM-1244-0001.jpeg,1362,1093,L,13a539c3d1604951e076036d6968c468,NORMAL2-IM-1244,
train,NORMAL,NORMAL2-IM-1245-0001.jpeg,chest_xray_dataset\train\NORMAL\NORMAL2-IM-1245-0001.jpeg,1422,1402,L,6d1fdd8e9898ce8f45105e7e2a2772fa,NORMAL2-IM-1245,
train,NORMAL,NORMAL2-IM-1247-0001.jpeg,chest_xray_dataset\train\NORMAL\NORMAL2-IM-1247-0001.jpeg,1316,1067,L,0914b66bfcacec905a6e2d6f65c5ff83,NORMAL2-IM-1247,
train,NORMAL,NORMAL2-IM-1250-0001.jpeg,chest_xray_dataset\train\NORMAL\NORMAL2-IM-1250-0001.jpeg,1416,992,L,dd5e0ed6b6cba7ba44b2102bd23ce899,NORMAL2-IM-1250,
train,NORMAL,NORMAL2-IM-1252-0001.jpeg,chest_xray_dataset\train\NORMAL\NORMAL2-IM-1252-0001.jpeg,1873,1764,L,c3ad7a9f9f4c1d25bb8a285108075fe8,NORMAL2-IM-1252,
train,NORMAL,NORMAL2-IM-1253-0001.jpeg,chest_xray_dataset\train\NORMAL\NORMAL2-IM-1253-0001.jpeg,1522,1090,L,5ea439b3831731b57cd25b7dbf4c2e00,NORMAL2-IM-1253,
train,NORMAL,NORMAL2-IM-1254-0001.jpeg,chest_xray_dataset\train\NORMAL\NORMAL2-IM-1254-0001.jpeg,1828,1515,L,f7737c1e0664156b87eb44928f1b9dd3,NORMAL2-IM-1254,
train,NORMAL,NORMAL2-IM-1256-0001.jpeg,chest_xray_dataset\train\NORMAL\NORMAL2-IM-1256-0001.jpeg,1720,1465,L,43a7243bc8ddba52a55e161cf5850811,NORMAL2-IM-1256,
train,NORMAL,NORMAL2-IM-1257-0001.jpeg,chest_xray_dataset\train\NORMAL\NORMAL2-IM-1257-0001.jpeg,2916,2583,L,d84a742f31305227350ff95c66b1568d,NORMAL2-IM-1257,
train,NORMAL,NORMAL2-IM-1258-0001-0001.jpeg,chest_xray_dataset\train\NORMAL\NORMAL2-IM-1258-0001-0001.jpeg,2048,1882,L,7ee0c332a17bcc0d4b1973306b2ccbf7,NORMAL2-IM-1258,
train,NORMAL,NORMAL2-IM-1258-0001-0002.jpeg,chest_xray_dataset\train\NORMAL\NORMAL2-IM-1258-0001-0002.jpeg,1654,1446,L,aec4f6e7bf446264615bb90915c75ea1,NORMAL2-IM-1258,
train,NORMAL,NORMAL2-IM-1258-0001.jpeg,chest_xray_dataset\train\NORMAL\NORMAL2-IM-1258-0001.jpeg,2482,2570,L,e5ac0a8f90d176ee9f04c7852d41cf5d,NORMAL2-IM-1258,
train,NORMAL,NORMAL2-IM-1260-0001.jpeg,chest_xray_dataset\train\NORMAL\NORMAL2-IM-1260-0001.jpeg,1854,1495,L,c38677052671989827c12a98f4bd1b1d,NORMAL2-IM-1260,
train,NORMAL,NORMAL2-IM-1261-0001.jpeg,chest_xray_dataset\train\NORMAL\NORMAL2-IM-1261-0001.jpeg,1682,1380,L,af30df53736ab59a2ab24c7e0c111975,NORMAL2-IM-1261,
train,NORMAL,NORMAL2-IM-1262-0001.jpeg,chest_xray_dataset\train\NORMAL\NORMAL2-IM-1262-0001.jpeg,1392,1148,L,b17a763a09a2a4e0dffe28d861ae371f,NORMAL2-IM-1262,
train,NORMAL,NORMAL2-IM-1264-0001.jpeg,chest_xray_dataset\train\NORMAL\NORMAL2-IM-1264-0001.jpeg,1206,978,L,34cb3bca62c239a746f26b54ffb1da22,NORMAL2-IM-1264,
train,NORMAL,NORMAL2-IM-1266-0001-0001.jpeg,chest_xray_dataset\train\NORMAL\NORMAL2-IM-1266-0001-0001.jpeg,1654,1171,L,e4719734fb5539e9ce48e2f135f9627a,NORMAL2-IM-1266,
train,NORMAL,NORMAL2-IM-1266-0001-0002.jpeg,chest_xray_dataset\train\NORMAL\NORMAL2-IM-1266-0001-0002.jpeg,1562,1156,L,2b227d7e5b40a9310da2af4a31b73dd3,NORMAL2-IM-1266,
train,NORMAL,NORMAL2-IM-1266-0001.jpeg,chest_xray_dataset\train\NORMAL\NORMAL2-IM-1266-0001.jpeg,1686,1337,L,bf77b39f106414a23cf315174c0ed7f0,NORMAL2-IM-1266,
train,NORMAL,NORMAL2-IM-1267-0001.jpeg,chest_xray_dataset\train\NORMAL\NORMAL2-IM-1267-0001.jpeg,1920,1708,L,2d7016582103fc29ec336111d7eb8edf,NORMAL2-IM-1267,
train,NORMAL,NORMAL2-IM-1269-0001-0001.jpeg,chest_xray_dataset\train\NORMAL\NORMAL2-IM-1269-0001-0001.jpeg,1902,1499,L,1b8fcc63deb350981258e8a83586db56,NORMAL2-IM-1269,
train,NORMAL,NORMAL2-IM-1269-0001-0002.jpeg,chest_xray_dataset\train\NORMAL\NORMAL2-IM-1269-0001-0002.jpeg,1372,1047,L,d14bde9f84cdc2cb8248b1883a2da56d,NORMAL2-IM-1269,
train,NORMAL,NORMAL2-IM-1269-0001.jpeg,chest_xray_dataset\train\NORMAL\NORMAL2-IM-1269-0001.jpeg,1464,1164,L,2f3196604921d1092aa37d0a4e437686,NORMAL2-IM-1269,
train,NORMAL,NORMAL2-IM-1270-0001.jpeg,chest_xray_dataset\train\NORMAL\NORMAL2-IM-1270-0001.jpeg,1246,951,L,01526f9b25074c9071a02b76363ca454,NORMAL2-IM-1270,
train,NORMAL,NORMAL2-IM-1271-0001.jpeg,chest_xray_dataset\train\NORMAL\NORMAL2-IM-1271-0001.jpeg,2414,1731,L,f428995c7a03e4a17f0b587d9b979bfb,NORMAL2-IM-1271,
train,NORMAL,NORMAL2-IM-1272-0001.jpeg,chest_xray_dataset\train\NORMAL\NORMAL2-IM-1272-0001.jpeg,1738,1296,L,17d386dc7fb66955ea76467f462aa058,NORMAL2-IM-1272,
train,NORMAL,NORMAL2-IM-1273-0001.jpeg,chest_xray_dataset\train\NORMAL\NORMAL2-IM-1273-0001.jpeg,1484,993,L,e01262c9c00462ca5d4ebecbc6abd7dc,NORMAL2-IM-1273,
train,NORMAL,NORMAL2-IM-1274-0001.jpeg,chest_xray_dataset\train\NORMAL\NORMAL2-IM-1274-0001.jpeg,1322,1125,L,680c60570d462c88274728574e1391a9,NORMAL2-IM-1274,
train,NORMAL,NORMAL2-IM-1275-0001.jpeg,chest_xray_dataset\train\NORMAL\NORMAL2-IM-1275-0001.jpeg,1740,1735,L,524f3f5536b6294f91805268bbea0498,NORMAL2-IM-1275,
train,NORMAL,NORMAL2-IM-1276-0001.jpeg,chest_xray_dataset\train\NORMAL\NORMAL2-IM-1276-0001.jpeg,1990,1666,L,6e638f94e9ed6ab2636576e77b8df455,NORMAL2-IM-1276,
train,NORMAL,NORMAL2-IM-1277-0001-0001.jpeg,chest_xray_dataset\train\NORMAL\NORMAL2-IM-1277-0001-0001.jpeg,1514,1152,L,413b8722a0bdbb759b1081da25b48c90,NORMAL2-IM-1277,
train,NORMAL,NORMAL2-IM-1277-0001-0002.jpeg,chest_xray_dataset\train\NORMAL\NORMAL2-IM-1277-0001-0002.jpeg,1742,1422,L,20d5f0a11e5d1a14f94c979daaa1af55,NORMAL2-IM-1277,
train,NORMAL,NORMAL2-IM-1277-0001.jpeg,chest_xray_dataset\train\NORMAL\NORMAL2-IM-1277-0001.jpeg,1724,1248,L,7e75eb570f7d65fed2f3816735f6f1fc,NORMAL2-IM-1277,
train,NORMAL,NORMAL2-IM-1278-0001.jpeg,chest_xray_dataset\train\NORMAL\NORMAL2-IM-1278-0001.jpeg,1570,1318,L,45fb1f38b6900e1593d134141cc979e0,NORMAL2-IM-1278,
train,NORMAL,NORMAL2-IM-1279-0001.jpeg,chest_xray_dataset\train\NORMAL\NORMAL2-IM-1279-0001.jpeg,1956,1476,L,31c1e0baf44545fc8adff6680048acbc,NORMAL2-IM-1279,
train,NORMAL,NORMAL2-IM-1280-0001.jpeg,chest_xray_dataset\train\NORMAL\NORMAL2-IM-1280-0001.jpeg,1720,1449,L,db5b47faa382fc3b8b2faedb53a86e58,NORMAL2-IM-1280,
train,NORMAL,NORMAL2-IM-1281-0001.jpeg,chest_xray_dataset\train\NORMAL\NORMAL2-IM-1281-0001.jpeg,1766,1468,L,fdc40f0f98a83a1a81173ecb412f956a,NORMAL2-IM-1281,
train,NORMAL,NORMAL2-IM-1282-0001.jpeg,chest_xray_dataset\train\NORMAL\NORMAL2-IM-1282-0001.jpeg,1480,1302,L,0dfa5afa03500688cb155098c26aa3f9,NORMAL2-IM-1282,
train,NORMAL,NORMAL2-IM-1285-0001.jpeg,chest_xray_dataset\train\NORMAL\NORMAL2-IM-1285-0001.jpeg,1962,2169,L,9cf4934ab3d65dbac853985ca349d6df,NORMAL2-IM-1285,
train,NORMAL,NORMAL2-IM-1286-0001.jpeg,chest_xray_dataset\train\NORMAL\NORMAL2-IM-1286-0001.jpeg,1526,1356,L,2e13e8d2ddf6b7ae8a5eac0c64642b96,NORMAL2-IM-1286,
train,NORMAL,NORMAL2-IM-1287-0001.jpeg,chest_xray_dataset\train\NORMAL\NORMAL2-IM-1287-0001.jpeg,2450,2325,L,c59f324dabf7cd87957144723b33d28c,NORMAL2-IM-1287,
train,NORMAL,NORMAL2-IM-1288-0001.jpeg,chest_xray_dataset\train\NORMAL\NORMAL2-IM-1288-0001.jpeg,1836,1592,L,6b722d45135e9c55820073398bcd325c,NORMAL2-IM-1288,
train,NORMAL,NORMAL2-IM-1289-0001.jpeg,chest_xray_dataset\train\NORMAL\NORMAL2-IM-1289-0001.jpeg,1944,1518,L,d98a0365d84a40049da0473e5b4a3519,NORMAL2-IM-1289,
train,NORMAL,NORMAL2-IM-1290-0001.jpeg,chest_xray_dataset\train\NORMAL\NORMAL2-IM-1290-0001.jpeg,1412,1198,L,b96a3fde9ae24f2d140e0701faf3ad77,NORMAL2-IM-1290,
train,NORMAL,NORMAL2-IM-1291-0001.jpeg,chest_xray_dataset\train\NORMAL\NORMAL2-IM-1291-0001.jpeg,1978,1777,L,5a31205fbe1d9ef108b13886f9527f3d,NORMAL2-IM-1291,
train,NORMAL,NORMAL2-IM-1292-0001.jpeg,chest_xray_dataset\train\NORMAL\NORMAL2-IM-1292-0001.jpeg,1542,1341,L,e2118b01f7eaab963768e8e8147df2a1,NORMAL2-IM-1292,
train,NORMAL,NORMAL2-IM-1293-0001.jpeg,chest_xray_dataset\train\NORMAL\NORMAL2-IM-1293-0001.jpeg,1530,1144,L,c1fbb5297863ca549f989d8c307d639f,NORMAL2-IM-1293,
train,NORMAL,NORMAL2-IM-1294-0001-0001.jpeg,chest_xray_dataset\train\NORMAL\NORMAL2-IM-1294-0001-0001.jpeg,1442,1399,L,63a0801cd4fd3e8863666352c84f23bd,NORMAL2-IM-1294,
train,NORMAL,NORMAL2-IM-1294-0001-0002.jpeg,chest_xray_dataset\train\NORMAL\NORMAL2-IM-1294-0001-0002.jpeg,1400,1260,L,c4c0cb760caf85903f49c844dd74c98f,NORMAL2-IM-1294,
train,NORMAL,NORMAL2-IM-1294-0001.jpeg,chest_xray_dataset\train\NORMAL\NORMAL2-IM-1294-0001.jpeg,1642,1364,L,4aef08e5f593c65e4a9c5308bfed2c79,NORMAL2-IM-1294,
train,NORMAL,NORMAL2-IM-1295-0001.jpeg,chest_xray_dataset\train\NORMAL\NORMAL2-IM-1295-0001.jpeg,1690,1306,L,9f81434b84da9fa1a35f0345200498b9,NORMAL2-IM-1295,
train,NORMAL,NORMAL2-IM-1296-0001.jpeg,chest_xray_dataset\train\NORMAL\NORMAL2-IM-1296-0001.jpeg,1462,1171,L,22f8ac6a39534e6197cb8e330f990e34,NORMAL2-IM-1296,
train,NORMAL,NORMAL2-IM-1300-0001.jpeg,chest_xray_dataset\train\NORMAL\NORMAL2-IM-1300-0001.jpeg,1612,1437,L,07d6dd3fb9c071157b6bcf0425d51a66,NORMAL2-IM-1300,
train,NORMAL,NORMAL2-IM-1301-0001.jpeg,chest_xray_dataset\train\NORMAL\NORMAL2-IM-1301-0001.jpeg,1690,1383,L,9bfb0d5d0e57fa23a4b646323c085f79,NORMAL2-IM-1301,
train,NORMAL,NORMAL2-IM-1302-0001.jpeg,chest_xray_dataset\train\NORMAL\NORMAL2-IM-1302-0001.jpeg,2721,2438,L,27aa323c06ad7ddf0df3350e18e2f725,NORMAL2-IM-1302,
train,NORMAL,NORMAL2-IM-1303-0001.jpeg,chest_xray_dataset\train\NORMAL\NORMAL2-IM-1303-0001.jpeg,1322,1128,L,739d73e8fd8b1c903a9af961d8f87cf3,NORMAL2-IM-1303,
train,NORMAL,NORMAL2-IM-1304-0001.jpeg,chest_xray_dataset\train\NORMAL\NORMAL2-IM-1304-0001.jpeg,1898,1739,L,6f373b0022fd281bc2735cb29dffc751,NORMAL2-IM-1304,
train,NORMAL,NORMAL2-IM-1305-0001.jpeg,chest_xray_dataset\train\NORMAL\NORMAL2-IM-1305-0001.jpeg,1140,846,L,7d20d9966d04586d7a9ba0c7447844fb,NORMAL2-IM-1305,
train,NORMAL,NORMAL2-IM-1306-0001.jpeg,chest_xray_dataset\train\NORMAL\NORMAL2-IM-1306-0001.jpeg,1858,1692,L,f06a20a071b817caf4b588107e05ca8d,NORMAL2-IM-1306,
train,NORMAL,NORMAL2-IM-1307-0001.jpeg,chest_xray_dataset\train\NORMAL\NORMAL2-IM-1307-0001.jpeg,1442,1214,L,9a4ffc3b7d1ba99eee3a55769cf90aef,NORMAL2-IM-1307,
train,NORMAL,NORMAL2-IM-1308-0001.jpeg,chest_xray_dataset\train\NORMAL\NORMAL2-IM-1308-0001.jpeg,1774,1804,L,d75e1af29451d9d95337784a5ff67c84,NORMAL2-IM-1308,
train,NORMAL,NORMAL2-IM-1310-0001.jpeg,chest_xray_dataset\train\NORMAL\NORMAL2-IM-1310-0001.jpeg,1608,1468,L,b339b9428ba478f2c11a78d18087b05f,NORMAL2-IM-1310,
train,NORMAL,NORMAL2-IM-1311-0001.jpeg,chest_xray_dataset\train\NORMAL\NORMAL2-IM-1311-0001.jpeg,1422,1156,L,0a64bc2eaf641a5d01b6b53209a06876,NORMAL2-IM-1311,
train,NORMAL,NORMAL2-IM-1314-0001.jpeg,chest_xray_dataset\train\NORMAL\NORMAL2-IM-1314-0001.jpeg,1978,1619,L,04d385a7124c71b682ae41a745f17d50,NORMAL2-IM-1314,
train,NORMAL,NORMAL2-IM-1315-0001.jpeg,chest_xray_dataset\train\NORMAL\NORMAL2-IM-1315-0001.jpeg,1858,1295,L,4e0a378f57ff9f0dc3169fe6cd2946eb,NORMAL2-IM-1315,
train,NORMAL,NORMAL2-IM-1316-0001.jpeg,chest_xray_dataset\train\NORMAL\NORMAL2-IM-1316-0001.jpeg,1928,1738,L,4239b8c49c6d5b4ab1cf1e92a2c65cbf,NORMAL2-IM-1316,
train,NORMAL,NORMAL2-IM-1317-0001.jpeg,chest_xray_dataset\train\NORMAL\NORMAL2-IM-1317-0001.jpeg,1242,1083,L,f89b139b5f98e3f6ea8be050fd24e8a2,NORMAL2-IM-1317,
train,NORMAL,NORMAL2-IM-1318-0001.jpeg,chest_xray_dataset\train\NORMAL\NORMAL2-IM-1318-0001.jpeg,2358,1959,L,bbb34f9db84575ce46a1c74854703ce7,NORMAL2-IM-1318,
train,NORMAL,NORMAL2-IM-1319-0001.jpeg,chest_xray_dataset\train\NORMAL\NORMAL2-IM-1319-0001.jpeg,1588,1453,L,f3d37f6e7f9015d93d41af97996e0d73,NORMAL2-IM-1319,
train,NORMAL,NORMAL2-IM-1320-0001.jpeg,chest_xray_dataset\train\NORMAL\NORMAL2-IM-1320-0001.jpeg,1430,1198,L,027b8f79cd1be2ab593dded8e4ce413d,NORMAL2-IM-1320,
train,NORMAL,NORMAL2-IM-1321-0001.jpeg,chest_xray_dataset\train\NORMAL\NORMAL2-IM-1321-0001.jpeg,1530,1399,L,887792b6eb5dd8b62acf9698176bc214,NORMAL2-IM-1321,
train,NORMAL,NORMAL2-IM-1322-0001.jpeg,chest_xray_dataset\train\NORMAL\NORMAL2-IM-1322-0001.jpeg,1700,1178,L,b325eae9dd1005bd837ffcdf6e5b192a,NORMAL2-IM-1322,
train,NORMAL,NORMAL2-IM-1323-0001.jpeg,chest_xray_dataset\train\NORMAL\NORMAL2-IM-1323-0001.jpeg,1588,1248,L,30648471cc371ebd448fd38a026c79af,NORMAL2-IM-1323,
train,NORMAL,NORMAL2-IM-1326-0001.jpeg,chest_xray_dataset\train\NORMAL\NORMAL2-IM-1326-0001.jpeg,1188,885,L,47bd04ee6f59b01688a53872fb2b2da9,NORMAL2-IM-1326,
train,NORMAL,NORMAL2-IM-1327-0001.jpeg,chest_xray_dataset\train\NORMAL\NORMAL2-IM-1327-0001.jpeg,1456,1264,L,72ac75dd3dd26f8d8054b5cbce8f1459,NORMAL2-IM-1327,
train,NORMAL,NORMAL2-IM-1328-0001.jpeg,chest_xray_dataset\train\NORMAL\NORMAL2-IM-1328-0001.jpeg,2176,1658,L,a745eaae5f7b88a5fb1375c4634b83d5,NORMAL2-IM-1328,
train,NORMAL,NORMAL2-IM-1329-0001.jpeg,chest_xray_dataset\train\NORMAL\NORMAL2-IM-1329-0001.jpeg,1438,1175,L,9d7bec474d53dc175938e7fb42c55fa4,NORMAL2-IM-1329,
train,NORMAL,NORMAL2-IM-1330-0001.jpeg,chest_xray_dataset\train\NORMAL\NORMAL2-IM-1330-0001.jpeg,1488,1206,L,3ede5addf55626db08c6cb0c83f79b2d,NORMAL2-IM-1330,
train,NORMAL,NORMAL2-IM-1332-0001.jpeg,chest_xray_dataset\train\NORMAL\NORMAL2-IM-1332-0001.jpeg,1620,1527,L,ab78704178eb30ccb640fffe58eee0e6,NORMAL2-IM-1332,
train,NORMAL,NORMAL2-IM-1333-0001.jpeg,chest_xray_dataset\train\NORMAL\NORMAL2-IM-1333-0001.jpeg,1364,1456,L,9ecd488a213e6918873d5b54750f51dd,NORMAL2-IM-1333,
train,NORMAL,NORMAL2-IM-1334-0001.jpeg,chest_xray_dataset\train\NORMAL\NORMAL2-IM-1334-0001.jpeg,2056,1866,L,f7f1193f653a8cb66a0ea021e032d112,NORMAL2-IM-1334,
train,NORMAL,NORMAL2-IM-1335-0001.jpeg,chest_xray_dataset\train\NORMAL\NORMAL2-IM-1335-0001.jpeg,1450,1106,L,4fbc42c66b7a7722d09891e3e9a87ef4,NORMAL2-IM-1335,
train,NORMAL,NORMAL2-IM-1336-0001.jpeg,chest_xray_dataset\train\NORMAL\NORMAL2-IM-1336-0001.jpeg,1462,1124,L,cb960f49b3f777774f49c6fb190d0cad,NORMAL2-IM-1336,
train,NORMAL,NORMAL2-IM-1337-0001.jpeg,chest_xray_dataset\train\NORMAL\NORMAL2-IM-1337-0001.jpeg,1360,1097,L,d7ef927b375547e5c54383921722c4c5,NORMAL2-IM-1337,
train,NORMAL,NORMAL2-IM-1338-0001.jpeg,chest_xray_dataset\train\NORMAL\NORMAL2-IM-1338-0001.jpeg,2252,1936,L,7754388f537be93fbbd8e96d7bd1167d,NORMAL2-IM-1338,
train,NORMAL,NORMAL2-IM-1341-0001.jpeg,chest_xray_dataset\train\NORMAL\NORMAL2-IM-1341-0001.jpeg,2134,2376,L,b80dfb1d800d2c6712f14132027077e6,NORMAL2-IM-1341,
train,NORMAL,NORMAL2-IM-1342-0001.jpeg,chest_xray_dataset\train\NORMAL\NORMAL2-IM-1342-0001.jpeg,1284,1078,L,716f12288c939748fe39b492a5ce6225,NORMAL2-IM-1342,
train,NORMAL,NORMAL2-IM-1343-0001.jpeg,chest_xray_dataset\train\NORMAL\NORMAL2-IM-1343-0001.jpeg,1742,1684,L,a00af0ddeb0cf10c1665314c025bb69b,NORMAL2-IM-1343,
train,NORMAL,NORMAL2-IM-1344-0001.jpeg,chest_xray_dataset\train\NORMAL\NORMAL2-IM-1344-0001.jpeg,1700,1379,L,236c450e4de255bbf1d34b26c646eeeb,NORMAL2-IM-1344,
train,NORMAL,NORMAL2-IM-1345-0001-0001.jpeg,chest_xray_dataset\train\NORMAL\NORMAL2-IM-1345-0001-0001.jpeg,1318,1067,L,5ecf9a518ec0be4e4162df6066818779,NORMAL2-IM-1345,
train,NORMAL,NORMAL2-IM-1345-0001-0002.jpeg,chest_xray_dataset\train\NORMAL\NORMAL2-IM-1345-0001-0002.jpeg,1294,959,L,0ee095ea01473110f96fc13fa6a510be,NORMAL2-IM-1345,
train,NORMAL,NORMAL2-IM-1345-0001.jpeg,chest_xray_dataset\train\NORMAL\NORMAL2-IM-1345-0001.jpeg,1464,1183,L,ab4a304528d08dda2fb7953813983673,NORMAL2-IM-1345,
train,NORMAL,NORMAL2-IM-1346-0001.jpeg,chest_xray_dataset\train\NORMAL\NORMAL2-IM-1346-0001.jpeg,1802,1333,L,7d1694855beaf62cd2db9a0635b93857,NORMAL2-IM-1346,
train,NORMAL,NORMAL2-IM-1347-0001.jpeg,chest_xray_dataset\train\NORMAL\NORMAL2-IM-1347-0001.jpeg,1932,1743,L,c1bea118acb5068ce4f74a0e6ef13504,NORMAL2-IM-1347,
train,NORMAL,NORMAL2-IM-1348-0001.jpeg,chest_xray_dataset\train\NORMAL\NORMAL2-IM-1348-0001.jpeg,1782,1391,L,fab15b8da385cc280646d8e390f9fcb6,NORMAL2-IM-1348,
train,NORMAL,NORMAL2-IM-1349-0001.jpeg,chest_xray_dataset\train\NORMAL\NORMAL2-IM-1349-0001.jpeg,1620,1175,L,8eb69d9641fd4f4760e76bc62e7ae628,NORMAL2-IM-1349,
train,NORMAL,NORMAL2-IM-1350-0001.jpeg,chest_xray_dataset\train\NORMAL\NORMAL2-IM-1350-0001.jpeg,1704,1256,L,90a98bb75affc782a234e24cd9bbd605,NORMAL2-IM-1350,
train,NORMAL,NORMAL2-IM-1351-0001.jpeg,chest_xray_dataset\train\NORMAL\NORMAL2-IM-1351-0001.jpeg,1874,1836,L,832a96a4bbaa4d5663cce1e6c8fc3813,NORMAL2-IM-1351,
train,NORMAL,NORMAL2-IM-1356-0001.jpeg,chest_xray_dataset\train\NORMAL\NORMAL2-IM-1356-0001.jpeg,912,672,L,ee040751b4cef024a95e4273c074cefa,NORMAL2-IM-1356,
train,NORMAL,NORMAL2-IM-1357-0001.jpeg,chest_xray_dataset\train\NORMAL\NORMAL2-IM-1357-0001.jpeg,1600,1304,L,f7625a23214aba97fd1afca68da0ba61,NORMAL2-IM-1357,
train,NORMAL,NORMAL2-IM-1360-0001.jpeg,chest_xray_dataset\train\NORMAL\NORMAL2-IM-1360-0001.jpeg,1184,984,L,6a785424635471b9541f116b1065a584,NORMAL2-IM-1360,
train,NORMAL,NORMAL2-IM-1362-0001.jpeg,chest_xray_dataset\train\NORMAL\NORMAL2-IM-1362-0001.jpeg,992,816,L,b3e7f87033f2a41b65e3e23c08083e50,NORMAL2-IM-1362,
train,NORMAL,NORMAL2-IM-1365-0001.jpeg,chest_xray_dataset\train\NORMAL\NORMAL2-IM-1365-0001.jpeg,1392,1048,L,506662e1806ab4411690f7cea85fe625,NORMAL2-IM-1365,
train,NORMAL,NORMAL2-IM-1371-0001.jpeg,chest_xray_dataset\train\NORMAL\NORMAL2-IM-1371-0001.jpeg,1496,1304,L,72e069597dbc8c29ba9f65515774fdc1,NORMAL2-IM-1371,
train,NORMAL,NORMAL2-IM-1376-0001.jpeg,chest_xray_dataset\train\NORMAL\NORMAL2-IM-1376-0001.jpeg,1296,1200,L,fe2e5195957d795e5ac005b900505fde,NORMAL2-IM-1376,
train,NORMAL,NORMAL2-IM-1379-0001.jpeg,chest_xray_dataset\train\NORMAL\NORMAL2-IM-1379-0001.jpeg,1440,1328,L,fae41c2ef9cfce866604722753569338,NORMAL2-IM-1379,
train,NORMAL,NORMAL2-IM-1385-0001.jpeg,chest_xray_dataset\train\NORMAL\NORMAL2-IM-1385-0001.jpeg,1288,1080,L,68a64217264d125679c3bf4ca1df255e,NORMAL2-IM-1385,
train,NORMAL,NORMAL2-IM-1396-0001.jpeg,chest_xray_dataset\train\NORMAL\NORMAL2-IM-1396-0001.jpeg,1256,1032,L,c5733667b321843e2aeaa9ce6290d84b,NORMAL2-IM-1396,
train,NORMAL,NORMAL2-IM-1400-0001.jpeg,chest_xray_dataset\train\NORMAL\NORMAL2-IM-1400-0001.jpeg,1440,992,L,4cd5c0a9f93850323beeb68becb09f25,NORMAL2-IM-1400,
train,NORMAL,NORMAL2-IM-1401-0001.jpeg,chest_xray_dataset\train\NORMAL\NORMAL2-IM-1401-0001.jpeg,1272,1048,L,d7f1ea897a758d6fce1058d731c87248,NORMAL2-IM-1401,
train,NORMAL,NORMAL2-IM-1406-0001.jpeg,chest_xray_dataset\train\NORMAL\NORMAL2-IM-1406-0001.jpeg,1376,936,L,80fb10bc437330967a2a71b3a4e09d91,NORMAL2-IM-1406,
train,NORMAL,NORMAL2-IM-1412-0001.jpeg,chest_xray_dataset\train\NORMAL\NORMAL2-IM-1412-0001.jpeg,1784,1216,L,dfc734e5ef1b74128061123caf850214,NORMAL2-IM-1412,
train,NORMAL,NORMAL2-IM-1419-0001.jpeg,chest_xray_dataset\train\NORMAL\NORMAL2-IM-1419-0001.jpeg,976,800,L,d696004c97cad25b29e12e60f00cf480,NORMAL2-IM-1419,
train,NORMAL,NORMAL2-IM-1422-0001.jpeg,chest_xray_dataset\train\NORMAL\NORMAL2-IM-1422-0001.jpeg,1460,951,L,a9c4e356bdd859805fa2123737d9b286,NORMAL2-IM-1422,
train,NORMAL,NORMAL2-IM-1423-0001.jpeg,chest_xray_dataset\train\NORMAL\NORMAL2-IM-1423-0001.jpeg,1400,1216,L,49401007b62dcde4041b449913c28a49,NORMAL2-IM-1423,
train,PNEUMONIA,person1000_bacteria_2931.jpeg,chest_xray_dataset\train\PNEUMONIA\person1000_bacteria_2931.jpeg,1152,760,L,4dd9628652242e8438201456935b6cd0,person1000,bacterial
train,PNEUMONIA,person1000_virus_1681.jpeg,chest_xray_dataset\train\PNEUMONIA\person1000_virus_1681.jpeg,1072,768,L,3ea84c2d2f85e189e2ed365298dbac7d,person1000,viral
train,PNEUMONIA,person1001_bacteria_2932.jpeg,chest_xray_dataset\train\PNEUMONIA\person1001_bacteria_2932.jpeg,1244,863,L,b621c40ed827614bc7b4c8dbf805a654,person1001,bacterial
train,PNEUMONIA,person1002_bacteria_2933.jpeg,chest_xray_dataset\train\PNEUMONIA\person1002_bacteria_2933.jpeg,1242,940,L,67744a57f32402248108d1c3d072f765,person1002,bacterial
train,PNEUMONIA,person1003_bacteria_2934.jpeg,chest_xray_dataset\train\PNEUMONIA\person1003_bacteria_2934.jpeg,1488,1280,L,4740d7d50e42d3ea0f23d4e3ea68ef07,person1003,bacterial
train,PNEUMONIA,person1003_virus_1685.jpeg,chest_xray_dataset\train\PNEUMONIA\person1003_virus_1685.jpeg,1008,616,L,a244093dcddaa28732670b866ebfd40d,person1003,viral
train,PNEUMONIA,person1004_bacteria_2935.jpeg,chest_xray_dataset\train\PNEUMONIA\person1004_bacteria_2935.jpeg,1184,816,L,baf20a405f5e62d8f7ea5b23f1ef36bc,person1004,bacterial
train,PNEUMONIA,person1004_virus_1686.jpeg,chest_xray_dataset\train\PNEUMONIA\person1004_virus_1686.jpeg,856,480,L,260c8df425d9dec39ff296b0f32ed075,person1004,viral
train,PNEUMONIA,person1005_bacteria_2936.jpeg,chest_xray_dataset\train\PNEUMONIA\person1005_bacteria_2936.jpeg,1048,888,L,ae39e7b2d4ba54e248686f7de25709c8,person1005,bacterial
train,PNEUMONIA,person1005_virus_1688.jpeg,chest_xray_dataset\train\PNEUMONIA\person1005_virus_1688.jpeg,1216,792,L,92646cc1420ee21580fedf7a9518b694,person1005,viral
train,PNEUMONIA,person1006_bacteria_2937.jpeg,chest_xray_dataset\train\PNEUMONIA\person1006_bacteria_2937.jpeg,1553,1044,L,eac5dcbac581ca4fb6a5e27fa0c0c353,person1006,bacterial
train,PNEUMONIA,person1007_bacteria_2938.jpeg,chest_xray_dataset\train\PNEUMONIA\person1007_bacteria_2938.jpeg,992,776,L,6153543a1cf016c719f44eb625633d62,person1007,bacterial
train,PNEUMONIA,person1007_virus_1690.jpeg,chest_xray_dataset\train\PNEUMONIA\person1007_virus_1690.jpeg,1048,664,L,760c1c60305b563e167a2be7124a5f20,person1007,viral
train,PNEUMONIA,person1008_bacteria_2939.jpeg,chest_xray_dataset\train\PNEUMONIA\person1008_bacteria_2939.jpeg,1240,792,L,b674978f199a135405f0f9d5f23e6c67,person1008,bacterial
train,PNEUMONIA,person1008_virus_1691.jpeg,chest_xray_dataset\train\PNEUMONIA\person1008_virus_1691.jpeg,1576,1328,L,7535455e31ceae2b273355abed00c0cb,person1008,viral
train,PNEUMONIA,person1009_virus_1694.jpeg,chest_xray_dataset\train\PNEUMONIA\person1009_virus_1694.jpeg,1520,936,L,948e19a06f5354e9ce947a748d61beac,person1009,viral
train,PNEUMONIA,person100_virus_184.jpeg,chest_xray_dataset\train\PNEUMONIA\person100_virus_184.jpeg,1104,792,L,7117a8cb741987e1300cceabd75ced32,person100,viral
train,PNEUMONIA,person1010_bacteria_2941.jpeg,chest_xray_dataset\train\PNEUMONIA\person1010_bacteria_2941.jpeg,1328,1368,L,786905611f6e93b33a1906de655b7aaa,person1010,bacterial
train,PNEUMONIA,person1010_virus_1695.jpeg,chest_xray_dataset\train\PNEUMONIA\person1010_virus_1695.jpeg,502,307,RGB,e675e9380ceedf8bc5586108bf9235b1,person1010,viral
train,PNEUMONIA,person1011_bacteria_2942.jpeg,chest_xray_dataset\train\PNEUMONIA\person1011_bacteria_2942.jpeg,1128,520,L,8f28a16bf5dab1d0120a6b0c59e62335,person1011,bacterial
train,PNEUMONIA,person1012_bacteria_2943.jpeg,chest_xray_dataset\train\PNEUMONIA\person1012_bacteria_2943.jpeg,992,680,L,0b9406c338246912624be4b7e41c96db,person1012,bacterial
train,PNEUMONIA,person1014_bacteria_2945.jpeg,chest_xray_dataset\train\PNEUMONIA\person1014_bacteria_2945.jpeg,1366,1044,L,b3ce76f55ef0e39cc897502b9c7a13a0,person1014,bacterial
train,PNEUMONIA,person1015_virus_1701.jpeg,chest_xray_dataset\train\PNEUMONIA\person1015_virus_1701.jpeg,1664,1496,L,7ccc17a673b96cb8a764b0712e9acd56,person1015,viral
train,PNEUMONIA,person1015_virus_1702.jpeg,chest_xray_dataset\train\PNEUMONIA\person1015_virus_1702.jpeg,1680,1600,L,b40a9fc18b57c552e34ae80730770bbe,person1015,viral
train,PNEUMONIA,person1016_bacteria_2947.jpeg,chest_xray_dataset\train\PNEUMONIA\person1016_bacteria_2947.jpeg,968,656,L,d25296373da0392b9b8758289582b70f,person1016,bacterial
train,PNEUMONIA,person1016_virus_1704.jpeg,chest_xray_dataset\train\PNEUMONIA\person1016_virus_1704.jpeg,1336,944,L,d42d25931888038292c81758f13bb75d,person1016,viral
train,PNEUMONIA,person1017_bacteria_2948.jpeg,chest_xray_dataset\train\PNEUMONIA\person1017_bacteria_2948.jpeg,1048,716,L,0d4d6dc2d1df50269bd657d7c539be82,person1017,bacterial
train,PNEUMONIA,person1018_bacteria_2949.jpeg,chest_xray_dataset\train\PNEUMONIA\person1018_bacteria_2949.jpeg,992,760,L,aefb28cd981f01addef197f504be9bf4,person1018,bacterial
train,PNEUMONIA,person1018_virus_1706.jpeg,chest_xray_dataset\train\PNEUMONIA\person1018_virus_1706.jpeg,1280,784,L,25d17e7b051abca1085b1dbd20d6ae9f,person1018,viral
train,PNEUMONIA,person1019_bacteria_2950.jpeg,chest_xray_dataset\train\PNEUMONIA\person1019_bacteria_2950.jpeg,904,624,L,8dc3957734a4125c292337a5d4ed98ed,person1019,bacterial
train,PNEUMONIA,person1019_virus_1707.jpeg,chest_xray_dataset\train\PNEUMONIA\person1019_virus_1707.jpeg,1752,1408,L,06752359ec9e2bd2ed3fc86d17b2bcde,person1019,viral
train,PNEUMONIA,person1019_virus_1708.jpeg,chest_xray_dataset\train\PNEUMONIA\person1019_virus_1708.jpeg,1848,1448,L,9cbef94e494c90ef636fa5708130cb93,person1019,viral
train,PNEUMONIA,person101_virus_187.jpeg,chest_xray_dataset\train\PNEUMONIA\person101_virus_187.jpeg,1592,1312,L,2b5e3637af934714069da9365db929f8,person101,viral
train,PNEUMONIA,person101_virus_188.jpeg,chest_xray_dataset\train\PNEUMONIA\person101_virus_188.jpeg,1736,1752,L,825f4a67323c89e8fc026451947508b0,person101,viral
train,PNEUMONIA,person1020_bacteria_2951.jpeg,chest_xray_dataset\train\PNEUMONIA\person1020_bacteria_2951.jpeg,1136,712,L,9a8001e3c68fd000d990b57a1d3f8a9e,person1020,bacterial
train,PNEUMONIA,person1020_virus_1710.jpeg,chest_xray_dataset\train\PNEUMONIA\person1020_virus_1710.jpeg,1272,728,L,15144d22d05fa62cf403d3b29e6520a2,person1020,viral
train,PNEUMONIA,person1021_virus_1711.jpeg,chest_xray_dataset\train\PNEUMONIA\person1021_virus_1711.jpeg,1184,752,L,eeba7429309f35dae978b20e4e43b1c8,person1021,viral
train,PNEUMONIA,person1022_bacteria_2953.jpeg,chest_xray_dataset\train\PNEUMONIA\person1022_bacteria_2953.jpeg,1080,984,L,0182515964efd9e62c8c03b8d19ba20c,person1022,bacterial
train,PNEUMONIA,person1022_virus_1712.jpeg,chest_xray_dataset\train\PNEUMONIA\person1022_virus_1712.jpeg,1584,1328,L,a1acf1186eef93f8530d574a7a8c24ca,person1022,viral
train,PNEUMONIA,person1023_bacteria_2954.jpeg,chest_xray_dataset\train\PNEUMONIA\person1023_bacteria_2954.jpeg,1538,1299,L,0f2cacb9c71ff32a96e5ef7c3f55b041,person1023,bacterial
train,PNEUMONIA,person1023_virus_1714.jpeg,chest_xray_dataset\train\PNEUMONIA\person1023_virus_1714.jpeg,1232,720,L,d28ac870f49a2b0036f246a0f5264dd6,person1023,viral
train,PNEUMONIA,person1024_bacteria_2955.jpeg,chest_xray_dataset\train\PNEUMONIA\person1024_bacteria_2955.jpeg,1136,704,L,95c471799ee7e64a0c9df789aa42da00,person1024,bacterial
train,PNEUMONIA,person1024_virus_1716.jpeg,chest_xray_dataset\train\PNEUMONIA\person1024_virus_1716.jpeg,1288,816,L,391ce40d7cd43c7b45554bde9e1b3a28,person1024,viral
train,PNEUMONIA,person1026_bacteria_2957.jpeg,chest_xray_dataset\train\PNEUMONIA\person1026_bacteria_2957.jpeg,1128,832,L,087fe443347f5fdfde406d2db20b7433,person1026,bacterial
train,PNEUMONIA,person1026_virus_1718.jpeg,chest_xray_dataset\train\PNEUMONIA\person1026_virus_1718.jpeg,1368,872,L,72d0ce9795fd5a98fc703e7b69ffeadd,person1026,viral
train,PNEUMONIA,person1028_bacteria_2959.jpeg,chest_xray_dataset\train\PNEUMONIA\person1028_bacteria_2959.jpeg,1008,728,L,417f1ff6bae4f01a038d284fcfa16aa7,person1028,bacterial
train,PNEUMONIA,person1028_bacteria_2960.jpeg,chest_xray_dataset\train\PNEUMONIA\person1028_bacteria_2960.jpeg,912,480,L,a801bde471f00f60a0dc70a9c1910264,person1028,bacterial
train,PNEUMONIA,person1029_bacteria_2961.jpeg,chest_xray_dataset\train\PNEUMONIA\person1029_bacteria_2961.jpeg,1056,656,L,deca2b73c08abd7cefb62923f57f6f16,person1029,bacterial
train,PNEUMONIA,person1029_virus_1721.jpeg,chest_xray_dataset\train\PNEUMONIA\person1029_virus_1721.jpeg,1296,696,L,a8c7b3d1e0a4869d01f9a01a761b5879,person1029,viral
train,PNEUMONIA,person102_virus_189.jpeg,chest_xray_dataset\train\PNEUMONIA\person102_virus_189.jpeg,1612,1086,L,6d634480a607f579b1f3e303fe3a7fa1,person102,viral
train,PNEUMONIA,person1030_virus_1722.jpeg,chest_xray_dataset\train\PNEUMONIA\person1030_virus_1722.jpeg,1784,1184,L,32d536f2b33b9631ab1f85fa8b19233b,person1030,viral
train,PNEUMONIA,person1031_bacteria_2963.jpeg,chest_xray_dataset\train\PNEUMONIA\person1031_bacteria_2963.jpeg,1096,744,L,2fed7dd83cdf45d0b0869447a82697ce,person1031,bacterial
train,PNEUMONIA,person1031_bacteria_2964.jpeg,chest_xray_dataset\train\PNEUMONIA\person1031_bacteria_2964.jpeg,1032,680,L,8f4b22644585808ab01d220b3123a4c7,person1031,bacterial
train,PNEUMONIA,person1031_virus_1723.jpeg,chest_xray_dataset\train\PNEUMONIA\person1031_virus_1723.jpeg,1504,1296,L,a0309aae0ce73f443a6db6f67828da28,person1031,viral
train,PNEUMONIA,person1033_bacteria_2966.jpeg,chest_xray_dataset\train\PNEUMONIA\person1033_bacteria_2966.jpeg,848,704,L,99ef9f8ee7ddec28b0e8cf0bfd52b9c6,person1033,bacterial
train,PNEUMONIA,person1034_bacteria_2968.jpeg,chest_xray_dataset\train\PNEUMONIA\person1034_bacteria_2968.jpeg,1088,712,L,951eac0fe2bfdd1e8ba39c3b8e678f76,person1034,bacterial
train,PNEUMONIA,person1034_virus_1728.jpeg,chest_xray_dataset\train\PNEUMONIA\person1034_virus_1728.jpeg,1144,928,L,4640f76f3f630f5e199a41811090db2e,person1034,viral
train,PNEUMONIA,person1035_bacteria_2969.jpeg,chest_xray_dataset\train\PNEUMONIA\person1035_bacteria_2969.jpeg,860,500,RGB,6eb8ed9cb2acc6167c1d2c5aaa95a9cd,person1035,bacterial
train,PNEUMONIA,person1035_virus_1729.jpeg,chest_xray_dataset\train\PNEUMONIA\person1035_virus_1729.jpeg,1248,840,L,c2344f7c4c4405ee7a311b2bdf4f9716,person1035,viral
train,PNEUMONIA,person1036_bacteria_2970.jpeg,chest_xray_dataset\train\PNEUMONIA\person1036_bacteria_2970.jpeg,920,736,L,ceab86dad8fdd54d20ae2113d4641d94,person1036,bacterial
train,PNEUMONIA,person1036_virus_1730.jpeg,chest_xray_dataset\train\PNEUMONIA\person1036_virus_1730.jpeg,1136,840,L,9a4dcb4cd2a4a306e2c00cbdbb46c3a8,person1036,viral
train,PNEUMONIA,person1037_bacteria_2971.jpeg,chest_xray_dataset\train\PNEUMONIA\person1037_bacteria_2971.jpeg,1152,672,L,4ec8aafc072257f0bfedc1450d8fee40,person1037,bacterial
train,PNEUMONIA,person1038_bacteria_2972.jpeg,chest_xray_dataset\train\PNEUMONIA\person1038_bacteria_2972.jpeg,2093,1404,L,1b0c2c3768a33d7d22d0adc5e914aa61,person1038,bacterial
train,PNEUMONIA,person1038_virus_1733.jpeg,chest_xray_dataset\train\PNEUMONIA\person1038_virus_1733.jpeg,1368,928,L,9cfd9fd5ecb78839625f351e4a96ef27,person1038,viral
train,PNEUMONIA,person1039_bacteria_2973.jpeg,chest_xray_dataset\train\PNEUMONIA\person1039_bacteria_2973.jpeg,1532,1066,L,0418869dc6ed23a8c9226cf49fef04b4,person1039,bacterial
train,PNEUMONIA,person103_virus_190.jpeg,chest_xray_dataset\train\PNEUMONIA\person103_virus_190.jpeg,1328,912,L,8c7d5b4589becc2c235e48c8964fa195,person103,viral
train,PNEUMONIA,person1040_bacteria_2974.jpeg,chest_xray_dataset\train\PNEUMONIA\person1040_bacteria_2974.jpeg,1467,1044,L,191e1c08eb59066096c903f7ed0bf1e3,person1040,bacterial
train,PNEUMONIA,person1040_virus_1735.jpeg,chest_xray_dataset\train\PNEUMONIA\person1040_virus_1735.jpeg,1040,520,L,52c13e01b42ab1dac69ed3c78cf7f38d,person1040,viral
train,PNEUMONIA,person1041_bacteria_2975.jpeg,chest_xray_dataset\train\PNEUMONIA\person1041_bacteria_2975.jpeg,1000,728,L,a98dc77dccf7a580a2a44663b3568254,person1041,bacterial
train,PNEUMONIA,person1041_virus_1736.jpeg,chest_xray_dataset\train\PNEUMONIA\person1041_virus_1736.jpeg,1304,760,L,e9faed3746478f595b00e24353c3ab55,person1041,viral
train,PNEUMONIA,person1042_virus_1737.jpeg,chest_xray_dataset\train\PNEUMONIA\person1042_virus_1737.jpeg,1408,1056,L,2f3770b149e0f6da05b78f6c6f21737e,person1042,viral
train,PNEUMONIA,person1043_bacteria_2977.jpeg,chest_xray_dataset\train\PNEUMONIA\person1043_bacteria_2977.jpeg,1336,896,L,e2a893600fe543863132c40bcde93dd7,person1043,bacterial
train,PNEUMONIA,person1043_virus_1738.jpeg,chest_xray_dataset\train\PNEUMONIA\person1043_virus_1738.jpeg,1160,768,L,785b4f7eba90a991c80a78fafe8cece7,person1043,viral
train,PNEUMONIA,person1044_bacteria_2978.jpeg,chest_xray_dataset\train\PNEUMONIA\person1044_bacteria_2978.jpeg,1168,828,L,577fac6e8e75454ba2935c6592987178,person1044,bacterial
train,PNEUMONIA,person1044_virus_1740.jpeg,chest_xray_dataset\train\PNEUMONIA\person1044_virus_1740.jpeg,1488,1088,L,59decda28effd7d3c3eb63655d95cea0,person1044,viral
train,PNEUMONIA,person1045_bacteria_2979.jpeg,chest_xray_dataset\train\PNEUMONIA\person1045_bacteria_2979.jpeg,1008,760,L,541bd659e06941578026e79928fea979,person1045,bacterial
train,PNEUMONIA,person1045_virus_1741.jpeg,chest_xray_dataset\train\PNEUMONIA\person1045_virus_1741.jpeg,1120,872,L,d7a60fec763862ac7fc3abc59a8cd0e6,person1045,viral
train,PNEUMONIA,person1046_bacteria_2980.jpeg,chest_xray_dataset\train\PNEUMONIA\person1046_bacteria_2980.jpeg,1088,872,L,d2d8e74d04b75c9b13bef70cc802f76f,person1046,bacterial
train,PNEUMONIA,person1046_virus_1742.jpeg,chest_xray_dataset\train\PNEUMONIA\person1046_virus_1742.jpeg,1128,648,L,0394654953caa061c127fefd01b565a4,person1046,viral
train,PNEUMONIA,person1048_bacteria_2982.jpeg,chest_xray_dataset\train\PNEUMONIA\person1048_bacteria_2982.jpeg,976,608,L,a2af4d1db91e3c8ff3c6c661b9fd40a3,person1048,bacterial
train,PNEUMONIA,person1048_virus_1744.jpeg,chest_xray_dataset\train\PNEUMONIA\person1048_virus_1744.jpeg,1344,1040,L,8aae87f191be6dbe737be8d839b55fc9,person1048,viral
train,PNEUMONIA,person1049_bacteria_2983.jpeg,chest_xray_dataset\train\PNEUMONIA\person1049_bacteria_2983.jpeg,1464,967,L,7dc70d0226657fbb933df14dbc4eb0fb,person1049,bacterial
train,PNEUMONIA,person1049_virus_1746.jpeg,chest_xray_dataset\train\PNEUMONIA\person1049_virus_1746.jpeg,1016,704,L,3439cd473237cfdaf1ea038e26c0293a,person1049,viral
train,PNEUMONIA,person104_virus_191.jpeg,chest_xray_dataset\train\PNEUMONIA\person104_virus_191.jpeg,1644,1138,L,9992e858c62ba1e60a1bbf60de03c2a5,person104,viral
train,PNEUMONIA,person1050_bacteria_2984.jpeg,chest_xray_dataset\train\PNEUMONIA\person1050_bacteria_2984.jpeg,944,616,L,29a45c58e18d84a69684da6e2f87e596,person1050,bacterial
train,PNEUMONIA,person1051_bacteria_2985.jpeg,chest_xray_dataset\train\PNEUMONIA\person1051_bacteria_2985.jpeg,1088,728,L,fcb31198014c9046ff368c67361f1bed,person1051,bacterial
train,PNEUMONIA,person1051_virus_1750.jpeg,chest_xray_dataset\train\PNEUMONIA\person1051_virus_1750.jpeg,1616,1352,L,68b2f3a71e67c10e7a6e19ce3172c429,person1051,viral
train,PNEUMONIA,person1052_bacteria_2986.jpeg,chest_xray_dataset\train\PNEUMONIA\person1052_bacteria_2986.jpeg,1048,856,L,4cdc7f930b0d650aa6c39bcc4608fc69,person1052,bacterial
train,PNEUMONIA,person1052_virus_1751.jpeg,chest_xray_dataset\train\PNEUMONIA\person1052_virus_1751.jpeg,836,521,RGB,f47497d7e82aad74a2258cda790d80f9,person1052,viral
train,PNEUMONIA,person1053_bacteria_2987.jpeg,chest_xray_dataset\train\PNEUMONIA\person1053_bacteria_2987.jpeg,1016,696,L,ca0bb07029658b3ce28d8955e2e53266,person1053,bacterial
train,PNEUMONIA,person1054_bacteria_2988.jpeg,chest_xray_dataset\train\PNEUMONIA\person1054_bacteria_2988.jpeg,1344,1072,L,2d1f1adcdb3627ad738dbfdf4ce8ab94,person1054,bacterial
train,PNEUMONIA,person1055_bacteria_2989.jpeg,chest_xray_dataset\train\PNEUMONIA\person1055_bacteria_2989.jpeg,1064,880,L,2bfe4713aa07aec9afc1f68d2f665089,person1055,bacterial
train,PNEUMONIA,person1056_bacteria_2990.jpeg,chest_xray_dataset\train\PNEUMONIA\person1056_bacteria_2990.jpeg,1016,664,L,b0847886ca26684e4b7a276f36909bda,person1056,bacterial
train,PNEUMONIA,person1056_virus_1755.jpeg,chest_xray_dataset\train\PNEUMONIA\person1056_virus_1755.jpeg,1816,1184,L,918d338795f705eeba755d1d93deeab6,person1056,viral
train,PNEUMONIA,person1057_bacteria_2991.jpeg,chest_xray_dataset\train\PNEUMONIA\person1057_bacteria_2991.jpeg,1400,910,L,4e45bde180ad8229c8a83f048ae63aff,person1057,bacterial
train,PNEUMONIA,person1057_virus_1756.jpeg,chest_xray_dataset\train\PNEUMONIA\person1057_virus_1756.jpeg,1016,664,L,7f10e74b16e86d2e818d18a3d7591436,person1057,viral
train,PNEUMONIA,person1058_bacteria_2992.jpeg,chest_xray_dataset\train\PNEUMONIA\person1058_bacteria_2992.jpeg,1112,728,L,aa3f654c0abc76333fddab19ee30c0ca,person1058,bacterial
train,PNEUMONIA,person1058_virus_1757.jpeg,chest_xray_dataset\train\PNEUMONIA\person1058_virus_1757.jpeg,1376,952,L,bba08b50a433bd96738853a0064f972a,person1058,viral
train,PNEUMONIA,person1059_bacteria_2993.jpeg,chest_xray_dataset\train\PNEUMONIA\person1059_bacteria_2993.jpeg,1088,688,L,e48d4ea98908b394a03c555ec20578f4,person1059,bacterial
train,PNEUMONIA,person1059_virus_1758.jpeg,chest_xray_dataset\train\PNEUMONIA\person1059_virus_1758.jpeg,936,568,L,f0e447f0c61cd8d4fc7b54d67d45b8e0,person1059,viral
train,PNEUMONIA,person105_virus_192.jpeg,chest_xray_dataset\train\PNEUMONIA\person105_virus_192.jpeg,1096,650,L,a87913899b895ba41f963870dc8050ee,person105,viral
train,PNEUMONIA,person105_virus_193.jpeg,chest_xray_dataset\train\PNEUMONIA\person105_virus_193.jpeg,1101,823,L,546cf334314f0869728215452c763071,person105,viral
train,PNEUMONIA,person1060_virus_1760.jpeg,chest_xray_dataset\train\PNEUMONIA\person1060_virus_1760.jpeg,1312,920,L,afb09f188b10dd101411a47b3cb80893,person1060,viral
train,PNEUMONIA,person1062_bacteria_2996.jpeg,chest_xray_dataset\train\PNEUMONIA\person1062_bacteria_2996.jpeg,952,800,L,05649f2d3db02ff10d4496462262e413,person1062,bacterial
train,PNEUMONIA,person1062_virus_1762.jpeg,chest_xray_dataset\train\PNEUMONIA\person1062_virus_1762.jpeg,1104,632,L,aa09383da4f35db8f8919c2ae40b5353,person1062,viral
train,PNEUMONIA,person1063_bacteria_2997.jpeg,chest_xray_dataset\train\PNEUMONIA\person1063_bacteria_2997.jpeg,1232,976,L,845bed9fc98f8378bcd6f781549f6411,person1063,bacterial
train,PNEUMONIA,person1063_virus_1765.jpeg,chest_xray_dataset\train\PNEUMONIA\person1063_virus_1765.jpeg,1072,728,L,a1464662527c4f11f6ae770fa9e909b2,person1063,viral
train,PNEUMONIA,person1065_bacteria_2999.jpeg,chest_xray_dataset\train\PNEUMONIA\person1065_bacteria_2999.jpeg,1000,720,L,8210cd183f2d383b6a15346ea9cf8115,person1065,bacterial
train,PNEUMONIA,person1065_virus_1768.jpeg,chest_xray_dataset\train\PNEUMONIA\person1065_virus_1768.jpeg,1344,912,L,f2bbdfa88aea855f14d6054e18cbbb8c,person1065,viral
train,PNEUMONIA,person1066_bacteria_3000.jpeg,chest_xray_dataset\train\PNEUMONIA\person1066_bacteria_3000.jpeg,1272,1128,L,8129288df0cf59c1bf3295d7524189bf,person1066,bacterial
train,PNEUMONIA,person1066_virus_1769.jpeg,chest_xray_dataset\train\PNEUMONIA\person1066_virus_1769.jpeg,1392,904,L,192cecd4dcad31f925147656d2b95f26,person1066,viral
train,PNEUMONIA,person1067_bacteria_3001.jpeg,chest_xray_dataset\train\PNEUMONIA\person1067_bacteria_3001.jpeg,1136,904,L,3cfc99fef38541defbbc0305a701cd95,person1067,bacterial
train,PNEUMONIA,person1067_virus_1770.jpeg,chest_xray_dataset\train\PNEUMONIA\person1067_virus_1770.jpeg,992,624,L,6e6330c330fd9abe4a945dcfd732a436,person1067,viral
train,PNEUMONIA,person1068_bacteria_3002.jpeg,chest_xray_dataset\train\PNEUMONIA\person1068_bacteria_3002.jpeg,1368,1120,L,e82fc23d7c7f18ab34733d168f1f646d,person1068,bacterial
train,PNEUMONIA,person1068_virus_1771.jpeg,chest_xray_dataset\train\PNEUMONIA\person1068_virus_1771.jpeg,952,560,L,75c82da0f7e3e989d54f14facd4844df,person1068,viral
train,PNEUMONIA,person1069_bacteria_3003.jpeg,chest_xray_dataset\train\PNEUMONIA\person1069_bacteria_3003.jpeg,1248,1016,L,07313e4e3539643892367d9be54d3737,person1069,bacterial
train,PNEUMONIA,person1069_virus_1772.jpeg,chest_xray_dataset\train\PNEUMONIA\person1069_virus_1772.jpeg,1408,792,L,be43ba60dc361438e363b7a49c7f5013,person1069,viral
train,PNEUMONIA,person106_virus_194.jpeg,chest_xray_dataset\train\PNEUMONIA\person106_virus_194.jpeg,1541,881,L,82d5766aef066d182b1577540b56067b,person106,viral
train,PNEUMONIA,person1070_virus_1773.jpeg,chest_xray_dataset\train\PNEUMONIA\person1070_virus_1773.jpeg,1376,752,L,65e83be842bb25471012c7f67a426cdf,person1070,viral
train,PNEUMONIA,person1071_bacteria_3005.jpeg,chest_xray_dataset\train\PNEUMONIA\person1071_bacteria_3005.jpeg,1056,840,L,49963d7cc2afa2e911585c955d22b530,person1071,bacterial
train,PNEUMONIA,person1071_virus_1774.jpeg,chest_xray_dataset\train\PNEUMONIA\person1071_virus_1774.jpeg,1024,640,L,b683bafeef0b5e29cffd9227014b1a62,person1071,viral
train,PNEUMONIA,person1072_bacteria_3006.jpeg,chest_xray_dataset\train\PNEUMONIA\person1072_bacteria_3006.jpeg,1008,680,L,e356e8856aea51e0dba86a66eecd4b31,person1072,bacterial
train,PNEUMONIA,person1072_bacteria_3007.jpeg,chest_xray_dataset\train\PNEUMONIA\person1072_bacteria_3007.jpeg,1072,664,L,9c132f21dfb4fe8ecbd1cc2bfc718326,person1072,bacterial
train,PNEUMONIA,person1072_virus_1775.jpeg,chest_xray_dataset\train\PNEUMONIA\person1072_virus_1775.jpeg,1288,760,L,d503ee365610377383d6cfa0bcef7f84,person1072,viral
train,PNEUMONIA,person1073_bacteria_3008.jpeg,chest_xray_dataset\train\PNEUMONIA\person1073_bacteria_3008.jpeg,978,626,RGB,0e347313268846387965e8139c88ae3b,person1073,bacterial
train,PNEUMONIA,person1073_bacteria_3011.jpeg,chest_xray_dataset\train\PNEUMONIA\person1073_bacteria_3011.jpeg,1016,680,L,afff05e74db29f059a130d9f10e463f3,person1073,bacterial
train,PNEUMONIA,person1073_virus_1776.jpeg,chest_xray_dataset\train\PNEUMONIA\person1073_virus_1776.jpeg,1152,736,L,e9e131c08ae6ce3c3ea64bf3911ae219,person1073,viral
train,PNEUMONIA,person1074_bacteria_3012.jpeg,chest_xray_dataset\train\PNEUMONIA\person1074_bacteria_3012.jpeg,1338,1044,L,df6f457005098cac9adb2470bff943f3,person1074,bacterial
train,PNEUMONIA,person1074_bacteria_3014.jpeg,chest_xray_dataset\train\PNEUMONIA\person1074_bacteria_3014.jpeg,992,520,L,d2436ffef83fd0616de8953b5abd7262,person1074,bacterial
train,PNEUMONIA,person1075_bacteria_3015.jpeg,chest_xray_dataset\train\PNEUMONIA\person1075_bacteria_3015.jpeg,1690,1267,L,0b3b70a8617ab9c578fe8ea51d2302ae,person1075,bacterial
train,PNEUMONIA,person1076_bacteria_3016.jpeg,chest_xray_dataset\train\PNEUMONIA\person1076_bacteria_3016.jpeg,1292,867,L,dd91b8913dff024746275b7a82ce2366,person1076,bacterial
train,PNEUMONIA,person1077_bacteria_3017.jpeg,chest_xray_dataset\train\PNEUMONIA\person1077_bacteria_3017.jpeg,1048,640,L,f6fdf84b09e9b7674698fe5d32578271,person1077,bacterial
train,PNEUMONIA,person1077_virus_1787.jpeg,chest_xray_dataset\train\PNEUMONIA\person1077_virus_1787.jpeg,1696,1320,L,643030bf56e1725e139011f10070d186,person1077,viral
train,PNEUMONIA,person1078_bacteria_3018.jpeg,chest_xray_dataset\train\PNEUMONIA\person1078_bacteria_3018.jpeg,1072,840,L,0d6eaeec21a7ab776da2e3be7aeea05a,person1078,bacterial
train,PNEUMONIA,person1078_virus_1788.jpeg,chest_xray_dataset\train\PNEUMONIA\person1078_virus_1788.jpeg,1176,704,L,f2711eb130712ab4ee13b30c6be74659,person1078,viral
train,PNEUMONIA,person1079_bacteria_3019.jpeg,chest_xray_dataset\train\PNEUMONIA\person1079_bacteria_3019.jpeg,1248,832,L,6c5c5ac3cb3c75bab2e44e42c8e5e1b4,person1079,bacterial
train,PNEUMONIA,person1079_virus_1789.jpeg,chest_xray_dataset\train\PNEUMONIA\person1079_virus_1789.jpeg,1568,1152,L,a9f6690faa01a8ce10330040684db606,person1079,viral
train,PNEUMONIA,person107_virus_197.jpeg,chest_xray_dataset\train\PNEUMONIA\person107_virus_197.jpeg,1616,1024,L,b4c45c9e84f5fd209cd9f0c388765078,person107,viral
train,PNEUMONIA,person1080_bacteria_3020.jpeg,chest_xray_dataset\train\PNEUMONIA\person1080_bacteria_3020.jpeg,1432,800,L,6c049da7004a6215bd8c4aa1ded67add,person1080,bacterial
train,PNEUMONIA,person1080_virus_1791.jpeg,chest_xray_dataset\train\PNEUMONIA\person1080_virus_1791.jpeg,1568,1016,L,e1a335afe8db7913583fae42241532bf,person1080,viral
train,PNEUMONIA,person1081_bacteria_3021.jpeg,chest_xray_dataset\train\PNEUMONIA\person1081_bacteria_3021.jpeg,944,560,L,bcb763443b7c6ff6f0bb8f5fa2721d3a,person1081,bacterial
train,PNEUMONIA,person1081_virus_1793.jpeg,chest_xray_dataset\train\PNEUMONIA\person1081_virus_1793.jpeg,976,576,L,a7203cad7122d54d56e12632173ea601,person1081,viral
train,PNEUMONIA,person1082_bacteria_3022.jpeg,chest_xray_dataset\train\PNEUMONIA\person1082_bacteria_3022.jpeg,1280,984,L,170e79c943437fff944c7de8d439dda5,person1082,bacterial
train,PNEUMONIA,person1082_virus_1794.jpeg,chest_xray_dataset\train\PNEUMONIA\person1082_virus_1794.jpeg,1232,688,L,cff09e713b98e784d0447026b7f7f5ec,person1082,viral
train,PNEUMONIA,person1083_bacteria_3023.jpeg,chest_xray_dataset\train\PNEUMONIA\person1083_bacteria_3023.jpeg,1104,752,L,7f3133269b64f5dba3d848a2bbbf64fa,person1083,bacterial
train,PNEUMONIA,person1083_virus_1795.jpeg,chest_xray_dataset\train\PNEUMONIA\person1083_virus_1795.jpeg,1152,696,L,de9089628bec5e39b8c2bb9c0400f714,person1083,viral
train,PNEUMONIA,person1084_bacteria_3024.jpeg,chest_xray_dataset\train\PNEUMONIA\person1084_bacteria_3024.jpeg,1096,776,L,7f18f78df31e87804d8941a5c22900c1,person1084,bacterial
train,PNEUMONIA,person1084_virus_1796.jpeg,chest_xray_dataset\train\PNEUMONIA\person1084_virus_1796.jpeg,1544,1080,L,9d116dbc3e1689f148c5f9e5cb1a51d2,person1084,viral
train,PNEUMONIA,person1085_bacteria_3025.jpeg,chest_xray_dataset\train\PNEUMONIA\person1085_bacteria_3025.jpeg,1080,752,L,b7268c6afdd1c06405acf086eb3a11ab,person1085,bacterial
train,PNEUMONIA,person1085_virus_1797.jpeg,chest_xray_dataset\train\PNEUMONIA\person1085_virus_1797.jpeg,1320,776,L,0318adff6ce3ca1944ee7c44587d883d,person1085,viral
train,PNEUMONIA,person1086_bacteria_3026.jpeg,chest_xray_dataset\train\PNEUMONIA\person1086_bacteria_3026.jpeg,1468,821,L,28dbc9b379ee46b1655777cc813433bb,person1086,bacterial
train,PNEUMONIA,person1086_virus_1798.jpeg,chest_xray_dataset\train\PNEUMONIA\person1086_virus_1798.jpeg,1128,728,L,ef0ce6bd2ab710fc6c2cddc6482b59d1,person1086,viral
train,PNEUMONIA,person1087_bacteria_3027.jpeg,chest_xray_dataset\train\PNEUMONIA\person1087_bacteria_3027.jpeg,1160,752,L,c309a1fdaffb577994eb76acbe3f165e,person1087,bacterial
train,PNEUMONIA,person1087_virus_1799.jpeg,chest_xray_dataset\train\PNEUMONIA\person1087_virus_1799.jpeg,904,472,L,7d19d0932d6d57b94a360a8a8322def3,person1087,viral
train,PNEUMONIA,person1088_bacteria_3028.jpeg,chest_xray_dataset\train\PNEUMONIA\person1088_bacteria_3028.jpeg,1000,824,L,51f3648633639a32d47fa01fbb7aace1,person1088,bacterial
train,PNEUMONIA,person1088_virus_1800.jpeg,chest_xray_dataset\train\PNEUMONIA\person1088_virus_1800.jpeg,2080,1736,L,3d4e9086d3f71eba137b92c46ebcc673,person1088,viral
train,PNEUMONIA,person1089_bacteria_3029.jpeg,chest_xray_dataset\train\PNEUMONIA\person1089_bacteria_3029.jpeg,1136,688,L,9ca01a726d7820acb1af9b0005be4fb1,person1089,bacterial
train,PNEUMONIA,person1089_virus_1808.jpeg,chest_xray_dataset\train\PNEUMONIA\person1089_virus_1808.jpeg,1064,576,L,c765f69390d3db68725048e0de329c42,person1089,viral
train,PNEUMONIA,person108_virus_199.jpeg,chest_xray_dataset\train\PNEUMONIA\person108_virus_199.jpeg,2064,1632,L,811cb37825c10655a014d57ef0aa0872,person108,viral
train,PNEUMONIA,person108_virus_200.jpeg,chest_xray_dataset\train\PNEUMONIA\person108_virus_200.jpeg,2048,1448,L,bffb2180187bee00b8629653c9e508da,person108,viral
train,PNEUMONIA,person108_virus_201.jpeg,chest_xray_dataset\train\PNEUMONIA\person108_virus_201.jpeg,1968,1688,L,d7e5287ab2abf8533e8e6815f18acd8a,person108,viral
train,PNEUMONIA,person1090_virus_1809.jpeg,chest_xray_dataset\train\PNEUMONIA\person1090_virus_1809.jpeg,1136,656,L,27aa9a155d607a16d9ed8d85f70e92cc,person1090,viral
train,PNEUMONIA,person1091_bacteria_3031.jpeg,chest_xray_dataset\train\PNEUMONIA\person1091_bacteria_3031.jpeg,1112,784,L,6ef02a946e59775cf193842f6d5cc3aa,person1091,bacterial
train,PNEUMONIA,person1091_virus_1810.jpeg,chest_xray_dataset\train\PNEUMONIA\person1091_virus_1810.jpeg,976,512,L,3edf006fd76643a1af112397e3ef2c6e,person1091,viral
train,PNEUMONIA,person1092_bacteria_3032.jpeg,chest_xray_dataset\train\PNEUMONIA\person1092_bacteria_3032.jpeg,1216,760,L,1bfa9636f89d45c02a52e65dd67b439e,person1092,bacterial
train,PNEUMONIA,person1092_virus_1811.jpeg,chest_xray_dataset\train\PNEUMONIA\person1092_virus_1811.jpeg,1352,960,L,d92d99fd8eee9bfb4c330c9ed4d6f84e,person1092,viral
train,PNEUMONIA,person1093_bacteria_3033.jpeg,chest_xray_dataset\train\PNEUMONIA\person1093_bacteria_3033.jpeg,1208,856,L,e2d08588131456e782b03b0cd30c47b9,person1093,bacterial
train,PNEUMONIA,person1094_virus_1814.jpeg,chest_xray_dataset\train\PNEUMONIA\person1094_virus_1814.jpeg,952,584,L,28d3219ec088746b1251549b1ff23c91,person1094,viral
train,PNEUMONIA,person1095_virus_1815.jpeg,chest_xray_dataset\train\PNEUMONIA\person1095_virus_1815.jpeg,1088,712,L,237e6549b609d47b07f701078c2d2c16,person1095,viral
train,PNEUMONIA,person1096_bacteria_3037.jpeg,chest_xray_dataset\train\PNEUMONIA\person1096_bacteria_3037.jpeg,1088,672,L,d2bb8539268b61a72a1e91655bf3f281,person1096,bacterial
train,PNEUMONIA,person1096_virus_1816.jpeg,chest_xray_dataset\train\PNEUMONIA\person1096_virus_1816.jpeg,1000,608,L,ba9d584a60bb4a15a1276fd85cdc223d,person1096,viral
train,PNEUMONIA,person1097_bacteria_3038.jpeg,chest_xray_dataset\train\PNEUMONIA\person1097_bacteria_3038.jpeg,936,792,L,5c968a8167e3307f2470159083ae1736,person1097,bacterial
train,PNEUMONIA,person1097_virus_1817.jpeg,chest_xray_dataset\train\PNEUMONIA\person1097_virus_1817.jpeg,1288,840,L,a16880f8f8ad2077e1482c2f3bca445b,person1097,viral
train,PNEUMONIA,person1098_bacteria_3039.jpeg,chest_xray_dataset\train\PNEUMONIA\person1098_bacteria_3039.jpeg,1480,1137,L,2dd57bcdd4396ac582e28b4654377837,person1098,bacterial
train,PNEUMONIA,person1098_virus_1818.jpeg,chest_xray_dataset\train\PNEUMONIA\person1098_virus_1818.jpeg,1000,488,L,7cb6cf53b92249370803258c7b4a357d,person1098,viral
train,PNEUMONIA,person1099_bacteria_3040.jpeg,chest_xray_dataset\train\PNEUMONIA\person1099_bacteria_3040.jpeg,1662,1099,L,9d0e3acee65e9191e286b0785b207144,person1099,bacterial
train,PNEUMONIA,person1099_virus_1819.jpeg,chest_xray_dataset\train\PNEUMONIA\person1099_virus_1819.jpeg,759,504,RGB,6c99ea1524fffb75e615b026561ab1ee,person1099,viral
train,PNEUMONIA,person109_virus_203.jpeg,chest_xray_dataset\train\PNEUMONIA\person109_virus_203.jpeg,1380,844,L,c969d450beaba8ce10a2f92dc7485951,person109,viral
train,PNEUMONIA,person10_bacteria_43.jpeg,chest_xray_dataset\train\PNEUMONIA\person10_bacteria_43.jpeg,1028,650,L,2193501b3ad19a85c85d5cb6e7e57542,person10,bacterial
train,PNEUMONIA,person1100_bacteria_3041.jpeg,chest_xray_dataset\train\PNEUMONIA\person1100_bacteria_3041.jpeg,1256,816,L,ad48a6a9c1742fbd0f65ae6ee8f624b5,person1100,bacterial
train,PNEUMONIA,person1100_virus_1820.jpeg,chest_xray_dataset\train\PNEUMONIA\person1100_virus_1820.jpeg,1152,616,L,8784d22a4ce52c5010a716d1cbe85bee,person1100,viral
train,PNEUMONIA,person1101_bacteria_3042.jpeg,chest_xray_dataset\train\PNEUMONIA\person1101_bacteria_3042.jpeg,1072,624,L,57deea471befd7bd671fffd1a2ce0347,person1101,bacterial
train,PNEUMONIA,person1102_bacteria_3043.jpeg,chest_xray_dataset\train\PNEUMONIA\person1102_bacteria_3043.jpeg,976,616,L,2e10708d0f5b66b76d86681a435c303b,person1102,bacterial
train,PNEUMONIA,person1102_virus_1822.jpeg,chest_xray_dataset\train\PNEUMONIA\person1102_virus_1822.jpeg,1096,664,L,53862c5b00b2a2fae525310cc68ef25f,person1102,viral
train,PNEUMONIA,person1103_bacteria_3044.jpeg,chest_xray_dataset\train\PNEUMONIA\person1103_bacteria_3044.jpeg,1336,848,L,87a98200202043d1b0a28f24d2dcee67,person1103,bacterial
train,PNEUMONIA,person1103_virus_1825.jpeg,chest_xray_dataset\train\PNEUMONIA\person1103_virus_1825.jpeg,1616,872,L,db4728ea252e5a2bf9d9d63b495ba6a5,person1103,viral
train,PNEUMONIA,person1104_virus_1826.jpeg,chest_xray_dataset\train\PNEUMONIA\person1104_virus_1826.jpeg,858,522,RGB,5601d4447f9bbd6029fc367b01a44e1b,person1104,viral
train,PNEUMONIA,person1105_bacteria_3046.jpeg,chest_xray_dataset\train\PNEUMONIA\person1105_bacteria_3046.jpeg,1136,760,L,a6c0a4a0abc08f9d18a0c9f99c3bae91,person1105,bacterial
train,PNEUMONIA,person1106_virus_1829.jpeg,chest_xray_dataset\train\PNEUMONIA\person1106_virus_1829.jpeg,1624,1208,L,d24544b0e010851c0f9e7fd1c55a0764,person1106,viral
train,PNEUMONIA,person1107_bacteria_3048.jpeg,chest_xray_dataset\train\PNEUMONIA\person1107_bacteria_3048.jpeg,1482,1044,L,73cfd135a8ec7bd0590cc3b6a45d181f,person1107,bacterial
train,PNEUMONIA,person1107_virus_1831.jpeg,chest_xray_dataset\train\PNEUMONIA\person1107_virus_1831.jpeg,1024,744,L,13b9f048a9ef7e315fd7ef0248bdeb86,person1107,viral
train,PNEUMONIA,person1107_virus_1832.jpeg,chest_xray_dataset\train\PNEUMONIA\person1107_virus_1832.jpeg,1392,832,L,ca03087e7109664436a0b493ba16ee72,person1107,viral
train,PNEUMONIA,person1108_bacteria_3049.jpeg,chest_xray_dataset\train\PNEUMONIA\person1108_bacteria_3049.jpeg,1467,1044,L,fea79004e285172b5e9ab7275954c623,person1108,bacterial
train,PNEUMONIA,person1108_virus_1833.jpeg,chest_xray_dataset\train\PNEUMONIA\person1108_virus_1833.jpeg,869,563,RGB,f1b0ec7c2161ada1a9206dd0f36d947b,person1108,viral
train,PNEUMONIA,person1109_bacteria_3050.jpeg,chest_xray_dataset\train\PNEUMONIA\person1109_bacteria_3050.jpeg,1128,752,L,be5ad20adc56637c0e542ed8561a11d2,person1109,bacterial
train,PNEUMONIA,person110_virus_205.jpeg,chest_xray_dataset\train\PNEUMONIA\person110_virus_205.jpeg,1192,864,L,338f28e5c7fde40c089422c66ecce9df,person110,viral
train,PNEUMONIA,person110_virus_206.jpeg,chest_xray_dataset\train\PNEUMONIA\person110_virus_206.jpeg,1192,840,L,9dee442656e450ac2236f073f6afd96c,person110,viral
train,PNEUMONIA,person110_virus_207.jpeg,chest_xray_dataset\train\PNEUMONIA\person110_virus_207.jpeg,1168,784,L,444d0faad63d3b7c68b169c3ec0d5066,person110,viral
train,PNEUMONIA,person110_virus_208.jpeg,chest_xray_dataset\train\PNEUMONIA\person110_virus_208.jpeg,1353,835,L,0dbd9b6dd3cb1d2340b9224996744f88,person110,viral
train,PNEUMONIA,person1110_bacteria_3051.jpeg,chest_xray_dataset\train\PNEUMONIA\person1110_bacteria_3051.jpeg,1232,952,L,7be123c2803374b5246d11050b10c094,person1110,bacterial
train,PNEUMONIA,person1110_virus_1835.jpeg,chest_xray_dataset\train\PNEUMONIA\person1110_virus_1835.jpeg,1328,784,L,297e6f7c779b69a41f537aad34a2c81c,person1110,viral
train,PNEUMONIA,person1111_bacteria_3052.jpeg,chest_xray_dataset\train\PNEUMONIA\person1111_bacteria_3052.jpeg,1192,752,L,97cae49cddd5ce352a7a7ec2c6025ee6,person1111,bacterial
train,PNEUMONIA,person1111_virus_1836.jpeg,chest_xray_dataset\train\PNEUMONIA\person1111_virus_1836.jpeg,1072,664,L,f30d1eac58ddb8b241e5abced13bbb87,person1111,viral
train,PNEUMONIA,person1112_bacteria_3053.jpeg,chest_xray_dataset\train\PNEUMONIA\person1112_bacteria_3053.jpeg,1224,792,L,164150f0287475f0fccf335e11377425,person1112,bacterial
train,PNEUMONIA,person1112_virus_1837.jpeg,chest_xray_dataset\train\PNEUMONIA\person1112_virus_1837.jpeg,1352,792,L,48d2e270b7fe09d8d9899475267f4e01,person1112,viral
train,PNEUMONIA,person1113_virus_1838.jpeg,chest_xray_dataset\train\PNEUMONIA\person1113_virus_1838.jpeg,1232,712,L,ff74dc4e7aa3501ae22e62329943743a,person1113,viral
train,PNEUMONIA,person1114_bacteria_3055.jpeg,chest_xray_dataset\train\PNEUMONIA\person1114_bacteria_3055.jpeg,1218,739,L,af80657442937f5cf37dae593db31334,person1114,bacterial
train,PNEUMONIA,person1115_bacteria_3056.jpeg,chest_xray_dataset\train\PNEUMONIA\person1115_bacteria_3056.jpeg,1312,888,L,6bb36e711db2a5dc6117080eb28c7259,person1115,bacterial
train,PNEUMONIA,person1115_virus_1840.jpeg,chest_xray_dataset\train\PNEUMONIA\person1115_virus_1840.jpeg,1072,520,L,ae0b937719a5b7745827f680919765cd,person1115,viral
train,PNEUMONIA,person1116_virus_1841.jpeg,chest_xray_dataset\train\PNEUMONIA\person1116_virus_1841.jpeg,1160,760,L,0935d58a05e91f0e70d990196265cc72,person1116,viral
train,PNEUMONIA,person1118_bacteria_3059.jpeg,chest_xray_dataset\train\PNEUMONIA\person1118_bacteria_3059.jpeg,1056,960,L,553ae909c4edc3acf35d7076e850a167,person1118,bacterial
train,PNEUMONIA,person1119_virus_1844.jpeg,chest_xray_dataset\train\PNEUMONIA\person1119_virus_1844.jpeg,1232,808,L,1715debb9bb27b72772937d435ab7541,person1119,viral
train,PNEUMONIA,person111_virus_209.jpeg,chest_xray_dataset\train\PNEUMONIA\person111_virus_209.jpeg,1520,1376,L,b7b72331faf412de2031fbc702774523,person111,viral
train,PNEUMONIA,person111_virus_210.jpeg,chest_xray_dataset\train\PNEUMONIA\person111_virus_210.jpeg,1568,1504,L,280b2b62ee0604196aa65a890fe8b819,person111,viral
train,PNEUMONIA,person111_virus_212.jpeg,chest_xray_dataset\train\PNEUMONIA\person111_virus_212.jpeg,1693,1456,L,65b17e55ee3d8df62afaccb5eead440e,person111,viral
train,PNEUMONIA,person1120_virus_1845.jpeg,chest_xray_dataset\train\PNEUMONIA\person1120_virus_1845.jpeg,1104,536,L,ea55531b53a041bb70c7e8912d1a848c,person1120,viral
train,PNEUMONIA,person1121_virus_1846.jpeg,chest_xray_dataset\train\PNEUMONIA\person1121_virus_1846.jpeg,1320,736,L,864cef471a980a49c304587a74efcda2,person1121,viral
train,PNEUMONIA,person1122_bacteria_3063.jpeg,chest_xray_dataset\train\PNEUMONIA\person1122_bacteria_3063.jpeg,1820,1153,L,631ba0c6626d519c9606bbb891b54706,person1122,bacterial
train,PNEUMONIA,person1122_virus_1847.jpeg,chest_xray_dataset\train\PNEUMONIA\person1122_virus_1847.jpeg,1304,848,L,8b67d038caee38721a7c2a717e81d959,person1122,viral
train,PNEUMONIA,person1123_virus_1848.jpeg,chest_xray_dataset\train\PNEUMONIA\person1123_virus_1848.jpeg,1208,864,L,7f5edee2b7c1a4f0f30b61e278c1d4d8,person1123,viral
train,PNEUMONIA,person1124_bacteria_3065.jpeg,chest_xray_dataset\train\PNEUMONIA\person1124_bacteria_3065.jpeg,1546,1231,L,0c284fdc24e0be1b0d6c5b21165db669,person1124,bacterial
train,PNEUMONIA,person1124_virus_1851.jpeg,chest_xray_dataset\train\PNEUMONIA\person1124_virus_1851.jpeg,1520,960,L,df1a6f0b7e02f2633c3d405fcac233d6,person1124,viral
train,PNEUMONIA,person1125_bacteria_3066.jpeg,chest_xray_dataset\train\PNEUMONIA\person1125_bacteria_3066.jpeg,1294,1138,L,1e756064f282b4f0ab9a080782620e7a,person1125,bacterial
train,PNEUMONIA,person1125_virus_1852.jpeg,chest_xray_dataset\train\PNEUMONIA\person1125_virus_1852.jpeg,1272,952,L,c413e36b0ba11f8dace56519af90fe81,person1125,viral
train,PNEUMONIA,person1126_virus_1853.jpeg,chest_xray_dataset\train\PNEUMONIA\person1126_virus_1853.jpeg,1016,512,L,ae511c642a1a4d89db5151ed1968037c,person1126,viral
train,PNEUMONIA,person1127_bacteria_3068.jpeg,chest_xray_dataset\train\PNEUMONIA\person1127_bacteria_3068.jpeg,861,543,RGB,87c18f0d62d38ea28b0e03022c8e9667,person1127,bacterial
train,PNEUMONIA,person1127_virus_1854.jpeg,chest_xray_dataset\train\PNEUMONIA\person1127_virus_1854.jpeg,1072,712,L,e748b25f3253917cb9a5bab919ab9cf8,person1127,viral
train,PNEUMONIA,person1128_bacteria_3069.jpeg,chest_xray_dataset\train\PNEUMONIA\person1128_bacteria_3069.jpeg,920,760,L,12d8054ffcdb070a41137571809425e0,person1128,bacterial
train,PNEUMONIA,person1129_bacteria_3070.jpeg,chest_xray_dataset\train\PNEUMONIA\person1129_bacteria_3070.jpeg,1296,784,L,50e389b910c4a52fe7d7199963ff1d43,person1129,bacterial
train,PNEUMONIA,person1129_virus_1857.jpeg,chest_xray_dataset\train\PNEUMONIA\person1129_virus_1857.jpeg,926,628,RGB,711ead0f199a8869b5552d0a06c3d276,person1129,viral
train,PNEUMONIA,person112_virus_213.jpeg,chest_xray_dataset\train\PNEUMONIA\person112_virus_213.jpeg,1746,1270,L,e5bce5f56d7c4b34d64a31b8a9d59eee,person112,viral
train,PNEUMONIA,person1130_bacteria_3072.jpeg,chest_xray_dataset\train\PNEUMONIA\person1130_bacteria_3072.jpeg,1616,1208,L,40f8bfc5e44c8305af5f504d1433298c,person1130,bacterial
train,PNEUMONIA,person1130_virus_1860.jpeg,chest_xray_dataset\train\PNEUMONIA\person1130_virus_1860.jpeg,992,496,L,58749214cf763ee3739e994be0c1c38d,person1130,viral
train,PNEUMONIA,person1131_bacteria_3073.jpeg,chest_xray_dataset\train\PNEUMONIA\person1131_bacteria_3073.jpeg,720,441,RGB,c3da67416ab832ec7fe5ddf8acbe61b0,person1131,bacterial
train,PNEUMONIA,person1132_virus_1863.jpeg,chest_xray_dataset\train\PNEUMONIA\person1132_virus_1863.jpeg,790,472,RGB,e6515618e0190b709dd47ce74ff32087,person1132,viral
train,PNEUMONIA,person1133_bacteria_3075.jpeg,chest_xray_dataset\train\PNEUMONIA\person1133_bacteria_3075.jpeg,1048,528,L,b5d383731e832b1bdcdad92497317dda,person1133,bacterial
train,PNEUMONIA,person1133_virus_1865.jpeg,chest_xray_dataset\train\PNEUMONIA\person1133_virus_1865.jpeg,722,427,RGB,9a80702684008d4a356c7eb8f815faf3,person1133,viral
train,PNEUMONIA,person1134_bacteria_3076.jpeg,chest_xray_dataset\train\PNEUMONIA\person1134_bacteria_3076.jpeg,1008,656,L,ee166095ee382d8a32f6e5d9e914f845,person1134,bacterial
train,PNEUMONIA,person1135_bacteria_3077.jpeg,chest_xray_dataset\train\PNEUMONIA\person1135_bacteria_3077.jpeg,1597,1231,L,156d1f902b8bd9892ff419aa1427092c,person1135,bacterial
train,PNEUMONIA,person1136_bacteria_3078.jpeg,chest_xray_dataset\train\PNEUMONIA\person1136_bacteria_3078.jpeg,896,680,L,84e127184354892ddb5e010794d908fc,person1136,bacterial
train,PNEUMONIA,person1137_virus_1876.jpeg,chest_xray_dataset\train\PNEUMONIA\person1137_virus_1876.jpeg,1804,1396,L,a22f55fdfa9f16424281bc9c2ae1dcd5,person1137,viral
train,PNEUMONIA,person1138_bacteria_3080.jpeg,chest_xray_dataset\train\PNEUMONIA\person1138_bacteria_3080.jpeg,1280,792,L,e4aad0db2423556ec719f09d5b96e1b1,person1138,bacterial
train,PNEUMONIA,person1138_virus_1877.jpeg,chest_xray_dataset\train\PNEUMONIA\person1138_virus_1877.jpeg,1928,964,L,c80f3771643f84aeacd40bba363732da,person1138,viral
train,PNEUMONIA,person1138_virus_1879.jpeg,chest_xray_dataset\train\PNEUMONIA\person1138_virus_1879.jpeg,1560,792,L,f9bee6b2c09816daaae17a6f6c1b292a,person1138,viral
train,PNEUMONIA,person1139_bacteria_3081.jpeg,chest_xray_dataset\train\PNEUMONIA\person1139_bacteria_3081.jpeg,904,600,L,93b0297c42f3f244e82d43053dda71d6,person1139,bacterial
train,PNEUMONIA,person1139_bacteria_3082.jpeg,chest_xray_dataset\train\PNEUMONIA\person1139_bacteria_3082.jpeg,856,624,L,0c88ec008a5b2ead8842211f5c5cfee7,person1139,bacterial
train,PNEUMONIA,person1139_virus_1882.jpeg,chest_xray_dataset\train\PNEUMONIA\person1139_virus_1882.jpeg,1364,805,L,33787f3935cc7a5ce7311a429a6d6c30,person1139,viral
train,PNEUMONIA,person113_virus_215.jpeg,chest_xray_dataset\train\PNEUMONIA\person113_virus_215.jpeg,960,672,L,c400ab854342dde5b6914d8aca0ecd19,person113,viral
train,PNEUMONIA,person113_virus_216.jpeg,chest_xray_dataset\train\PNEUMONIA\person113_virus_216.jpeg,1072,592,L,56e1a55da386378e4654c832e4eb907f,person113,viral
train,PNEUMONIA,person1140_bacteria_3083.jpeg,chest_xray_dataset\train\PNEUMONIA\person1140_bacteria_3083.jpeg,1152,784,L,70a80877f48dbf0abd243e17d8a86b3f,person1140,bacterial
train,PNEUMONIA,person1140_virus_1885.jpeg,chest_xray_dataset\train\PNEUMONIA\person1140_virus_1885.jpeg,1330,844,L,189c3008f8096e30d07941b504c27095,person1140,viral
train,PNEUMONIA,person1141_bacteria_3084.jpeg,chest_xray_dataset\train\PNEUMONIA\person1141_bacteria_3084.jpeg,992,528,L,0b5bc4a3b925b1ff983dcf0ba171a209,person1141,bacterial
train,PNEUMONIA,person1141_bacteria_3085.jpeg,chest_xray_dataset\train\PNEUMONIA\person1141_bacteria_3085.jpeg,952,440,L,d7ff1bd5f1a83aaf5dbc1a0519c5722b,person1141,bacterial
train,PNEUMONIA,person1141_virus_1886.jpeg,chest_xray_dataset\train\PNEUMONIA\person1141_virus_1886.jpeg,1152,712,L,13013054c8aa20f4e7a877dac94650e2,person1141,viral
train,PNEUMONIA,person1141_virus_1890.jpeg,chest_xray_dataset\train\PNEUMONIA\person1141_virus_1890.jpeg,1164,735,L,320416219d44f4d31d0ecf8d9630411e,person1141,viral
train,PNEUMONIA,person1142_bacteria_3086.jpeg,chest_xray_dataset\train\PNEUMONIA\person1142_bacteria_3086.jpeg,1870,1605,L,20f4ce3f496842fc889105215b15abe5,person1142,bacterial
train,PNEUMONIA,person1142_virus_1892.jpeg,chest_xray_dataset\train\PNEUMONIA\person1142_virus_1892.jpeg,941,609,RGB,3d389aced1f59ac84396757fc8803b09,person1142,viral
train,PNEUMONIA,person1143_virus_1896.jpeg,chest_xray_dataset\train\PNEUMONIA\person1143_virus_1896.jpeg,928,720,L,e86eb1b3e2e96c72fe7a33a87f20713f,person1143,viral
train,PNEUMONIA,person1143_virus_1897.jpeg,chest_xray_dataset\train\PNEUMONIA\person1143_virus_1897.jpeg,1168,880,L,4706a1d824cba2ffe1c81f8cdeee410f,person1143,viral
train,PNEUMONIA,person1144_bacteria_3089.jpeg,chest_xray_dataset\train\PNEUMONIA\person1144_bacteria_3089.jpeg,750,440,RGB,07993d5fe0c1b53e042bc9d704761014,person1144,bacterial
train,PNEUMONIA,person1145_bacteria_3090.jpeg,chest_xray_dataset\train\PNEUMONIA\person1145_bacteria_3090.jpeg,976,672,L,c2d42e994371d5ff2589a6b7565d53d3,person1145,bacterial
train,PNEUMONIA,person1145_virus_1902.jpeg,chest_xray_dataset\train\PNEUMONIA\person1145_virus_1902.jpeg,1128,720,L,a0da2044489d8226d7134b6714cb7772,person1145,viral
train,PNEUMONIA,person1145_virus_1905.jpeg,chest_xray_dataset\train\PNEUMONIA\person1145_virus_1905.jpeg,1056,672,L,ef242f2e6b2843befb1c0ab9ff0bb182,person1145,viral
train,PNEUMONIA,person1145_virus_1906.jpeg,chest_xray_dataset\train\PNEUMONIA\person1145_virus_1906.jpeg,1136,840,L,1bcc663932c51eaa9119f7208c591fc0,person1145,viral
train,PNEUMONIA,person1146_bacteria_3091.jpeg,chest_xray_dataset\train\PNEUMONIA\person1146_bacteria_3091.jpeg,832,584,L,225e23f0c8c0ffbe1dda7132aca0fff2,person1146,bacterial
train,PNEUMONIA,person1147_virus_1917.jpeg,chest_xray_dataset\train\PNEUMONIA\person1147_virus_1917.jpeg,1624,1944,L,591c9b2437ac054be84cc1cd22dfdc31,person1147,viral
train,PNEUMONIA,person1147_virus_1919.jpeg,chest_xray_dataset\train\PNEUMONIA\person1147_virus_1919.jpeg,1632,1064,L,ad69ab75063cd0942ebd83421617dee1,person1147,viral
train,PNEUMONIA,person1147_virus_1920.jpeg,chest_xray_dataset\train\PNEUMONIA\person1147_virus_1920.jpeg,1664,832,L,ed0e47f6c212e33105718718ba8a41d0,person1147,viral
train,PNEUMONIA,person1149_bacteria_3094.jpeg,chest_xray_dataset\train\PNEUMONIA\person1149_bacteria_3094.jpeg,1008,712,L,2f7406850af06f4ca37ce30db387db96,person1149,bacterial
train,PNEUMONIA,person1149_virus_1924.jpeg,chest_xray_dataset\train\PNEUMONIA\person1149_virus_1924.jpeg,1432,1024,L,bfaf1c4f1e0f978f9f4f8669545a9d06,person1149,viral
train,PNEUMONIA,person1149_virus_1925.jpeg,chest_xray_dataset\train\PNEUMONIA\person1149_virus_1925.jpeg,1272,882,L,d20a13a629835fb6176cf48f7a05cfab,person1149,viral
train,PNEUMONIA,person114_virus_217.jpeg,chest_xray_dataset\train\PNEUMONIA\person114_virus_217.jpeg,1456,896,L,883c172b541d12e512d9e0a826f7a1ea,person114,viral
train,PNEUMONIA,person1150_bacteria_3095.jpeg,chest_xray_dataset\train\PNEUMONIA\person1150_bacteria_3095.jpeg,1697,1159,L,ed0925522505439ddb688e93f68516fa,person1150,bacterial
train,PNEUMONIA,person1151_virus_1928.jpeg,chest_xray_dataset\train\PNEUMONIA\person1151_virus_1928.jpeg,1604,1462,L,97afbd56c126e42fc51acbe37408b051,person1151,viral
train,PNEUMONIA,person1152_virus_1930.jpeg,chest_xray_dataset\train\PNEUMONIA\person1152_virus_1930.jpeg,1430,933,L,c79644bba68715cb857224bc3696554d,person1152,viral
train,PNEUMONIA,person1153_virus_1932.jpeg,chest_xray_dataset\train\PNEUMONIA\person1153_virus_1932.jpeg,1118,712,L,bd99848cbbdb0f6bf6a41f4cf6666015,person1153,viral
train,PNEUMONIA,person1154_bacteria_3099.jpeg,chest_xray_dataset\train\PNEUMONIA\person1154_bacteria_3099.jpeg,1404,1072,L,b19bb37c31f298ce52696334a1613c1c,person1154,bacterial
train,PNEUMONIA,person1154_virus_1933.jpeg,chest_xray_dataset\train\PNEUMONIA\person1154_virus_1933.jpeg,1574,1164,L,183361e93dcb626fa38f24590aaf178f,person1154,viral
train,PNEUMONIA,person1155_bacteria_3100.jpeg,chest_xray_dataset\train\PNEUMONIA\person1155_bacteria_3100.jpeg,1192,728,L,b8cff2423bfc8d240b3c94f56e7fa9a4,person1155,bacterial
train,PNEUMONIA,person1155_virus_1934.jpeg,chest_xray_dataset\train\PNEUMONIA\person1155_virus_1934.jpeg,1078,639,L,28e2415aa52a3ee31b1b5e438b6da08f,person1155,viral
train,PNEUMONIA,person1156_bacteria_3101.jpeg,chest_xray_dataset\train\PNEUMONIA\person1156_bacteria_3101.jpeg,1312,912,L,6cd99254d37e4421ea5c18513186a785,person1156,bacterial
train,PNEUMONIA,person1156_virus_1935.jpeg,chest_xray_dataset\train\PNEUMONIA\person1156_virus_1935.jpeg,1458,944,L,9e4d2452b5974c69d88ac1505e1af376,person1156,viral
train,PNEUMONIA,person1156_virus_1936.jpeg,chest_xray_dataset\train\PNEUMONIA\person1156_virus_1936.jpeg,1492,990,L,82707a4c90c1073cbbfb3b3f591b34f6,person1156,viral
train,PNEUMONIA,person1157_bacteria_3102.jpeg,chest_xray_dataset\train\PNEUMONIA\person1157_bacteria_3102.jpeg,1176,800,L,a45e657b4028be7de514bf62a36bdf74,person1157,bacterial
train,PNEUMONIA,person1157_virus_1937.jpeg,chest_xray_dataset\train\PNEUMONIA\person1157_virus_1937.jpeg,1152,720,L,c66b4573978f007e7f32d848ca0086b4,person1157,viral
train,PNEUMONIA,person1158_bacteria_3103.jpeg,chest_xray_dataset\train\PNEUMONIA\person1158_bacteria_3103.jpeg,1596,1148,L,69089bcca0e1565ca380fee8cceed02e,person1158,bacterial
train,PNEUMONIA,person1158_virus_1938.jpeg,chest_xray_dataset\train\PNEUMONIA\person1158_virus_1938.jpeg,1334,1006,L,d2727af39ee04bff6390b4bb6ea530f6,person1158,viral
train,PNEUMONIA,person1158_virus_1940.jpeg,chest_xray_dataset\train\PNEUMONIA\person1158_virus_1940.jpeg,1136,688,L,83a2139f644f0cd96b1abcfb9e2230f0,person1158,viral
train,PNEUMONIA,person1158_virus_1941.jpeg,chest_xray_dataset\train\PNEUMONIA\person1158_virus_1941.jpeg,1234,906,L,b0b311fdf1d49546a02b31318e4f8541,person1158,viral
train,PNEUMONIA,person1158_virus_1942.jpeg,chest_xray_dataset\train\PNEUMONIA\person1158_virus_1942.jpeg,1024,672,L,60f04ef7ca8a575e5c1f7786f421df08,person1158,viral
train,PNEUMONIA,person1158_virus_1943.jpeg,chest_xray_dataset\train\PNEUMONIA\person1158_virus_1943.jpeg,1184,728,L,083db6fc740f3d6f35032b481d9d5bd0,person1158,viral
train,PNEUMONIA,person1159_bacteria_3104.jpeg,chest_xray_dataset\train\PNEUMONIA\person1159_bacteria_3104.jpeg,968,664,L,186853c1adbcd8e18305e003712363a1,person1159,bacterial
train,PNEUMONIA,person1159_virus_1944.jpeg,chest_xray_dataset\train\PNEUMONIA\person1159_virus_1944.jpeg,1360,920,L,edbf5c2810fce5b00722716ab730e577,person1159,viral
train,PNEUMONIA,person1159_virus_1945.jpeg,chest_xray_dataset\train\PNEUMONIA\person1159_virus_1945.jpeg,1360,920,L,edbf5c2810fce5b00722716ab730e577,person1159,viral
train,PNEUMONIA,person1159_virus_1946.jpeg,chest_xray_dataset\train\PNEUMONIA\person1159_virus_1946.jpeg,620,359,RGB,ad1b1e45f93ea8632226a89984c189ab,person1159,viral
train,PNEUMONIA,person115_virus_218.jpeg,chest_xray_dataset\train\PNEUMONIA\person115_virus_218.jpeg,1568,1192,L,292736409659d14db517fc80cff24241,person115,viral
train,PNEUMONIA,person115_virus_219.jpeg,chest_xray_dataset\train\PNEUMONIA\person115_virus_219.jpeg,1712,1048,L,d899529f9a1be6f8632942e9e9364e9b,person115,viral
train,PNEUMONIA,person1160_bacteria_3105.jpeg,chest_xray_dataset\train\PNEUMONIA\person1160_bacteria_3105.jpeg,912,480,L,9cb4fb2ffeaf5acd4a5f56ffe3b01663,person1160,bacterial
train,PNEUMONIA,person1160_virus_1947.jpeg,chest_xray_dataset\train\PNEUMONIA\person1160_virus_1947.jpeg,1056,643,L,f8a8da4d26d1075e4d2337d8e01cabf3,person1160,viral
train,PNEUMONIA,person1161_virus_1948.jpeg,chest_xray_dataset\train\PNEUMONIA\person1161_virus_1948.jpeg,1418,1010,L,7c04d58013af517c0eb5f3c2bf456b12,person1161,viral
train,PNEUMONIA,person1162_bacteria_3107.jpeg,chest_xray_dataset\train\PNEUMONIA\person1162_bacteria_3107.jpeg,1218,767,L,c29448163446574dcd4b68474576e672,person1162,bacterial
train,PNEUMONIA,person1162_virus_1949.jpeg,chest_xray_dataset\train\PNEUMONIA\person1162_virus_1949.jpeg,1148,689,L,3e06f8a8b0354ccd7bc47ea2fdaf69fa,person1162,viral
train,PNEUMONIA,person1162_virus_1950.jpeg,chest_xray_dataset\train\PNEUMONIA\person1162_virus_1950.jpeg,1056,642,L,9e145b9e9e0e7702039b64ddc7f9604a,person1162,viral
train,PNEUMONIA,person1163_virus_1951.jpeg,chest_xray_dataset\train\PNEUMONIA\person1163_virus_1951.jpeg,1468,913,L,4dab4340c3befda1604b28bd5b6cc5c0,person1163,viral
train,PNEUMONIA,person1164_bacteria_3110.jpeg,chest_xray_dataset\train\PNEUMONIA\person1164_bacteria_3110.jpeg,1362,844,L,db97c401f37f966cbf6355d4d0529480,person1164,bacterial
train,PNEUMONIA,person1164_virus_1952.jpeg,chest_xray_dataset\train\PNEUMONIA\person1164_virus_1952.jpeg,1472,960,L,4b017ef80cc3a005f01823b209ff90c3,person1164,viral
train,PNEUMONIA,person1164_virus_1955.jpeg,chest_xray_dataset\train\PNEUMONIA\person1164_virus_1955.jpeg,1392,1016,L,b44fd8ab1189b5a0babca021cdc919b2,person1164,viral
train,PNEUMONIA,person1164_virus_1956.jpeg,chest_xray_dataset\train\PNEUMONIA\person1164_virus_1956.jpeg,1480,1392,L,f47abebfdf8076d19dbc207a23ac41b0,person1164,viral
train,PNEUMONIA,person1164_virus_1957.jpeg,chest_xray_dataset\train\PNEUMONIA\person1164_virus_1957.jpeg,1512,1088,L,5bc17583aaf9e046ab24e46d95c80eb9,person1164,viral
train,PNEUMONIA,person1164_virus_1958.jpeg,chest_xray_dataset\train\PNEUMONIA\person1164_virus_1958.jpeg,1778,1380,L,24e21b695a3aa9c38fc95d6d96e61904,person1164,viral
train,PNEUMONIA,person1165_bacteria_3111.jpeg,chest_xray_dataset\train\PNEUMONIA\person1165_bacteria_3111.jpeg,1478,928,L,9b4e35dac21b59363c83f5f9306c943b,person1165,bacterial
train,PNEUMONIA,person1165_virus_1959.jpeg,chest_xray_dataset\train\PNEUMONIA\person1165_virus_1959.jpeg,923,586,RGB,14ed054900324f6296b720fb7616e0fe,person1165,viral
train,PNEUMONIA,person1167_bacteria_3113.jpeg,chest_xray_dataset\train\PNEUMONIA\person1167_bacteria_3113.jpeg,790,519,RGB,e10586b6ae9f14aee0d38cdbd77d07ab,person1167,bacterial
train,PNEUMONIA,person1168_bacteria_3114.jpeg,chest_xray_dataset\train\PNEUMONIA\person1168_bacteria_3114.jpeg,1216,872,L,85e2ce35751ab582b8ac66f1735656dd,person1168,bacterial
train,PNEUMONIA,person1168_bacteria_3115.jpeg,chest_xray_dataset\train\PNEUMONIA\person1168_bacteria_3115.jpeg,1104,744,L,ba4e4665b7262d72d347f853d7eeacd6,person1168,bacterial
train,PNEUMONIA,person1168_virus_1965.jpeg,chest_xray_dataset\train\PNEUMONIA\person1168_virus_1965.jpeg,1015,607,RGB,f853bfbb3d603dd553eb1066f098fbc4,person1168,viral
train,PNEUMONIA,person1168_virus_1966.jpeg,chest_xray_dataset\train\PNEUMONIA\person1168_virus_1966.jpeg,960,664,L,e5de7ebe315e5522886172d129d20d56,person1168,viral
train,PNEUMONIA,person1169_virus_1968.jpeg,chest_xray_dataset\train\PNEUMONIA\person1169_virus_1968.jpeg,1192,856,L,299381cb95f7e51596059e47a0f85e17,person1169,viral
train,PNEUMONIA,person116_virus_221.jpeg,chest_xray_dataset\train\PNEUMONIA\person116_virus_221.jpeg,1728,1168,L,f6fb9c167af0d59406fea2c5de2d5789,person116,viral
train,PNEUMONIA,person1170_bacteria_3117.jpeg,chest_xray_dataset\train\PNEUMONIA\person1170_bacteria_3117.jpeg,1064,952,L,7a5b69d8145d03032e0cc3bd33cfbf1b,person1170,bacterial
train,PNEUMONIA,person1170_virus_1969.jpeg,chest_xray_dataset\train\PNEUMONIA\person1170_virus_1969.jpeg,937,515,RGB,4e40f2a96a4f73f546223ff10f2559c7,person1170,viral
train,PNEUMONIA,person1170_virus_1970.jpeg,chest_xray_dataset\train\PNEUMONIA\person1170_virus_1970.jpeg,828,525,RGB,bb9d7ef4c34c4ea2aa2a2d3b7e8f7011,person1170,viral
train,PNEUMONIA,person1171_bacteria_3118.jpeg,chest_xray_dataset\train\PNEUMONIA\person1171_bacteria_3118.jpeg,1040,627,L,edfe5e66d034659956c25bdef8d17342,person1171,bacterial
train,PNEUMONIA,person1172_bacteria_3119.jpeg,chest_xray_dataset\train\PNEUMONIA\person1172_bacteria_3119.jpeg,1456,1112,L,1439ea2be04faf1ee825872dfcec5600,person1172,bacterial
train,PNEUMONIA,person1172_virus_1977.jpeg,chest_xray_dataset\train\PNEUMONIA\person1172_virus_1977.jpeg,1592,1384,L,bd7eb5d453921aa9e6719d3b0a486f0a,person1172,viral
train,PNEUMONIA,person1173_virus_1978.jpeg,chest_xray_dataset\train\PNEUMONIA\person1173_virus_1978.jpeg,1650,978,L,327ba14f24e6b98af4ed947b78c51864,person1173,viral
train,PNEUMONIA,person1174_virus_1980.jpeg,chest_xray_dataset\train\PNEUMONIA\person1174_virus_1980.jpeg,1272,848,L,cf73a7efb19e4611458be14776968800,person1174,viral
train,PNEUMONIA,person1175_bacteria_3122.jpeg,chest_xray_dataset\train\PNEUMONIA\person1175_bacteria_3122.jpeg,1310,928,L,e46fec1723cd594c5b4057a40c505cc2,person1175,bacterial
train,PNEUMONIA,person1175_virus_1981.jpeg,chest_xray_dataset\train\PNEUMONIA\person1175_virus_1981.jpeg,1794,1176,L,37354b540d2886961e3646b97273069c,person1175,viral
train,PNEUMONIA,person1176_bacteria_3123.jpeg,chest_xray_dataset\train\PNEUMONIA\person1176_bacteria_3123.jpeg,1064,856,L,60965e284fbc3c1a3371f2f86c0f3e75,person1176,bacterial
train,PNEUMONIA,person1176_bacteria_3124.jpeg,chest_xray_dataset\train\PNEUMONIA\person1176_bacteria_3124.jpeg,1096,832,L,e2eff3e024562b8915cda25d58b2705a,person1176,bacterial
train,PNEUMONIA,person1176_virus_1996.jpeg,chest_xray_dataset\train\PNEUMONIA\person1176_virus_1996.jpeg,1032,768,L,87783f73b1ec6dca14cc749690d3ae03,person1176,viral
train,PNEUMONIA,person1176_virus_1997.jpeg,chest_xray_dataset\train\PNEUMONIA\person1176_virus_1997.jpeg,1080,752,L,c65171c88cea8613d8c8b24fcbdfa32f,person1176,viral
train,PNEUMONIA,person1176_virus_1998.jpeg,chest_xray_dataset\train\PNEUMONIA\person1176_virus_1998.jpeg,952,664,L,77b722518dec0fe0a249aecf991f2b35,person1176,viral
train,PNEUMONIA,person1177_bacteria_3125.jpeg,chest_xray_dataset\train\PNEUMONIA\person1177_bacteria_3125.jpeg,1032,744,L,857726d799e81ffd09b632e4daa9b368,person1177,bacterial
train,PNEUMONIA,person1177_virus_1999.jpeg,chest_xray_dataset\train\PNEUMONIA\person1177_virus_1999.jpeg,763,440,RGB,f2e3c25e78554ba3511183ebe269dbd0,person1177,viral
train,PNEUMONIA,person1177_virus_2000.jpeg,chest_xray_dataset\train\PNEUMONIA\person1177_virus_2000.jpeg,1088,608,L,2aec0ac7e9f2223e400a16f5fff8db2a,person1177,viral
train,PNEUMONIA,person1177_virus_2001.jpeg,chest_xray_dataset\train\PNEUMONIA\person1177_virus_2001.jpeg,862,528,RGB,1748e72fe0aa2f73d04561012cc86ac0,person1177,viral
train,PNEUMONIA,person1177_virus_2002.jpeg,chest_xray_dataset\train\PNEUMONIA\person1177_virus_2002.jpeg,692,383,RGB,fc3db9d962f05a74bdb5d942016fd770,person1177,viral
train,PNEUMONIA,person1178_bacteria_3126.jpeg,chest_xray_dataset\train\PNEUMONIA\person1178_bacteria_3126.jpeg,1152,720,L,f952c33c4b1937f590a1fef388faca3f,person1178,bacterial
train,PNEUMONIA,person1178_virus_2004.jpeg,chest_xray_dataset\train\PNEUMONIA\person1178_virus_2004.jpeg,1516,910,L,f89866e0b8f52ea9dd05fe956b5a3f09,person1178,viral
train,PNEUMONIA,person1179_bacteria_3127.jpeg,chest_xray_dataset\train\PNEUMONIA\person1179_bacteria_3127.jpeg,1430,963,L,e37d595d0167468b1927040d1ac4d06d,person1179,bacterial
train,PNEUMONIA,person1179_virus_2006.jpeg,chest_xray_dataset\train\PNEUMONIA\person1179_virus_2006.jpeg,1226,624,L,b96858023984d75e95f6151079c82b85,person1179,viral
train,PNEUMONIA,person117_virus_223.jpeg,chest_xray_dataset\train\PNEUMONIA\person117_virus_223.jpeg,1568,968,L,83ca5731298d4dc1f1b31327cee068cb,person117,viral
train,PNEUMONIA,person1180_bacteria_3128.jpeg,chest_xray_dataset\train\PNEUMONIA\person1180_bacteria_3128.jpeg,960,696,L,77977d815107db7d38e94190c39f7772,person1180,bacterial
train,PNEUMONIA,person1180_virus_2007.jpeg,chest_xray_dataset\train\PNEUMONIA\person1180_virus_2007.jpeg,1048,696,L,c12f5049cab8636d4906f2efa72879de,person1180,viral
train,PNEUMONIA,person1180_virus_2008.jpeg,chest_xray_dataset\train\PNEUMONIA\person1180_virus_2008.jpeg,952,544,L,f3edc52e663e89124a7f58a8bd9ae3b1,person1180,viral
train,PNEUMONIA,person1180_virus_2009.jpeg,chest_xray_dataset\train\PNEUMONIA\person1180_virus_2009.jpeg,928,584,L,e30dad244c6bc49d91fead9254c40fac,person1180,viral
train,PNEUMONIA,person1180_virus_2010.jpeg,chest_xray_dataset\train\PNEUMONIA\person1180_virus_2010.jpeg,1024,712,L,1b7130b99593fadbd402d8be64f8cf08,person1180,viral
train,PNEUMONIA,person1180_virus_2011.jpeg,chest_xray_dataset\train\PNEUMONIA\person1180_virus_2011.jpeg,936,592,L,d6aa612c6d8a15fb8155f7392169e702,person1180,viral
train,PNEUMONIA,person1180_virus_2012.jpeg,chest_xray_dataset\train\PNEUMONIA\person1180_virus_2012.jpeg,968,744,L,618bafd8ca05c5d2ee51b2f5b4fff498,person1180,viral
train,PNEUMONIA,person1180_virus_2013.jpeg,chest_xray_dataset\train\PNEUMONIA\person1180_virus_2013.jpeg,920,744,L,c7fc13e5708bbe15ab784670549d3fd5,person1180,viral
train,PNEUMONIA,person1180_virus_2014.jpeg,chest_xray_dataset\train\PNEUMONIA\person1180_virus_2014.jpeg,952,672,L,2ae818ab3fbde6d15e37ad43f993e534,person1180,viral
train,PNEUMONIA,person1180_virus_2015.jpeg,chest_xray_dataset\train\PNEUMONIA\person1180_virus_2015.jpeg,1086,898,L,c85f18b18612e32ca7a13233d332b3ee,person1180,viral
train,PNEUMONIA,person1181_bacteria_3129.jpeg,chest_xray_dataset\train\PNEUMONIA\person1181_bacteria_3129.jpeg,1928,1349,L,df56472ed911433c79d62a9523e204dd,person1181,bacterial
train,PNEUMONIA,person1181_virus_2016.jpeg,chest_xray_dataset\train\PNEUMONIA\person1181_virus_2016.jpeg,1664,1096,L,fe05ee2ab6a3ab84a77c6a5022f1db4d,person1181,viral
train,PNEUMONIA,person1182_virus_2017.jpeg,chest_xray_dataset\train\PNEUMONIA\person1182_virus_2017.jpeg,1098,863,L,3ad783b4440ab0162a77712c4f13d559,person1182,viral
train,PNEUMONIA,person1183_bacteria_3131.jpeg,chest_xray_dataset\train\PNEUMONIA\person1183_bacteria_3131.jpeg,1550,955,L,fb34a91886561fb49b244574df33dd29,person1183,bacterial
train,PNEUMONIA,person1183_virus_2018.jpeg,chest_xray_dataset\train\PNEUMONIA\person1183_virus_2018.jpeg,1574,1071,L,b89a1bcf665535110dce10f696fe6342,person1183,viral
train,PNEUMONIA,person1184_bacteria_3132.jpeg,chest_xray_dataset\train\PNEUMONIA\person1184_bacteria_3132.jpeg,1016,608,L,6827d94b428960d9fcf529178067a8af,person1184,bacterial
train,PNEUMONIA,person1184_virus_2019.jpeg,chest_xray_dataset\train\PNEUMONIA\person1184_virus_2019.jpeg,1592,1481,L,1d48e3a028143008cfa8c3881b39e52d,person1184,viral
train,PNEUMONIA,person1185_bacteria_3133.jpeg,chest_xray_dataset\train\PNEUMONIA\person1185_bacteria_3133.jpeg,1160,800,L,6c697f88f32249a81e9d9a7e1080a53d,person1185,bacterial
train,PNEUMONIA,person1186_bacteria_3134.jpeg,chest_xray_dataset\train\PNEUMONIA\person1186_bacteria_3134.jpeg,1666,1276,L,3aade945ec954d2c68490e6fbdb1c432,person1186,bacterial
train,PNEUMONIA,person1186_bacteria_3135.jpeg,chest_xray_dataset\train\PNEUMONIA\person1186_bacteria_3135.jpeg,1168,808,L,9ef730de7cbaf64727ac7d3b4698935e,person1186,bacterial
train,PNEUMONIA,person1186_virus_2021.jpeg,chest_xray_dataset\train\PNEUMONIA\person1186_virus_2021.jpeg,925,635,RGB,98b069a28366fb41e8505e8e838ae243,person1186,viral
train,PNEUMONIA,person1186_virus_2022.jpeg,chest_xray_dataset\train\PNEUMONIA\person1186_virus_2022.jpeg,1072,640,L,c5ba1edabd866d1afef663c88af4570e,person1186,viral
train,PNEUMONIA,person1187_bacteria_3136.jpeg,chest_xray_dataset\train\PNEUMONIA\person1187_bacteria_3136.jpeg,992,736,L,1e9825282136dd1c18328759fd324846,person1187,bacterial
train,PNEUMONIA,person1187_virus_2023.jpeg,chest_xray_dataset\train\PNEUMONIA\person1187_virus_2023.jpeg,1832,1048,L,b1c5e6e87c33d9991ac7c97c292bf001,person1187,viral
train,PNEUMONIA,person1188_bacteria_3137.jpeg,chest_xray_dataset\train\PNEUMONIA\person1188_bacteria_3137.jpeg,976,624,L,d31fabb3f0bccc60d452444fb8529036,person1188,bacterial
train,PNEUMONIA,person1188_virus_2024.jpeg,chest_xray_dataset\train\PNEUMONIA\person1188_virus_2024.jpeg,1248,1048,L,56c3acc81c3431a541b1ce4d14cc891d,person1188,viral
train,PNEUMONIA,person118_virus_224.jpeg,chest_xray_dataset\train\PNEUMONIA\person118_virus_224.jpeg,1256,784,L,1f3005cfdf486a2c4707d794e1862e01,person118,viral
train,PNEUMONIA,person1190_virus_2031.jpeg,chest_xray_dataset\train\PNEUMONIA\person1190_virus_2031.jpeg,2206,1720,L,325c550769a270f373db85cbd660d050,person1190,viral
train,PNEUMONIA,person1191_virus_2032.jpeg,chest_xray_dataset\train\PNEUMONIA\person1191_virus_2032.jpeg,1704,1234,L,ed69e2798425634f92436ffc59d949d7,person1191,viral
train,PNEUMONIA,person1192_bacteria_3141.jpeg,chest_xray_dataset\train\PNEUMONIA\person1192_bacteria_3141.jpeg,1160,929,L,de227e6f40c75193cfa60cc87a12bfbd,person1192,bacterial
train,PNEUMONIA,person1193_virus_2034.jpeg,chest_xray_dataset\train\PNEUMONIA\person1193_virus_2034.jpeg,989,651,RGB,29c7abe9974040182c097a51e352bd5d,person1193,viral
train,PNEUMONIA,person1194_bacteria_3143.jpeg,chest_xray_dataset\train\PNEUMONIA\person1194_bacteria_3143.jpeg,1008,584,L,2668810f26563250967a0242b90f8dc9,person1194,bacterial
train,PNEUMONIA,person1195_bacteria_3144.jpeg,chest_xray_dataset\train\PNEUMONIA\person1195_bacteria_3144.jpeg,1096,680,L,328c2ace9e097d5706ae31763875b192,person1195,bacterial
train,PNEUMONIA,person1196_bacteria_3146.jpeg,chest_xray_dataset\train\PNEUMONIA\person1196_bacteria_3146.jpeg,1832,1224,L,5ca33bfdaab6140a281cfbb9a784bd66,person1196,bacterial
train,PNEUMONIA,person1197_bacteria_3147.jpeg,chest_xray_dataset\train\PNEUMONIA\person1197_bacteria_3147.jpeg,1216,768,L,9a122b832ad1191255191512f9dbd3d2,person1197,bacterial
train,PNEUMONIA,person1197_virus_2039.jpeg,chest_xray_dataset\train\PNEUMONIA\person1197_virus_2039.jpeg,1010,562,RGB,e4937bfb45bd3ff326a2602dbac291ea,person1197,viral
train,PNEUMONIA,person1198_bacteria_3148.jpeg,chest_xray_dataset\train\PNEUMONIA\person1198_bacteria_3148.jpeg,1128,704,L,88be38b409c70633d1d4afbc4b249759,person1198,bacterial
train,PNEUMONIA,person1199_bacteria_3149.jpeg,chest_xray_dataset\train\PNEUMONIA\person1199_bacteria_3149.jpeg,1628,1442,L,cbcd6adb6d4d00a26a1476a7e7b6c6c1,person1199,bacterial
train,PNEUMONIA,person119_virus_225.jpeg,chest_xray_dataset\train\PNEUMONIA\person119_virus_225.jpeg,920,512,L,f8b66124d684fb1ec4347a278b1721ba,person119,viral
train,PNEUMONIA,person11_bacteria_45.jpeg,chest_xray_dataset\train\PNEUMONIA\person11_bacteria_45.jpeg,856,485,RGB,14d134149da88ed3212cf2c484dfb0fa,person11,bacterial
train,PNEUMONIA,person1200_virus_2042.jpeg,chest_xray_dataset\train\PNEUMONIA\person1200_virus_2042.jpeg,1576,1176,L,7593abeb8202a6ebfed81b0b5915d01c,person1200,viral
train,PNEUMONIA,person1201_bacteria_3151.jpeg,chest_xray_dataset\train\PNEUMONIA\person1201_bacteria_3151.jpeg,846,539,RGB,b8e5aafa9cd8ed89a462d98bad73ced8,person1201,bacterial
train,PNEUMONIA,person1202_bacteria_3152.jpeg,chest_xray_dataset\train\PNEUMONIA\person1202_bacteria_3152.jpeg,1008,800,L,b48042a2526be276d367008c21f0a90c,person1202,bacterial
train,PNEUMONIA,person1202_bacteria_3153.jpeg,chest_xray_dataset\train\PNEUMONIA\person1202_bacteria_3153.jpeg,920,640,L,5cef8838bc3d0a8f1e33f8e26e102a88,person1202,bacterial
train,PNEUMONIA,person1202_virus_2045.jpeg,chest_xray_dataset\train\PNEUMONIA\person1202_virus_2045.jpeg,1408,968,L,ce5640c96604248fed7f6bee496fcb83,person1202,viral
train,PNEUMONIA,person1203_bacteria_3154.jpeg,chest_xray_dataset\train\PNEUMONIA\person1203_bacteria_3154.jpeg,1040,720,L,e822a249f234634b1704c7b8e6155c0c,person1203,bacterial
train,PNEUMONIA,person1203_bacteria_3155.jpeg,chest_xray_dataset\train\PNEUMONIA\person1203_bacteria_3155.jpeg,713,353,RGB,5f8f7806c7c73a8268aeee75446d7a46,person1203,bacterial
train,PNEUMONIA,person1204_bacteria_3156.jpeg,chest_xray_dataset\train\PNEUMONIA\person1204_bacteria_3156.jpeg,1280,808,L,f55c635aaad58e4f595deebb9744e353,person1204,bacterial
train,PNEUMONIA,person1205_bacteria_3157.jpeg,chest_xray_dataset\train\PNEUMONIA\person1205_bacteria_3157.jpeg,1508,933,L,70d410f4b9e1ed66c3b1754db66f1fb1,person1205,bacterial
train,PNEUMONIA,person1206_bacteria_3158.jpeg,chest_xray_dataset\train\PNEUMONIA\person1206_bacteria_3158.jpeg,1096,656,L,c732586f8808fda119d35bfb125bc56f,person1206,bacterial
train,PNEUMONIA,person1206_virus_2051.jpeg,chest_xray_dataset\train\PNEUMONIA\person1206_virus_2051.jpeg,1160,1024,L,dc9ad1b1cfc59879d982f921bdaa6ec7,person1206,viral
train,PNEUMONIA,person1207_bacteria_3159.jpeg,chest_xray_dataset\train\PNEUMONIA\person1207_bacteria_3159.jpeg,1008,688,L,cfe72fde1b32fca7fffd989d2b1cbbd6,person1207,bacterial
train,PNEUMONIA,person1208_bacteria_3160.jpeg,chest_xray_dataset\train\PNEUMONIA\person1208_bacteria_3160.jpeg,1750,1334,L,e6a27d8fd8f6107750f94bb52ce48b09,person1208,bacterial
train,PNEUMONIA,person1209_bacteria_3161.jpeg,chest_xray_dataset\train\PNEUMONIA\person1209_bacteria_3161.jpeg,1576,1376,L,3ea57309f45008669e46d838b7130782,person1209,bacterial
train,PNEUMONIA,person120_virus_226.jpeg,chest_xray_dataset\train\PNEUMONIA\person120_virus_226.jpeg,1680,1336,L,f8868c92888a91c35a49c62e5a841c60,person120,viral
train,PNEUMONIA,person1211_bacteria_3163.jpeg,chest_xray_dataset\train\PNEUMONIA\person1211_bacteria_3163.jpeg,1368,1141,L,3c2fed7b3146f9cc0dc3123fed66b6ba,person1211,bacterial
train,PNEUMONIA,person1211_virus_2056.jpeg,chest_xray_dataset\train\PNEUMONIA\person1211_virus_2056.jpeg,1525,1073,L,d1e140b5c35903912c4e9d0d81e92d9a,person1211,viral
train,PNEUMONIA,person1212_bacteria_3164.jpeg,chest_xray_dataset\train\PNEUMONIA\person1212_bacteria_3164.jpeg,1000,624,L,0de3cf01ad960a2ecdb8e4e0fac7a4b9,person1212,bacterial
train,PNEUMONIA,person1212_virus_2057.jpeg,chest_xray_dataset\train\PNEUMONIA\person1212_virus_2057.jpeg,1368,912,L,25b56c70010bbf356938f2aa435f2001,person1212,viral
train,PNEUMONIA,person1213_virus_2058.jpeg,chest_xray_dataset\train\PNEUMONIA\person1213_virus_2058.jpeg,1208,656,L,3a0c972de5faa5258f91f88a1c4b0ce2,person1213,viral
train,PNEUMONIA,person1214_bacteria_3166.jpeg,chest_xray_dataset\train\PNEUMONIA\person1214_bacteria_3166.jpeg,1816,1110,L,f55ba87b06e5b54ef99f4ce5eb1d7366,person1214,bacterial
train,PNEUMONIA,person1214_virus_2059.jpeg,chest_xray_dataset\train\PNEUMONIA\person1214_virus_2059.jpeg,1160,856,L,f72153daab1cc1545291eacb78b20f5b,person1214,viral
train,PNEUMONIA,person1215_bacteria_3167.jpeg,chest_xray_dataset\train\PNEUMONIA\person1215_bacteria_3167.jpeg,1264,848,L,976f6f5e01331bf0d6aea99486fd07c9,person1215,bacterial
train,PNEUMONIA,person1216_bacteria_3168.jpeg,chest_xray_dataset\train\PNEUMONIA\person1216_bacteria_3168.jpeg,1827,1044,L,e6053ecc5d89b79e0f2f962b574e3f13,person1216,bacterial
train,PNEUMONIA,person1216_virus_2062.jpeg,chest_xray_dataset\train\PNEUMONIA\person1216_virus_2062.jpeg,1216,880,L,a36e697dc9be7ea01f9b09fe297bb5b3,person1216,viral
train,PNEUMONIA,person1217_bacteria_3169.jpeg,chest_xray_dataset\train\PNEUMONIA\person1217_bacteria_3169.jpeg,880,576,L,8e22119d7d3ceaffa530453ac571338f,person1217,bacterial
train,PNEUMONIA,person1217_virus_2063.jpeg,chest_xray_dataset\train\PNEUMONIA\person1217_virus_2063.jpeg,1080,728,L,123427813e72501fc692bc642c6d25f6,person1217,viral
train,PNEUMONIA,person1218_bacteria_3171.jpeg,chest_xray_dataset\train\PNEUMONIA\person1218_bacteria_3171.jpeg,1280,768,L,c7e949d480b0149c81e88de69d9c6743,person1218,bacterial
train,PNEUMONIA,person1218_virus_2066.jpeg,chest_xray_dataset\train\PNEUMONIA\person1218_virus_2066.jpeg,1392,888,L,98291b03b01694f42c7261caf62fd509,person1218,viral
train,PNEUMONIA,person1219_bacteria_3172.jpeg,chest_xray_dataset\train\PNEUMONIA\person1219_bacteria_3172.jpeg,1132,825,L,2e77f5d75ce361119c11ca80c632a109,person1219,bacterial
train,PNEUMONIA,person1219_virus_2067.jpeg,chest_xray_dataset\train\PNEUMONIA\person1219_virus_2067.jpeg,1288,768,L,9c5c2213777584a444cb2cdcb5032298,person1219,viral
train,PNEUMONIA,person1220_bacteria_3173.jpeg,chest_xray_dataset\train\PNEUMONIA\person1220_bacteria_3173.jpeg,976,728,L,27f850dab360921daff9a221a5d29120,person1220,bacterial
train,PNEUMONIA,person1220_bacteria_3174.jpeg,chest_xray_dataset\train\PNEUMONIA\person1220_bacteria_3174.jpeg,984,520,L,22c65412b70acd42101ecd42e3c273c3,person1220,bacterial
train,PNEUMONIA,person1220_virus_2068.jpeg,chest_xray_dataset\train\PNEUMONIA\person1220_virus_2068.jpeg,877,531,RGB,e61018bf140af71b4b47f822efec63ec,person1220,viral
train,PNEUMONIA,person1222_bacteria_3177.jpeg,chest_xray_dataset\train\PNEUMONIA\person1222_bacteria_3177.jpeg,1192,712,L,2145c185361a6faddde34955b9bddfe9,person1222,bacterial
train,PNEUMONIA,person1222_virus_2071.jpeg,chest_xray_dataset\train\PNEUMONIA\person1222_virus_2071.jpeg,1288,728,L,824733e5999a3db29b82a8d2199dfe33,person1222,viral
train,PNEUMONIA,person1223_bacteria_3178.jpeg,chest_xray_dataset\train\PNEUMONIA\person1223_bacteria_3178.jpeg,1272,936,L,070edc39579b11250ce54b3206688031,person1223,bacterial
train,PNEUMONIA,person1223_virus_2073.jpeg,chest_xray_dataset\train\PNEUMONIA\person1223_virus_2073.jpeg,1024,584,L,7c9591ec7ce22eacc71a852eea3bf646,person1223,viral
train,PNEUMONIA,person1224_virus_2074.jpeg,chest_xray_dataset\train\PNEUMONIA\person1224_virus_2074.jpeg,1320,752,L,58831586bf779d695e0c901c24f9f843,person1224,viral
train,PNEUMONIA,person1225_bacteria_3180.jpeg,chest_xray_dataset\train\PNEUMONIA\person1225_bacteria_3180.jpeg,1350,855,L,2f487601337692ac5b052c7501194aba,person1225,bacterial
train,PNEUMONIA,person1225_virus_2076.jpeg,chest_xray_dataset\train\PNEUMONIA\person1225_virus_2076.jpeg,1232,728,L,a469ee97b5169569842eefb3f86ddb68,person1225,viral
train,PNEUMONIA,person1226_virus_2077.jpeg,chest_xray_dataset\train\PNEUMONIA\person1226_virus_2077.jpeg,1152,672,L,95d20d4ab7508692445f5ca6c93d21de,person1226,viral
train,PNEUMONIA,person1227_bacteria_3182.jpeg,chest_xray_dataset\train\PNEUMONIA\person1227_bacteria_3182.jpeg,1798,1130,L,cd38dc211a5ef1da3776662e0b726e32,person1227,bacterial
train,PNEUMONIA,person1227_virus_2078.jpeg,chest_xray_dataset\train\PNEUMONIA\person1227_virus_2078.jpeg,1640,1304,L,87307a5a76dffd9e6cb7cccabb0d33b1,person1227,viral
train,PNEUMONIA,person1228_bacteria_3183.jpeg,chest_xray_dataset\train\PNEUMONIA\person1228_bacteria_3183.jpeg,1136,648,L,44c54b7285e15ac751a0ec1f68b9dedb,person1228,bacterial
train,PNEUMONIA,person1228_virus_2079.jpeg,chest_xray_dataset\train\PNEUMONIA\person1228_virus_2079.jpeg,1000,600,L,8036bd3b5e9a78653c6d6147a0be7afc,person1228,viral
train,PNEUMONIA,person1229_virus_2080.jpeg,chest_xray_dataset\train\PNEUMONIA\person1229_virus_2080.jpeg,1160,824,L,34f1826ead8da9a2807dcc298e5d23d5,person1229,viral
train,PNEUMONIA,person122_virus_229.jpeg,chest_xray_dataset\train\PNEUMONIA\person122_virus_229.jpeg,1080,752,L,a4a6a7fbb76a3aeae40046768ee3a8fe,person122,viral
train,PNEUMONIA,person1230_bacteria_3185.jpeg,chest_xray_dataset\train\PNEUMONIA\person1230_bacteria_3185.jpeg,880,584,L,81c565defd3f9579ef348c99aad1ce7d,person1230,bacterial
train,PNEUMONIA,person1230_virus_2081.jpeg,chest_xray_dataset\train\PNEUMONIA\person1230_virus_2081.jpeg,1424,1016,L,49c7c199d03617b818ed32f8b7b92a26,person1230,viral
train,PNEUMONIA,person1231_bacteria_3186.jpeg,chest_xray_dataset\train\PNEUMONIA\person1231_bacteria_3186.jpeg,992,592,L,3505115d4d724927b904bf026a32f02f,person1231,bacterial
train,PNEUMONIA,person1231_virus_2088.jpeg,chest_xray_dataset\train\PNEUMONIA\person1231_virus_2088.jpeg,1704,1288,L,353ae9acff30cb461df750af9543d7bd,person1231,viral
train,PNEUMONIA,person1232_virus_2089.jpeg,chest_xray_dataset\train\PNEUMONIA\person1232_virus_2089.jpeg,1192,776,L,844d4b8533b6bc1e8561263df0f677e9,person1232,viral
train,PNEUMONIA,person1233_bacteria_3188.jpeg,chest_xray_dataset\train\PNEUMONIA\person1233_bacteria_3188.jpeg,1320,1016,L,788ce0d63ae9dd73e2b8af6ff397628d,person1233,bacterial
train,PNEUMONIA,person1233_virus_2090.jpeg,chest_xray_dataset\train\PNEUMONIA\person1233_virus_2090.jpeg,1224,656,L,5584027a5e0f7f4295d3410a9da17f67,person1233,viral
train,PNEUMONIA,person1234_bacteria_3189.jpeg,chest_xray_dataset\train\PNEUMONIA\person1234_bacteria_3189.jpeg,1040,680,L,40cc8e36cf6a37e68c70d4283e88ba4c,person1234,bacterial
train,PNEUMONIA,person1234_bacteria_3190.jpeg,chest_xray_dataset\train\PNEUMONIA\person1234_bacteria_3190.jpeg,936,584,L,9ab52085ade872d3e29c89467573ef84,person1234,bacterial
train,PNEUMONIA,person1234_virus_2093.jpeg,chest_xray_dataset\train\PNEUMONIA\person1234_virus_2093.jpeg,1576,944,L,d64fada5695fc2add4a9f53c5705f57a,person1234,viral
train,PNEUMONIA,person1235_bacteria_3191.jpeg,chest_xray_dataset\train\PNEUMONIA\person1235_bacteria_3191.jpeg,1232,1088,L,5173f13d7d5b835f5fc1e12bbb35e240,person1235,bacterial
train,PNEUMONIA,person1235_virus_2095.jpeg,chest_xray_dataset\train\PNEUMONIA\person1235_virus_2095.jpeg,1216,680,L,ae32ac0d506c71ba3ee1ec0fada72f8a,person1235,viral
train,PNEUMONIA,person1236_bacteria_3192.jpeg,chest_xray_dataset\train\PNEUMONIA\person1236_bacteria_3192.jpeg,888,584,L,688bb88ca604ffde45513f0e3010a911,person1236,bacterial
train,PNEUMONIA,person1236_virus_2096.jpeg,chest_xray_dataset\train\PNEUMONIA\person1236_virus_2096.jpeg,1360,952,L,cd2b4b7cdf106563583115160628ea01,person1236,viral
train,PNEUMONIA,person1237_bacteria_3193.jpeg,chest_xray_dataset\train\PNEUMONIA\person1237_bacteria_3193.jpeg,904,576,L,89e21e054d90fcbc1529e1e5aa967361,person1237,bacterial
train,PNEUMONIA,person1237_virus_2097.jpeg,chest_xray_dataset\train\PNEUMONIA\person1237_virus_2097.jpeg,1224,584,L,d6980a78a67c37539b226d408c188e50,person1237,viral
train,PNEUMONIA,person1238_bacteria_3194.jpeg,chest_xray_dataset\train\PNEUMONIA\person1238_bacteria_3194.jpeg,904,608,L,77ad62caeedbcacfe183ddde08097f07,person1238,bacterial
train,PNEUMONIA,person1238_virus_2098.jpeg,chest_xray_dataset\train\PNEUMONIA\person1238_virus_2098.jpeg,1168,608,L,1083b5b998ef481a6981e55037fdd639,person1238,viral
train,PNEUMONIA,person1239_bacteria_3195.jpeg,chest_xray_dataset\train\PNEUMONIA\person1239_bacteria_3195.jpeg,848,648,L,11acdf929f2c1dcd9442586fa5f75f06,person1239,bacterial
train,PNEUMONIA,person1239_virus_2099.jpeg,chest_xray_dataset\train\PNEUMONIA\person1239_virus_2099.jpeg,1440,928,L,5df4b21e8db839713c1dd88be5ca4e15,person1239,viral
train,PNEUMONIA,person123_virus_230.jpeg,chest_xray_dataset\train\PNEUMONIA\person123_virus_230.jpeg,1216,752,L,1479110ba48a80dbd047005150f6fe19,person123,viral
train,PNEUMONIA,person1240_bacteria_3196.jpeg,chest_xray_dataset\train\PNEUMONIA\person1240_bacteria_3196.jpeg,869,553,RGB,66151cac25ba6244301db56a056b07bc,person1240,bacterial
train,PNEUMONIA,person1241_bacteria_3197.jpeg,chest_xray_dataset\train\PNEUMONIA\person1241_bacteria_3197.jpeg,992,592,L,ff243f6fb5386296abf7d63ab09511e1,person1241,bacterial
train,PNEUMONIA,person1241_virus_2106.jpeg,chest_xray_dataset\train\PNEUMONIA\person1241_virus_2106.jpeg,1056,632,L,f186a75f411f57935b69e6a4e5e3e286,person1241,viral
train,PNEUMONIA,person1242_bacteria_3198.jpeg,chest_xray_dataset\train\PNEUMONIA\person1242_bacteria_3198.jpeg,1546,1210,L,ad7ab71ab104ff2aa546d81a54ccceb9,person1242,bacterial
train,PNEUMONIA,person1242_virus_2108.jpeg,chest_xray_dataset\train\PNEUMONIA\person1242_virus_2108.jpeg,1168,608,L,b3dcc5dcd9fde86efdd7872c89778401,person1242,viral
train,PNEUMONIA,person1242_virus_2109.jpeg,chest_xray_dataset\train\PNEUMONIA\person1242_virus_2109.jpeg,1120,592,L,7fbbc4838fa38554807c0de79ff5d4eb,person1242,viral
train,PNEUMONIA,person1243_bacteria_3199.jpeg,chest_xray_dataset\train\PNEUMONIA\person1243_bacteria_3199.jpeg,1633,1080,L,384aef49d17ad5ab4baa6a2b16c36db2,person1243,bacterial
train,PNEUMONIA,person1243_virus_2110.jpeg,chest_xray_dataset\train\PNEUMONIA\person1243_virus_2110.jpeg,1312,1024,L,33a18f1cae43ab38504a4eccd99b6649,person1243,viral
train,PNEUMONIA,person1244_bacteria_3200.jpeg,chest_xray_dataset\train\PNEUMONIA\person1244_bacteria_3200.jpeg,1260,770,L,0d00bc4be4ba458a8d6f8670a23c59f5,person1244,bacterial
train,PNEUMONIA,person1244_virus_2111.jpeg,chest_xray_dataset\train\PNEUMONIA\person1244_virus_2111.jpeg,1248,816,L,c34c10fd053bb0309ae13802b434878e,person1244,viral
train,PNEUMONIA,person1246_bacteria_3202.jpeg,chest_xray_dataset\train\PNEUMONIA\person1246_bacteria_3202.jpeg,1048,632,L,b4522559d1c8ceb1b69d85d27645bff0,person1246,bacterial
train,PNEUMONIA,person1247_bacteria_3203.jpeg,chest_xray_dataset\train\PNEUMONIA\person1247_bacteria_3203.jpeg,1000,536,L,f81087ef9b09c7370bb62cc77ecf484b,person1247,bacterial
train,PNEUMONIA,person1247_virus_2115.jpeg,chest_xray_dataset\train\PNEUMONIA\person1247_virus_2115.jpeg,1232,808,L,5601255018af878cc451dee1f922c009,person1247,viral
train,PNEUMONIA,person1248_bacteria_3204.jpeg,chest_xray_dataset\train\PNEUMONIA\person1248_bacteria_3204.jpeg,1064,632,L,b7bc686b1e1b08ade85cce761eafbaf9,person1248,bacterial
train,PNEUMONIA,person1248_virus_2117.jpeg,chest_xray_dataset\train\PNEUMONIA\person1248_virus_2117.jpeg,1088,800,L,416ea60a77541c4ae4b0805c44921e93,person1248,viral
train,PNEUMONIA,person1249_bacteria_3205.jpeg,chest_xray_dataset\train\PNEUMONIA\person1249_bacteria_3205.jpeg,1064,544,L,bfbf104187ae59a44f23c71597acc4a8,person1249,bacterial
train,PNEUMONIA,person1249_virus_2118.jpeg,chest_xray_dataset\train\PNEUMONIA\person1249_virus_2118.jpeg,1664,1264,L,d82ccf5d0e7a2c92400320cffc48efdc,person1249,viral
train,PNEUMONIA,person124_virus_231.jpeg,chest_xray_dataset\train\PNEUMONIA\person124_virus_231.jpeg,1360,1208,L,b8e3072e8adab92d49b73d6bc0f90fc7,person124,viral
train,PNEUMONIA,person124_virus_233.jpeg,chest_xray_dataset\train\PNEUMONIA\person124_virus_233.jpeg,1352,1080,L,8dbde83e078de901d7f4af34d7f29e35,person124,viral
train,PNEUMONIA,person124_virus_234.jpeg,chest_xray_dataset\train\PNEUMONIA\person124_virus_234.jpeg,1536,1192,L,99e3104b8214ede0519f2b6f47f9e192,person124,viral
train,PNEUMONIA,person124_virus_236.jpeg,chest_xray_dataset\train\PNEUMONIA\person124_virus_236.jpeg,1448,1112,L,bc6d1f9cdd67e25d41be34ef7f58c28a,person124,viral
train,PNEUMONIA,person124_virus_237.jpeg,chest_xray_dataset\train\PNEUMONIA\person124_virus_237.jpeg,1336,992,L,c052f6bb4bcd48ead534a71b5a4b7a0d,person124,viral
train,PNEUMONIA,person124_virus_238.jpeg,chest_xray_dataset\train\PNEUMONIA\person124_virus_238.jpeg,1336,1256,L,52136ce51448e4dae5a79244ee44063a,person124,viral
train,PNEUMONIA,person124_virus_239.jpeg,chest_xray_dataset\train\PNEUMONIA\person124_virus_239.jpeg,1328,1224,L,40db2d2d70c5e39156921150d726a420,person124,viral
train,PNEUMONIA,person124_virus_240.jpeg,chest_xray_dataset\train\PNEUMONIA\person124_virus_240.jpeg,1328,1136,L,cf671225e3e78d204e19f102a4d81940,person124,viral
train,PNEUMONIA,person124_virus_242.jpeg,chest_xray_dataset\train\PNEUMONIA\person124_virus_242.jpeg,1416,1072,L,f665477dbbf8ddd62bb4a1657ba604ba,person124,viral
train,PNEUMONIA,person124_virus_244.jpeg,chest_xray_dataset\train\PNEUMONIA\person124_virus_244.jpeg,1416,864,L,1e9888dcad2bcc48c6e1758686dfff84,person124,viral
train,PNEUMONIA,person124_virus_245.jpeg,chest_xray_dataset\train\PNEUMONIA\person124_virus_245.jpeg,1184,1048,L,a9c74d58652ae9f7af0f3463a528c997,person124,viral
train,PNEUMONIA,person124_virus_246.jpeg,chest_xray_dataset\train\PNEUMONIA\person124_virus_246.jpeg,1296,888,L,b0ef364ad24cf8b19c70cf0e8debb1ee,person124,viral
train,PNEUMONIA,person124_virus_247.jpeg,chest_xray_dataset\train\PNEUMONIA\person124_virus_247.jpeg,1296,888,L,b0ef364ad24cf8b19c70cf0e8debb1ee,person124,viral
train,PNEUMONIA,person124_virus_249.jpeg,chest_xray_dataset\train\PNEUMONIA\person124_virus_249.jpeg,1224,952,L,0a39cbc02fb82eb8613b969c704f5b26,person124,viral
train,PNEUMONIA,person124_virus_250.jpeg,chest_xray_dataset\train\PNEUMONIA\person124_virus_250.jpeg,1304,968,L,fdd25cd0951845d1949929926cd77b4d,person124,viral
train,PNEUMONIA,person124_virus_251.jpeg,chest_xray_dataset\train\PNEUMONIA\person124_virus_251.jpeg,1472,1024,L,934754a3ee1cdf9fbbbd8797384124ed,person124,viral
train,PNEUMONIA,person1250_bacteria_3207.jpeg,chest_xray_dataset\train\PNEUMONIA\person1250_bacteria_3207.jpeg,904,416,L,ef511fc119936b0ef23f122d26a14725,person1250,bacterial
train,PNEUMONIA,person1251_bacteria_3208.jpeg,chest_xray_dataset\train\PNEUMONIA\person1251_bacteria_3208.jpeg,1940,1816,L,f88b95f92efaababf63c7ae12c1e1834,person1251,bacterial
train,PNEUMONIA,person1252_bacteria_3209.jpeg,chest_xray_dataset\train\PNEUMONIA\person1252_bacteria_3209.jpeg,1008,528,L,3bb8a635da4e78419e20ab488d423848,person1252,bacterial
train,PNEUMONIA,person1252_virus_2124.jpeg,chest_xray_dataset\train\PNEUMONIA\person1252_virus_2124.jpeg,1328,1152,L,ccb67145fe156a68fb26db968c9f3379,person1252,viral
train,PNEUMONIA,person1253_bacteria_3211.jpeg,chest_xray_dataset\train\PNEUMONIA\person1253_bacteria_3211.jpeg,711,537,RGB,3e75c0a5126d355f19bae71911cd875b,person1253,bacterial
train,PNEUMONIA,person1253_virus_2129.jpeg,chest_xray_dataset\train\PNEUMONIA\person1253_virus_2129.jpeg,1064,632,L,22aa9f0997e20e933169703a767ad1db,person1253,viral
train,PNEUMONIA,person1254_virus_2130.jpeg,chest_xray_dataset\train\PNEUMONIA\person1254_virus_2130.jpeg,1072,656,L,cd894c61f7a74f2d24de364131b41145,person1254,viral
train,PNEUMONIA,person1255_virus_2132.jpeg,chest_xray_dataset\train\PNEUMONIA\person1255_virus_2132.jpeg,1152,512,L,b320b9c5d6dbdf40b90d61ccfb36023f,person1255,viral
train,PNEUMONIA,person1256_bacteria_3214.jpeg,chest_xray_dataset\train\PNEUMONIA\person1256_bacteria_3214.jpeg,920,672,L,a2711e66371f839af8204e60884d56a6,person1256,bacterial
train,PNEUMONIA,person1257_bacteria_3215.jpeg,chest_xray_dataset\train\PNEUMONIA\person1257_bacteria_3215.jpeg,816,576,L,8d36c63442d1bb2db39920642ffc2098,person1257,bacterial
train,PNEUMONIA,person1258_bacteria_3216.jpeg,chest_xray_dataset\train\PNEUMONIA\person1258_bacteria_3216.jpeg,1496,1044,L,2f67ec2570b0ae378d8e7e2d523f47a0,person1258,bacterial
train,PNEUMONIA,person1258_virus_2138.jpeg,chest_xray_dataset\train\PNEUMONIA\person1258_virus_2138.jpeg,1568,1120,L,8f00f2a3b153c59edb5c403c7b92931c,person1258,viral
train,PNEUMONIA,person1259_bacteria_3217.jpeg,chest_xray_dataset\train\PNEUMONIA\person1259_bacteria_3217.jpeg,1082,612,L,d47486e6d0ad4d3b41efdac346542f56,person1259,bacterial
train,PNEUMONIA,person1259_virus_2139.jpeg,chest_xray_dataset\train\PNEUMONIA\person1259_virus_2139.jpeg,1416,816,L,c1b4be92bfd22197d8a120fd24da0d1b,person1259,viral
train,PNEUMONIA,person125_virus_254.jpeg,chest_xray_dataset\train\PNEUMONIA\person125_virus_254.jpeg,1400,1088,L,1ac10f7a6dc997f3f135dbe18bc0e430,person125,viral
train,PNEUMONIA,person1260_bacteria_3218.jpeg,chest_xray_dataset\train\PNEUMONIA\person1260_bacteria_3218.jpeg,992,600,L,ca52aae45ddb9578cf28c1a568f300ed,person1260,bacterial
train,PNEUMONIA,person1260_virus_2140.jpeg,chest_xray_dataset\train\PNEUMONIA\person1260_virus_2140.jpeg,1144,632,L,b07a21f80343b851d554cdfcd178515a,person1260,viral
train,PNEUMONIA,person1261_bacteria_3219.jpeg,chest_xray_dataset\train\PNEUMONIA\person1261_bacteria_3219.jpeg,1538,1353,L,35eb64ee7aba204af08917704cb96ae9,person1261,bacterial
train,PNEUMONIA,person1261_virus_2145.jpeg,chest_xray_dataset\train\PNEUMONIA\person1261_virus_2145.jpeg,1144,840,L,4a7d01b96174627916ae5f8e7bcf7a3f,person1261,viral
train,PNEUMONIA,person1261_virus_2147.jpeg,chest_xray_dataset\train\PNEUMONIA\person1261_virus_2147.jpeg,1184,808,L,3eaf3d1e7d169b19c280ff54c291cd0f,person1261,viral
train,PNEUMONIA,person1261_virus_2148.jpeg,chest_xray_dataset\train\PNEUMONIA\person1261_virus_2148.jpeg,1184,808,L,3eaf3d1e7d169b19c280ff54c291cd0f,person1261,viral
train,PNEUMONIA,person1262_bacteria_3220.jpeg,chest_xray_dataset\train\PNEUMONIA\person1262_bacteria_3220.jpeg,1176,960,L,f3d624ddefbf61848dc7a10eae1728ef,person1262,bacterial
train,PNEUMONIA,person1263_bacteria_3221.jpeg,chest_xray_dataset\train\PNEUMONIA\person1263_bacteria_3221.jpeg,735,467,RGB,89734cfe96954cea91b389128c7f08a2,person1263,bacterial
train,PNEUMONIA,person1264_bacteria_3222.jpeg,chest_xray_dataset\train\PNEUMONIA\person1264_bacteria_3222.jpeg,1152,674,L,c0e5e00bde760651e05a4a5b31d79b64,person1264,bacterial
train,PNEUMONIA,person1264_virus_2155.jpeg,chest_xray_dataset\train\PNEUMONIA\person1264_virus_2155.jpeg,1072,568,L,80c602f4a584fcf49dd73d89e9823ac6,person1264,viral
train,PNEUMONIA,person1265_bacteria_3223.jpeg,chest_xray_dataset\train\PNEUMONIA\person1265_bacteria_3223.jpeg,928,480,L,3f7024a7821e7a194e56c0c5a046dfba,person1265,bacterial
train,PNEUMONIA,person1265_virus_2156.jpeg,chest_xray_dataset\train\PNEUMONIA\person1265_virus_2156.jpeg,1128,720,L,f5c0edf8a19df079af2e9c0c58b46975,person1265,viral
train,PNEUMONIA,person1266_bacteria_3224.jpeg,chest_xray_dataset\train\PNEUMONIA\person1266_bacteria_3224.jpeg,840,528,L,295c8883972f233850900f8a14b41ee5,person1266,bacterial
train,PNEUMONIA,person1266_bacteria_3225.jpeg,chest_xray_dataset\train\PNEUMONIA\person1266_bacteria_3225.jpeg,816,368,L,7a4d89de5821f9d39c68e9c3adad2bdc,person1266,bacterial
train,PNEUMONIA,person1266_virus_2158.jpeg,chest_xray_dataset\train\PNEUMONIA\person1266_virus_2158.jpeg,1176,856,L,a9d8c0ec10b5a83eec2a844a6255491d,person1266,viral
train,PNEUMONIA,person1267_bacteria_3226.jpeg,chest_xray_dataset\train\PNEUMONIA\person1267_bacteria_3226.jpeg,1000,744,L,29ec518d6a047336ac9fdb33193683fb,person1267,bacterial
train,PNEUMONIA,person1267_virus_2160.jpeg,chest_xray_dataset\train\PNEUMONIA\person1267_virus_2160.jpeg,1144,720,L,17b566cd2d6bb19ab36b5fc20e5c9f6a,person1267,viral
train,PNEUMONIA,person1268_bacteria_3227.jpeg,chest_xray_dataset\train\PNEUMONIA\person1268_bacteria_3227.jpeg,1168,1024,L,b8bcc5fed1e001709bf8b3dc343f0f9a,person1268,bacterial
train,PNEUMONIA,person1268_bacteria_3228.jpeg,chest_xray_dataset\train\PNEUMONIA\person1268_bacteria_3228.jpeg,1256,864,L,4d68d3175d804501d5032aadb0d06df7,person1268,bacterial
train,PNEUMONIA,person1268_virus_2161.jpeg,chest_xray_dataset\train\PNEUMONIA\person1268_virus_2161.jpeg,1208,984,L,c148ab5b7c3d40ef93db7bd82213a2b6,person1268,viral
train,PNEUMONIA,person1269_bacteria_3229.jpeg,chest_xray_dataset\train\PNEUMONIA\person1269_bacteria_3229.jpeg,1328,1040,L,11688b4a0abe01d31871cc67fcdf72b9,person1269,bacterial
train,PNEUMONIA,person1269_virus_2162.jpeg,chest_xray_dataset\train\PNEUMONIA\person1269_virus_2162.jpeg,1304,864,L,c5064448448756eeca2256457390ece9,person1269,viral
train,PNEUMONIA,person126_virus_255.jpeg,chest_xray_dataset\train\PNEUMONIA\person126_virus_255.jpeg,1416,1432,L,36b092bba8e7ce62f5df0fe66c736a1b,person126,viral
train,PNEUMONIA,person1270_bacteria_3230.jpeg,chest_xray_dataset\train\PNEUMONIA\person1270_bacteria_3230.jpeg,1208,952,L,54a8f245ab8b0a08e6ea4078b81f42b4,person1270,bacterial
train,PNEUMONIA,person1270_virus_2163.jpeg,chest_xray_dataset\train\PNEUMONIA\person1270_virus_2163.jpeg,1280,920,L,81f85aa3e0109c3b0b8591097dfd6db4,person1270,viral
train,PNEUMONIA,person1271_bacteria_3231.jpeg,chest_xray_dataset\train\PNEUMONIA\person1271_bacteria_3231.jpeg,1422,971,L,f23f4102cf346328f2e38f9b2ecabba3,person1271,bacterial
train,PNEUMONIA,person1271_virus_2164.jpeg,chest_xray_dataset\train\PNEUMONIA\person1271_virus_2164.jpeg,1320,1240,L,cb41a5d9d0a01d7ab282f931fc8fde1a,person1271,viral
train,PNEUMONIA,person1272_bacteria_3232.jpeg,chest_xray_dataset\train\PNEUMONIA\person1272_bacteria_3232.jpeg,1164,836,L,7871190512e14929a0c29891e8d72331,person1272,bacterial
train,PNEUMONIA,person1272_virus_2190.jpeg,chest_xray_dataset\train\PNEUMONIA\person1272_virus_2190.jpeg,1264,832,L,f7f86621ed0db8349c88dcf6efc53727,person1272,viral
train,PNEUMONIA,person1273_bacteria_3233.jpeg,chest_xray_dataset\train\PNEUMONIA\person1273_bacteria_3233.jpeg,960,616,L,e4d1e5f28662f777602f6ade0589997b,person1273,bacterial
train,PNEUMONIA,person1273_bacteria_3234.jpeg,chest_xray_dataset\train\PNEUMONIA\person1273_bacteria_3234.jpeg,920,560,L,9ff0f8240856488bbe2d8a5a09249e84,person1273,bacterial
train,PNEUMONIA,person1273_virus_2191.jpeg,chest_xray_dataset\train\PNEUMONIA\person1273_virus_2191.jpeg,1376,1080,L,6b9f0c84332f1e1118b45f8cb3367ec5,person1273,viral
train,PNEUMONIA,person1274_bacteria_3235.jpeg,chest_xray_dataset\train\PNEUMONIA\person1274_bacteria_3235.jpeg,1248,1152,L,cac1a2e37873b967d5035c579ba8cc1b,person1274,bacterial
train,PNEUMONIA,person1274_bacteria_3236.jpeg,chest_xray_dataset\train\PNEUMONIA\person1274_bacteria_3236.jpeg,1304,816,L,f8428b511edd5fc656157fa7f53b6e1b,person1274,bacterial
train,PNEUMONIA,person1274_virus_2193.jpeg,chest_xray_dataset\train\PNEUMONIA\person1274_virus_2193.jpeg,1096,600,L,950c130640e5f1c4e9a603db24144b14,person1274,viral
train,PNEUMONIA,person1275_bacteria_3237.jpeg,chest_xray_dataset\train\PNEUMONIA\person1275_bacteria_3237.jpeg,952,664,L,ec37c09a904984fbecc88d7649008379,person1275,bacterial
train,PNEUMONIA,person1276_bacteria_3239.jpeg,chest_xray_dataset\train\PNEUMONIA\person1276_bacteria_3239.jpeg,1128,568,L,fe35c16252416c54202002f91e422e26,person1276,bacterial
train,PNEUMONIA,person1276_virus_2198.jpeg,chest_xray_dataset\train\PNEUMONIA\person1276_virus_2198.jpeg,856,608,L,067188811b519008f029f227891f0e46,person1276,viral
train,PNEUMONIA,person1277_bacteria_3240.jpeg,chest_xray_dataset\train\PNEUMONIA\person1277_bacteria_3240.jpeg,824,529,RGB,2aae2da2df9744dc0c66a3ca292b5dc1,person1277,bacterial
train,PNEUMONIA,person1278_virus_2201.jpeg,chest_xray_dataset\train\PNEUMONIA\person1278_virus_2201.jpeg,1320,960,L,d5d69d1008bda447346bd79a39b654ae,person1278,viral
train,PNEUMONIA,person1279_bacteria_3242.jpeg,chest_xray_dataset\train\PNEUMONIA\person1279_bacteria_3242.jpeg,1132,766,L,04bb652932cd0ef2d5734bc312e747db,person1279,bacterial
train,PNEUMONIA,person1280_bacteria_3243.jpeg,chest_xray_dataset\train\PNEUMONIA\person1280_bacteria_3243.jpeg,1368,1044,L,507a32edc7392b5ae90df1fdbcf63bec,person1280,bacterial
train,PNEUMONIA,person1281_bacteria_3244.jpeg,chest_xray_dataset\train\PNEUMONIA\person1281_bacteria_3244.jpeg,1176,727,L,be5a1791cad1996797d3931434ddd8f6,person1281,bacterial
train,PNEUMONIA,person1281_virus_2204.jpeg,chest_xray_dataset\train\PNEUMONIA\person1281_virus_2204.jpeg,1560,1256,L,ccb15e6fcb89f182af1de0cabaae100f,person1281,viral
train,PNEUMONIA,person1282_bacteria_3245.jpeg,chest_xray_dataset\train\PNEUMONIA\person1282_bacteria_3245.jpeg,1008,808,L,6742893857d7c4883f5fe77fb8d4ee41,person1282,bacterial
train,PNEUMONIA,person1283_bacteria_3246.jpeg,chest_xray_dataset\train\PNEUMONIA\person1283_bacteria_3246.jpeg,1096,960,L,94e4036e42176173a1bdaac15f9bd55a,person1283,bacterial
train,PNEUMONIA,person1283_virus_2206.jpeg,chest_xray_dataset\train\PNEUMONIA\person1283_virus_2206.jpeg,1408,784,L,bfd66b4172bb9b994f925565d131fe5f,person1283,viral
train,PNEUMONIA,person1284_bacteria_3247.jpeg,chest_xray_dataset\train\PNEUMONIA\person1284_bacteria_3247.jpeg,1434,986,L,0d1629cf16da897ad9493a904f346c65,person1284,bacterial
train,PNEUMONIA,person1284_virus_2207.jpeg,chest_xray_dataset\train\PNEUMONIA\person1284_virus_2207.jpeg,1408,800,L,0e946fb2ba5ec7b4d47167d5fc1b2a7e,person1284,viral
train,PNEUMONIA,person1285_virus_2208.jpeg,chest_xray_dataset\train\PNEUMONIA\person1285_virus_2208.jpeg,944,552,L,0645266e862c810048496920ff2a8187,person1285,viral
train,PNEUMONIA,person1286_bacteria_3249.jpeg,chest_xray_dataset\train\PNEUMONIA\person1286_bacteria_3249.jpeg,1072,504,L,e698f8d4a6c6544385c5bb922c22da51,person1286,bacterial
train,PNEUMONIA,person1286_virus_2209.jpeg,chest_xray_dataset\train\PNEUMONIA\person1286_virus_2209.jpeg,1048,776,L,1706e59bafed84b3c04c6ef26cf5f4cc,person1286,viral
train,PNEUMONIA,person1287_bacteria_3250.jpeg,chest_xray_dataset\train\PNEUMONIA\person1287_bacteria_3250.jpeg,635,448,RGB,19eeb7760c21c9bb2cb85232309add35,person1287,bacterial
train,PNEUMONIA,person1287_virus_2210.jpeg,chest_xray_dataset\train\PNEUMONIA\person1287_virus_2210.jpeg,1384,1184,L,150afec55a7a9b40d0aae6a35a6afd32,person1287,viral
train,PNEUMONIA,person1288_bacteria_3251.jpeg,chest_xray_dataset\train\PNEUMONIA\person1288_bacteria_3251.jpeg,1184,664,L,6e04a71343416b2e18f12bf04a0b843b,person1288,bacterial
train,PNEUMONIA,person1288_virus_2211.jpeg,chest_xray_dataset\train\PNEUMONIA\person1288_virus_2211.jpeg,1304,880,L,d35d0228277a69e4b876b031ec1c1877,person1288,viral
train,PNEUMONIA,person1289_bacteria_3252.jpeg,chest_xray_dataset\train\PNEUMONIA\person1289_bacteria_3252.jpeg,1120,736,L,7af52ed637b606a2afb638ae94d68ce1,person1289,bacterial
train,PNEUMONIA,person128_virus_261.jpeg,chest_xray_dataset\train\PNEUMONIA\person128_virus_261.jpeg,1312,960,L,73be5f3c365d0ec69d2bde3a2e444259,person128,viral
train,PNEUMONIA,person1290_bacteria_3253.jpeg,chest_xray_dataset\train\PNEUMONIA\person1290_bacteria_3253.jpeg,1272,1075,L,5ae6bddffc3b4d02594b7584590cac79,person1290,bacterial
train,PNEUMONIA,person1290_virus_2215.jpeg,chest_xray_dataset\train\PNEUMONIA\person1290_virus_2215.jpeg,1392,1264,L,7b390b05a5fc47f27e282657cd21b100,person1290,viral
train,PNEUMONIA,person1290_virus_2216.jpeg,chest_xray_dataset\train\PNEUMONIA\person1290_virus_2216.jpeg,1392,1056,L,7edd23b588aa2716920edd43fd4ad101,person1290,viral
train,PNEUMONIA,person1291_virus_2217.jpeg,chest_xray_dataset\train\PNEUMONIA\person1291_virus_2217.jpeg,1264,760,L,66454ab9307a1348398b25eada883fe8,person1291,viral
train,PNEUMONIA,person1292_bacteria_3255.jpeg,chest_xray_dataset\train\PNEUMONIA\person1292_bacteria_3255.jpeg,1032,536,L,d26f296dc079dabc0f20fb725fec645c,person1292,bacterial
train,PNEUMONIA,person1292_virus_2218.jpeg,chest_xray_dataset\train\PNEUMONIA\person1292_virus_2218.jpeg,1216,936,L,a6086d3cb6e8df2bb91afc0aca6ed099,person1292,viral
train,PNEUMONIA,person1293_virus_2219.jpeg,chest_xray_dataset\train\PNEUMONIA\person1293_virus_2219.jpeg,1320,984,L,1c1f0e026b1338a22a42a22694a47807,person1293,viral
train,PNEUMONIA,person1294_bacteria_3257.jpeg,chest_xray_dataset\train\PNEUMONIA\person1294_bacteria_3257.jpeg,840,536,L,12a256848cb29f35543175617ebe4eb6,person1294,bacterial
train,PNEUMONIA,person1294_virus_2221.jpeg,chest_xray_dataset\train\PNEUMONIA\person1294_virus_2221.jpeg,1336,784,L,70b968827a793fe4225337a946176cd4,person1294,viral
train,PNEUMONIA,person1294_virus_2222.jpeg,chest_xray_dataset\train\PNEUMONIA\person1294_virus_2222.jpeg,1216,800,L,9b8f52cafca7a68ab14be23bb2ee3a68,person1294,viral
train,PNEUMONIA,person1295_bacteria_3258.jpeg,chest_xray_dataset\train\PNEUMONIA\person1295_bacteria_3258.jpeg,1168,648,L,0f2a48bdfdf785c9aa3a1c61be32fec3,person1295,bacterial
train,PNEUMONIA,person1295_virus_2223.jpeg,chest_xray_dataset\train\PNEUMONIA\person1295_virus_2223.jpeg,1296,1120,L,786f3764ed5f3ec7043b6a2e88560304,person1295,viral
train,PNEUMONIA,person1296_virus_2224.jpeg,chest_xray_dataset\train\PNEUMONIA\person1296_virus_2224.jpeg,1592,1056,L,ccdeb4e1facf9c82313544d910ce8562,person1296,viral
train,PNEUMONIA,person1297_bacteria_3260.jpeg,chest_xray_dataset\train\PNEUMONIA\person1297_bacteria_3260.jpeg,984,608,L,4c7ea411ec383f7718b8efbbce2a222c,person1297,bacterial
train,PNEUMONIA,person1298_bacteria_3261.jpeg,chest_xray_dataset\train\PNEUMONIA\person1298_bacteria_3261.jpeg,984,584,L,b7bcedeba0064b11d0bc90a013bf3cbb,person1298,bacterial
train,PNEUMONIA,person1298_virus_2226.jpeg,chest_xray_dataset\train\PNEUMONIA\person1298_virus_2226.jpeg,1288,880,L,70a808072d00ff682b1dda03424ff68c,person1298,viral
train,PNEUMONIA,person1298_virus_2228.jpeg,chest_xray_dataset\train\PNEUMONIA\person1298_virus_2228.jpeg,714,503,RGB,c23b48d9fdefccfba1f519b28e2454ba,person1298,viral
train,PNEUMONIA,person12_bacteria_46.jpeg,chest_xray_dataset\train\PNEUMONIA\person12_bacteria_46.jpeg,1646,1310,L,99f62638719f3750e51132437b6554b6,person12,bacterial
train,PNEUMONIA,person12_bacteria_47.jpeg,chest_xray_dataset\train\PNEUMONIA\person12_bacteria_47.jpeg,1264,1152,L,41c261e5af9bcd7bd9df836500c7af86,person12,bacterial
train,PNEUMONIA,person12_bacteria_48.jpeg,chest_xray_dataset\train\PNEUMONIA\person12_bacteria_48.jpeg,1736,1365,L,baed469634f60421d0679b4840410112,person12,bacterial
train,PNEUMONIA,person1300_bacteria_3264.jpeg,chest_xray_dataset\train\PNEUMONIA\person1300_bacteria_3264.jpeg,1512,1488,L,9994df4336426ae2992d8837fd96f09b,person1300,bacterial
train,PNEUMONIA,person1300_virus_2240.jpeg,chest_xray_dataset\train\PNEUMONIA\person1300_virus_2240.jpeg,1400,1024,L,40a3deefdea480e451b456234581ffda,person1300,viral
train,PNEUMONIA,person1301_virus_2241.jpeg,chest_xray_dataset\train\PNEUMONIA\person1301_virus_2241.jpeg,984,712,L,1d0b5f9f076ec0b564bd0918f5e710b8,person1301,viral
train,PNEUMONIA,person1302_bacteria_3266.jpeg,chest_xray_dataset\train\PNEUMONIA\person1302_bacteria_3266.jpeg,1056,624,L,865b07e81531d8d73247cbab4391ad07,person1302,bacterial
train,PNEUMONIA,person1303_bacteria_3267.jpeg,chest_xray_dataset\train\PNEUMONIA\person1303_bacteria_3267.jpeg,671,393,RGB,8372b6e384d37386285b8964d4e8e7ff,person1303,bacterial
train,PNEUMONIA,person1303_virus_2243.jpeg,chest_xray_dataset\train\PNEUMONIA\person1303_virus_2243.jpeg,1424,1112,L,a5b0e8a45a405047ed37aea85a9e18bd,person1303,viral
train,PNEUMONIA,person1304_bacteria_3269.jpeg,chest_xray_dataset\train\PNEUMONIA\person1304_bacteria_3269.jpeg,1544,1008,L,8aff3b867c14c8db74a8e900b1e0497b,person1304,bacterial
train,PNEUMONIA,person1305_bacteria_3271.jpeg,chest_xray_dataset\train\PNEUMONIA\person1305_bacteria_3271.jpeg,1144,600,L,f061722ccf94ced15291db09349e66de,person1305,bacterial
train,PNEUMONIA,person1306_bacteria_3272.jpeg,chest_xray_dataset\train\PNEUMONIA\person1306_bacteria_3272.jpeg,1096,536,L,2d5366497a1519996c2aca49e2aa8fd3,person1306,bacterial
train,PNEUMONIA,person1306_bacteria_3274.jpeg,chest_xray_dataset\train\PNEUMONIA\person1306_bacteria_3274.jpeg,1064,760,L,cace522905cd44e4b6a461447c346770,person1306,bacterial
train,PNEUMONIA,person1306_bacteria_3275.jpeg,chest_xray_dataset\train\PNEUMONIA\person1306_bacteria_3275.jpeg,1056,688,L,0fecdc7d9f21bda076c40a12ddf619b7,person1306,bacterial
train,PNEUMONIA,person1306_bacteria_3276.jpeg,chest_xray_dataset\train\PNEUMONIA\person1306_bacteria_3276.jpeg,1120,568,L,9813513205a383f974f0e905ba10ffab,person1306,bacterial
train,PNEUMONIA,person1306_bacteria_3277.jpeg,chest_xray_dataset\train\PNEUMONIA\person1306_bacteria_3277.jpeg,1136,528,L,9ffadf33ce1167ad5ff432367c2f3324,person1306,bacterial
train,PNEUMONIA,person1306_virus_2249.jpeg,chest_xray_dataset\train\PNEUMONIA\person1306_virus_2249.jpeg,1160,664,L,249e80e26b992135b565c8acc3559976,person1306,viral
train,PNEUMONIA,person1307_bacteria_3278.jpeg,chest_xray_dataset\train\PNEUMONIA\person1307_bacteria_3278.jpeg,1328,936,L,52b135d6258c7a1787a9a889bd13a265,person1307,bacterial
train,PNEUMONIA,person1307_virus_2251.jpeg,chest_xray_dataset\train\PNEUMONIA\person1307_virus_2251.jpeg,1504,1016,L,6c85b0916ac4fbaf2c816980872a6b4c,person1307,viral
train,PNEUMONIA,person1308_bacteria_3280.jpeg,chest_xray_dataset\train\PNEUMONIA\person1308_bacteria_3280.jpeg,940,696,RGB,4eab23dd8dd06d76f4ee33858c280668,person1308,bacterial
train,PNEUMONIA,person1308_bacteria_3283.jpeg,chest_xray_dataset\train\PNEUMONIA\person1308_bacteria_3283.jpeg,1496,984,L,f03530eed9db9e3938795226e3e12e12,person1308,bacterial
train,PNEUMONIA,person1308_bacteria_3285.jpeg,chest_xray_dataset\train\PNEUMONIA\person1308_bacteria_3285.jpeg,1472,808,L,1ac70cb81f2a622ba968677ed2f11377,person1308,bacterial
train,PNEUMONIA,person1308_bacteria_3286.jpeg,chest_xray_dataset\train\PNEUMONIA\person1308_bacteria_3286.jpeg,1480,856,L,5666121a62879c2bcb661982f2607241,person1308,bacterial
train,PNEUMONIA,person1308_bacteria_3288.jpeg,chest_xray_dataset\train\PNEUMONIA\person1308_bacteria_3288.jpeg,1440,792,L,ac38712bf2452afdd7e6691b228a7544,person1308,bacterial
train,PNEUMONIA,person1308_bacteria_3290.jpeg,chest_xray_dataset\train\PNEUMONIA\person1308_bacteria_3290.jpeg,1416,928,L,788deaff54d15b32ea2b1f300c626f7b,person1308,bacterial
train,PNEUMONIA,person1308_bacteria_3292.jpeg,chest_xray_dataset\train\PNEUMONIA\person1308_bacteria_3292.jpeg,482,209,RGB,641790f37ac03b08d54d11dec506abd1,person1308,bacterial
train,PNEUMONIA,person1308_virus_2252.jpeg,chest_xray_dataset\train\PNEUMONIA\person1308_virus_2252.jpeg,960,464,L,927f25cab7041c7478ab06a57ee5763e,person1308,viral
train,PNEUMONIA,person1308_virus_2253.jpeg,chest_xray_dataset\train\PNEUMONIA\person1308_virus_2253.jpeg,1016,808,L,52df9d67f297a73c8a784f54d0bb40c4,person1308,viral
train,PNEUMONIA,person1309_bacteria_3294.jpeg,chest_xray_dataset\train\PNEUMONIA\person1309_bacteria_3294.jpeg,1216,872,L,ba77ab3946fbd22a86326249505bd056,person1309,bacterial
train,PNEUMONIA,person1309_virus_2254.jpeg,chest_xray_dataset\train\PNEUMONIA\person1309_virus_2254.jpeg,1192,664,L,4bb6f265216e1b7eeafe46f4478a93a6,person1309,viral
train,PNEUMONIA,person130_virus_263.jpeg,chest_xray_dataset\train\PNEUMONIA\person130_virus_263.jpeg,1568,1144,L,84a515fe05952d32f5d6893c18be2938,person130,viral
train,PNEUMONIA,person1310_bacteria_3295.jpeg,chest_xray_dataset\train\PNEUMONIA\person1310_bacteria_3295.jpeg,1472,904,L,cfb0e91e16b113680956f1a509237211,person1310,bacterial
train,PNEUMONIA,person1310_bacteria_3297.jpeg,chest_xray_dataset\train\PNEUMONIA\person1310_bacteria_3297.jpeg,1440,736,L,c79d9052a2ebc41fbb10fc113003e79b,person1310,bacterial
train,PNEUMONIA,person1310_bacteria_3300.jpeg,chest_xray_dataset\train\PNEUMONIA\person1310_bacteria_3300.jpeg,1392,832,L,b2270b72040a9b27e6ef1728b38d95fd,person1310,bacterial
train,PNEUMONIA,person1310_bacteria_3301.jpeg,chest_xray_dataset\train\PNEUMONIA\person1310_bacteria_3301.jpeg,1280,752,L,e8a72883c7dcde2f6dbd03f6c40ce6d6,person1310,bacterial
train,PNEUMONIA,person1310_bacteria_3302.jpeg,chest_xray_dataset\train\PNEUMONIA\person1310_bacteria_3302.jpeg,1400,888,L,07e7f03795685f7f738f4214a71d0c5e,person1310,bacterial
train,PNEUMONIA,person1310_bacteria_3304.jpeg,chest_xray_dataset\train\PNEUMONIA\person1310_bacteria_3304.jpeg,1296,824,L,9b64f1900588c8d292dffc0b9ee2f375,person1310,bacterial
train,PNEUMONIA,person1310_virus_2255.jpeg,chest_xray_dataset\train\PNEUMONIA\person1310_virus_2255.jpeg,1056,736,L,dc7e12cee99506a6f19a476f4a57633a,person1310,viral
train,PNEUMONIA,person1311_bacteria_3312.jpeg,chest_xray_dataset\train\PNEUMONIA\person1311_bacteria_3312.jpeg,490,189,RGB,03a959d02c154c5e2a505d908626ef70,person1311,bacterial
train,PNEUMONIA,person1311_virus_2257.jpeg,chest_xray_dataset\train\PNEUMONIA\person1311_virus_2257.jpeg,1240,904,L,32527ff617aab429fd73c7064a853808,person1311,viral
train,PNEUMONIA,person1311_virus_2259.jpeg,chest_xray_dataset\train\PNEUMONIA\person1311_virus_2259.jpeg,1200,840,L,216b1d2d3f5aa8d2756bb0cc998dd376,person1311,viral
train,PNEUMONIA,person1312_bacteria_3313.jpeg,chest_xray_dataset\train\PNEUMONIA\person1312_bacteria_3313.jpeg,1424,1264,L,637e3b730c989c18c218a9611ee0b6cd,person1312,bacterial
train,PNEUMONIA,person1312_bacteria_3314.jpeg,chest_xray_dataset\train\PNEUMONIA\person1312_bacteria_3314.jpeg,1512,1200,L,8734631e9688ebb0b81160dc96e30ade,person1312,bacterial
train,PNEUMONIA,person1312_bacteria_3316.jpeg,chest_xray_dataset\train\PNEUMONIA\person1312_bacteria_3316.jpeg,1528,1416,L,aa18304e7d10f460e3e410be4b27fd4a,person1312,bacterial
train,PNEUMONIA,person1312_bacteria_3317.jpeg,chest_xray_dataset\train\PNEUMONIA\person1312_bacteria_3317.jpeg,1624,1136,L,ee1a4aa1a4447f742f55464ef2483060,person1312,bacterial
train,PNEUMONIA,person1312_bacteria_3318.jpeg,chest_xray_dataset\train\PNEUMONIA\person1312_bacteria_3318.jpeg,1624,1136,L,ee1a4aa1a4447f742f55464ef2483060,person1312,bacterial
train,PNEUMONIA,person1312_bacteria_3319.jpeg,chest_xray_dataset\train\PNEUMONIA\person1312_bacteria_3319.jpeg,1488,1168,L,e7e487f034e164a45c2e05e40e11828b,person1312,bacterial
train,PNEUMONIA,person1312_virus_2261.jpeg,chest_xray_dataset\train\PNEUMONIA\person1312_virus_2261.jpeg,1432,936,L,c38fa0c3d39f96449ed00b4607d7d5a5,person1312,viral
train,PNEUMONIA,person1313_bacteria_3320.jpeg,chest_xray_dataset\train\PNEUMONIA\person1313_bacteria_3320.jpeg,1288,744,L,dc7001c269b62f49a433b6df30874b69,person1313,bacterial
train,PNEUMONIA,person1313_virus_2264.jpeg,chest_xray_dataset\train\PNEUMONIA\person1313_virus_2264.jpeg,1184,832,L,2aeac387b84886266d58c5fe9346804a,person1313,viral
train,PNEUMONIA,person1314_virus_2266.jpeg,chest_xray_dataset\train\PNEUMONIA\person1314_virus_2266.jpeg,1144,624,L,13c4a3b70dbf09f7972f206d39d1367c,person1314,viral
train,PNEUMONIA,person1314_virus_2268.jpeg,chest_xray_dataset\train\PNEUMONIA\person1314_virus_2268.jpeg,1264,672,L,9c1184918920a576c865d75b718c42b6,person1314,viral
train,PNEUMONIA,person1314_virus_2269.jpeg,chest_xray_dataset\train\PNEUMONIA\person1314_virus_2269.jpeg,1216,768,L,da5bbc2ee1e0deca465c6274c7eda855,person1314,viral
train,PNEUMONIA,person1315_bacteria_3322.jpeg,chest_xray_dataset\train\PNEUMONIA\person1315_bacteria_3322.jpeg,1160,776,L,d4481cebc67081efd50c3d7f9a44e8a5,person1315,bacterial
train,PNEUMONIA,person1315_virus_2270.jpeg,chest_xray_dataset\train\PNEUMONIA\person1315_virus_2270.jpeg,1720,1240,L,bdc2cc79b1fee4ba6fa1f343edc59b9f,person1315,viral
train,PNEUMONIA,person1316_bacteria_3326.jpeg,chest_xray_dataset\train\PNEUMONIA\person1316_bacteria_3326.jpeg,920,536,L,c2b4bb9e52b005863cf1fb970216cecc,person1316,bacterial
train,PNEUMONIA,person1316_virus_2271.jpeg,chest_xray_dataset\train\PNEUMONIA\person1316_virus_2271.jpeg,1216,672,L,2828c0d77f333757937588c89192c577,person1316,viral
train,PNEUMONIA,person1317_bacteria_3332.jpeg,chest_xray_dataset\train\PNEUMONIA\person1317_bacteria_3332.jpeg,679,542,RGB,3f38a6570cbca79c300fbfa2ff2d4312,person1317,bacterial
train,PNEUMONIA,person1317_virus_2273.jpeg,chest_xray_dataset\train\PNEUMONIA\person1317_virus_2273.jpeg,1200,784,L,6acdf248be29db6faf8d7e2390578e19,person1317,viral
train,PNEUMONIA,person1318_bacteria_3334.jpeg,chest_xray_dataset\train\PNEUMONIA\person1318_bacteria_3334.jpeg,1824,1672,L,525dc0516286550da368f4795fbda345,person1318,bacterial
train,PNEUMONIA,person1318_bacteria_3335.jpeg,chest_xray_dataset\train\PNEUMONIA\person1318_bacteria_3335.jpeg,1848,1472,L,8c6d6de32604ebd35fed76ce9ada662b,person1318,bacterial
train,PNEUMONIA,person1318_virus_2274.jpeg,chest_xray_dataset\train\PNEUMONIA\person1318_virus_2274.jpeg,984,624,L,3d3a1be3fb5d4f258e1fe8ca2be799dd,person1318,viral
train,PNEUMONIA,person1319_virus_2276.jpeg,chest_xray_dataset\train\PNEUMONIA\person1319_virus_2276.jpeg,1096,696,L,1cfddffbc5db974a90c6f92dea362986,person1319,viral
train,PNEUMONIA,person131_virus_265.jpeg,chest_xray_dataset\train\PNEUMONIA\person131_virus_265.jpeg,1184,800,L,44c263f7a6069eba9f3a2b5b87ccb259,person131,viral
train,PNEUMONIA,person1320_bacteria_3339.jpeg,chest_xray_dataset\train\PNEUMONIA\person1320_bacteria_3339.jpeg,1512,1152,L,204562a21bfb718ba0ba78c959cd5d97,person1320,bacterial
train,PNEUMONIA,person1320_bacteria_3340.jpeg,chest_xray_dataset\train\PNEUMONIA\person1320_bacteria_3340.jpeg,1640,1160,L,4ad6b2c6330ad148151116b0277ff5c6,person1320,bacterial
train,PNEUMONIA,person1320_bacteria_3342.jpeg,chest_xray_dataset\train\PNEUMONIA\person1320_bacteria_3342.jpeg,1296,1048,L,233669865f225b437e0ce6c41dac262f,person1320,bacterial
train,PNEUMONIA,person1320_bacteria_3344.jpeg,chest_xray_dataset\train\PNEUMONIA\person1320_bacteria_3344.jpeg,1456,1056,L,7746f3c6249ff844f4de1d2c9d4cc6f7,person1320,bacterial
train,PNEUMONIA,person1320_bacteria_3345.jpeg,chest_xray_dataset\train\PNEUMONIA\person1320_bacteria_3345.jpeg,1616,1104,L,03a6518b6e0fa5d4e297f7ddd5006df3,person1320,bacterial
train,PNEUMONIA,person1320_bacteria_3346.jpeg,chest_xray_dataset\train\PNEUMONIA\person1320_bacteria_3346.jpeg,1600,1208,L,cbec1adbf452481fac5d6ddbadd50ffc,person1320,bacterial
train,PNEUMONIA,person1320_bacteria_3347.jpeg,chest_xray_dataset\train\PNEUMONIA\person1320_bacteria_3347.jpeg,1440,1040,L,dc692ab3cc66775542e1c3a2bd170809,person1320,bacterial
train,PNEUMONIA,person1320_bacteria_3348.jpeg,chest_xray_dataset\train\PNEUMONIA\person1320_bacteria_3348.jpeg,1544,824,L,0e4e7849cf9d3203431e2c6747d399d5,person1320,bacterial
train,PNEUMONIA,person1320_bacteria_3350.jpeg,chest_xray_dataset\train\PNEUMONIA\person1320_bacteria_3350.jpeg,1544,1104,L,014f4213336333379b13fa6d9cf57b9b,person1320,bacterial
train,PNEUMONIA,person1320_bacteria_3351.jpeg,chest_xray_dataset\train\PNEUMONIA\person1320_bacteria_3351.jpeg,1312,1056,L,7f5587e395707e0c2ab4b20d5171e7a1,person1320,bacterial
train,PNEUMONIA,person1320_bacteria_3352.jpeg,chest_xray_dataset\train\PNEUMONIA\person1320_bacteria_3352.jpeg,1600,1128,L,aaa361545b6435d55b851aee5fdd3fba,person1320,bacterial
train,PNEUMONIA,person1320_bacteria_3353.jpeg,chest_xray_dataset\train\PNEUMONIA\person1320_bacteria_3353.jpeg,1456,976,L,93b460cac63cb77394137414392bfb98,person1320,bacterial
train,PNEUMONIA,person1320_bacteria_3355.jpeg,chest_xray_dataset\train\PNEUMONIA\person1320_bacteria_3355.jpeg,1608,944,L,bd89e8883bda48ccb2ae8b19f2fc9602,person1320,bacterial
train,PNEUMONIA,person1320_virus_2277.jpeg,chest_xray_dataset\train\PNEUMONIA\person1320_virus_2277.jpeg,1008,568,L,539b45585cbbc36c8bdb5f7b54f86557,person1320,viral
train,PNEUMONIA,person1321_bacteria_3358.jpeg,chest_xray_dataset\train\PNEUMONIA\person1321_bacteria_3358.jpeg,1016,648,L,088dc87332b35dedb9ba325c471b894f,person1321,bacterial
train,PNEUMONIA,person1321_bacteria_3359.jpeg,chest_xray_dataset\train\PNEUMONIA\person1321_bacteria_3359.jpeg,968,576,L,bff198141109ac7d2b1668c9a8cb7f7b,person1321,bacterial
train,PNEUMONIA,person1321_virus_2279.jpeg,chest_xray_dataset\train\PNEUMONIA\person1321_virus_2279.jpeg,1632,1088,L,de81983136721c3b5f462e2f3a68da30,person1321,viral
train,PNEUMONIA,person1322_bacteria_3360.jpeg,chest_xray_dataset\train\PNEUMONIA\person1322_bacteria_3360.jpeg,803,452,RGB,6bc4aa631f82ded4d14763288b2eb515,person1322,bacterial
train,PNEUMONIA,person1323_bacteria_3361.jpeg,chest_xray_dataset\train\PNEUMONIA\person1323_bacteria_3361.jpeg,1792,1592,L,4139b372658fd4a192570b3b210f5918,person1323,bacterial
train,PNEUMONIA,person1323_bacteria_3362.jpeg,chest_xray_dataset\train\PNEUMONIA\person1323_bacteria_3362.jpeg,1888,1440,L,8ca64bcd7177cee6383fcf1c43c5d2df,person1323,bacterial
train,PNEUMONIA,person1323_bacteria_3363.jpeg,chest_xray_dataset\train\PNEUMONIA\person1323_bacteria_3363.jpeg,1800,1384,L,954a0c7146ebf3353e3b76efa88de0a2,person1323,bacterial
train,PNEUMONIA,person1323_virus_2282.jpeg,chest_xray_dataset\train\PNEUMONIA\person1323_virus_2282.jpeg,1056,592,L,19f38aa4852d129e76a67e5d686f49be,person1323,viral
train,PNEUMONIA,person1323_virus_2283.jpeg,chest_xray_dataset\train\PNEUMONIA\person1323_virus_2283.jpeg,1112,712,L,494e8cc5b8daa0b054669922c6c770ff,person1323,viral
train,PNEUMONIA,person1324_virus_2284.jpeg,chest_xray_dataset\train\PNEUMONIA\person1324_virus_2284.jpeg,1224,992,L,ab9d1008544a83e88046bcd3191fdd69,person1324,viral
train,PNEUMONIA,person1324_virus_2285.jpeg,chest_xray_dataset\train\PNEUMONIA\person1324_virus_2285.jpeg,1424,896,L,93b1e81848ab05cbabf15ae17b4d9303,person1324,viral
train,PNEUMONIA,person1325_bacteria_3366.jpeg,chest_xray_dataset\train\PNEUMONIA\person1325_bacteria_3366.jpeg,749,459,RGB,00845096ec2cdad0b67bacade9b2eb15,person1325,bacterial
train,PNEUMONIA,person1325_virus_2287.jpeg,chest_xray_dataset\train\PNEUMONIA\person1325_virus_2287.jpeg,1336,816,L,0f37d70f48beef3a873a2276cbf78943,person1325,viral
train,PNEUMONIA,person1326_bacteria_3372.jpeg,chest_xray_dataset\train\PNEUMONIA\person1326_bacteria_3372.jpeg,1216,920,L,08c0fd11de6dd212b45206ac2a5f964f,person1326,bacterial
train,PNEUMONIA,person1327_bacteria_3373.jpeg,chest_xray_dataset\train\PNEUMONIA\person1327_bacteria_3373.jpeg,1448,1080,L,b237dcd83e59af64cf7d29ffd77d3910,person1327,bacterial
train,PNEUMONIA,person1327_bacteria_3374.jpeg,chest_xray_dataset\train\PNEUMONIA\person1327_bacteria_3374.jpeg,1448,1008,L,f17422b5aeaba1c51e3462bc5f806f74,person1327,bacterial
train,PNEUMONIA,person1328_bacteria_3376.jpeg,chest_xray_dataset\train\PNEUMONIA\person1328_bacteria_3376.jpeg,1072,584,L,e766a93bdd22f2cadf2de91cd1711ae4,person1328,bacterial
train,PNEUMONIA,person1328_virus_2293.jpeg,chest_xray_dataset\train\PNEUMONIA\person1328_virus_2293.jpeg,1208,768,L,fae8dff0bb6ea611065de4ac6154ffa1,person1328,viral
train,PNEUMONIA,person1328_virus_2294.jpeg,chest_xray_dataset\train\PNEUMONIA\person1328_virus_2294.jpeg,1248,824,L,4020464032ae2f47d1ed6cdb19664703,person1328,viral
train,PNEUMONIA,person1328_virus_2295.jpeg,chest_xray_dataset\train\PNEUMONIA\person1328_virus_2295.jpeg,1192,792,L,13afe4acb75790d23d3c9e1f394f8189,person1328,viral
train,PNEUMONIA,person1329_bacteria_3377.jpeg,chest_xray_dataset\train\PNEUMONIA\person1329_bacteria_3377.jpeg,1064,592,L,0a339d4e73e0e423e75b1bcca94abcfb,person1329,bacterial
train,PNEUMONIA,person132_virus_266.jpeg,chest_xray_dataset\train\PNEUMONIA\person132_virus_266.jpeg,1496,1008,L,9d97e865ed486b21622e937bb6c6c396,person132,viral
train,PNEUMONIA,person1331_bacteria_3380.jpeg,chest_xray_dataset\train\PNEUMONIA\person1331_bacteria_3380.jpeg,976,680,L,25dbd55093875c4b4058d44234ef5600,person1331,bacterial
train,PNEUMONIA,person1331_virus_2299.jpeg,chest_xray_dataset\train\PNEUMONIA\person1331_virus_2299.jpeg,1104,776,L,bdd1b093aa892441339beaa66a3395b6,person1331,viral
train,PNEUMONIA,person1332_virus_2300.jpeg,chest_xray_dataset\train\PNEUMONIA\person1332_virus_2300.jpeg,1536,896,L,bf17abbab4340e841fdccf52861b4d64,person1332,viral
train,PNEUMONIA,person1333_bacteria_3383.jpeg,chest_xray_dataset\train\PNEUMONIA\person1333_bacteria_3383.jpeg,1096,640,L,af6e705d1b802180f21130b8dc9804df,person1333,bacterial
train,PNEUMONIA,person1333_bacteria_3384.jpeg,chest_xray_dataset\train\PNEUMONIA\person1333_bacteria_3384.jpeg,1256,752,L,53d7435e8e1cec1082d705245d4ef50f,person1333,bacterial
train,PNEUMONIA,person1333_bacteria_3385.jpeg,chest_xray_dataset\train\PNEUMONIA\person1333_bacteria_3385.jpeg,1360,784,L,b9d8ab1690bb9c37c44d3f87cbd97aa5,person1333,bacterial
train,PNEUMONIA,person1333_bacteria_3386.jpeg,chest_xray_dataset\train\PNEUMONIA\person1333_bacteria_3386.jpeg,1136,688,L,d6bd822eaf488bdc71fbca0f5fea7118,person1333,bacterial
train,PNEUMONIA,person1333_virus_2301.jpeg,chest_xray_dataset\train\PNEUMONIA\person1333_virus_2301.jpeg,1400,1072,L,458bd056f32bfd2221ffe8cb77b52ec4,person1333,viral
train,PNEUMONIA,person1336_virus_2306.jpeg,chest_xray_dataset\train\PNEUMONIA\person1336_virus_2306.jpeg,1152,776,L,a577ad44fb3e1c92a1659eb2b9af6026,person1336,viral
train,PNEUMONIA,person1337_virus_2307.jpeg,chest_xray_dataset\train\PNEUMONIA\person1337_virus_2307.jpeg,2008,1440,L,90e1d0cd3f4dc33f0ac6da4568ad2400,person1337,viral
train,PNEUMONIA,person1338_bacteria_3394.jpeg,chest_xray_dataset\train\PNEUMONIA\person1338_bacteria_3394.jpeg,1448,1080,L,1e699c54ae3a88a1a1add88f9cf54093,person1338,bacterial
train,PNEUMONIA,person1338_bacteria_3395.jpeg,chest_xray_dataset\train\PNEUMONIA\person1338_bacteria_3395.jpeg,1440,992,L,87c22c2fe8030b515c8c15885b0d2def,person1338,bacterial
train,PNEUMONIA,person1338_bacteria_3397.jpeg,chest_xray_dataset\train\PNEUMONIA\person1338_bacteria_3397.jpeg,1472,1048,L,c5ea1f9b6c341a45c29682040925efb8,person1338,bacterial
train,PNEUMONIA,person1338_virus_2308.jpeg,chest_xray_dataset\train\PNEUMONIA\person1338_virus_2308.jpeg,1096,488,L,bfb6fe191c7ca01ced423a954852f608,person1338,viral
train,PNEUMONIA,person1339_bacteria_3399.jpeg,chest_xray_dataset\train\PNEUMONIA\person1339_bacteria_3399.jpeg,1344,712,L,efd4769bc82e6bd3339c5bf07b4f3ce5,person1339,bacterial
train,PNEUMONIA,person1339_bacteria_3402.jpeg,chest_xray_dataset\train\PNEUMONIA\person1339_bacteria_3402.jpeg,1208,672,L,0e9def2d4683cb9a108b4eb1024d982f,person1339,bacterial
train,PNEUMONIA,person133_virus_267.jpeg,chest_xray_dataset\train\PNEUMONIA\person133_virus_267.jpeg,1552,1000,L,641ca43616c0dc690d664eccb7dcbc74,person133,viral
train,PNEUMONIA,person1340_bacteria_3405.jpeg,chest_xray_dataset\train\PNEUMONIA\person1340_bacteria_3405.jpeg,992,776,L,8c228b16d0934063067d2c66873534aa,person1340,bacterial
train,PNEUMONIA,person1340_virus_2311.jpeg,chest_xray_dataset\train\PNEUMONIA\person1340_virus_2311.jpeg,1032,744,L,dd290b69e027daaf9795c11b8a692adc,person1340,viral
train,PNEUMONIA,person1340_virus_2312.jpeg,chest_xray_dataset\train\PNEUMONIA\person1340_virus_2312.jpeg,911,630,RGB,a67b9a32d5b20ccae64a14a95f16067b,person1340,viral
train,PNEUMONIA,person1341_bacteria_3406.jpeg,chest_xray_dataset\train\PNEUMONIA\person1341_bacteria_3406.jpeg,1088,544,L,181ed4fc6d751f08a34421bec6312766,person1341,bacterial
train,PNEUMONIA,person1341_virus_2313.jpeg,chest_xray_dataset\train\PNEUMONIA\person1341_virus_2313.jpeg,1056,728,L,f3fb5e614c4062d3821beb1f69cb781b,person1341,viral
train,PNEUMONIA,person1342_bacteria_3407.jpeg,chest_xray_dataset\train\PNEUMONIA\person1342_bacteria_3407.jpeg,1048,648,L,25957f513cd644ab458dabec94e5162c,person1342,bacterial
train,PNEUMONIA,person1342_virus_2315.jpeg,chest_xray_dataset\train\PNEUMONIA\person1342_virus_2315.jpeg,1448,880,L,fe4ccf35e2886123d5f523aa7e43c140,person1342,viral
train,PNEUMONIA,person1343_bacteria_3409.jpeg,chest_xray_dataset\train\PNEUMONIA\person1343_bacteria_3409.jpeg,1312,832,L,bbe4ecc6f808ff807c93343aea01cf0f,person1343,bacterial
train,PNEUMONIA,person1343_bacteria_3411.jpeg,chest_xray_dataset\train\PNEUMONIA\person1343_bacteria_3411.jpeg,1448,888,L,d0e4c4d87cb50870ba27478226d1dac2,person1343,bacterial
train,PNEUMONIA,person1343_bacteria_3413.jpeg,chest_xray_dataset\train\PNEUMONIA\person1343_bacteria_3413.jpeg,1384,864,L,b7d8223d200f9a48dcb9d598cddae2d6,person1343,bacterial
train,PNEUMONIA,person1343_bacteria_3414.jpeg,chest_xray_dataset\train\PNEUMONIA\person1343_bacteria_3414.jpeg,1384,864,L,b7d8223d200f9a48dcb9d598cddae2d6,person1343,bacterial
train,PNEUMONIA,person1343_bacteria_3415.jpeg,chest_xray_dataset\train\PNEUMONIA\person1343_bacteria_3415.jpeg,1376,1120,L,6c7687dc63b2b8adccbf6a7b4337f5ed,person1343,bacterial
train,PNEUMONIA,person1343_bacteria_3416.jpeg,chest_xray_dataset\train\PNEUMONIA\person1343_bacteria_3416.jpeg,1416,888,L,75c4b218939bacc4259d2dbf92879b41,person1343,bacterial
train,PNEUMONIA,person1343_bacteria_3417.jpeg,chest_xray_dataset\train\PNEUMONIA\person1343_bacteria_3417.jpeg,1136,760,L,d8b117d088cc31eec84a298d22a4bf4b,person1343,bacterial
train,PNEUMONIA,person1343_bacteria_3418.jpeg,chest_xray_dataset\train\PNEUMONIA\person1343_bacteria_3418.jpeg,1152,912,L,6ae2064dadef3b0e2c81c6d848e13714,person1343,bacterial
train,PNEUMONIA,person1343_bacteria_3419.jpeg,chest_xray_dataset\train\PNEUMONIA\person1343_bacteria_3419.jpeg,1216,712,L,e315d9fb009392c1c1cdfacca947c516,person1343,bacterial
train,PNEUMONIA,person1343_virus_2316.jpeg,chest_xray_dataset\train\PNEUMONIA\person1343_virus_2316.jpeg,1184,840,L,bf79d172fb52851fcfc221648e3cf231,person1343,viral
train,PNEUMONIA,person1343_virus_2317.jpeg,chest_xray_dataset\train\PNEUMONIA\person1343_virus_2317.jpeg,1280,872,L,88d9b038dd2e98ab15496489e5db3eb7,person1343,viral
train,PNEUMONIA,person1344_bacteria_3421.jpeg,chest_xray_dataset\train\PNEUMONIA\person1344_bacteria_3421.jpeg,1144,760,L,0e8e18b0de50c11920580080bdbf3571,person1344,bacterial
train,PNEUMONIA,person1344_virus_2319.jpeg,chest_xray_dataset\train\PNEUMONIA\person1344_virus_2319.jpeg,992,560,L,c4e9e9b51ea0c26463c9d7c3a003ad9c,person1344,viral
train,PNEUMONIA,person1344_virus_2320.jpeg,chest_xray_dataset\train\PNEUMONIA\person1344_virus_2320.jpeg,984,656,L,b0f8ce9209c2c5186232b06745e8f575,person1344,viral
train,PNEUMONIA,person1345_bacteria_3422.jpeg,chest_xray_dataset\train\PNEUMONIA\person1345_bacteria_3422.jpeg,1376,1048,L,252c95bffc00510062153f480f419bcd,person1345,bacterial
train,PNEUMONIA,person1345_bacteria_3424.jpeg,chest_xray_dataset\train\PNEUMONIA\person1345_bacteria_3424.jpeg,1320,856,L,11cf6d7776fca2781d26d90b922d3fc5,person1345,bacterial
train,PNEUMONIA,person1345_bacteria_3425.jpeg,chest_xray_dataset\train\PNEUMONIA\person1345_bacteria_3425.jpeg,1552,840,L,c563e1316496bfbdba0b24a375d32b47,person1345,bacterial
train,PNEUMONIA,person1345_bacteria_3426.jpeg,chest_xray_dataset\train\PNEUMONIA\person1345_bacteria_3426.jpeg,1384,1008,L,2e711dfa26a493998c7c3c86c54e11e2,person1345,bacterial
train,PNEUMONIA,person1345_bacteria_3427.jpeg,chest_xray_dataset\train\PNEUMONIA\person1345_bacteria_3427.jpeg,1464,1048,L,42d4eb1ebab678a19170d897aa9df971,person1345,bacterial
train,PNEUMONIA,person1345_bacteria_3428.jpeg,chest_xray_dataset\train\PNEUMONIA\person1345_bacteria_3428.jpeg,1408,848,L,f9a035c5da0b1c1159527801c8b66f3a,person1345,bacterial
train,PNEUMONIA,person1345_virus_2321.jpeg,chest_xray_dataset\train\PNEUMONIA\person1345_virus_2321.jpeg,1272,840,L,d14f2cd447d4062e2401ae192211d08b,person1345,viral
train,PNEUMONIA,person1346_bacteria_3430.jpeg,chest_xray_dataset\train\PNEUMONIA\person1346_bacteria_3430.jpeg,1248,936,L,2ec69192719e1554280f31f5280a4ce2,person1346,bacterial
train,PNEUMONIA,person1346_virus_2322.jpeg,chest_xray_dataset\train\PNEUMONIA\person1346_virus_2322.jpeg,944,640,L,d94a4babdf2dc8bdc9f5883ed8469892,person1346,viral
train,PNEUMONIA,person1347_virus_2323.jpeg,chest_xray_dataset\train\PNEUMONIA\person1347_virus_2323.jpeg,1320,1000,L,fd8b1a58d382714f63e8e75c3d975e26,person1347,viral
train,PNEUMONIA,person1348_virus_2324.jpeg,chest_xray_dataset\train\PNEUMONIA\person1348_virus_2324.jpeg,1432,1008,L,662625af15a567278496bd637bd57c59,person1348,viral
train,PNEUMONIA,person1348_virus_2326.jpeg,chest_xray_dataset\train\PNEUMONIA\person1348_virus_2326.jpeg,1432,968,L,3b55e851136f09ebd5ffb0979d859815,person1348,viral
train,PNEUMONIA,person1349_bacteria_3434.jpeg,chest_xray_dataset\train\PNEUMONIA\person1349_bacteria_3434.jpeg,1512,872,L,99bb4750e72f2fc392bb9e4f940c6d14,person1349,bacterial
train,PNEUMONIA,person1349_bacteria_3436.jpeg,chest_xray_dataset\train\PNEUMONIA\person1349_bacteria_3436.jpeg,1480,1208,L,077fce04eafc798401239d127a84f5f0,person1349,bacterial
train,PNEUMONIA,person1349_bacteria_3437.jpeg,chest_xray_dataset\train\PNEUMONIA\person1349_bacteria_3437.jpeg,1480,1208,L,077fce04eafc798401239d127a84f5f0,person1349,bacterial
train,PNEUMONIA,person1349_bacteria_3438.jpeg,chest_xray_dataset\train\PNEUMONIA\person1349_bacteria_3438.jpeg,1336,904,L,d469ac84aa588acfab3203075883cac2,person1349,bacterial
train,PNEUMONIA,person1349_bacteria_3439.jpeg,chest_xray_dataset\train\PNEUMONIA\person1349_bacteria_3439.jpeg,1504,992,L,72b058dfb313ef50ca106b261c13e06a,person1349,bacterial
train,PNEUMONIA,person134_virus_268.jpeg,chest_xray_dataset\train\PNEUMONIA\person134_virus_268.jpeg,1216,1008,L,04b7bbfbbf1d82b326c4c8eea79cdf40,person134,viral
train,PNEUMONIA,person1350_virus_2329.jpeg,chest_xray_dataset\train\PNEUMONIA\person1350_virus_2329.jpeg,1280,792,L,88cadc6a2ba7a9c088cede9f392fd50b,person1350,viral
train,PNEUMONIA,person1351_bacteria_3441.jpeg,chest_xray_dataset\train\PNEUMONIA\person1351_bacteria_3441.jpeg,1112,680,L,68fa46513f53e5b0c00c4d170eb29781,person1351,bacterial
train,PNEUMONIA,person1351_virus_2330.jpeg,chest_xray_dataset\train\PNEUMONIA\person1351_virus_2330.jpeg,1224,776,L,b92a6c537058f8431c82f973a642307c,person1351,viral
train,PNEUMONIA,person1352_bacteria_3442.jpeg,chest_xray_dataset\train\PNEUMONIA\person1352_bacteria_3442.jpeg,1296,696,L,ac488b0f5be645e773e01e50f68a8546,person1352,bacterial
train,PNEUMONIA,person1352_bacteria_3443.jpeg,chest_xray_dataset\train\PNEUMONIA\person1352_bacteria_3443.jpeg,1232,824,L,e1056fa1f4ad186f44c9959748105ff2,person1352,bacterial
train,PNEUMONIA,person1352_bacteria_3444.jpeg,chest_xray_dataset\train\PNEUMONIA\person1352_bacteria_3444.jpeg,1384,960,L,f56f39a464fbefee488c684992a45e53,person1352,bacterial
train,PNEUMONIA,person1352_bacteria_3445.jpeg,chest_xray_dataset\train\PNEUMONIA\person1352_bacteria_3445.jpeg,1320,1008,L,e1db8ff030e36b7fa2591138ffd91377,person1352,bacterial
train,PNEUMONIA,person1353_bacteria_3446.jpeg,chest_xray_dataset\train\PNEUMONIA\person1353_bacteria_3446.jpeg,1296,904,L,a493d0406c175b8b37a326287a4d9a40,person1353,bacterial
train,PNEUMONIA,person1353_virus_2333.jpeg,chest_xray_dataset\train\PNEUMONIA\person1353_virus_2333.jpeg,1408,1024,L,e1b423a34426e6e202efbfd56200d353,person1353,viral
train,PNEUMONIA,person1354_bacteria_3448.jpeg,chest_xray_dataset\train\PNEUMONIA\person1354_bacteria_3448.jpeg,1312,936,L,363f257c60c619af1242a52be2b370f9,person1354,bacterial
train,PNEUMONIA,person1355_bacteria_3449.jpeg,chest_xray_dataset\train\PNEUMONIA\person1355_bacteria_3449.jpeg,841,528,RGB,f31987d951d75e0af73bde217d498602,person1355,bacterial
train,PNEUMONIA,person1355_bacteria_3452.jpeg,chest_xray_dataset\train\PNEUMONIA\person1355_bacteria_3452.jpeg,800,472,L,3de91889a9c13250a1338e8bd196b7a3,person1355,bacterial
train,PNEUMONIA,person1355_virus_2336.jpeg,chest_xray_dataset\train\PNEUMONIA\person1355_virus_2336.jpeg,1416,1104,L,19e81730c9d631ea680c63f8298e8979,person1355,viral
train,PNEUMONIA,person1356_virus_2337.jpeg,chest_xray_dataset\train\PNEUMONIA\person1356_virus_2337.jpeg,1328,1104,L,4b6e06e5296c6881fcacfd75378da4cf,person1356,viral
train,PNEUMONIA,person1357_virus_2338.jpeg,chest_xray_dataset\train\PNEUMONIA\person1357_virus_2338.jpeg,1416,1088,L,e06ae7c64f20ef341f31a67dfc7ac69f,person1357,viral
train,PNEUMONIA,person1358_bacteria_3463.jpeg,chest_xray_dataset\train\PNEUMONIA\person1358_bacteria_3463.jpeg,1472,976,L,9c3d0cf2d0bf09e5361d3acc91e4d5f3,person1358,bacterial
train,PNEUMONIA,person1358_bacteria_3465.jpeg,chest_xray_dataset\train\PNEUMONIA\person1358_bacteria_3465.jpeg,1440,912,L,168df2599b9a2938e22d5e570be19d7a,person1358,bacterial
train,PNEUMONIA,person1358_virus_2339.jpeg,chest_xray_dataset\train\PNEUMONIA\person1358_virus_2339.jpeg,1760,1360,L,cbf8cc658f8520590f2afb2c54b2469b,person1358,viral
train,PNEUMONIA,person1359_virus_2340.jpeg,chest_xray_dataset\train\PNEUMONIA\person1359_virus_2340.jpeg,1408,976,L,ca01e8e08c491f29c7ab26ee757bb6dd,person1359,viral
train,PNEUMONIA,person135_virus_270.jpeg,chest_xray_dataset\train\PNEUMONIA\person135_virus_270.jpeg,992,568,L,732f776d7e2fecf6a4e83ae15549f5c3,person135,viral
train,PNEUMONIA,person135_virus_271.jpeg,chest_xray_dataset\train\PNEUMONIA\person135_virus_271.jpeg,1072,624,L,94ef43211ec80d765fe419713c1de56c,person135,viral
train,PNEUMONIA,person1360_virus_2341.jpeg,chest_xray_dataset\train\PNEUMONIA\person1360_virus_2341.jpeg,1632,1200,L,b077c4e5af0e3548fffae3192275d11e,person1360,viral
train,PNEUMONIA,person1361_bacteria_3476.jpeg,chest_xray_dataset\train\PNEUMONIA\person1361_bacteria_3476.jpeg,1240,920,L,01bb4d622fbea6a34162eabcaf799d2c,person1361,bacterial
train,PNEUMONIA,person1361_bacteria_3477.jpeg,chest_xray_dataset\train\PNEUMONIA\person1361_bacteria_3477.jpeg,1192,760,L,b2923fe698cded1c0e59324179eb783d,person1361,bacterial
train,PNEUMONIA,person1361_virus_2342.jpeg,chest_xray_dataset\train\PNEUMONIA\person1361_virus_2342.jpeg,1416,904,L,f24719584929b17c626952f3bc947508,person1361,viral
train,PNEUMONIA,person1361_virus_2344.jpeg,chest_xray_dataset\train\PNEUMONIA\person1361_virus_2344.jpeg,1232,880,L,5f306a60a4728ec910985164469f577a,person1361,viral
train,PNEUMONIA,person1362_virus_2345.jpeg,chest_xray_dataset\train\PNEUMONIA\person1362_virus_2345.jpeg,1360,1296,L,94210a0285e2696f0040642fff9995e2,person1362,viral
train,PNEUMONIA,person1363_bacteria_3483.jpeg,chest_xray_dataset\train\PNEUMONIA\person1363_bacteria_3483.jpeg,1320,944,L,c338175561f7b03096536dd426eb1ba4,person1363,bacterial
train,PNEUMONIA,person1363_bacteria_3484.jpeg,chest_xray_dataset\train\PNEUMONIA\person1363_bacteria_3484.jpeg,1216,872,L,7e398be828cfd5b73fd371147d9c2bf7,person1363,bacterial
train,PNEUMONIA,person1363_virus_2346.jpeg,chest_xray_dataset\train\PNEUMONIA\person1363_virus_2346.jpeg,1504,1056,L,472a8ad28810ec919fbb3e50ea29f1a0,person1363,viral
train,PNEUMONIA,person1365_bacteria_3489.jpeg,chest_xray_dataset\train\PNEUMONIA\person1365_bacteria_3489.jpeg,1000,568,L,118624a3a58baeb8da6f30cfd3acb4fb,person1365,bacterial
train,PNEUMONIA,person1365_virus_2348.jpeg,chest_xray_dataset\train\PNEUMONIA\person1365_virus_2348.jpeg,1152,840,L,11cc62734c97a1bacab1f203e9cda97c,person1365,viral
train,PNEUMONIA,person1366_bacteria_3490.jpeg,chest_xray_dataset\train\PNEUMONIA\person1366_bacteria_3490.jpeg,1816,1488,L,bc76190288d5fbbec85e682127af1905,person1366,bacterial
train,PNEUMONIA,person1366_virus_2349.jpeg,chest_xray_dataset\train\PNEUMONIA\person1366_virus_2349.jpeg,1192,672,L,18a3aa2641176a2313ba549491b0185d,person1366,viral
train,PNEUMONIA,person1367_virus_2351.jpeg,chest_xray_dataset\train\PNEUMONIA\person1367_virus_2351.jpeg,1296,848,L,b2a7fbc9d107a023ae0ad7cd91179a8b,person1367,viral
train,PNEUMONIA,person1368_virus_2352.jpeg,chest_xray_dataset\train\PNEUMONIA\person1368_virus_2352.jpeg,1312,824,L,53496972d0f7948e91103dbf41f85d29,person1368,viral
train,PNEUMONIA,person1368_virus_2353.jpeg,chest_xray_dataset\train\PNEUMONIA\person1368_virus_2353.jpeg,1320,1048,L,e46daa37030c0a9d3adf95132e365482,person1368,viral
train,PNEUMONIA,person1368_virus_2354.jpeg,chest_xray_dataset\train\PNEUMONIA\person1368_virus_2354.jpeg,1296,928,L,81513b96873236d454a7ea4e7eca7986,person1368,viral
train,PNEUMONIA,person1369_virus_2355.jpeg,chest_xray_dataset\train\PNEUMONIA\person1369_virus_2355.jpeg,852,444,RGB,fd8bde2133bbf2e745e2474fc40afd80,person1369,viral
train,PNEUMONIA,person1369_virus_2356.jpeg,chest_xray_dataset\train\PNEUMONIA\person1369_virus_2356.jpeg,1003,413,RGB,c3f364f1e62045289e99be1ae3c6f6b2,person1369,viral
train,PNEUMONIA,person1371_virus_2361.jpeg,chest_xray_dataset\train\PNEUMONIA\person1371_virus_2361.jpeg,1120,680,L,000a46f091710b09b00de8e3ae25135f,person1371,viral
train,PNEUMONIA,person1371_virus_2362.jpeg,chest_xray_dataset\train\PNEUMONIA\person1371_virus_2362.jpeg,1072,648,L,cf14850a1e9dad2d7eb80de528ba9656,person1371,viral
train,PNEUMONIA,person1372_bacteria_3498.jpeg,chest_xray_dataset\train\PNEUMONIA\person1372_bacteria_3498.jpeg,1856,1312,L,98dd48e184c6ed8bfbe0192de8a440a9,person1372,bacterial
train,PNEUMONIA,person1372_bacteria_3499.jpeg,chest_xray_dataset\train\PNEUMONIA\person1372_bacteria_3499.jpeg,1688,1392,L,31089032d13a645d6a65e5394da1a61b,person1372,bacterial
train,PNEUMONIA,person1372_bacteria_3500.jpeg,chest_xray_dataset\train\PNEUMONIA\person1372_bacteria_3500.jpeg,1624,1288,L,6afe88058ad6afbe9776524666386c34,person1372,bacterial
train,PNEUMONIA,person1372_bacteria_3501.jpeg,chest_xray_dataset\train\PNEUMONIA\person1372_bacteria_3501.jpeg,1800,1512,L,de69d5b43fa9b4894d8b938352ff5650,person1372,bacterial
train,PNEUMONIA,person1372_bacteria_3502.jpeg,chest_xray_dataset\train\PNEUMONIA\person1372_bacteria_3502.jpeg,1800,1512,L,de69d5b43fa9b4894d8b938352ff5650,person1372,bacterial
train,PNEUMONIA,person1372_bacteria_3503.jpeg,chest_xray_dataset\train\PNEUMONIA\person1372_bacteria_3503.jpeg,1800,1512,L,de69d5b43fa9b4894d8b938352ff5650,person1372,bacterial
train,PNEUMONIA,person1374_bacteria_3506.jpeg,chest_xray_dataset\train\PNEUMONIA\person1374_bacteria_3506.jpeg,1552,840,L,1e9d952a96ba25c8e386ff9d9a2836a6,person1374,bacterial
train,PNEUMONIA,person1374_bacteria_3507.jpeg,chest_xray_dataset\train\PNEUMONIA\person1374_bacteria_3507.jpeg,1416,1016,L,0e64ea6ed9bedad80c17fe8f6cb3652c,person1374,bacterial
train,PNEUMONIA,person1374_virus_2365.jpeg,chest_xray_dataset\train\PNEUMONIA\person1374_virus_2365.jpeg,1136,576,L,2960b2a51cdedac4ef7a4f74efe45381,person1374,viral
train,PNEUMONIA,person1375_bacteria_3509.jpeg,chest_xray_dataset\train\PNEUMONIA\person1375_bacteria_3509.jpeg,1320,800,L,de5636e73193c09901634b7937d13bff,person1375,bacterial
train,PNEUMONIA,person1375_bacteria_3510.jpeg,chest_xray_dataset\train\PNEUMONIA\person1375_bacteria_3510.jpeg,1312,816,L,5909f9e69ddc35459983c8af0f2e7d79,person1375,bacterial
train,PNEUMONIA,person1375_virus_2366.jpeg,chest_xray_dataset\train\PNEUMONIA\person1375_virus_2366.jpeg,1512,1056,L,d7610437d960170ffcd5e6110a0f50a8,person1375,viral
train,PNEUMONIA,person1376_bacteria_3511.jpeg,chest_xray_dataset\train\PNEUMONIA\person1376_bacteria_3511.jpeg,1416,856,L,639bfd82be3214c340ccb316d31400e2,person1376,bacterial
train,PNEUMONIA,person1376_virus_2367.jpeg,chest_xray_dataset\train\PNEUMONIA\person1376_virus_2367.jpeg,1264,712,L,7b71605421ca414dad8ccd3e72c67763,person1376,viral
train,PNEUMONIA,person1377_bacteria_3512.jpeg,chest_xray_dataset\train\PNEUMONIA\person1377_bacteria_3512.jpeg,1400,1072,L,1b0926842d680dae1caac1a070ca0834,person1377,bacterial
train,PNEUMONIA,person1377_virus_2369.jpeg,chest_xray_dataset\train\PNEUMONIA\person1377_virus_2369.jpeg,1584,720,L,d9bf1358b62e87c0c5dd47e429870be6,person1377,viral
train,PNEUMONIA,person1378_bacteria_3513.jpeg,chest_xray_dataset\train\PNEUMONIA\person1378_bacteria_3513.jpeg,928,504,L,dd744030e20616655cf9e542151f3c4d,person1378,bacterial
train,PNEUMONIA,person1379_bacteria_3514.jpeg,chest_xray_dataset\train\PNEUMONIA\person1379_bacteria_3514.jpeg,1216,720,L,514309ce029a78510460438525b6c8b6,person1379,bacterial
train,PNEUMONIA,person137_virus_281.jpeg,chest_xray_dataset\train\PNEUMONIA\person137_virus_281.jpeg,1320,1000,L,422d51898d5e2d2266ea19d943924ed0,person137,viral
train,PNEUMONIA,person1380_bacteria_3515.jpeg,chest_xray_dataset\train\PNEUMONIA\person1380_bacteria_3515.jpeg,1064,688,L,6d1ce7587e845ea81e0f111576f85259,person1380,bacterial
train,PNEUMONIA,person1381_bacteria_3516.jpeg,chest_xray_dataset\train\PNEUMONIA\person1381_bacteria_3516.jpeg,1944,1560,L,0967a13201e8aa8c79212352fe1eaa25,person1381,bacterial
train,PNEUMONIA,person1381_bacteria_3517.jpeg,chest_xray_dataset\train\PNEUMONIA\person1381_bacteria_3517.jpeg,1984,1576,L,35c3d535b87261ad39fabdfa71b21494,person1381,bacterial
train,PNEUMONIA,person1381_virus_2375.jpeg,chest_xray_dataset\train\PNEUMONIA\person1381_virus_2375.jpeg,1352,840,L,4464548dbf84474437a14d59bbb41b79,person1381,viral
train,PNEUMONIA,person1383_bacteria_3521.jpeg,chest_xray_dataset\train\PNEUMONIA\person1383_bacteria_3521.jpeg,1224,680,L,83d0c68afecf6c95ace119311113d2f1,person1383,bacterial
train,PNEUMONIA,person1383_virus_2377.jpeg,chest_xray_dataset\train\PNEUMONIA\person1383_virus_2377.jpeg,1240,960,L,acf454b97a8ee99639941b6f3a2fc75b,person1383,viral
train,PNEUMONIA,person1384_bacteria_3522.jpeg,chest_xray_dataset\train\PNEUMONIA\person1384_bacteria_3522.jpeg,1104,848,L,8840551627a52d2eba47eff73590acf3,person1384,bacterial
train,PNEUMONIA,person1385_bacteria_3524.jpeg,chest_xray_dataset\train\PNEUMONIA\person1385_bacteria_3524.jpeg,1288,784,L,860b39ab040ba2adadcd21f686c0da64,person1385,bacterial
train,PNEUMONIA,person1385_virus_2380.jpeg,chest_xray_dataset\train\PNEUMONIA\person1385_virus_2380.jpeg,1320,856,L,fa3b771005ebf02130be23279657680d,person1385,viral
train,PNEUMONIA,person1387_virus_2382.jpeg,chest_xray_dataset\train\PNEUMONIA\person1387_virus_2382.jpeg,1368,760,L,0bc42735e9d74c93d570599e47c39293,person1387,viral
train,PNEUMONIA,person1388_bacteria_3529.jpeg,chest_xray_dataset\train\PNEUMONIA\person1388_bacteria_3529.jpeg,1128,680,L,59e7e6d8dec1dd9b8caf1037bdace14b,person1388,bacterial
train,PNEUMONIA,person1389_bacteria_3531.jpeg,chest_xray_dataset\train\PNEUMONIA\person1389_bacteria_3531.jpeg,1056,744,L,31c64fde583ddd16ff0eb2172404343e,person1389,bacterial
train,PNEUMONIA,person1389_virus_2387.jpeg,chest_xray_dataset\train\PNEUMONIA\person1389_virus_2387.jpeg,1392,776,L,43b5f2ea48e7c4abceae7aeec8dadc36,person1389,viral
train,PNEUMONIA,person138_virus_282.jpeg,chest_xray_dataset\train\PNEUMONIA\person138_virus_282.jpeg,928,496,L,d1fa3f332a34e98025750ccca9aa20ee,person138,viral
train,PNEUMONIA,person1390_bacteria_3534.jpeg,chest_xray_dataset\train\PNEUMONIA\person1390_bacteria_3534.jpeg,1128,688,L,b9c65466692683f3b787e7639f2da951,person1390,bacterial
train,PNEUMONIA,person1390_bacteria_3535.jpeg,chest_xray_dataset\train\PNEUMONIA\person1390_bacteria_3535.jpeg,1056,584,L,1ca6d18e4a8189904b681e2f7c6c8aec,person1390,bacterial
train,PNEUMONIA,person1391_bacteria_3536.jpeg,chest_xray_dataset\train\PNEUMONIA\person1391_bacteria_3536.jpeg,1576,1200,L,69e355767c041fe90513598820538ca2,person1391,bacterial
train,PNEUMONIA,person1391_bacteria_3537.jpeg,chest_xray_dataset\train\PNEUMONIA\person1391_bacteria_3537.jpeg,1384,1072,L,4e89554df0ec4c8e292cc7307ab13a03,person1391,bacterial
train,PNEUMONIA,person1392_bacteria_3538.jpeg,chest_xray_dataset\train\PNEUMONIA\person1392_bacteria_3538.jpeg,1232,832,L,771741ede74f88c7e1a89f46e352f805,person1392,bacterial
train,PNEUMONIA,person1393_virus_2396.jpeg,chest_xray_dataset\train\PNEUMONIA\person1393_virus_2396.jpeg,1240,720,L,12805c76cf8ab25a97f4bc3ff1015db5,person1393,viral
train,PNEUMONIA,person1394_virus_2397.jpeg,chest_xray_dataset\train\PNEUMONIA\person1394_virus_2397.jpeg,1440,896,L,bc4e78cf36209fc4ce390c423f6b4716,person1394,viral
train,PNEUMONIA,person1395_bacteria_3544.jpeg,chest_xray_dataset\train\PNEUMONIA\person1395_bacteria_3544.jpeg,1848,1448,L,d34d4a61d11ad0d5e75752ac83d980c7,person1395,bacterial
train,PNEUMONIA,person1395_virus_2398.jpeg,chest_xray_dataset\train\PNEUMONIA\person1395_virus_2398.jpeg,1208,728,L,d8b77d0fddd701adab95f9b2a01b13c5,person1395,viral
train,PNEUMONIA,person1396_bacteria_3545.jpeg,chest_xray_dataset\train\PNEUMONIA\person1396_bacteria_3545.jpeg,1160,856,L,aae52a9f924919e40359a6c2f0ea33f8,person1396,bacterial
train,PNEUMONIA,person1396_virus_2399.jpeg,chest_xray_dataset\train\PNEUMONIA\person1396_virus_2399.jpeg,1432,1128,L,b1f4df091d3100c9ff8a1205e2dfb9e2,person1396,viral
train,PNEUMONIA,person1397_virus_2400.jpeg,chest_xray_dataset\train\PNEUMONIA\person1397_virus_2400.jpeg,1176,696,L,b6356f070c41032e9cd2dceb08b74d2d,person1397,viral
train,PNEUMONIA,person1398_bacteria_3548.jpeg,chest_xray_dataset\train\PNEUMONIA\person1398_bacteria_3548.jpeg,1544,1280,L,5fc9f1cdc540dba2539ab7c9543282c6,person1398,bacterial
train,PNEUMONIA,person1398_virus_2401.jpeg,chest_xray_dataset\train\PNEUMONIA\person1398_virus_2401.jpeg,1144,696,L,b7e712f43c89236530fefa6db79371ab,person1398,viral
train,PNEUMONIA,person1399_bacteria_3549.jpeg,chest_xray_dataset\train\PNEUMONIA\person1399_bacteria_3549.jpeg,1696,1432,L,f1271f3b5e9f6b8f3f3941854a2c98ac,person1399,bacterial
train,PNEUMONIA,person1399_virus_2402.jpeg,chest_xray_dataset\train\PNEUMONIA\person1399_virus_2402.jpeg,872,608,L,c14b72432c1ec65883acdddc928d041f,person1399,viral
train,PNEUMONIA,person139_virus_283.jpeg,chest_xray_dataset\train\PNEUMONIA\person139_virus_283.jpeg,1576,1064,L,31973e35738accbc0cb5acf018dd9d1d,person139,viral
train,PNEUMONIA,person13_bacteria_49.jpeg,chest_xray_dataset\train\PNEUMONIA\person13_bacteria_49.jpeg,1666,1392,L,f04f8fb45fcf24adf9dd0b1c443472bd,person13,bacterial
train,PNEUMONIA,person13_bacteria_50.jpeg,chest_xray_dataset\train\PNEUMONIA\person13_bacteria_50.jpeg,1762,1535,L,6fd46bfad9e28d46f7eb11a9ce68e505,person13,bacterial
train,PNEUMONIA,person1400_bacteria_3550.jpeg,chest_xray_dataset\train\PNEUMONIA\person1400_bacteria_3550.jpeg,1272,784,L,54fa5b757ee844d26bc58fa26ff5bf50,person1400,bacterial
train,PNEUMONIA,person1400_bacteria_3551.jpeg,chest_xray_dataset\train\PNEUMONIA\person1400_bacteria_3551.jpeg,1168,872,L,812ed5515aa86d8b4aeb044e5b58452b,person1400,bacterial
train,PNEUMONIA,person1400_bacteria_3553.jpeg,chest_xray_dataset\train\PNEUMONIA\person1400_bacteria_3553.jpeg,1240,1048,L,7410f7a246ee7903115db9275982d6c9,person1400,bacterial
train,PNEUMONIA,person1400_bacteria_3554.jpeg,chest_xray_dataset\train\PNEUMONIA\person1400_bacteria_3554.jpeg,1576,960,L,52de5593b4c2f547a18374dfcf620ac1,person1400,bacterial
train,PNEUMONIA,person1401_bacteria_3555.jpeg,chest_xray_dataset\train\PNEUMONIA\person1401_bacteria_3555.jpeg,1088,560,L,bffa30aa032f72f21c53b836ffd32a69,person1401,bacterial
train,PNEUMONIA,person1402_virus_2405.jpeg,chest_xray_dataset\train\PNEUMONIA\person1402_virus_2405.jpeg,1136,648,L,5f11cdbe6ab606f95d6e854c33b48469,person1402,viral
train,PNEUMONIA,person1403_bacteria_3557.jpeg,chest_xray_dataset\train\PNEUMONIA\person1403_bacteria_3557.jpeg,1208,920,L,bdcddba452b9a429f4922c3b71935ed0,person1403,bacterial
train,PNEUMONIA,person1403_bacteria_3559.jpeg,chest_xray_dataset\train\PNEUMONIA\person1403_bacteria_3559.jpeg,1304,768,L,dcb0268460fcbe428765c2365f5b8825,person1403,bacterial
train,PNEUMONIA,person1403_virus_2406.jpeg,chest_xray_dataset\train\PNEUMONIA\person1403_virus_2406.jpeg,1064,600,L,f236bbb8e19c04a4b7eff4aa381ca115,person1403,viral
train,PNEUMONIA,person1404_bacteria_3561.jpeg,chest_xray_dataset\train\PNEUMONIA\person1404_bacteria_3561.jpeg,1392,968,L,c1c27bfb4b5083474931cbb0fd9dc242,person1404,bacterial
train,PNEUMONIA,person1405_bacteria_3564.jpeg,chest_xray_dataset\train\PNEUMONIA\person1405_bacteria_3564.jpeg,1432,1016,L,b4af13f4efbc863ef4f5196508d9bf8b,person1405,bacterial
train,PNEUMONIA,person1405_bacteria_3566.jpeg,chest_xray_dataset\train\PNEUMONIA\person1405_bacteria_3566.jpeg,1392,936,L,8caa626e6d961408423f23fe9d2f1767,person1405,bacterial
train,PNEUMONIA,person1405_bacteria_3567.jpeg,chest_xray_dataset\train\PNEUMONIA\person1405_bacteria_3567.jpeg,1488,816,L,c956935443d411aae1aa0df962832a55,person1405,bacterial
train,PNEUMONIA,person1405_bacteria_3571.jpeg,chest_xray_dataset\train\PNEUMONIA\person1405_bacteria_3571.jpeg,1216,824,L,c31bf12b9436a57fe91dfae84ba4c10e,person1405,bacterial
train,PNEUMONIA,person1405_bacteria_3573.jpeg,chest_xray_dataset\train\PNEUMONIA\person1405_bacteria_3573.jpeg,1352,944,L,2a3716e058067e4f1c4229d60e8e72df,person1405,bacterial
train,PNEUMONIA,person1405_virus_2408.jpeg,chest_xray_dataset\train\PNEUMONIA\person1405_virus_2408.jpeg,1816,1216,L,020fb012d5af31c04dbe090bb1cca4ab,person1405,viral
train,PNEUMONIA,person1406_bacteria_3574.jpeg,chest_xray_dataset\train\PNEUMONIA\person1406_bacteria_3574.jpeg,1304,824,L,188316f40fedfa02e5012aea9ff46685,person1406,bacterial
train,PNEUMONIA,person1406_bacteria_3575.jpeg,chest_xray_dataset\train\PNEUMONIA\person1406_bacteria_3575.jpeg,1240,848,L,b6b42e820f3f4eecaf09a9e1b29366b9,person1406,bacterial
train,PNEUMONIA,person1406_virus_2409.jpeg,chest_xray_dataset\train\PNEUMONIA\person1406_virus_2409.jpeg,1488,1048,L,99156c509b3ea70feb4c4aefc9d53119,person1406,viral
train,PNEUMONIA,person1407_virus_2410.jpeg,chest_xray_dataset\train\PNEUMONIA\person1407_virus_2410.jpeg,1208,776,L,344921a3de2f32bca569155052d67653,person1407,viral
train,PNEUMONIA,person1408_bacteria_3579.jpeg,chest_xray_dataset\train\PNEUMONIA\person1408_bacteria_3579.jpeg,1744,1224,L,ac7784358167a93fb59ba5f9d09607db,person1408,bacterial
train,PNEUMONIA,person1408_bacteria_3581.jpeg,chest_xray_dataset\train\PNEUMONIA\person1408_bacteria_3581.jpeg,1576,1288,L,085c3de077efa5aa6635c81bac04d43b,person1408,bacterial
train,PNEUMONIA,person1408_virus_2411.jpeg,chest_xray_dataset\train\PNEUMONIA\person1408_virus_2411.jpeg,1392,1120,L,41e758b6228c7b0f2697c1e371421ec7,person1408,viral
train,PNEUMONIA,person1409_bacteria_3583.jpeg,chest_xray_dataset\train\PNEUMONIA\person1409_bacteria_3583.jpeg,1712,1272,L,01185949792c16312ff922433dead77d,person1409,bacterial
train,PNEUMONIA,person1409_bacteria_3585.jpeg,chest_xray_dataset\train\PNEUMONIA\person1409_bacteria_3585.jpeg,1680,1256,L,723d93b4eb1e7df616ddcd72aa0114ea,person1409,bacterial
train,PNEUMONIA,person1409_virus_2413.jpeg,chest_xray_dataset\train\PNEUMONIA\person1409_virus_2413.jpeg,984,672,L,82e8e24c0969078353b21947205f6c9d,person1409,viral
train,PNEUMONIA,person140_virus_284.jpeg,chest_xray_dataset\train\PNEUMONIA\person140_virus_284.jpeg,1896,1360,L,d45916bebd5bc12afb80447508d7f609,person140,viral
train,PNEUMONIA,person140_virus_285.jpeg,chest_xray_dataset\train\PNEUMONIA\person140_virus_285.jpeg,2048,1656,L,489091169bd363602f6c7b2e77515c61,person140,viral
train,PNEUMONIA,person1411_bacteria_3591.jpeg,chest_xray_dataset\train\PNEUMONIA\person1411_bacteria_3591.jpeg,1672,1488,L,888f9c7130e3b071e0b5c7ca2ef317e5,person1411,bacterial
train,PNEUMONIA,person1411_bacteria_3593.jpeg,chest_xray_dataset\train\PNEUMONIA\person1411_bacteria_3593.jpeg,1904,1480,L,a57e2a0814bdde020a61fea7b0a4048d,person1411,bacterial
train,PNEUMONIA,person1411_bacteria_3598.jpeg,chest_xray_dataset\train\PNEUMONIA\person1411_bacteria_3598.jpeg,1648,1240,L,e5864aa914065d67bc718ae355dfb1ff,person1411,bacterial
train,PNEUMONIA,person1411_bacteria_3599.jpeg,chest_xray_dataset\train\PNEUMONIA\person1411_bacteria_3599.jpeg,1712,1488,L,5c7197515d13fae6f34e2132108fb86a,person1411,bacterial
train,PNEUMONIA,person1411_bacteria_3601.jpeg,chest_xray_dataset\train\PNEUMONIA\person1411_bacteria_3601.jpeg,1808,1352,L,405c27503021344842c7cc75cc207ba5,person1411,bacterial
train,PNEUMONIA,person1411_bacteria_3602.jpeg,chest_xray_dataset\train\PNEUMONIA\person1411_bacteria_3602.jpeg,1624,1312,L,6cead7e573344e6dbadd5099c5f4acc5,person1411,bacterial
train,PNEUMONIA,person1411_bacteria_3603.jpeg,chest_xray_dataset\train\PNEUMONIA\person1411_bacteria_3603.jpeg,1656,1264,L,241c0986279dcf05300b051a48b277b9,person1411,bacterial
train,PNEUMONIA,person1411_bacteria_3604.jpeg,chest_xray_dataset\train\PNEUMONIA\person1411_bacteria_3604.jpeg,1648,1208,L,337f8b4add1ea9013f7668d7fcebb593,person1411,bacterial
train,PNEUMONIA,person1411_bacteria_3607.jpeg,chest_xray_dataset\train\PNEUMONIA\person1411_bacteria_3607.jpeg,1816,1608,L,1d8f6ffefa8ebde856053ba51e89ce32,person1411,bacterial
train,PNEUMONIA,person1411_bacteria_3609.jpeg,chest_xray_dataset\train\PNEUMONIA\person1411_bacteria_3609.jpeg,1616,1216,L,0cb69ff8a9c87a71f2bfd081cb6b3061,person1411,bacterial
train,PNEUMONIA,person1411_bacteria_3610.jpeg,chest_xray_dataset\train\PNEUMONIA\person1411_bacteria_3610.jpeg,1656,1288,L,c704841cc8dda08632f096f5a62dc155,person1411,bacterial
train,PNEUMONIA,person1411_virus_2415.jpeg,chest_xray_dataset\train\PNEUMONIA\person1411_virus_2415.jpeg,1440,1224,L,84641203a0b5f2df4644c5accdb2774b,person1411,viral
train,PNEUMONIA,person1412_bacteria_3612.jpeg,chest_xray_dataset\train\PNEUMONIA\person1412_bacteria_3612.jpeg,1256,784,L,2e106a065aa42572e118e4caa1f1ae16,person1412,bacterial
train,PNEUMONIA,person1413_bacteria_3613.jpeg,chest_xray_dataset\train\PNEUMONIA\person1413_bacteria_3613.jpeg,1224,848,L,7403981468e3a2cce8039ebf9a2c9e7b,person1413,bacterial
train,PNEUMONIA,person1413_bacteria_3615.jpeg,chest_xray_dataset\train\PNEUMONIA\person1413_bacteria_3615.jpeg,1400,704,L,51799f74136530db2a05f99a8e25eb2a,person1413,bacterial
train,PNEUMONIA,person1413_bacteria_3617.jpeg,chest_xray_dataset\train\PNEUMONIA\person1413_bacteria_3617.jpeg,1440,856,L,6107dbaaa78ff4f61a326d88ca84c99f,person1413,bacterial
train,PNEUMONIA,person1413_bacteria_3620.jpeg,chest_xray_dataset\train\PNEUMONIA\person1413_bacteria_3620.jpeg,1408,800,L,343dc9107db6df75744e4faa3b5627ac,person1413,bacterial
train,PNEUMONIA,person1413_virus_2422.jpeg,chest_xray_dataset\train\PNEUMONIA\person1413_virus_2422.jpeg,1136,968,L,e63436f0cf4a6af56d11302c232e4427,person1413,viral
train,PNEUMONIA,person1413_virus_2423.jpeg,chest_xray_dataset\train\PNEUMONIA\person1413_virus_2423.jpeg,1336,1056,L,f0bb3532e3ef21b1ba963c957756d36c,person1413,viral
train,PNEUMONIA,person1414_bacteria_3627.jpeg,chest_xray_dataset\train\PNEUMONIA\person1414_bacteria_3627.jpeg,1232,704,L,0bd527ac0ae549b49651246a9a20d395,person1414,bacterial
train,PNEUMONIA,person1414_bacteria_3628.jpeg,chest_xray_dataset\train\PNEUMONIA\person1414_bacteria_3628.jpeg,1288,896,L,52b3fb425ba4a49a737c84a786dc7222,person1414,bacterial
train,PNEUMONIA,person1414_virus_2424.jpeg,chest_xray_dataset\train\PNEUMONIA\person1414_virus_2424.jpeg,1064,592,L,f4210a086a6d1cd348702a8cd8cd54af,person1414,viral
train,PNEUMONIA,person1415_bacteria_3629.jpeg,chest_xray_dataset\train\PNEUMONIA\person1415_bacteria_3629.jpeg,1136,1008,L,031f268ff4d8c889a8b774aa022f08e8,person1415,bacterial
train,PNEUMONIA,person1415_virus_2425.jpeg,chest_xray_dataset\train\PNEUMONIA\person1415_virus_2425.jpeg,1600,1088,L,72d4c6b08d303771a45361aba4fa5363,person1415,viral
train,PNEUMONIA,person1416_virus_2427.jpeg,chest_xray_dataset\train\PNEUMONIA\person1416_virus_2427.jpeg,1528,952,L,af931d3a6a99e47207ca685966ceaa54,person1416,viral
train,PNEUMONIA,person1417_bacteria_3635.jpeg,chest_xray_dataset\train\PNEUMONIA\person1417_bacteria_3635.jpeg,1528,1056,L,fea55464b4e93064def69854c8e368b1,person1417,bacterial
train,PNEUMONIA,person1418_bacteria_3636.jpeg,chest_xray_dataset\train\PNEUMONIA\person1418_bacteria_3636.jpeg,1408,1152,L,efdd50d0e67f9b23a3640557e66c452b,person1418,bacterial
train,PNEUMONIA,person1418_bacteria_3637.jpeg,chest_xray_dataset\train\PNEUMONIA\person1418_bacteria_3637.jpeg,1216,1032,L,8d23cad14bea0396dcc448ee69e76abb,person1418,bacterial
train,PNEUMONIA,person1418_bacteria_3638.jpeg,chest_xray_dataset\train\PNEUMONIA\person1418_bacteria_3638.jpeg,1464,1080,L,6a7d1ce4ca1212393d7a24f79c035498,person1418,bacterial
train,PNEUMONIA,person1418_bacteria_3639.jpeg,chest_xray_dataset\train\PNEUMONIA\person1418_bacteria_3639.jpeg,1352,1088,L,7361cd527d4aa1cc57d90b265fb8aba0,person1418,bacterial
train,PNEUMONIA,person1418_bacteria_3643.jpeg,chest_xray_dataset\train\PNEUMONIA\person1418_bacteria_3643.jpeg,1296,1040,L,5fa3341ad78e457389f95c5e071c0c77,person1418,bacterial
train,PNEUMONIA,person1418_virus_2429.jpeg,chest_xray_dataset\train\PNEUMONIA\person1418_virus_2429.jpeg,1496,976,L,80905cb7f13a674ad09c65ff2558c444,person1418,viral
train,PNEUMONIA,person1419_bacteria_3645.jpeg,chest_xray_dataset\train\PNEUMONIA\person1419_bacteria_3645.jpeg,1096,592,L,3333cdf036a04260430f4fb4f7724014,person1419,bacterial
train,PNEUMONIA,person141_virus_287.jpeg,chest_xray_dataset\train\PNEUMONIA\person141_virus_287.jpeg,1608,1168,L,09cfc3daae32279f38260d91393c5868,person141,viral
train,PNEUMONIA,person1420_bacteria_3647.jpeg,chest_xray_dataset\train\PNEUMONIA\person1420_bacteria_3647.jpeg,944,808,L,f30802669eaa82c9f250456d1b953395,person1420,bacterial
train,PNEUMONIA,person1420_virus_2431.jpeg,chest_xray_dataset\train\PNEUMONIA\person1420_virus_2431.jpeg,1328,952,L,0c46d2961b1dbfac22f6ab4dddffc530,person1420,viral
train,PNEUMONIA,person1422_bacteria_3649.jpeg,chest_xray_dataset\train\PNEUMONIA\person1422_bacteria_3649.jpeg,880,424,L,f08d657bbda80864e90b22745d25dee4,person1422,bacterial
train,PNEUMONIA,person1422_virus_2434.jpeg,chest_xray_dataset\train\PNEUMONIA\person1422_virus_2434.jpeg,1104,824,L,e90c0e23aa66287bc65b630e006e761a,person1422,viral
train,PNEUMONIA,person1423_bacteria_3650.jpeg,chest_xray_dataset\train\PNEUMONIA\person1423_bacteria_3650.jpeg,1232,776,L,6e506a3850722c71861719d93a6be77c,person1423,bacterial
train,PNEUMONIA,person1424_bacteria_3651.jpeg,chest_xray_dataset\train\PNEUMONIA\person1424_bacteria_3651.jpeg,1192,872,L,043d08d03dbcca85524d962d195612ad,person1424,bacterial
train,PNEUMONIA,person1424_virus_2437.jpeg,chest_xray_dataset\train\PNEUMONIA\person1424_virus_2437.jpeg,1152,664,L,07fb75bf34e7ea3fe47b869f03653f0d,person1424,viral
train,PNEUMONIA,person1425_virus_2438.jpeg,chest_xray_dataset\train\PNEUMONIA\person1425_virus_2438.jpeg,984,504,L,8f6464d112e41fed6f5384d86885f428,person1425,viral
train,PNEUMONIA,person1426_bacteria_3667.jpeg,chest_xray_dataset\train\PNEUMONIA\person1426_bacteria_3667.jpeg,1360,864,L,2d9cf082c93b5fe005eb5931077b7321,person1426,bacterial
train,PNEUMONIA,person1426_bacteria_3668.jpeg,chest_xray_dataset\train\PNEUMONIA\person1426_bacteria_3668.jpeg,1352,800,L,eda5b9e6a6e8360ff4063aeb79721585,person1426,bacterial
train,PNEUMONIA,person1426_virus_2439.jpeg,chest_xray_dataset\train\PNEUMONIA\person1426_virus_2439.jpeg,952,584,L,631e8ec519c7c2c052ff6dc20f619a23,person1426,viral
train,PNEUMONIA,person1427_virus_2441.jpeg,chest_xray_dataset\train\PNEUMONIA\person1427_virus_2441.jpeg,1712,1136,L,b1afe2d6dc411d39895b3033847c0daa,person1427,viral
train,PNEUMONIA,person1428_virus_2442.jpeg,chest_xray_dataset\train\PNEUMONIA\person1428_virus_2442.jpeg,1680,1032,L,fdb1f4181c0878700824359aeed3e4d4,person1428,viral
train,PNEUMONIA,person1429_bacteria_3688.jpeg,chest_xray_dataset\train\PNEUMONIA\person1429_bacteria_3688.jpeg,1824,1632,L,fe879b1f5c42ae5dfe2716ff552cb463,person1429,bacterial
train,PNEUMONIA,person1429_bacteria_3690.jpeg,chest_xray_dataset\train\PNEUMONIA\person1429_bacteria_3690.jpeg,1688,1528,L,9fd1a8c5339d7627be3a4ca992fba789,person1429,bacterial
train,PNEUMONIA,person1429_bacteria_3691.jpeg,chest_xray_dataset\train\PNEUMONIA\person1429_bacteria_3691.jpeg,1704,1344,L,726a62b2816560d1409a63a5fe22435d,person1429,bacterial
train,PNEUMONIA,person1429_virus_2443.jpeg,chest_xray_dataset\train\PNEUMONIA\person1429_virus_2443.jpeg,1512,1088,L,fdc20059b2dfd100280ff41d8044f1c4,person1429,viral
train,PNEUMONIA,person142_virus_288.jpeg,chest_xray_dataset\train\PNEUMONIA\person142_virus_288.jpeg,1720,1192,L,3e68d0b2471c31d42ec8f05a5ab090f7,person142,viral
train,PNEUMONIA,person1430_bacteria_3693.jpeg,chest_xray_dataset\train\PNEUMONIA\person1430_bacteria_3693.jpeg,984,520,L,116dc4eaaf418e2a79c8ec9745276eaf,person1430,bacterial
train,PNEUMONIA,person1430_bacteria_3694.jpeg,chest_xray_dataset\train\PNEUMONIA\person1430_bacteria_3694.jpeg,976,568,L,c66cb566f073f2fb6f25dc5b31e92390,person1430,bacterial
train,PNEUMONIA,person1430_bacteria_3695.jpeg,chest_xray_dataset\train\PNEUMONIA\person1430_bacteria_3695.jpeg,1144,792,L,4a8541c3e481489acfeb8bd6b58c6e85,person1430,bacterial
train,PNEUMONIA,person1430_bacteria_3696.jpeg,chest_xray_dataset\train\PNEUMONIA\person1430_bacteria_3696.jpeg,1144,792,L,4a8541c3e481489acfeb8bd6b58c6e85,person1430,bacterial
train,PNEUMONIA,person1430_bacteria_3697.jpeg,chest_xray_dataset\train\PNEUMONIA\person1430_bacteria_3697.jpeg,1144,888,L,9ab906829950e2936b71e776871a2747,person1430,bacterial
train,PNEUMONIA,person1430_virus_2444.jpeg,chest_xray_dataset\train\PNEUMONIA\person1430_virus_2444.jpeg,1200,864,L,e5aedb63a9ad346bfcde46817e853ba8,person1430,viral
train,PNEUMONIA,person1431_bacteria_3698.jpeg,chest_xray_dataset\train\PNEUMONIA\person1431_bacteria_3698.jpeg,1376,1024,L,936fd4b7994cf56a05f256ba82a02768,person1431,bacterial
train,PNEUMONIA,person1432_bacteria_3699.jpeg,chest_xray_dataset\train\PNEUMONIA\person1432_bacteria_3699.jpeg,976,632,L,a07fbf6c8593c4953ed4d5159a2b7aa7,person1432,bacterial
train,PNEUMONIA,person1433_bacteria_3701.jpeg,chest_xray_dataset\train\PNEUMONIA\person1433_bacteria_3701.jpeg,1232,704,L,ae9d9cfea95852632b3178aff12faa87,person1433,bacterial
train,PNEUMONIA,person1433_bacteria_3704.jpeg,chest_xray_dataset\train\PNEUMONIA\person1433_bacteria_3704.jpeg,1240,824,L,44df09d1323dc77d448b5559788ac0d1,person1433,bacterial
train,PNEUMONIA,person1433_bacteria_3705.jpeg,chest_xray_dataset\train\PNEUMONIA\person1433_bacteria_3705.jpeg,1232,824,L,cc1386bdc816221f6e254609d8e5c3c2,person1433,bacterial
train,PNEUMONIA,person1433_virus_2447.jpeg,chest_xray_dataset\train\PNEUMONIA\person1433_virus_2447.jpeg,1280,856,L,b1f85b1ae9c27495526de5da29c8d63d,person1433,viral
train,PNEUMONIA,person1436_bacteria_3711.jpeg,chest_xray_dataset\train\PNEUMONIA\person1436_bacteria_3711.jpeg,1384,912,L,1d8a25d7c0267b19a80e5a462a339033,person1436,bacterial
train,PNEUMONIA,person1436_bacteria_3712.jpeg,chest_xray_dataset\train\PNEUMONIA\person1436_bacteria_3712.jpeg,1480,1088,L,dfa543ae69e4bdfcff1126f1e1b7f75b,person1436,bacterial
train,PNEUMONIA,person1438_bacteria_3715.jpeg,chest_xray_dataset\train\PNEUMONIA\person1438_bacteria_3715.jpeg,944,632,L,c2f50276b8b7dfbed2ac2dd435d248d1,person1438,bacterial
train,PNEUMONIA,person1438_bacteria_3718.jpeg,chest_xray_dataset\train\PNEUMONIA\person1438_bacteria_3718.jpeg,976,568,L,85eeb1f13a7e38ff72b8a2a3687dab45,person1438,bacterial
train,PNEUMONIA,person1438_bacteria_3721.jpeg,chest_xray_dataset\train\PNEUMONIA\person1438_bacteria_3721.jpeg,984,672,L,ba349fbc5b389a8c60c296d7be79b593,person1438,bacterial
train,PNEUMONIA,person1438_virus_2452.jpeg,chest_xray_dataset\train\PNEUMONIA\person1438_virus_2452.jpeg,1088,592,L,b39b44ce73d47e67b0703bc920175f29,person1438,viral
train,PNEUMONIA,person1439_bacteria_3722.jpeg,chest_xray_dataset\train\PNEUMONIA\person1439_bacteria_3722.jpeg,1168,760,L,c910afdc3095175b149659f25270929b,person1439,bacterial
train,PNEUMONIA,person1439_virus_2453.jpeg,chest_xray_dataset\train\PNEUMONIA\person1439_virus_2453.jpeg,968,576,L,4d0123799046a63ab6e2a3135f0d84cf,person1439,viral
train,PNEUMONIA,person143_virus_289.jpeg,chest_xray_dataset\train\PNEUMONIA\person143_virus_289.jpeg,1368,992,L,19c50ef60f484c4ef0819096cc242562,person143,viral
train,PNEUMONIA,person1440_bacteria_3723.jpeg,chest_xray_dataset\train\PNEUMONIA\person1440_bacteria_3723.jpeg,1272,984,L,63284ec360adb4916eea57b04842e4cf,person1440,bacterial
train,PNEUMONIA,person1441_bacteria_3724.jpeg,chest_xray_dataset\train\PNEUMONIA\person1441_bacteria_3724.jpeg,1576,1144,L,71982622b4afe35b9c8b84d6422f82c0,person1441,bacterial
train,PNEUMONIA,person1441_virus_2454.jpeg,chest_xray_dataset\train\PNEUMONIA\person1441_virus_2454.jpeg,1760,1232,L,a401389d3efe94269d2e2542c98798cd,person1441,viral
train,PNEUMONIA,person1441_virus_2457.jpeg,chest_xray_dataset\train\PNEUMONIA\person1441_virus_2457.jpeg,1760,1280,L,b1b2f586f116b4100db411dde0a0ed14,person1441,viral
train,PNEUMONIA,person1442_bacteria_3726.jpeg,chest_xray_dataset\train\PNEUMONIA\person1442_bacteria_3726.jpeg,1136,760,L,6383f6f9069156355bc613951bd1b532,person1442,bacterial
train,PNEUMONIA,person1444_bacteria_3732.jpeg,chest_xray_dataset\train\PNEUMONIA\person1444_bacteria_3732.jpeg,1752,1480,L,1a97a15426174903f68d6ecb151390b9,person1444,bacterial
train,PNEUMONIA,person1445_bacteria_3734.jpeg,chest_xray_dataset\train\PNEUMONIA\person1445_bacteria_3734.jpeg,1552,1544,L,7e7b65344a5848f44d0681ebc66bd79f,person1445,bacterial
train,PNEUMONIA,person1445_bacteria_3735.jpeg,chest_xray_dataset\train\PNEUMONIA\person1445_bacteria_3735.jpeg,1576,1544,L,23e739792bfbed79a31114b80dc06e02,person1445,bacterial
train,PNEUMONIA,person1446_bacteria_3737.jpeg,chest_xray_dataset\train\PNEUMONIA\person1446_bacteria_3737.jpeg,1224,768,L,fdfdf926a0f609c475041b203db7b570,person1446,bacterial
train,PNEUMONIA,person1446_bacteria_3739.jpeg,chest_xray_dataset\train\PNEUMONIA\person1446_bacteria_3739.jpeg,1248,712,L,f24def7b8f503b5403a0fd8ed82b1d98,person1446,bacterial
train,PNEUMONIA,person1446_bacteria_3740.jpeg,chest_xray_dataset\train\PNEUMONIA\person1446_bacteria_3740.jpeg,1248,792,L,40f6afb86d69d4164ad79ca4dd131a84,person1446,bacterial
train,PNEUMONIA,person1447_bacteria_3741.jpeg,chest_xray_dataset\train\PNEUMONIA\person1447_bacteria_3741.jpeg,1552,1104,L,cd3709d931a6a9438c2c7c4aaa1fb7a5,person1447,bacterial
train,PNEUMONIA,person1448_virus_2468.jpeg,chest_xray_dataset\train\PNEUMONIA\person1448_virus_2468.jpeg,1408,839,L,44d3dfaf23954fcd35da05fb69cf710c,person1448,viral
train,PNEUMONIA,person1449_bacteria_3743.jpeg,chest_xray_dataset\train\PNEUMONIA\person1449_bacteria_3743.jpeg,1632,1400,L,d6726bcc12343c0965e94d7ae12549e4,person1449,bacterial
train,PNEUMONIA,person1449_bacteria_3745.jpeg,chest_xray_dataset\train\PNEUMONIA\person1449_bacteria_3745.jpeg,1472,1168,L,19a1ae83ab162ba58c5391a8634fc687,person1449,bacterial
train,PNEUMONIA,person1449_bacteria_3746.jpeg,chest_xray_dataset\train\PNEUMONIA\person1449_bacteria_3746.jpeg,1512,1136,L,71027e3f87b50a534e5435d1e517d838,person1449,bacterial
train,PNEUMONIA,person1449_bacteria_3747.jpeg,chest_xray_dataset\train\PNEUMONIA\person1449_bacteria_3747.jpeg,1592,1152,L,78c532c775628640ed828ffc7ad93653,person1449,bacterial
train,PNEUMONIA,person1449_virus_2474.jpeg,chest_xray_dataset\train\PNEUMONIA\person1449_virus_2474.jpeg,896,600,L,93b66b102247d1a566210689e3cac121,person1449,viral
train,PNEUMONIA,person1449_virus_2476.jpeg,chest_xray_dataset\train\PNEUMONIA\person1449_virus_2476.jpeg,1190,709,L,719b00c18e09b397b48b08e067aaa3f7,person1449,viral
train,PNEUMONIA,person1450_bacteria_3753.jpeg,chest_xray_dataset\train\PNEUMONIA\person1450_bacteria_3753.jpeg,1192,888,L,73e2a8629a051bdeb14fc7938f844d7f,person1450,bacterial
train,PNEUMONIA,person1451_virus_2479.jpeg,chest_xray_dataset\train\PNEUMONIA\person1451_virus_2479.jpeg,880,560,L,af6154637dd972537b62bfc56f56c9dc,person1451,viral
train,PNEUMONIA,person1451_virus_2480.jpeg,chest_xray_dataset\train\PNEUMONIA\person1451_virus_2480.jpeg,912,584,L,3968a4a896c028a6d70f7f56a35d0dac,person1451,viral
train,PNEUMONIA,person1451_virus_2482.jpeg,chest_xray_dataset\train\PNEUMONIA\person1451_virus_2482.jpeg,912,528,L,7551b2555fb1dc4083e85fe9359f7e5a,person1451,viral
train,PNEUMONIA,person1452_virus_2484.jpeg,chest_xray_dataset\train\PNEUMONIA\person1452_virus_2484.jpeg,1136,680,L,060dbd131afbe96047782046701bcd07,person1452,viral
train,PNEUMONIA,person1453_bacteria_3770.jpeg,chest_xray_dataset\train\PNEUMONIA\person1453_bacteria_3770.jpeg,1208,1120,L,63baee477b5994292ab4cdda1f73a244,person1453,bacterial
train,PNEUMONIA,person1453_bacteria_3771.jpeg,chest_xray_dataset\train\PNEUMONIA\person1453_bacteria_3771.jpeg,1360,832,L,2d6749d76504be949cd7acdaa9382264,person1453,bacterial
train,PNEUMONIA,person1453_bacteria_3772.jpeg,chest_xray_dataset\train\PNEUMONIA\person1453_bacteria_3772.jpeg,1360,848,L,adda92139cb53e24e03b5a4f597f0486,person1453,bacterial
train,PNEUMONIA,person1453_virus_2485.jpeg,chest_xray_dataset\train\PNEUMONIA\person1453_virus_2485.jpeg,904,544,L,d429480e15b2e50411b51c2ae33003ff,person1453,viral
train,PNEUMONIA,person1454_bacteria_3774.jpeg,chest_xray_dataset\train\PNEUMONIA\person1454_bacteria_3774.jpeg,1344,848,L,22a4cf60a9610efe96915ca68bddd130,person1454,bacterial
train,PNEUMONIA,person1454_bacteria_3778.jpeg,chest_xray_dataset\train\PNEUMONIA\person1454_bacteria_3778.jpeg,1456,976,L,1aea5a300532423d89c3bd33346f5046,person1454,bacterial
train,PNEUMONIA,person1454_bacteria_3779.jpeg,chest_xray_dataset\train\PNEUMONIA\person1454_bacteria_3779.jpeg,1440,1008,L,bfd40ebd586d24cf0a0e6e6aeba29e49,person1454,bacterial
train,PNEUMONIA,person1454_bacteria_3780.jpeg,chest_xray_dataset\train\PNEUMONIA\person1454_bacteria_3780.jpeg,1456,1104,L,50c7982c3f780643922952bbcfab6261,person1454,bacterial
train,PNEUMONIA,person1454_bacteria_3781.jpeg,chest_xray_dataset\train\PNEUMONIA\person1454_bacteria_3781.jpeg,1408,856,L,87f208b57b3c0d3cbea3153628fa3de4,person1454,bacterial
train,PNEUMONIA,person1454_bacteria_3782.jpeg,chest_xray_dataset\train\PNEUMONIA\person1454_bacteria_3782.jpeg,1624,1016,L,7551a2f53c1a2bbfaa7890a814ab4d85,person1454,bacterial
train,PNEUMONIA,person1454_virus_2486.jpeg,chest_xray_dataset\train\PNEUMONIA\person1454_virus_2486.jpeg,1248,848,L,a772a5853889e236a08f80aae5af4dc4,person1454,viral
train,PNEUMONIA,person1455_bacteria_3784.jpeg,chest_xray_dataset\train\PNEUMONIA\person1455_bacteria_3784.jpeg,856,456,L,9eab04eeac89bfe7ab2c9ccdc9f7241e,person1455,bacterial
train,PNEUMONIA,person1455_virus_2487.jpeg,chest_xray_dataset\train\PNEUMONIA\person1455_virus_2487.jpeg,896,536,L,7c4be4671c3e07dc994f0414051b77dd,person1455,viral
train,PNEUMONIA,person1455_virus_2488.jpeg,chest_xray_dataset\train\PNEUMONIA\person1455_virus_2488.jpeg,904,608,L,77d6c3cb198c51c275d3e0c6ed2999e9,person1455,viral
train,PNEUMONIA,person1455_virus_2489.jpeg,chest_xray_dataset\train\PNEUMONIA\person1455_virus_2489.jpeg,936,424,L,f88cfd36b0904a3bd0e8252b1776dfa8,person1455,viral
train,PNEUMONIA,person1455_virus_2490.jpeg,chest_xray_dataset\train\PNEUMONIA\person1455_virus_2490.jpeg,1040,736,L,555852db6140f040f84c9351eb1cec42,person1455,viral
train,PNEUMONIA,person1455_virus_2492.jpeg,chest_xray_dataset\train\PNEUMONIA\person1455_virus_2492.jpeg,832,512,L,130bf33bea107bbf182f10ffa7edc302,person1455,viral
train,PNEUMONIA,person1455_virus_2496.jpeg,chest_xray_dataset\train\PNEUMONIA\person1455_virus_2496.jpeg,1148,677,L,cbd2054d05d0d0a21fb5c29716690ad8,person1455,viral
train,PNEUMONIA,person1457_virus_2498.jpeg,chest_xray_dataset\train\PNEUMONIA\person1457_virus_2498.jpeg,1592,1080,L,dcfde2cccb87d32e324585ca05742633,person1457,viral
train,PNEUMONIA,person1458_virus_2501.jpeg,chest_xray_dataset\train\PNEUMONIA\person1458_virus_2501.jpeg,1160,960,L,1653f2f8c9af012c873d3c8e299abf06,person1458,viral
train,PNEUMONIA,person1458_virus_2502.jpeg,chest_xray_dataset\train\PNEUMONIA\person1458_virus_2502.jpeg,1288,984,L,f5068dd31d4fe78154da009bb19897f5,person1458,viral
train,PNEUMONIA,person1458_virus_2503.jpeg,chest_xray_dataset\train\PNEUMONIA\person1458_virus_2503.jpeg,1192,800,L,e61c4a9d5cd144df1b8bd461bbdaefda,person1458,viral
train,PNEUMONIA,person1459_bacteria_3796.jpeg,chest_xray_dataset\train\PNEUMONIA\person1459_bacteria_3796.jpeg,1248,816,L,c5ac1c90d90a2af52dd71f0f947f23ef,person1459,bacterial
train,PNEUMONIA,person1459_bacteria_3797.jpeg,chest_xray_dataset\train\PNEUMONIA\person1459_bacteria_3797.jpeg,1336,824,L,14022141ff19f2d728de563a9b8f9cb9,person1459,bacterial
train,PNEUMONIA,person1459_virus_2506.jpeg,chest_xray_dataset\train\PNEUMONIA\person1459_virus_2506.jpeg,1426,947,L,9ddbfb42952651f8bdfd25b5678d009e,person1459,viral
train,PNEUMONIA,person145_virus_294.jpeg,chest_xray_dataset\train\PNEUMONIA\person145_virus_294.jpeg,904,600,L,12f179f5afd79b09e29e91f377930d5e,person145,viral
train,PNEUMONIA,person145_virus_295.jpeg,chest_xray_dataset\train\PNEUMONIA\person145_virus_295.jpeg,968,552,L,bb4863380f6077086e094d33db99afac,person145,viral
train,PNEUMONIA,person1460_bacteria_3801.jpeg,chest_xray_dataset\train\PNEUMONIA\person1460_bacteria_3801.jpeg,1392,920,L,a98db27c8f595822670c108e57bfe6ec,person1460,bacterial
train,PNEUMONIA,person1460_bacteria_3805.jpeg,chest_xray_dataset\train\PNEUMONIA\person1460_bacteria_3805.jpeg,1248,856,L,4dc6600c1ba170ee68688dd62605f2b1,person1460,bacterial
train,PNEUMONIA,person1460_virus_2507.jpeg,chest_xray_dataset\train\PNEUMONIA\person1460_virus_2507.jpeg,1280,920,L,a9a4fad72c180dfbcd0677e13b8c0ca4,person1460,viral
train,PNEUMONIA,person1460_virus_2509.jpeg,chest_xray_dataset\train\PNEUMONIA\person1460_virus_2509.jpeg,1272,992,L,6a966ecb995fe6cd25fb9cf3a2bb9c43,person1460,viral
train,PNEUMONIA,person1461_virus_2510.jpeg,chest_xray_dataset\train\PNEUMONIA\person1461_virus_2510.jpeg,1500,1195,L,21fab24bb52f80e5834ed7955a9eec8e,person1461,viral
train,PNEUMONIA,person1462_virus_2512.jpeg,chest_xray_dataset\train\PNEUMONIA\person1462_virus_2512.jpeg,1816,1550,L,50366d140a2d8135793e86ab69e13cc7,person1462,viral
train,PNEUMONIA,person1463_bacteria_3808.jpeg,chest_xray_dataset\train\PNEUMONIA\person1463_bacteria_3808.jpeg,1432,736,L,d376613ae446d8cc78de615d8d931c32,person1463,bacterial
train,PNEUMONIA,person1463_bacteria_3809.jpeg,chest_xray_dataset\train\PNEUMONIA\person1463_bacteria_3809.jpeg,1448,928,L,872ef6d9954784ff234836186aef3403,person1463,bacterial
train,PNEUMONIA,person1463_bacteria_3811.jpeg,chest_xray_dataset\train\PNEUMONIA\person1463_bacteria_3811.jpeg,1328,800,L,e2ce103e51d602de5902b7dd53ecf48b,person1463,bacterial
train,PNEUMONIA,person1463_virus_2516.jpeg,chest_xray_dataset\train\PNEUMONIA\person1463_virus_2516.jpeg,1168,744,L,34a48ee474faebd65c8381255ae65d75,person1463,viral
train,PNEUMONIA,person1465_virus_2530.jpeg,chest_xray_dataset\train\PNEUMONIA\person1465_virus_2530.jpeg,1008,560,L,7e4afea67a40b9a22b03801f9feefec1,person1465,viral
train,PNEUMONIA,person1465_virus_2531.jpeg,chest_xray_dataset\train\PNEUMONIA\person1465_virus_2531.jpeg,1000,760,L,0b571cb3884af97c23368f01706f15a9,person1465,viral
train,PNEUMONIA,person1465_virus_2532.jpeg,chest_xray_dataset\train\PNEUMONIA\person1465_virus_2532.jpeg,1152,920,L,ea283d763f33d1bf163ec85d19abe2ed,person1465,viral
train,PNEUMONIA,person1465_virus_2537.jpeg,chest_xray_dataset\train\PNEUMONIA\person1465_virus_2537.jpeg,1136,912,L,df0477f1d89e3669497674ae7222ee31,person1465,viral
train,PNEUMONIA,person1466_virus_2541.jpeg,chest_xray_dataset\train\PNEUMONIA\person1466_virus_2541.jpeg,984,672,L,b397ad2eb13156f5c5757cea11875463,person1466,viral
train,PNEUMONIA,person1466_virus_2542.jpeg,chest_xray_dataset\train\PNEUMONIA\person1466_virus_2542.jpeg,1112,704,L,5f438eab5a6d73261d2429e7feef13f4,person1466,viral
train,PNEUMONIA,person1466_virus_2543.jpeg,chest_xray_dataset\train\PNEUMONIA\person1466_virus_2543.jpeg,1090,751,L,3cacfa07b1d2fd42af597fa717d42e9a,person1466,viral
train,PNEUMONIA,person1467_virus_2544.jpeg,chest_xray_dataset\train\PNEUMONIA\person1467_virus_2544.jpeg,1056,544,L,719c7276fcece25aaa471d5621ff7954,person1467,viral
train,PNEUMONIA,person1468_bacteria_3822.jpeg,chest_xray_dataset\train\PNEUMONIA\person1468_bacteria_3822.jpeg,1312,928,L,cfe5a836a2696c5c076dd0f51b1c21a8,person1468,bacterial
train,PNEUMONIA,person1468_virus_2545.jpeg,chest_xray_dataset\train\PNEUMONIA\person1468_virus_2545.jpeg,1708,1214,L,008472691d37364973777a0ec4a59343,person1468,viral
train,PNEUMONIA,person1468_virus_2546.jpeg,chest_xray_dataset\train\PNEUMONIA\person1468_virus_2546.jpeg,1670,1245,L,b52423799fa745268404ca06b1bfaad0,person1468,viral
train,PNEUMONIA,person1469_bacteria_3824.jpeg,chest_xray_dataset\train\PNEUMONIA\person1469_bacteria_3824.jpeg,1272,712,L,f7c0ca135032ae5d77369890545de797,person1469,bacterial
train,PNEUMONIA,person1469_bacteria_3827.jpeg,chest_xray_dataset\train\PNEUMONIA\person1469_bacteria_3827.jpeg,1040,696,L,cb465ecf0b714b1601a69970cf0498c5,person1469,bacterial
train,PNEUMONIA,person1469_virus_2547.jpeg,chest_xray_dataset\train\PNEUMONIA\person1469_virus_2547.jpeg,1686,1195,L,49b57786cf9bbbc988c09481a8050853,person1469,viral
train,PNEUMONIA,person146_virus_296.jpeg,chest_xray_dataset\train\PNEUMONIA\person146_virus_296.jpeg,1360,816,L,bf73bc64fbaf60dbab1e17ac84242e68,person146,viral
train,PNEUMONIA,person1470_bacteria_3829.jpeg,chest_xray_dataset\train\PNEUMONIA\person1470_bacteria_3829.jpeg,1040,640,L,180a8f14551f441f4254fcfffb75b227,person1470,bacterial
train,PNEUMONIA,person1470_bacteria_3830.jpeg,chest_xray_dataset\train\PNEUMONIA\person1470_bacteria_3830.jpeg,904,528,L,22027fbbcc7d6847b5c9bc48e9d6f71a,person1470,bacterial
train,PNEUMONIA,person1471_bacteria_3831.jpeg,chest_xray_dataset\train\PNEUMONIA\person1471_bacteria_3831.jpeg,1000,632,L,d42134ca429aca01dbe3441140bbe441,person1471,bacterial
train,PNEUMONIA,person1471_virus_2549.jpeg,chest_xray_dataset\train\PNEUMONIA\person1471_virus_2549.jpeg,1448,1152,L,044705fa77f39430b6b3446a58480219,person1471,viral
train,PNEUMONIA,person1472_bacteria_3833.jpeg,chest_xray_dataset\train\PNEUMONIA\person1472_bacteria_3833.jpeg,1456,1104,L,2f0816eb0c7607388e27ce059ef5ed6e,person1472,bacterial
train,PNEUMONIA,person1472_bacteria_3834.jpeg,chest_xray_dataset\train\PNEUMONIA\person1472_bacteria_3834.jpeg,1368,936,L,2b31a74e659336a030dbc19c7b48c3c3,person1472,bacterial
train,PNEUMONIA,person1472_virus_2550.jpeg,chest_xray_dataset\train\PNEUMONIA\person1472_virus_2550.jpeg,1296,968,L,850d1c7773d0065fc53316e46830b6f2,person1472,viral
train,PNEUMONIA,person1473_bacteria_3836.jpeg,chest_xray_dataset\train\PNEUMONIA\person1473_bacteria_3836.jpeg,1048,680,L,4f9a5e7c351f7d4869592f244ee4509d,person1473,bacterial
train,PNEUMONIA,person1473_virus_2551.jpeg,chest_xray_dataset\train\PNEUMONIA\person1473_virus_2551.jpeg,2088,1840,L,050fbe1bedb4c77f22f89045689a0bf6,person1473,viral
train,PNEUMONIA,person1473_virus_2553.jpeg,chest_xray_dataset\train\PNEUMONIA\person1473_virus_2553.jpeg,1912,1768,L,88e07d6108fa3257cbd9198832dc0be0,person1473,viral
train,PNEUMONIA,person1474_bacteria_3837.jpeg,chest_xray_dataset\train\PNEUMONIA\person1474_bacteria_3837.jpeg,872,552,L,116c4996dd9d46ec0a1ec591b8d8b788,person1474,bacterial
train,PNEUMONIA,person1474_virus_2556.jpeg,chest_xray_dataset\train\PNEUMONIA\person1474_virus_2556.jpeg,1056,896,L,c6eb8b22637d96f245b2185bd8fe098c,person1474,viral
train,PNEUMONIA,person1474_virus_2557.jpeg,chest_xray_dataset\train\PNEUMONIA\person1474_virus_2557.jpeg,1088,688,L,ebd1db4acdbcbe41948d034a12cdf4b5,person1474,viral
train,PNEUMONIA,person1475_virus_2558.jpeg,chest_xray_dataset\train\PNEUMONIA\person1475_virus_2558.jpeg,1358,870,L,b24d3e7525e3a87b51b1e13613fea295,person1475,viral
train,PNEUMONIA,person1476_bacteria_3842.jpeg,chest_xray_dataset\train\PNEUMONIA\person1476_bacteria_3842.jpeg,1152,736,L,908583d007188a9644677ca82e885bdb,person1476,bacterial
train,PNEUMONIA,person1476_bacteria_3843.jpeg,chest_xray_dataset\train\PNEUMONIA\person1476_bacteria_3843.jpeg,1072,768,L,8f6c16eda0ed815a8a39c7fda60326de,person1476,bacterial
train,PNEUMONIA,person1476_virus_2560.jpeg,chest_xray_dataset\train\PNEUMONIA\person1476_virus_2560.jpeg,1580,805,L,22146cc2f532fda3742d4d4d72308562,person1476,viral
train,PNEUMONIA,person1477_virus_2561.jpeg,chest_xray_dataset\train\PNEUMONIA\person1477_virus_2561.jpeg,1566,1222,L,1b6844de2a21ed230e4b298cfa1276a0,person1477,viral
train,PNEUMONIA,person1478_bacteria_3848.jpeg,chest_xray_dataset\train\PNEUMONIA\person1478_bacteria_3848.jpeg,647,329,RGB,52ff1dd67070bd764ab849bac31d96ca,person1478,bacterial
train,PNEUMONIA,person147_virus_297.jpeg,chest_xray_dataset\train\PNEUMONIA\person147_virus_297.jpeg,1168,688,L,113c9443b80f7dcc51f706cb75191345,person147,viral
train,PNEUMONIA,person1480_bacteria_3858.jpeg,chest_xray_dataset\train\PNEUMONIA\person1480_bacteria_3858.jpeg,1152,728,L,778d637c8a2fc7cbe657d67defa2c7cc,person1480,bacterial
train,PNEUMONIA,person1480_bacteria_3859.jpeg,chest_xray_dataset\train\PNEUMONIA\person1480_bacteria_3859.jpeg,1320,824,L,ef021606e4072d7d48ba337b4252b99d,person1480,bacterial
train,PNEUMONIA,person1480_virus_2566.jpeg,chest_xray_dataset\train\PNEUMONIA\person1480_virus_2566.jpeg,1686,1160,L,9d6c788897df1e1fe4adecdf71beaea5,person1480,viral
train,PNEUMONIA,person1481_bacteria_3862.jpeg,chest_xray_dataset\train\PNEUMONIA\person1481_bacteria_3862.jpeg,1440,1168,L,ec767162c138e35cf6477b472bca6a24,person1481,bacterial
train,PNEUMONIA,person1481_bacteria_3863.jpeg,chest_xray_dataset\train\PNEUMONIA\person1481_bacteria_3863.jpeg,1440,1168,L,ec767162c138e35cf6477b472bca6a24,person1481,bacterial
train,PNEUMONIA,person1481_bacteria_3864.jpeg,chest_xray_dataset\train\PNEUMONIA\person1481_bacteria_3864.jpeg,1656,1200,L,b6e7fa964af9ca72fb90c64ab20b757b,person1481,bacterial
train,PNEUMONIA,person1481_bacteria_3865.jpeg,chest_xray_dataset\train\PNEUMONIA\person1481_bacteria_3865.jpeg,1656,1200,L,b6e7fa964af9ca72fb90c64ab20b757b,person1481,bacterial
train,PNEUMONIA,person1481_bacteria_3866.jpeg,chest_xray_dataset\train\PNEUMONIA\person1481_bacteria_3866.jpeg,1600,1176,L,23cd1cdafc40ad7f67e6d076ffec52ab,person1481,bacterial
train,PNEUMONIA,person1481_bacteria_3867.jpeg,chest_xray_dataset\train\PNEUMONIA\person1481_bacteria_3867.jpeg,1600,1176,L,23cd1cdafc40ad7f67e6d076ffec52ab,person1481,bacterial
train,PNEUMONIA,person1481_bacteria_3868.jpeg,chest_xray_dataset\train\PNEUMONIA\person1481_bacteria_3868.jpeg,1352,992,L,1a39a2da9035b204ba1a2eb56ba97de6,person1481,bacterial
train,PNEUMONIA,person1481_virus_2567.jpeg,chest_xray_dataset\train\PNEUMONIA\person1481_virus_2567.jpeg,1716,1489,L,e5d75a5a4ae1139072635af0528c3a85,person1481,viral
train,PNEUMONIA,person1482_bacteria_3870.jpeg,chest_xray_dataset\train\PNEUMONIA\person1482_bacteria_3870.jpeg,668,408,RGB,7b686ecc956fa9e5ac0ce72aee2cb525,person1482,bacterial
train,PNEUMONIA,person1482_bacteria_3874.jpeg,chest_xray_dataset\train\PNEUMONIA\person1482_bacteria_3874.jpeg,1192,832,L,70b9bcb3e4f0023615a2f2703e4f3838,person1482,bacterial
train,PNEUMONIA,person1482_virus_2569.jpeg,chest_xray_dataset\train\PNEUMONIA\person1482_virus_2569.jpeg,1168,672,L,a234bbd7adb3e17294d9c2270f654c8b,person1482,viral
train,PNEUMONIA,person1482_virus_2570.jpeg,chest_xray_dataset\train\PNEUMONIA\person1482_virus_2570.jpeg,1088,656,L,c6bc38ca1adc7028342abaaef51a9952,person1482,viral
train,PNEUMONIA,person1482_virus_2571.jpeg,chest_xray_dataset\train\PNEUMONIA\person1482_virus_2571.jpeg,1104,680,L,0098633a6f4e20d7aaeae21d5a6ead79,person1482,viral
train,PNEUMONIA,person1482_virus_2572.jpeg,chest_xray_dataset\train\PNEUMONIA\person1482_virus_2572.jpeg,1056,664,L,0d5bd02ac8cccb1ed650d3c896ab2a77,person1482,viral
train,PNEUMONIA,person1482_virus_2573.jpeg,chest_xray_dataset\train\PNEUMONIA\person1482_virus_2573.jpeg,1024,728,L,6903d045430545c902d563359017ead3,person1482,viral
train,PNEUMONIA,person1483_bacteria_3876.jpeg,chest_xray_dataset\train\PNEUMONIA\person1483_bacteria_3876.jpeg,984,616,L,a93f40a8625261aa33eb29ce61b2b8ed,person1483,bacterial
train,PNEUMONIA,person1483_virus_2574.jpeg,chest_xray_dataset\train\PNEUMONIA\person1483_virus_2574.jpeg,1642,1133,L,6c72e76272df8ee22ebb225a250c0ae5,person1483,viral
train,PNEUMONIA,person1484_bacteria_3878.jpeg,chest_xray_dataset\train\PNEUMONIA\person1484_bacteria_3878.jpeg,1152,760,L,cc2f1c0aa7b0d27f7a0067dfe4580d45,person1484,bacterial
train,PNEUMONIA,person1484_virus_2576.jpeg,chest_xray_dataset\train\PNEUMONIA\person1484_virus_2576.jpeg,1040,688,L,f975e1984c04b45252b9c57f50801d53,person1484,viral
train,PNEUMONIA,person1484_virus_2577.jpeg,chest_xray_dataset\train\PNEUMONIA\person1484_virus_2577.jpeg,1104,736,L,2bb7e8bda037776864df55a1b4d5e7f3,person1484,viral
train,PNEUMONIA,person1486_bacteria_3881.jpeg,chest_xray_dataset\train\PNEUMONIA\person1486_bacteria_3881.jpeg,1304,960,L,28097255957009db8551f177223994c4,person1486,bacterial
train,PNEUMONIA,person1486_bacteria_3883.jpeg,chest_xray_dataset\train\PNEUMONIA\person1486_bacteria_3883.jpeg,1240,904,L,ebd1e504e888ab0b9af988ac4b8d199e,person1486,bacterial
train,PNEUMONIA,person1486_bacteria_3884.jpeg,chest_xray_dataset\train\PNEUMONIA\person1486_bacteria_3884.jpeg,663,431,RGB,aff7189498b060c2c618bb9e8c28f59c,person1486,bacterial
train,PNEUMONIA,person1486_bacteria_3885.jpeg,chest_xray_dataset\train\PNEUMONIA\person1486_bacteria_3885.jpeg,1448,1032,L,0ca4ba42139064f3bf80114e26b3a592,person1486,bacterial
train,PNEUMONIA,person1486_virus_2580.jpeg,chest_xray_dataset\train\PNEUMONIA\person1486_virus_2580.jpeg,1064,512,L,2023358f2cfd818c6b0d0996b32c4d1a,person1486,viral
train,PNEUMONIA,person1488_bacteria_3887.jpeg,chest_xray_dataset\train\PNEUMONIA\person1488_bacteria_3887.jpeg,1400,1032,L,926745ae3c2151eac27c9eac061a4af4,person1488,bacterial
train,PNEUMONIA,person1488_virus_2585.jpeg,chest_xray_dataset\train\PNEUMONIA\person1488_virus_2585.jpeg,1472,1088,L,f16bc519e13546b8f72129b598dad366,person1488,viral
train,PNEUMONIA,person1488_virus_2587.jpeg,chest_xray_dataset\train\PNEUMONIA\person1488_virus_2587.jpeg,1552,1144,L,5c7525f644e00067cb670acee4f7c6b4,person1488,viral
train,PNEUMONIA,person1488_virus_2589.jpeg,chest_xray_dataset\train\PNEUMONIA\person1488_virus_2589.jpeg,1520,904,L,357893f9b5a87bc3bd020b37a7812d6a,person1488,viral
train,PNEUMONIA,person1488_virus_2592.jpeg,chest_xray_dataset\train\PNEUMONIA\person1488_virus_2592.jpeg,1504,1096,L,eb3effbeb44f12448cb9e96c3b6e6e8f,person1488,viral
train,PNEUMONIA,person1488_virus_2593.jpeg,chest_xray_dataset\train\PNEUMONIA\person1488_virus_2593.jpeg,1754,1395,L,e11e2bc5946e96281f09387218d96c8c,person1488,viral
train,PNEUMONIA,person1489_bacteria_3889.jpeg,chest_xray_dataset\train\PNEUMONIA\person1489_bacteria_3889.jpeg,1000,544,L,8e7839da47de57a9da8d76db2cb915cf,person1489,bacterial
train,PNEUMONIA,person1489_virus_2594.jpeg,chest_xray_dataset\train\PNEUMONIA\person1489_virus_2594.jpeg,1878,1331,L,6dad4778dfce3bef646682528099ecea,person1489,viral
train,PNEUMONIA,person148_virus_298.jpeg,chest_xray_dataset\train\PNEUMONIA\person148_virus_298.jpeg,1536,1104,L,c796eed891c24b43e46d31c687dbad31,person148,viral
train,PNEUMONIA,person1490_bacteria_3891.jpeg,chest_xray_dataset\train\PNEUMONIA\person1490_bacteria_3891.jpeg,1056,696,L,55de15d50e5d21cf055656141f6455c3,person1490,bacterial
train,PNEUMONIA,person1490_virus_2596.jpeg,chest_xray_dataset\train\PNEUMONIA\person1490_virus_2596.jpeg,1094,829,L,3b1189d7d116130900c5671a914e469b,person1490,viral
train,PNEUMONIA,person1491_bacteria_3892.jpeg,chest_xray_dataset\train\PNEUMONIA\person1491_bacteria_3892.jpeg,1328,968,L,eb89f1f7fd2f601e3ced6f06cceab37c,person1491,bacterial
train,PNEUMONIA,person1491_bacteria_3893.jpeg,chest_xray_dataset\train\PNEUMONIA\person1491_bacteria_3893.jpeg,1576,1056,L,ebe41fd6e9717c8dfe4f3ba381070a24,person1491,bacterial
train,PNEUMONIA,person1491_virus_2597.jpeg,chest_xray_dataset\train\PNEUMONIA\person1491_virus_2597.jpeg,1272,824,L,02f0489063da5e78608aad429c042a52,person1491,viral
train,PNEUMONIA,person1492_bacteria_3894.jpeg,chest_xray_dataset\train\PNEUMONIA\person1492_bacteria_3894.jpeg,864,520,L,9e3ae4cc2ce5101b872df0a5b1b2076b,person1492,bacterial
train,PNEUMONIA,person1492_virus_2599.jpeg,chest_xray_dataset\train\PNEUMONIA\person1492_virus_2599.jpeg,1136,744,L,f98044e6dd9a3f77afe97f390c4ca6cb,person1492,viral
train,PNEUMONIA,person1493_bacteria_3895.jpeg,chest_xray_dataset\train\PNEUMONIA\person1493_bacteria_3895.jpeg,1272,952,L,d01d480823848add4ae838ee4a99638e,person1493,bacterial
train,PNEUMONIA,person1493_bacteria_3896.jpeg,chest_xray_dataset\train\PNEUMONIA\person1493_bacteria_3896.jpeg,1416,856,L,343d73fc37c21f3181dd7ee0eef9ab1f,person1493,bacterial
train,PNEUMONIA,person1493_bacteria_3897.jpeg,chest_xray_dataset\train\PNEUMONIA\person1493_bacteria_3897.jpeg,1304,1024,L,6d45ab5a9707c6b2841de9c0094eaddc,person1493,bacterial
train,PNEUMONIA,person1493_bacteria_3898.jpeg,chest_xray_dataset\train\PNEUMONIA\person1493_bacteria_3898.jpeg,1296,728,L,3009d42b56a852b78a6f8195cde74ac3,person1493,bacterial
train,PNEUMONIA,person1493_bacteria_3899.jpeg,chest_xray_dataset\train\PNEUMONIA\person1493_bacteria_3899.jpeg,1224,672,L,fded15fa7d3bdaedfc0e2cf06c25ff1a,person1493,bacterial
train,PNEUMONIA,person1494_bacteria_3901.jpeg,chest_xray_dataset\train\PNEUMONIA\person1494_bacteria_3901.jpeg,1080,728,L,fc3f03ca661461b3949d8a82b765c3f5,person1494,bacterial
train,PNEUMONIA,person1494_virus_2601.jpeg,chest_xray_dataset\train\PNEUMONIA\person1494_virus_2601.jpeg,1680,1232,L,5a5be232f4224bfcfcbfa8f9dcfe7c2a,person1494,viral
train,PNEUMONIA,person1495_virus_2603.jpeg,chest_xray_dataset\train\PNEUMONIA\person1495_virus_2603.jpeg,1376,936,L,694df20db92399c98c794cc95c1c18c5,person1495,viral
train,PNEUMONIA,person1496_bacteria_3905.jpeg,chest_xray_dataset\train\PNEUMONIA\person1496_bacteria_3905.jpeg,1304,1224,L,faedbf732f6eb27008fd94bc4d28b9e6,person1496,bacterial
train,PNEUMONIA,person1496_bacteria_3906.jpeg,chest_xray_dataset\train\PNEUMONIA\person1496_bacteria_3906.jpeg,1288,968,L,c6e33c7557555a1013d8beeaafba5258,person1496,bacterial
train,PNEUMONIA,person1496_bacteria_3907.jpeg,chest_xray_dataset\train\PNEUMONIA\person1496_bacteria_3907.jpeg,1248,824,L,2d1348783061525968dd2f9e1fd1cd57,person1496,bacterial
train,PNEUMONIA,person1496_bacteria_3908.jpeg,chest_xray_dataset\train\PNEUMONIA\person1496_bacteria_3908.jpeg,1336,912,L,b3d246e37ae2f5fbbfd815a298e61f4c,person1496,bacterial
train,PNEUMONIA,person1496_bacteria_3909.jpeg,chest_xray_dataset\train\PNEUMONIA\person1496_bacteria_3909.jpeg,1296,1000,L,684d201b0ef1eeda6d64170a425910d9,person1496,bacterial
train,PNEUMONIA,person1496_bacteria_3910.jpeg,chest_xray_dataset\train\PNEUMONIA\person1496_bacteria_3910.jpeg,1296,1000,L,684d201b0ef1eeda6d64170a425910d9,person1496,bacterial
train,PNEUMONIA,person1496_bacteria_3911.jpeg,chest_xray_dataset\train\PNEUMONIA\person1496_bacteria_3911.jpeg,1256,872,L,00f78bd47dde2c05f49cb52970e96134,person1496,bacterial
train,PNEUMONIA,person1496_virus_2605.jpeg,chest_xray_dataset\train\PNEUMONIA\person1496_virus_2605.jpeg,1192,688,L,dcc97de18c94b23150ddf8893a038cc3,person1496,viral
train,PNEUMONIA,person1496_virus_2606.jpeg,chest_xray_dataset\train\PNEUMONIA\person1496_virus_2606.jpeg,888,704,L,e0fffcca0f1db4ee2cdbd83686676698,person1496,viral
train,PNEUMONIA,person1497_bacteria_3912.jpeg,chest_xray_dataset\train\PNEUMONIA\person1497_bacteria_3912.jpeg,856,472,L,0c4ca24e8ae62c98f1e248bb56e4f64c,person1497,bacterial
train,PNEUMONIA,person1497_virus_2607.jpeg,chest_xray_dataset\train\PNEUMONIA\person1497_virus_2607.jpeg,1454,794,L,53be9550fad6b94ddeaab4ff2eaba086,person1497,viral
train,PNEUMONIA,person1499_bacteria_3915.jpeg,chest_xray_dataset\train\PNEUMONIA\person1499_bacteria_3915.jpeg,1120,744,L,71269ae52460e41ccc4d70ed9c61e59d,person1499,bacterial
train,PNEUMONIA,person1499_virus_2609.jpeg,chest_xray_dataset\train\PNEUMONIA\person1499_virus_2609.jpeg,1016,640,L,bddec3898627c736e51fc878954f9cd3,person1499,viral
train,PNEUMONIA,person149_virus_299.jpeg,chest_xray_dataset\train\PNEUMONIA\person149_virus_299.jpeg,1528,1032,L,9ac2e30ddea508c4d1109e905aac72cd,person149,viral
train,PNEUMONIA,person14_bacteria_51.jpeg,chest_xray_dataset\train\PNEUMONIA\person14_bacteria_51.jpeg,981,663,RGB,2691df7d98f06a29cbb95794cc2c6aef,person14,bacterial
train,PNEUMONIA,person1500_bacteria_3916.jpeg,chest_xray_dataset\train\PNEUMONIA\person1500_bacteria_3916.jpeg,1736,1424,L,5bc2996d868c065a89370ca86f6c2d6a,person1500,bacterial
train,PNEUMONIA,person1500_virus_2610.jpeg,chest_xray_dataset\train\PNEUMONIA\person1500_virus_2610.jpeg,1560,1304,L,080583bd73e3f7d04941f651fd885cc6,person1500,viral
train,PNEUMONIA,person1501_virus_2611.jpeg,chest_xray_dataset\train\PNEUMONIA\person1501_virus_2611.jpeg,1024,640,L,536a37ca48ecd9a006b3d42476a569be,person1501,viral
train,PNEUMONIA,person1502_bacteria_3922.jpeg,chest_xray_dataset\train\PNEUMONIA\person1502_bacteria_3922.jpeg,1168,872,L,6194ebfc12df7e809cc24576a2a5d85d,person1502,bacterial
train,PNEUMONIA,person1502_bacteria_3923.jpeg,chest_xray_dataset\train\PNEUMONIA\person1502_bacteria_3923.jpeg,992,528,L,c45b687945b27e0bd5ac0d064e89b71e,person1502,bacterial
train,PNEUMONIA,person1502_bacteria_3924.jpeg,chest_xray_dataset\train\PNEUMONIA\person1502_bacteria_3924.jpeg,1008,536,L,bdcc60fd682d619eb448163c195ae667,person1502,bacterial
train,PNEUMONIA,person1502_bacteria_3925.jpeg,chest_xray_dataset\train\PNEUMONIA\person1502_bacteria_3925.jpeg,1224,824,L,40bdd4ab9bc11c1c71585852adb605a0,person1502,bacterial
train,PNEUMONIA,person1502_bacteria_3927.jpeg,chest_xray_dataset\train\PNEUMONIA\person1502_bacteria_3927.jpeg,1008,600,L,8f2cb78195bec3a17f16146fc5e6ed61,person1502,bacterial
train,PNEUMONIA,person1502_bacteria_3928.jpeg,chest_xray_dataset\train\PNEUMONIA\person1502_bacteria_3928.jpeg,1176,776,L,644d8747111a2dc315119252a80960a4,person1502,bacterial
train,PNEUMONIA,person1502_bacteria_3929.jpeg,chest_xray_dataset\train\PNEUMONIA\person1502_bacteria_3929.jpeg,960,520,L,27ff8192f1737e1a75064d9b0a287757,person1502,bacterial
train,PNEUMONIA,person1502_virus_2612.jpeg,chest_xray_dataset\train\PNEUMONIA\person1502_virus_2612.jpeg,1656,1008,L,f98411ba16dc798f9db4f6bb50558143,person1502,viral
train,PNEUMONIA,person1503_virus_2613.jpeg,chest_xray_dataset\train\PNEUMONIA\person1503_virus_2613.jpeg,1232,768,L,8277aaf81ecba071823cc40fbffea6ae,person1503,viral
train,PNEUMONIA,person1504_bacteria_3931.jpeg,chest_xray_dataset\train\PNEUMONIA\person1504_bacteria_3931.jpeg,1064,816,L,289fb28d454984ebfe21a20cfc6fea31,person1504,bacterial
train,PNEUMONIA,person1504_virus_2614.jpeg,chest_xray_dataset\train\PNEUMONIA\person1504_virus_2614.jpeg,1088,776,L,03a75a6a32e8e946d0ec30b89f418c34,person1504,viral
train,PNEUMONIA,person1505_virus_2615.jpeg,chest_xray_dataset\train\PNEUMONIA\person1505_virus_2615.jpeg,1400,1072,L,85c56ac87735c0e79da448c3b1c2035c,person1505,viral
train,PNEUMONIA,person1506_bacteria_3933.jpeg,chest_xray_dataset\train\PNEUMONIA\person1506_bacteria_3933.jpeg,1648,1208,L,2a4cfd70b0d5da628c608797ff6ce232,person1506,bacterial
train,PNEUMONIA,person1506_virus_2616.jpeg,chest_xray_dataset\train\PNEUMONIA\person1506_virus_2616.jpeg,1144,952,L,7d8d9a0f9e9918f092c3d3139cc83d36,person1506,viral
train,PNEUMONIA,person1507_bacteria_3935.jpeg,chest_xray_dataset\train\PNEUMONIA\person1507_bacteria_3935.jpeg,1776,1352,L,0c0b69874ffb57ad5b11da5694678875,person1507,bacterial
train,PNEUMONIA,person1507_bacteria_3942.jpeg,chest_xray_dataset\train\PNEUMONIA\person1507_bacteria_3942.jpeg,1752,1176,L,7005bb9cda755c26d9fcd2c5754abfd2,person1507,bacterial
train,PNEUMONIA,person1507_bacteria_3943.jpeg,chest_xray_dataset\train\PNEUMONIA\person1507_bacteria_3943.jpeg,1592,1200,L,6b73cb50a191a2fb611a9f7418e1a0b6,person1507,bacterial
train,PNEUMONIA,person1507_bacteria_3944.jpeg,chest_xray_dataset\train\PNEUMONIA\person1507_bacteria_3944.jpeg,1648,1176,L,2673d98255955d38c61afd6eb4976a34,person1507,bacterial
train,PNEUMONIA,person1507_bacteria_3945.jpeg,chest_xray_dataset\train\PNEUMONIA\person1507_bacteria_3945.jpeg,1664,1088,L,aa1d3b33b873889878512e01c47c8713,person1507,bacterial
train,PNEUMONIA,person1507_bacteria_3946.jpeg,chest_xray_dataset\train\PNEUMONIA\person1507_bacteria_3946.jpeg,1416,1176,L,4b3259d2c91c49d71a70f738a4d84c63,person1507,bacterial
train,PNEUMONIA,person1507_bacteria_3947.jpeg,chest_xray_dataset\train\PNEUMONIA\person1507_bacteria_3947.jpeg,1568,1112,L,3c26a4e26566659a15a7cfb81c650854,person1507,bacterial
train,PNEUMONIA,person1507_bacteria_3948.jpeg,chest_xray_dataset\train\PNEUMONIA\person1507_bacteria_3948.jpeg,1552,1064,L,11ca87f2e812adaf0cd73f9e881dbfe9,person1507,bacterial
train,PNEUMONIA,person1508_bacteria_3949.jpeg,chest_xray_dataset\train\PNEUMONIA\person1508_bacteria_3949.jpeg,1760,1328,L,6339739f5166e1fb330c776d94b8368a,person1508,bacterial
train,PNEUMONIA,person1509_bacteria_3951.jpeg,chest_xray_dataset\train\PNEUMONIA\person1509_bacteria_3951.jpeg,1704,1392,L,79c1d054de2127ee09e5d4bf1a971e19,person1509,bacterial
train,PNEUMONIA,person1509_virus_2621.jpeg,chest_xray_dataset\train\PNEUMONIA\person1509_virus_2621.jpeg,1656,1336,L,dfbf74abfd01af3a88913e093b07517a,person1509,viral
train,PNEUMONIA,person1510_virus_2628.jpeg,chest_xray_dataset\train\PNEUMONIA\person1510_virus_2628.jpeg,1264,880,L,4ebca0796350cf5ce28f4350a1fdc044,person1510,viral
train,PNEUMONIA,person1510_virus_2629.jpeg,chest_xray_dataset\train\PNEUMONIA\person1510_virus_2629.jpeg,1312,712,L,ebfe1b77fd2dd90d3a4b602bd90be1c2,person1510,viral
train,PNEUMONIA,person1511_bacteria_3955.jpeg,chest_xray_dataset\train\PNEUMONIA\person1511_bacteria_3955.jpeg,1192,808,L,f86cea02ca1906c9a55fea91abb0fc71,person1511,bacterial
train,PNEUMONIA,person1512_bacteria_3958.jpeg,chest_xray_dataset\train\PNEUMONIA\person1512_bacteria_3958.jpeg,1312,648,L,bd2b24155855b156fef8f6d3742189ec,person1512,bacterial
train,PNEUMONIA,person1512_virus_2631.jpeg,chest_xray_dataset\train\PNEUMONIA\person1512_virus_2631.jpeg,1360,1040,L,f35b3f280dbea8905c28bd0b5d63b248,person1512,viral
train,PNEUMONIA,person1513_bacteria_3962.jpeg,chest_xray_dataset\train\PNEUMONIA\person1513_bacteria_3962.jpeg,1304,800,L,0c7643fedd01e7510a0a23d2de8e5e37,person1513,bacterial
train,PNEUMONIA,person1513_virus_2632.jpeg,chest_xray_dataset\train\PNEUMONIA\person1513_virus_2632.jpeg,1376,1208,L,11b35c12c2009b9b816e4040b68dda88,person1513,viral
train,PNEUMONIA,person1514_bacteria_3964.jpeg,chest_xray_dataset\train\PNEUMONIA\person1514_bacteria_3964.jpeg,1360,936,L,71f4d12b13573df7e5c0960751364801,person1514,bacterial
train,PNEUMONIA,person1514_virus_2633.jpeg,chest_xray_dataset\train\PNEUMONIA\person1514_virus_2633.jpeg,1200,784,L,7e57c32a0bcc3563df78c33fcf88be2c,person1514,viral
train,PNEUMONIA,person1516_virus_2643.jpeg,chest_xray_dataset\train\PNEUMONIA\person1516_virus_2643.jpeg,1152,752,L,0017cc440b7578f252b608833aa3a5a4,person1516,viral
train,PNEUMONIA,person1517_bacteria_3968.jpeg,chest_xray_dataset\train\PNEUMONIA\person1517_bacteria_3968.jpeg,1328,984,L,a2612e7684ffb5a7dca03cdcad83970c,person1517,bacterial
train,PNEUMONIA,person1517_virus_2644.jpeg,chest_xray_dataset\train\PNEUMONIA\person1517_virus_2644.jpeg,1376,824,L,672395ee1ad105aab0031f6f398168f2,person1517,viral
train,PNEUMONIA,person1518_bacteria_3969.jpeg,chest_xray_dataset\train\PNEUMONIA\person1518_bacteria_3969.jpeg,1896,1640,L,821923a57ca5297422b54b2e7226fe99,person1518,bacterial
train,PNEUMONIA,person1518_virus_2645.jpeg,chest_xray_dataset\train\PNEUMONIA\person1518_virus_2645.jpeg,1464,1056,L,d21a4e9c0ec4a088a6dbf7ecd2f056f4,person1518,viral
train,PNEUMONIA,person1519_bacteria_3970.jpeg,chest_xray_dataset\train\PNEUMONIA\person1519_bacteria_3970.jpeg,1256,984,L,3810768b4d6d4a578cd34005fff80e5c,person1519,bacterial
train,PNEUMONIA,person1519_virus_2646.jpeg,chest_xray_dataset\train\PNEUMONIA\person1519_virus_2646.jpeg,1248,808,L,269b3d5f8714be9dcde78fa5011e1cc2,person1519,viral
train,PNEUMONIA,person151_virus_301.jpeg,chest_xray_dataset\train\PNEUMONIA\person151_virus_301.jpeg,1368,984,L,fc0dd5019b74980fd03f6423ce62106a,person151,viral
train,PNEUMONIA,person151_virus_302.jpeg,chest_xray_dataset\train\PNEUMONIA\person151_virus_302.jpeg,1264,704,L,341ce51746a5bad1cc3acd6c431950f1,person151,viral
train,PNEUMONIA,person1520_bacteria_3971.jpeg,chest_xray_dataset\train\PNEUMONIA\person1520_bacteria_3971.jpeg,1008,776,L,f4b8eeed053230b99c8076297ef6fc6a,person1520,bacterial
train,PNEUMONIA,person1520_virus_2647.jpeg,chest_xray_dataset\train\PNEUMONIA\person1520_virus_2647.jpeg,1536,1208,L,7af54825cb94c6cfb4d9c35f16aaefbc,person1520,viral
train,PNEUMONIA,person1521_virus_2649.jpeg,chest_xray_dataset\train\PNEUMONIA\person1521_virus_2649.jpeg,1288,976,L,7545806629acebea4a1442a5159c7dcc,person1521,viral
train,PNEUMONIA,person1522_bacteria_3977.jpeg,chest_xray_dataset\train\PNEUMONIA\person1522_bacteria_3977.jpeg,1232,904,L,00d695e81fa055d8981a45981a009cf0,person1522,bacterial
train,PNEUMONIA,person1522_virus_2651.jpeg,chest_xray_dataset\train\PNEUMONIA\person1522_virus_2651.jpeg,1008,520,L,5feb85be2939e58876d01a3a18780526,person1522,viral
train,PNEUMONIA,person1523_bacteria_3979.jpeg,chest_xray_dataset\train\PNEUMONIA\person1523_bacteria_3979.jpeg,1248,784,L,edb01a5d735f13f2e0841e5a2fdd8156,person1523,bacterial
train,PNEUMONIA,person1523_bacteria_3980.jpeg,chest_xray_dataset\train\PNEUMONIA\person1523_bacteria_3980.jpeg,1088,792,L,5e73a4b0f01781ff2e85374d5a0c5baf,person1523,bacterial
train,PNEUMONIA,person1524_bacteria_3983.jpeg,chest_xray_dataset\train\PNEUMONIA\person1524_bacteria_3983.jpeg,1632,1136,L,c0bef04ff179395526f465ea415e3dc7,person1524,bacterial
train,PNEUMONIA,person1524_bacteria_3984.jpeg,chest_xray_dataset\train\PNEUMONIA\person1524_bacteria_3984.jpeg,1664,1264,L,f9b766fe8cd86882260b792f8e455c48,person1524,bacterial
train,PNEUMONIA,person1524_virus_2658.jpeg,chest_xray_dataset\train\PNEUMONIA\person1524_virus_2658.jpeg,1320,992,L,bc31aa420d0895243b38367ff1dc6779,person1524,viral
train,PNEUMONIA,person1525_bacteria_3985.jpeg,chest_xray_dataset\train\PNEUMONIA\person1525_bacteria_3985.jpeg,1184,848,L,31f5e551c0bde3415f4d011b7ecf7871,person1525,bacterial
train,PNEUMONIA,person1525_virus_2659.jpeg,chest_xray_dataset\train\PNEUMONIA\person1525_virus_2659.jpeg,1216,816,L,c2e3c6dc752bf542686bbc6351e149e9,person1525,viral
train,PNEUMONIA,person1526_bacteria_3986.jpeg,chest_xray_dataset\train\PNEUMONIA\person1526_bacteria_3986.jpeg,1192,888,L,a57f0b9299284aad215af3bac1135927,person1526,bacterial
train,PNEUMONIA,person1526_virus_2660.jpeg,chest_xray_dataset\train\PNEUMONIA\person1526_virus_2660.jpeg,920,568,L,8eb535efd92bc645e07c95d5e014efad,person1526,viral
train,PNEUMONIA,person1527_bacteria_3988.jpeg,chest_xray_dataset\train\PNEUMONIA\person1527_bacteria_3988.jpeg,1216,792,L,598a34ee519cf627b1c38e1586dcd93a,person1527,bacterial
train,PNEUMONIA,person1527_bacteria_3989.jpeg,chest_xray_dataset\train\PNEUMONIA\person1527_bacteria_3989.jpeg,1240,952,L,a28c5451991bf66cff4bbb39173ec4c6,person1527,bacterial
train,PNEUMONIA,person1527_bacteria_3990.jpeg,chest_xray_dataset\train\PNEUMONIA\person1527_bacteria_3990.jpeg,1184,712,L,457ed89292dd66c67068423f4bb12bd6,person1527,bacterial
train,PNEUMONIA,person1527_virus_2661.jpeg,chest_xray_dataset\train\PNEUMONIA\person1527_virus_2661.jpeg,1120,768,L,2e7c4ace77259efb7b8662d2aabebebf,person1527,viral
train,PNEUMONIA,person1528_bacteria_3991.jpeg,chest_xray_dataset\train\PNEUMONIA\person1528_bacteria_3991.jpeg,1080,760,L,31d6cd0538812aeed5420999ccf53176,person1528,bacterial
train,PNEUMONIA,person1528_bacteria_3996.jpeg,chest_xray_dataset\train\PNEUMONIA\person1528_bacteria_3996.jpeg,1168,688,L,84db7430257e7df1560dfd77157ad79d,person1528,bacterial
train,PNEUMONIA,person1528_virus_2662.jpeg,chest_xray_dataset\train\PNEUMONIA\person1528_virus_2662.jpeg,1352,840,L,7d1b9badffc6719a06e00902f8a28b26,person1528,viral
train,PNEUMONIA,person1529_virus_2663.jpeg,chest_xray_dataset\train\PNEUMONIA\person1529_virus_2663.jpeg,1104,704,L,b5c202dff84805bf72951f2fba17bfe5,person1529,viral
train,PNEUMONIA,person152_virus_303.jpeg,chest_xray_dataset\train\PNEUMONIA\person152_virus_303.jpeg,1344,1032,L,a0f1284d7a581f5ed058ac28a2d31680,person152,viral
train,PNEUMONIA,person1530_bacteria_4000.jpeg,chest_xray_dataset\train\PNEUMONIA\person1530_bacteria_4000.jpeg,1336,752,L,9db56d4706845564845629ee49ef6acb,person1530,bacterial
train,PNEUMONIA,person1530_virus_2664.jpeg,chest_xray_dataset\train\PNEUMONIA\person1530_virus_2664.jpeg,1080,632,L,b5245305f1be36fb76f20386616f9995,person1530,viral
train,PNEUMONIA,person1531_bacteria_4003.jpeg,chest_xray_dataset\train\PNEUMONIA\person1531_bacteria_4003.jpeg,1336,864,L,8ca0704a950f906e4644a114fda2d8b1,person1531,bacterial
train,PNEUMONIA,person1531_virus_2666.jpeg,chest_xray_dataset\train\PNEUMONIA\person1531_virus_2666.jpeg,1336,936,L,398e3b8fd3bf6dda8fa495d6b559cdf3,person1531,viral
train,PNEUMONIA,person1532_virus_2667.jpeg,chest_xray_dataset\train\PNEUMONIA\person1532_virus_2667.jpeg,1232,800,L,6f6d0ea9822c9bc06bc9ec70da73fdf0,person1532,viral
train,PNEUMONIA,person1534_virus_2670.jpeg,chest_xray_dataset\train\PNEUMONIA\person1534_virus_2670.jpeg,1336,1056,L,b963a89f80b3a2014040ae905024eda5,person1534,viral
train,PNEUMONIA,person1535_bacteria_4015.jpeg,chest_xray_dataset\train\PNEUMONIA\person1535_bacteria_4015.jpeg,920,552,L,2a29689c84cd6bac8aa264a5f29f55c2,person1535,bacterial
train,PNEUMONIA,person1535_bacteria_4016.jpeg,chest_xray_dataset\train\PNEUMONIA\person1535_bacteria_4016.jpeg,920,648,L,172a17366fb7d8d0e49903aa089e7f28,person1535,bacterial
train,PNEUMONIA,person1535_bacteria_4017.jpeg,chest_xray_dataset\train\PNEUMONIA\person1535_bacteria_4017.jpeg,888,672,L,19cf5f1094289f16218c637bb285a078,person1535,bacterial
train,PNEUMONIA,person1535_virus_2672.jpeg,chest_xray_dataset\train\PNEUMONIA\person1535_virus_2672.jpeg,1304,896,L,8df2b14c2d0a0486f98cf38cb5ab18a4,person1535,viral
train,PNEUMONIA,person1536_bacteria_4018.jpeg,chest_xray_dataset\train\PNEUMONIA\person1536_bacteria_4018.jpeg,1792,1600,L,76059c4cb91a6aa07f52d4f8756f1240,person1536,bacterial
train,PNEUMONIA,person1536_virus_2673.jpeg,chest_xray_dataset\train\PNEUMONIA\person1536_virus_2673.jpeg,992,464,L,be76626d75f652e4cb7edf9e62b2562b,person1536,viral
train,PNEUMONIA,person1537_bacteria_4019.jpeg,chest_xray_dataset\train\PNEUMONIA\person1537_bacteria_4019.jpeg,1256,976,L,152aab6000aa96ad170dd26afbe9b546,person1537,bacterial
train,PNEUMONIA,person1537_bacteria_4020.jpeg,chest_xray_dataset\train\PNEUMONIA\person1537_bacteria_4020.jpeg,1336,928,L,6c6bfeb314d06c456d403a0ccac598ae,person1537,bacterial
train,PNEUMONIA,person1537_virus_2674.jpeg,chest_xray_dataset\train\PNEUMONIA\person1537_virus_2674.jpeg,1456,1312,L,89ad2658e9633b6142e86a1d97ec88f2,person1537,viral
train,PNEUMONIA,person1538_bacteria_4021.jpeg,chest_xray_dataset\train\PNEUMONIA\person1538_bacteria_4021.jpeg,1200,808,L,147b8fa9498fc805046659f4706ac541,person1538,bacterial
train,PNEUMONIA,person1539_bacteria_4022.jpeg,chest_xray_dataset\train\PNEUMONIA\person1539_bacteria_4022.jpeg,1392,864,L,3dace8c0c76a2ecfb8dab8413e760513,person1539,bacterial
train,PNEUMONIA,person1539_virus_2678.jpeg,chest_xray_dataset\train\PNEUMONIA\person1539_virus_2678.jpeg,1112,624,L,d21e6b9eed22a1cb303b5eb46db4c782,person1539,viral
train,PNEUMONIA,person1539_virus_2679.jpeg,chest_xray_dataset\train\PNEUMONIA\person1539_virus_2679.jpeg,1152,584,L,7ef182775701cfe7612ce998f8335f02,person1539,viral
train,PNEUMONIA,person153_virus_304.jpeg,chest_xray_dataset\train\PNEUMONIA\person153_virus_304.jpeg,1160,752,L,55218f608cbe8f48867595d49d47eb3b,person153,viral
train,PNEUMONIA,person1540_bacteria_4023.jpeg,chest_xray_dataset\train\PNEUMONIA\person1540_bacteria_4023.jpeg,1320,1000,L,33919cc0e11f591f73baf17b5a6b8bb7,person1540,bacterial
train,PNEUMONIA,person1540_virus_2680.jpeg,chest_xray_dataset\train\PNEUMONIA\person1540_virus_2680.jpeg,1472,944,L,ae71a79fbf310121e50e60116be267a3,person1540,viral
train,PNEUMONIA,person1541_virus_2681.jpeg,chest_xray_dataset\train\PNEUMONIA\person1541_virus_2681.jpeg,1400,1080,L,fc09ec3145b7fa87ff8700978e7727c2,person1541,viral
train,PNEUMONIA,person1542_bacteria_4029.jpeg,chest_xray_dataset\train\PNEUMONIA\person1542_bacteria_4029.jpeg,1144,760,L,1ac99a3b092aecd0aefbbdc9bfccc8c6,person1542,bacterial
train,PNEUMONIA,person1542_virus_2683.jpeg,chest_xray_dataset\train\PNEUMONIA\person1542_virus_2683.jpeg,1104,728,L,32805aa158878de36c3464717277e03b,person1542,viral
train,PNEUMONIA,person1543_virus_2684.jpeg,chest_xray_dataset\train\PNEUMONIA\person1543_virus_2684.jpeg,1128,704,L,07940addc539589aad5e3a0645a20e17,person1543,viral
train,PNEUMONIA,person1544_bacteria_4033.jpeg,chest_xray_dataset\train\PNEUMONIA\person1544_bacteria_4033.jpeg,2192,2272,L,c455509a76023b741c02ed444165f06b,person1544,bacterial
train,PNEUMONIA,person1544_bacteria_4035.jpeg,chest_xray_dataset\train\PNEUMONIA\person1544_bacteria_4035.jpeg,2056,2104,L,7538d89caea81741c871d77f7dee99d0,person1544,bacterial
train,PNEUMONIA,person1544_bacteria_4037.jpeg,chest_xray_dataset\train\PNEUMONIA\person1544_bacteria_4037.jpeg,1856,1496,L,2a90cb75bd2faec2a814201353d5c5b3,person1544,bacterial
train,PNEUMONIA,person1544_bacteria_4038.jpeg,chest_xray_dataset\train\PNEUMONIA\person1544_bacteria_4038.jpeg,2008,2096,L,48b86cc6e1c112c951eeb95e5c62dd1d,person1544,bacterial
train,PNEUMONIA,person1544_virus_2685.jpeg,chest_xray_dataset\train\PNEUMONIA\person1544_virus_2685.jpeg,1720,1152,L,a364748eb4b1d05010f756631ebea6b5,person1544,viral
train,PNEUMONIA,person1545_bacteria_4041.jpeg,chest_xray_dataset\train\PNEUMONIA\person1545_bacteria_4041.jpeg,912,536,L,f48c088851f4d66dda001d2f77c6ee3f,person1545,bacterial
train,PNEUMONIA,person1545_bacteria_4042.jpeg,chest_xray_dataset\train\PNEUMONIA\person1545_bacteria_4042.jpeg,920,544,L,b79ac05ce8201dec48b78f4934a0dde1,person1545,bacterial
train,PNEUMONIA,person1546_bacteria_4044.jpeg,chest_xray_dataset\train\PNEUMONIA\person1546_bacteria_4044.jpeg,1216,856,L,52e8fa328da49ad705dee486b8a236d4,person1546,bacterial
train,PNEUMONIA,person1546_bacteria_4045.jpeg,chest_xray_dataset\train\PNEUMONIA\person1546_bacteria_4045.jpeg,1288,776,L,dd1384b5466f941d3cfe9848715eefdf,person1546,bacterial
train,PNEUMONIA,person1546_virus_2687.jpeg,chest_xray_dataset\train\PNEUMONIA\person1546_virus_2687.jpeg,976,504,L,56f63f888e3e80f69d366ef9a4b36609,person1546,viral
train,PNEUMONIA,person1547_virus_2688.jpeg,chest_xray_dataset\train\PNEUMONIA\person1547_virus_2688.jpeg,1016,552,L,3f57c30f986823f10786c167351726ea,person1547,viral
train,PNEUMONIA,person1548_bacteria_4048.jpeg,chest_xray_dataset\train\PNEUMONIA\person1548_bacteria_4048.jpeg,1088,696,L,9613e376c02e575e620ae54f76e7360f,person1548,bacterial
train,PNEUMONIA,person1548_virus_2689.jpeg,chest_xray_dataset\train\PNEUMONIA\person1548_virus_2689.jpeg,1384,1048,L,5558f3c9eb236b050196f316ae0fce50,person1548,viral
train,PNEUMONIA,person1549_bacteria_4050.jpeg,chest_xray_dataset\train\PNEUMONIA\person1549_bacteria_4050.jpeg,1416,960,L,e8c06688afb891f49bd9ebcca4dcb0d9,person1549,bacterial
train,PNEUMONIA,person1549_virus_2690.jpeg,chest_xray_dataset\train\PNEUMONIA\person1549_virus_2690.jpeg,1320,1032,L,1b1354b0d6a4f855a261020a43c046d1,person1549,viral
train,PNEUMONIA,person154_virus_305.jpeg,chest_xray_dataset\train\PNEUMONIA\person154_virus_305.jpeg,1336,728,L,ba19696724e3edbd6843b2b3e7640182,person154,viral
train,PNEUMONIA,person154_virus_306.jpeg,chest_xray_dataset\train\PNEUMONIA\person154_virus_306.jpeg,1448,1176,L,590590fe30324b4bd84f10dff07ad5cc,person154,viral
train,PNEUMONIA,person1550_bacteria_4051.jpeg,chest_xray_dataset\train\PNEUMONIA\person1550_bacteria_4051.jpeg,1600,984,L,870de4475adb9c1ad2bed21f496ecadc,person1550,bacterial
train,PNEUMONIA,person1550_virus_2691.jpeg,chest_xray_dataset\train\PNEUMONIA\person1550_virus_2691.jpeg,1000,640,L,65b8464cab2e3aeb5b7f0093cab5eb7e,person1550,viral
train,PNEUMONIA,person1551_bacteria_4053.jpeg,chest_xray_dataset\train\PNEUMONIA\person1551_bacteria_4053.jpeg,1376,952,L,062dac33f37c6b4f1a696bde6cfd0ba4,person1551,bacterial
train,PNEUMONIA,person1551_bacteria_4054.jpeg,chest_xray_dataset\train\PNEUMONIA\person1551_bacteria_4054.jpeg,1424,1016,L,dc8bef0bb781380cec5490dda63ced64,person1551,bacterial
train,PNEUMONIA,person1551_virus_2692.jpeg,chest_xray_dataset\train\PNEUMONIA\person1551_virus_2692.jpeg,1120,816,L,05b46c3c82141827c5fc6a118435418f,person1551,viral
train,PNEUMONIA,person1552_bacteria_4055.jpeg,chest_xray_dataset\train\PNEUMONIA\person1552_bacteria_4055.jpeg,1136,864,L,a939e255e3553c0cfa1ae1b2ab15cdf7,person1552,bacterial
train,PNEUMONIA,person1554_bacteria_4057.jpeg,chest_xray_dataset\train\PNEUMONIA\person1554_bacteria_4057.jpeg,1248,824,L,ccf9c4d581161bf5b852d0155f5aa90c,person1554,bacterial
train,PNEUMONIA,person1554_virus_2696.jpeg,chest_xray_dataset\train\PNEUMONIA\person1554_virus_2696.jpeg,1344,784,L,396c695b1b3a284ac12edb76c12415f2,person1554,viral
train,PNEUMONIA,person1555_bacteria_4058.jpeg,chest_xray_dataset\train\PNEUMONIA\person1555_bacteria_4058.jpeg,1112,568,L,e6a91e6c74827777497b69fa1e0da937,person1555,bacterial
train,PNEUMONIA,person1555_bacteria_4059.jpeg,chest_xray_dataset\train\PNEUMONIA\person1555_bacteria_4059.jpeg,1144,736,L,8105fe56944ba4fb35db2574a98c7d80,person1555,bacterial
train,PNEUMONIA,person1555_bacteria_4060.jpeg,chest_xray_dataset\train\PNEUMONIA\person1555_bacteria_4060.jpeg,1000,624,L,01779477cc85bbc5fb6b676ba8cddfc8,person1555,bacterial
train,PNEUMONIA,person1556_bacteria_4061.jpeg,chest_xray_dataset\train\PNEUMONIA\person1556_bacteria_4061.jpeg,1416,1216,L,c6bac1bde9b51fbdb0cb365b23d6d55b,person1556,bacterial
train,PNEUMONIA,person1556_bacteria_4062.jpeg,chest_xray_dataset\train\PNEUMONIA\person1556_bacteria_4062.jpeg,1688,1136,L,ff842a2673bebf02b392dacca8da7047,person1556,bacterial
train,PNEUMONIA,person1556_virus_2699.jpeg,chest_xray_dataset\train\PNEUMONIA\person1556_virus_2699.jpeg,1128,736,L,365f6c1b569ffad9e3de7b02733437e6,person1556,viral
train,PNEUMONIA,person1557_bacteria_4063.jpeg,chest_xray_dataset\train\PNEUMONIA\person1557_bacteria_4063.jpeg,1696,1736,L,8706392c1053a2c690193c58a68dda08,person1557,bacterial
train,PNEUMONIA,person1557_bacteria_4065.jpeg,chest_xray_dataset\train\PNEUMONIA\person1557_bacteria_4065.jpeg,1592,1728,L,70266bb9d12326d8de000e0fd76ee3c3,person1557,bacterial
train,PNEUMONIA,person1558_bacteria_4066.jpeg,chest_xray_dataset\train\PNEUMONIA\person1558_bacteria_4066.jpeg,1408,1184,L,fb368e596756dea675478ba1572e0c82,person1558,bacterial
train,PNEUMONIA,person1559_bacteria_4067.jpeg,chest_xray_dataset\train\PNEUMONIA\person1559_bacteria_4067.jpeg,856,528,L,a70c35425305246514a0d1292a535659,person1559,bacterial
train,PNEUMONIA,person155_virus_307.jpeg,chest_xray_dataset\train\PNEUMONIA\person155_virus_307.jpeg,1536,1064,L,67a2c4d42fa4549ef6007d930ee2ab72,person155,viral
train,PNEUMONIA,person1561_bacteria_4077.jpeg,chest_xray_dataset\train\PNEUMONIA\person1561_bacteria_4077.jpeg,1536,856,L,328401c7213650f43c09ae7630a8c85b,person1561,bacterial
train,PNEUMONIA,person1562_bacteria_4078.jpeg,chest_xray_dataset\train\PNEUMONIA\person1562_bacteria_4078.jpeg,1448,1008,L,eed10e7b1c85e02c06dd9289a0d3ed13,person1562,bacterial
train,PNEUMONIA,person1562_bacteria_4081.jpeg,chest_xray_dataset\train\PNEUMONIA\person1562_bacteria_4081.jpeg,1656,1216,L,6de8dc059a2c0009fc6b3cd6bffc7bac,person1562,bacterial
train,PNEUMONIA,person1562_bacteria_4087.jpeg,chest_xray_dataset\train\PNEUMONIA\person1562_bacteria_4087.jpeg,1624,1312,L,b7437698d0ecdb1fbd366ac017ddee19,person1562,bacterial
train,PNEUMONIA,person1562_bacteria_4089.jpeg,chest_xray_dataset\train\PNEUMONIA\person1562_bacteria_4089.jpeg,1568,1256,L,f3bbd0e8ba95b17a0ac2c74f7ebf4f1a,person1562,bacterial
train,PNEUMONIA,person1563_bacteria_4092.jpeg,chest_xray_dataset\train\PNEUMONIA\person1563_bacteria_4092.jpeg,1272,872,L,d25eca57ac6f55b9ae7375dff5ce11bc,person1563,bacterial
train,PNEUMONIA,person1564_bacteria_4094.jpeg,chest_xray_dataset\train\PNEUMONIA\person1564_bacteria_4094.jpeg,1168,560,L,3dbf9399d4d14b9d60d9ffccb01b746d,person1564,bacterial
train,PNEUMONIA,person1564_virus_2719.jpeg,chest_xray_dataset\train\PNEUMONIA\person1564_virus_2719.jpeg,1064,560,L,d38576cc24238bef83df5239eee01c9d,person1564,viral
train,PNEUMONIA,person1565_bacteria_4095.jpeg,chest_xray_dataset\train\PNEUMONIA\person1565_bacteria_4095.jpeg,1960,1600,L,d675467230975de3659bcef757dae04f,person1565,bacterial
train,PNEUMONIA,person1566_bacteria_4099.jpeg,chest_xray_dataset\train\PNEUMONIA\person1566_bacteria_4099.jpeg,888,440,L,24f2620dd32fe6e8ed3bef3dfd56e726,person1566,bacterial
train,PNEUMONIA,person1567_bacteria_4100.jpeg,chest_xray_dataset\train\PNEUMONIA\person1567_bacteria_4100.jpeg,1176,800,L,eb66da1578cf4c990d9aa1b9b489c53b,person1567,bacterial
train,PNEUMONIA,person1567_virus_2722.jpeg,chest_xray_dataset\train\PNEUMONIA\person1567_virus_2722.jpeg,1528,1376,L,a834f89a5d25394b0e8ae5a4ad4440ad,person1567,viral
train,PNEUMONIA,person1568_virus_2723.jpeg,chest_xray_dataset\train\PNEUMONIA\person1568_virus_2723.jpeg,1400,1104,L,965e40153996243b24ea1492d7647902,person1568,viral
train,PNEUMONIA,person156_virus_308.jpeg,chest_xray_dataset\train\PNEUMONIA\person156_virus_308.jpeg,1264,800,L,c09cf26107d197832bd0e40149cb936b,person156,viral
train,PNEUMONIA,person1571_bacteria_4108.jpeg,chest_xray_dataset\train\PNEUMONIA\person1571_bacteria_4108.jpeg,1352,928,L,c660159ca2f91fc2008ecf1d752b1119,person1571,bacterial
train,PNEUMONIA,person1571_bacteria_4110.jpeg,chest_xray_dataset\train\PNEUMONIA\person1571_bacteria_4110.jpeg,1296,848,L,79767b4a80c6142df77aa0dfdc730846,person1571,bacterial
train,PNEUMONIA,person1571_virus_2728.jpeg,chest_xray_dataset\train\PNEUMONIA\person1571_virus_2728.jpeg,1304,712,L,786f501e6402e7b99313a85884cb866a,person1571,viral
train,PNEUMONIA,person1574_bacteria_4118.jpeg,chest_xray_dataset\train\PNEUMONIA\person1574_bacteria_4118.jpeg,1096,600,L,800f8c547987946fcf59cd6dfc5afb9d,person1574,bacterial
train,PNEUMONIA,person1575_bacteria_4119.jpeg,chest_xray_dataset\train\PNEUMONIA\person1575_bacteria_4119.jpeg,1360,888,L,763659ef6b4feb65ff9db8fcc028cc72,person1575,bacterial
train,PNEUMONIA,person1576_bacteria_4120.jpeg,chest_xray_dataset\train\PNEUMONIA\person1576_bacteria_4120.jpeg,1264,984,L,41d0012ea002e293f40acaec905729a8,person1576,bacterial
train,PNEUMONIA,person1576_bacteria_4121.jpeg,chest_xray_dataset\train\PNEUMONIA\person1576_bacteria_4121.jpeg,1280,1016,L,e7fbbc3be0d558ec0008a407ec7b8e47,person1576,bacterial
train,PNEUMONIA,person1576_bacteria_4122.jpeg,chest_xray_dataset\train\PNEUMONIA\person1576_bacteria_4122.jpeg,1440,992,L,a9155ba7434fa9e0e246bf3a14a1df18,person1576,bacterial
train,PNEUMONIA,person1576_bacteria_4124.jpeg,chest_xray_dataset\train\PNEUMONIA\person1576_bacteria_4124.jpeg,1528,1080,L,967383d774ff4adea6cebeb5a627b9ec,person1576,bacterial
train,PNEUMONIA,person1576_bacteria_4126.jpeg,chest_xray_dataset\train\PNEUMONIA\person1576_bacteria_4126.jpeg,1416,1056,L,774ad830b7f9af3cce47b2b2966c4f3a,person1576,bacterial
train,PNEUMONIA,person1576_bacteria_4127.jpeg,chest_xray_dataset\train\PNEUMONIA\person1576_bacteria_4127.jpeg,1296,944,L,d5b7b28421a01adaac960a5d372c168b,person1576,bacterial
train,PNEUMONIA,person1576_bacteria_4128.jpeg,chest_xray_dataset\train\PNEUMONIA\person1576_bacteria_4128.jpeg,1536,1176,L,52e8eb0505dbdc85060f6e9b12936e18,person1576,bacterial
train,PNEUMONIA,person1576_bacteria_4129.jpeg,chest_xray_dataset\train\PNEUMONIA\person1576_bacteria_4129.jpeg,1384,1088,L,99e29cd5db952d6fe323b90afb0a5517,person1576,bacterial
train,PNEUMONIA,person1576_virus_2734.jpeg,chest_xray_dataset\train\PNEUMONIA\person1576_virus_2734.jpeg,968,440,L,541afa29bdc36645e4e25d69309bb2d9,person1576,viral
train,PNEUMONIA,person1577_virus_2735.jpeg,chest_xray_dataset\train\PNEUMONIA\person1577_virus_2735.jpeg,1392,712,L,4e392054561c3d5eac6625d2f2a1641d,person1577,viral
train,PNEUMONIA,person1579_bacteria_4133.jpeg,chest_xray_dataset\train\PNEUMONIA\person1579_bacteria_4133.jpeg,936,632,L,02212a13bd096c34a7ac036944b63da1,person1579,bacterial
train,PNEUMONIA,person157_virus_311.jpeg,chest_xray_dataset\train\PNEUMONIA\person157_virus_311.jpeg,1768,1216,L,deb7dc83959951d09899b15e4635d811,person157,viral
train,PNEUMONIA,person1580_virus_2739.jpeg,chest_xray_dataset\train\PNEUMONIA\person1580_virus_2739.jpeg,1616,1024,L,12ff37fc58f80288998448f415ee15e9,person1580,viral
train,PNEUMONIA,person1581_bacteria_4135.jpeg,chest_xray_dataset\train\PNEUMONIA\person1581_bacteria_4135.jpeg,1024,592,L,48b6e3a2f72ec6073dcc62db2f2ae0c2,person1581,bacterial
train,PNEUMONIA,person1581_virus_2741.jpeg,chest_xray_dataset\train\PNEUMONIA\person1581_virus_2741.jpeg,1144,656,L,219d1ba6f1fc039326b9c4df0ee29ea6,person1581,viral
train,PNEUMONIA,person1582_bacteria_4136.jpeg,chest_xray_dataset\train\PNEUMONIA\person1582_bacteria_4136.jpeg,1304,1024,L,bf97e4cc7014fae1d79fbc2ad2fa307f,person1582,bacterial
train,PNEUMONIA,person1582_bacteria_4137.jpeg,chest_xray_dataset\train\PNEUMONIA\person1582_bacteria_4137.jpeg,1248,1064,L,54c25cad481b72bcd5eb7f74b8d859b2,person1582,bacterial
train,PNEUMONIA,person1582_bacteria_4140.jpeg,chest_xray_dataset\train\PNEUMONIA\person1582_bacteria_4140.jpeg,1144,736,L,e0f25a6c2627d7b647de4ada30efc6af,person1582,bacterial
train,PNEUMONIA,person1582_bacteria_4142.jpeg,chest_xray_dataset\train\PNEUMONIA\person1582_bacteria_4142.jpeg,1240,696,L,2bd8eae4ad0af9967c68d6dd06f6890e,person1582,bacterial
train,PNEUMONIA,person1582_bacteria_4143.jpeg,chest_xray_dataset\train\PNEUMONIA\person1582_bacteria_4143.jpeg,1352,864,L,37327b903ecdc96c728da69708282394,person1582,bacterial
train,PNEUMONIA,person1583_bacteria_4144.jpeg,chest_xray_dataset\train\PNEUMONIA\person1583_bacteria_4144.jpeg,1496,1024,L,733a8a18fe345776f77215dd9ca33571,person1583,bacterial
train,PNEUMONIA,person1584_bacteria_4146.jpeg,chest_xray_dataset\train\PNEUMONIA\person1584_bacteria_4146.jpeg,1120,640,L,b1b1330aed7e0b9b26855265a9e29190,person1584,bacterial
train,PNEUMONIA,person1584_bacteria_4148.jpeg,chest_xray_dataset\train\PNEUMONIA\person1584_bacteria_4148.jpeg,1064,656,L,c34bfa7948380bf59dcf168d32024c18,person1584,bacterial
train,PNEUMONIA,person1585_bacteria_4149.jpeg,chest_xray_dataset\train\PNEUMONIA\person1585_bacteria_4149.jpeg,1192,696,L,ce6d85cd27ac628c8dbe78b8bf038593,person1585,bacterial
train,PNEUMONIA,person1585_bacteria_4151.jpeg,chest_xray_dataset\train\PNEUMONIA\person1585_bacteria_4151.jpeg,1336,808,L,bd0d3c81d3443144fa8c1514ccf0d24c,person1585,bacterial
train,PNEUMONIA,person1585_bacteria_4155.jpeg,chest_xray_dataset\train\PNEUMONIA\person1585_bacteria_4155.jpeg,1128,752,L,4e65caf537dd9631eb9dfa8752d62a1c,person1585,bacterial
train,PNEUMONIA,person1588_virus_2762.jpeg,chest_xray_dataset\train\PNEUMONIA\person1588_virus_2762.jpeg,1376,832,L,743954a89f602fbe73a24b1885410f60,person1588,viral
train,PNEUMONIA,person1589_bacteria_4171.jpeg,chest_xray_dataset\train\PNEUMONIA\person1589_bacteria_4171.jpeg,1136,712,L,39feca84f43846633f327e9541f728bb,person1589,bacterial
train,PNEUMONIA,person1589_bacteria_4172.jpeg,chest_xray_dataset\train\PNEUMONIA\person1589_bacteria_4172.jpeg,1032,840,L,3c3cca2baf114e5872c6ed97915c823e,person1589,bacterial
train,PNEUMONIA,person1589_virus_2763.jpeg,chest_xray_dataset\train\PNEUMONIA\person1589_virus_2763.jpeg,1168,800,L,b4d4c3b2171b724a8188c0ddbfdcdc8d,person1589,viral
train,PNEUMONIA,person158_virus_312.jpeg,chest_xray_dataset\train\PNEUMONIA\person158_virus_312.jpeg,1552,1176,L,c629f1f785a0ef4e618f2058085abbae,person158,viral
train,PNEUMONIA,person1590_bacteria_4174.jpeg,chest_xray_dataset\train\PNEUMONIA\person1590_bacteria_4174.jpeg,1960,1992,L,97eb40c5aa4fc974535a042c55e2ba80,person1590,bacterial
train,PNEUMONIA,person1590_bacteria_4175.jpeg,chest_xray_dataset\train\PNEUMONIA\person1590_bacteria_4175.jpeg,2000,1896,L,19cd520f14c48b41b5b38ab2c40fd6a9,person1590,bacterial
train,PNEUMONIA,person1590_bacteria_4176.jpeg,chest_xray_dataset\train\PNEUMONIA\person1590_bacteria_4176.jpeg,1984,1840,L,c6e0f2e2c5977eced729a47e5afc56bd,person1590,bacterial
train,PNEUMONIA,person1590_virus_2764.jpeg,chest_xray_dataset\train\PNEUMONIA\person1590_virus_2764.jpeg,1280,856,L,f025d7a350ad01f628a9279fa9530539,person1590,viral
train,PNEUMONIA,person1591_bacteria_4177.jpeg,chest_xray_dataset\train\PNEUMONIA\person1591_bacteria_4177.jpeg,1160,664,L,218b70fee02290f2aec2d6efcefcd505,person1591,bacterial
train,PNEUMONIA,person1591_virus_2765.jpeg,chest_xray_dataset\train\PNEUMONIA\person1591_virus_2765.jpeg,1720,1240,L,825e27e04055f24243fda7586279c6c7,person1591,viral
train,PNEUMONIA,person1592_bacteria_4178.jpeg,chest_xray_dataset\train\PNEUMONIA\person1592_bacteria_4178.jpeg,952,736,L,1833b90dbb1bbf434378cd4829e20e9d,person1592,bacterial
train,PNEUMONIA,person1592_virus_2766.jpeg,chest_xray_dataset\train\PNEUMONIA\person1592_virus_2766.jpeg,1056,760,L,9a805f0aebe903d8b69cbb95055af616,person1592,viral
train,PNEUMONIA,person1593_virus_2767.jpeg,chest_xray_dataset\train\PNEUMONIA\person1593_virus_2767.jpeg,1176,760,L,c8446a4322e9416d32a3bb436c1fb38d,person1593,viral
train,PNEUMONIA,person1594_bacteria_4182.jpeg,chest_xray_dataset\train\PNEUMONIA\person1594_bacteria_4182.jpeg,1240,848,L,7a841f4851c0587abb6fd0bb070626b0,person1594,bacterial
train,PNEUMONIA,person1594_virus_2768.jpeg,chest_xray_dataset\train\PNEUMONIA\person1594_virus_2768.jpeg,1272,776,L,85beaa94737f121934c4ca67c273040e,person1594,viral
train,PNEUMONIA,person1595_bacteria_4183.jpeg,chest_xray_dataset\train\PNEUMONIA\person1595_bacteria_4183.jpeg,1416,800,L,4970cbac6bba84cded4165e59092734e,person1595,bacterial
train,PNEUMONIA,person1595_virus_2771.jpeg,chest_xray_dataset\train\PNEUMONIA\person1595_virus_2771.jpeg,1336,832,L,f01694b39b883ae20fe681064ecf4638,person1595,viral
train,PNEUMONIA,person1596_bacteria_4184.jpeg,chest_xray_dataset\train\PNEUMONIA\person1596_bacteria_4184.jpeg,1696,1224,L,e089b8a5cec4d7d5039fa3186f2dc7e8,person1596,bacterial
train,PNEUMONIA,person1597_bacteria_4187.jpeg,chest_xray_dataset\train\PNEUMONIA\person1597_bacteria_4187.jpeg,1768,1488,L,2b71b9293fd608c40230ba968b1cc98c,person1597,bacterial
train,PNEUMONIA,person1597_bacteria_4188.jpeg,chest_xray_dataset\train\PNEUMONIA\person1597_bacteria_4188.jpeg,1856,1536,L,56a8a4fb145ec0dc5f7990203fa05825,person1597,bacterial
train,PNEUMONIA,person1597_bacteria_4189.jpeg,chest_xray_dataset\train\PNEUMONIA\person1597_bacteria_4189.jpeg,1824,1776,L,dad53bad5c2456e2e6b0545d59ec659e,person1597,bacterial
train,PNEUMONIA,person1597_bacteria_4190.jpeg,chest_xray_dataset\train\PNEUMONIA\person1597_bacteria_4190.jpeg,1664,1456,L,6f6e581b68db8033f51961fa428b0cbd,person1597,bacterial
train,PNEUMONIA,person1597_bacteria_4191.jpeg,chest_xray_dataset\train\PNEUMONIA\person1597_bacteria_4191.jpeg,1544,1336,L,4e9f9f83d878517c88f93f9923e5850a,person1597,bacterial
train,PNEUMONIA,person1597_bacteria_4192.jpeg,chest_xray_dataset\train\PNEUMONIA\person1597_bacteria_4192.jpeg,1632,1144,L,fb5e4dcb48d6bfccb42d3a8d75211698,person1597,bacterial
train,PNEUMONIA,person1597_bacteria_4193.jpeg,chest_xray_dataset\train\PNEUMONIA\person1597_bacteria_4193.jpeg,1736,1368,L,7454215735da8220b751a342412bf69e,person1597,bacterial
train,PNEUMONIA,person1597_bacteria_4194.jpeg,chest_xray_dataset\train\PNEUMONIA\person1597_bacteria_4194.jpeg,1768,1560,L,1199ff24d3f6b83ede6c4dc1e221119e,person1597,bacterial
train,PNEUMONIA,person1598_bacteria_4195.jpeg,chest_xray_dataset\train\PNEUMONIA\person1598_bacteria_4195.jpeg,1288,824,L,1511d05d13eb22c854b9dd8440a3fa82,person1598,bacterial
train,PNEUMONIA,person1598_bacteria_4197.jpeg,chest_xray_dataset\train\PNEUMONIA\person1598_bacteria_4197.jpeg,1264,920,L,a0aa8e29fce87d5ea5683601dc8c6777,person1598,bacterial
train,PNEUMONIA,person1598_bacteria_4198.jpeg,chest_xray_dataset\train\PNEUMONIA\person1598_bacteria_4198.jpeg,1208,808,L,8691160b8bf87a85b2778ed6a743b054,person1598,bacterial
train,PNEUMONIA,person1599_bacteria_4200.jpeg,chest_xray_dataset\train\PNEUMONIA\person1599_bacteria_4200.jpeg,1624,864,L,4022fa37df1c923e2f57fdeb59c87218,person1599,bacterial
train,PNEUMONIA,person1599_bacteria_4201.jpeg,chest_xray_dataset\train\PNEUMONIA\person1599_bacteria_4201.jpeg,1520,1152,L,a607d732e451f7e1aacd00e45f60e183,person1599,bacterial
train,PNEUMONIA,person1599_virus_2775.jpeg,chest_xray_dataset\train\PNEUMONIA\person1599_virus_2775.jpeg,1136,888,L,4f19346ef5648d996e932c79902b21d9,person1599,viral
train,PNEUMONIA,person1599_virus_2776.jpeg,chest_xray_dataset\train\PNEUMONIA\person1599_virus_2776.jpeg,1112,832,L,e368f0f485edf14631982ec89598127e,person1599,viral
train,PNEUMONIA,person15_bacteria_52.jpeg,chest_xray_dataset\train\PNEUMONIA\person15_bacteria_52.jpeg,1280,751,L,d412eb520d72c7ca904ff5e8bdd346c8,person15,bacterial
train,PNEUMONIA,person1600_bacteria_4202.jpeg,chest_xray_dataset\train\PNEUMONIA\person1600_bacteria_4202.jpeg,1848,1488,L,b572b9706d1df11245fce9073728f920,person1600,bacterial
train,PNEUMONIA,person1600_virus_2777.jpeg,chest_xray_dataset\train\PNEUMONIA\person1600_virus_2777.jpeg,1296,832,L,767127e05bfc39bb985836c65132f71b,person1600,viral
train,PNEUMONIA,person1601_bacteria_4209.jpeg,chest_xray_dataset\train\PNEUMONIA\person1601_bacteria_4209.jpeg,1256,840,L,5ca1ee003305ef6ee3a3e1fb6c45d032,person1601,bacterial
train,PNEUMONIA,person1601_bacteria_4212.jpeg,chest_xray_dataset\train\PNEUMONIA\person1601_bacteria_4212.jpeg,1400,880,L,a76680b3179dacf4bf4c87cb071146a8,person1601,bacterial
train,PNEUMONIA,person1602_bacteria_4218.jpeg,chest_xray_dataset\train\PNEUMONIA\person1602_bacteria_4218.jpeg,1568,992,L,898e626ddf24611fdf6d370e8b49dab2,person1602,bacterial
train,PNEUMONIA,person1602_virus_2780.jpeg,chest_xray_dataset\train\PNEUMONIA\person1602_virus_2780.jpeg,1216,880,L,1cb99230ad88e7451b44837d85940ffe,person1602,viral
train,PNEUMONIA,person1603_virus_2781.jpeg,chest_xray_dataset\train\PNEUMONIA\person1603_virus_2781.jpeg,1616,1232,L,1f27bc4e02c12212c9c9bbea2bb36e8c,person1603,viral
train,PNEUMONIA,person1604_virus_2782.jpeg,chest_xray_dataset\train\PNEUMONIA\person1604_virus_2782.jpeg,1016,656,L,5332dd09c9e81b3b6e92e267272a0035,person1604,viral
train,PNEUMONIA,person1605_bacteria_4226.jpeg,chest_xray_dataset\train\PNEUMONIA\person1605_bacteria_4226.jpeg,1136,888,L,11cd32d6d5affd66f7021d729ff57611,person1605,bacterial
train,PNEUMONIA,person1607_bacteria_4232.jpeg,chest_xray_dataset\train\PNEUMONIA\person1607_bacteria_4232.jpeg,1064,624,L,2f6e9d5bd8f3ee45299320856a618634,person1607,bacterial
train,PNEUMONIA,person1607_virus_2785.jpeg,chest_xray_dataset\train\PNEUMONIA\person1607_virus_2785.jpeg,1056,568,L,6a2d9906653c7cc1f56f556b249fef7d,person1607,viral
train,PNEUMONIA,person1608_bacteria_4235.jpeg,chest_xray_dataset\train\PNEUMONIA\person1608_bacteria_4235.jpeg,1168,640,L,8ae436efe74f5d82e8c820c835885d5d,person1608,bacterial
train,PNEUMONIA,person1609_bacteria_4236.jpeg,chest_xray_dataset\train\PNEUMONIA\person1609_bacteria_4236.jpeg,1312,824,L,c3a1e760292c6644c012f976709dbd5d,person1609,bacterial
train,PNEUMONIA,person1609_bacteria_4237.jpeg,chest_xray_dataset\train\PNEUMONIA\person1609_bacteria_4237.jpeg,1560,1160,L,a762cf46a1f885dea8a237b51f13cfa2,person1609,bacterial
train,PNEUMONIA,person1609_bacteria_4239.jpeg,chest_xray_dataset\train\PNEUMONIA\person1609_bacteria_4239.jpeg,1480,1008,L,1c6230b41ac1e8f19ab17b735d2c3a32,person1609,bacterial
train,PNEUMONIA,person1609_virus_2790.jpeg,chest_xray_dataset\train\PNEUMONIA\person1609_virus_2790.jpeg,1416,824,L,cf2814388a85b1417e3f2e978afac798,person1609,viral
train,PNEUMONIA,person1609_virus_2791.jpeg,chest_xray_dataset\train\PNEUMONIA\person1609_virus_2791.jpeg,1408,976,L,af104b48a4fd1d07196f9e87be33ed2e,person1609,viral
train,PNEUMONIA,person160_virus_316.jpeg,chest_xray_dataset\train\PNEUMONIA\person160_virus_316.jpeg,1536,1120,L,490cb557ca1bd44491b12b5baf129860,person160,viral
train,PNEUMONIA,person1610_bacteria_4240.jpeg,chest_xray_dataset\train\PNEUMONIA\person1610_bacteria_4240.jpeg,1112,736,L,d0b86ee2339ebea6db701435e27c213e,person1610,bacterial
train,PNEUMONIA,person1611_bacteria_4241.jpeg,chest_xray_dataset\train\PNEUMONIA\person1611_bacteria_4241.jpeg,1144,632,L,29a1c596c6ede875613231c58c51bdc2,person1611,bacterial
train,PNEUMONIA,person1613_bacteria_4247.jpeg,chest_xray_dataset\train\PNEUMONIA\person1613_bacteria_4247.jpeg,1376,800,L,9e7fe1f080da2453d449d00aa13558e0,person1613,bacterial
train,PNEUMONIA,person1614_bacteria_4248.jpeg,chest_xray_dataset\train\PNEUMONIA\person1614_bacteria_4248.jpeg,1392,824,L,bc36d88cddcb4d162b5e02d0cfa1a81e,person1614,bacterial
train,PNEUMONIA,person1615_bacteria_4249.jpeg,chest_xray_dataset\train\PNEUMONIA\person1615_bacteria_4249.jpeg,1224,1072,L,96957e2874fb88cab943b823f1740449,person1615,bacterial
train,PNEUMONIA,person1616_bacteria_4251.jpeg,chest_xray_dataset\train\PNEUMONIA\person1616_bacteria_4251.jpeg,1008,696,L,e7f5c41ecca201d9587cd8cf9858540f,person1616,bacterial
train,PNEUMONIA,person1617_bacteria_4254.jpeg,chest_xray_dataset\train\PNEUMONIA\person1617_bacteria_4254.jpeg,816,456,L,445bade67ff71d92f6a0db841a3c14a8,person1617,bacterial
train,PNEUMONIA,person1617_bacteria_4255.jpeg,chest_xray_dataset\train\PNEUMONIA\person1617_bacteria_4255.jpeg,944,440,L,bc79d5d4448b6976f4377408005d5531,person1617,bacterial
train,PNEUMONIA,person1617_bacteria_4256.jpeg,chest_xray_dataset\train\PNEUMONIA\person1617_bacteria_4256.jpeg,864,528,L,2e4a0386d408e8ac1bce500723efc387,person1617,bacterial
train,PNEUMONIA,person1618_bacteria_4258.jpeg,chest_xray_dataset\train\PNEUMONIA\person1618_bacteria_4258.jpeg,1248,760,L,f921cc08dddd248a2c0b5ee0bb629e3d,person1618,bacterial
train,PNEUMONIA,person1619_bacteria_4261.jpeg,chest_xray_dataset\train\PNEUMONIA\person1619_bacteria_4261.jpeg,1400,1040,L,9b9c3daba4e10488fe6c5aacb4e9e309,person1619,bacterial
train,PNEUMONIA,person1619_bacteria_4262.jpeg,chest_xray_dataset\train\PNEUMONIA\person1619_bacteria_4262.jpeg,1424,904,L,e421a85d6686840d40b551a9142d06c3,person1619,bacterial
train,PNEUMONIA,person1619_bacteria_4266.jpeg,chest_xray_dataset\train\PNEUMONIA\person1619_bacteria_4266.jpeg,1352,968,L,c1be8c4c51cebacead3450b0e3307905,person1619,bacterial
train,PNEUMONIA,person1619_bacteria_4267.jpeg,chest_xray_dataset\train\PNEUMONIA\person1619_bacteria_4267.jpeg,1512,1272,L,061c1fac2e79c2d435a6d4c1e35894e7,person1619,bacterial
train,PNEUMONIA,person1619_bacteria_4268.jpeg,chest_xray_dataset\train\PNEUMONIA\person1619_bacteria_4268.jpeg,1512,1272,L,061c1fac2e79c2d435a6d4c1e35894e7,person1619,bacterial
train,PNEUMONIA,person1619_bacteria_4269.jpeg,chest_xray_dataset\train\PNEUMONIA\person1619_bacteria_4269.jpeg,1392,888,L,8db60ef8967ed3e0a533633432c53161,person1619,bacterial
train,PNEUMONIA,person1619_bacteria_4270.jpeg,chest_xray_dataset\train\PNEUMONIA\person1619_bacteria_4270.jpeg,1352,880,L,429395b84de86fcb727ead714b3dbaf9,person1619,bacterial
train,PNEUMONIA,person1619_bacteria_4271.jpeg,chest_xray_dataset\train\PNEUMONIA\person1619_bacteria_4271.jpeg,1504,912,L,acbad1a937d9e228357fe8894395aed7,person1619,bacterial
train,PNEUMONIA,person161_virus_317.jpeg,chest_xray_dataset\train\PNEUMONIA\person161_virus_317.jpeg,1264,904,L,df02771f1c0df5b5ec53a396237800bb,person161,viral
train,PNEUMONIA,person1620_bacteria_4272.jpeg,chest_xray_dataset\train\PNEUMONIA\person1620_bacteria_4272.jpeg,1224,656,L,2fbafe02c4def0fad613656dfca8bff6,person1620,bacterial
train,PNEUMONIA,person1625_bacteria_4290.jpeg,chest_xray_dataset\train\PNEUMONIA\person1625_bacteria_4290.jpeg,1040,824,L,fb7cd81f84c0885edc1206ec4371ecb5,person1625,bacterial
train,PNEUMONIA,person1626_bacteria_4291.jpeg,chest_xray_dataset\train\PNEUMONIA\person1626_bacteria_4291.jpeg,896,648,L,d04d1c9930620afebf96fa8a87f2e905,person1626,bacterial
train,PNEUMONIA,person1628_bacteria_4293.jpeg,chest_xray_dataset\train\PNEUMONIA\person1628_bacteria_4293.jpeg,1144,896,L,43b9ec83fee8fb6946dfa7919231e94f,person1628,bacterial
train,PNEUMONIA,person1628_bacteria_4294.jpeg,chest_xray_dataset\train\PNEUMONIA\person1628_bacteria_4294.jpeg,1328,1000,L,35d8ed0d8c5fb45f6f447197aec4f84b,person1628,bacterial
train,PNEUMONIA,person1628_bacteria_4295.jpeg,chest_xray_dataset\train\PNEUMONIA\person1628_bacteria_4295.jpeg,1240,744,L,44458a40492ef41597f0955c7fe00f21,person1628,bacterial
train,PNEUMONIA,person1628_bacteria_4296.jpeg,chest_xray_dataset\train\PNEUMONIA\person1628_bacteria_4296.jpeg,1280,848,L,1d5212b8b3359bec6f77a0a72910010c,person1628,bacterial
train,PNEUMONIA,person1628_bacteria_4297.jpeg,chest_xray_dataset\train\PNEUMONIA\person1628_bacteria_4297.jpeg,1304,968,L,78ff1c623db8352507e4530f7eb86e11,person1628,bacterial
train,PNEUMONIA,person1628_bacteria_4298.jpeg,chest_xray_dataset\train\PNEUMONIA\person1628_bacteria_4298.jpeg,1304,968,L,78ff1c623db8352507e4530f7eb86e11,person1628,bacterial
train,PNEUMONIA,person1629_bacteria_4299.jpeg,chest_xray_dataset\train\PNEUMONIA\person1629_bacteria_4299.jpeg,1792,1216,L,fc849708b3e1bb5816df1e110b598089,person1629,bacterial
train,PNEUMONIA,person162_virus_319.jpeg,chest_xray_dataset\train\PNEUMONIA\person162_virus_319.jpeg,1576,1112,L,986fd051b219457daa9cf2a4ff64c93c,person162,viral
train,PNEUMONIA,person162_virus_320.jpeg,chest_xray_dataset\train\PNEUMONIA\person162_virus_320.jpeg,1720,1128,L,d78d9fb2e6b1c62a1c95f3b9788149da,person162,viral
train,PNEUMONIA,person162_virus_321.jpeg,chest_xray_dataset\train\PNEUMONIA\person162_virus_321.jpeg,1424,1224,L,56dea5c125ea059d9de1ce6a7676c00d,person162,viral
train,PNEUMONIA,person162_virus_322.jpeg,chest_xray_dataset\train\PNEUMONIA\person162_virus_322.jpeg,1424,1224,L,56dea5c125ea059d9de1ce6a7676c00d,person162,viral
train,PNEUMONIA,person1630_bacteria_4303.jpeg,chest_xray_dataset\train\PNEUMONIA\person1630_bacteria_4303.jpeg,1552,1096,L,29f1d0b2357e00efee82b1f5f0c6d250,person1630,bacterial
train,PNEUMONIA,person1630_bacteria_4304.jpeg,chest_xray_dataset\train\PNEUMONIA\person1630_bacteria_4304.jpeg,1792,1232,L,545cf99844e25b71670e26df8c9d2725,person1630,bacterial
train,PNEUMONIA,person1634_bacteria_4326.jpeg,chest_xray_dataset\train\PNEUMONIA\person1634_bacteria_4326.jpeg,1648,1096,L,3f926c146fc573360be492c1262584d5,person1634,bacterial
train,PNEUMONIA,person1634_bacteria_4331.jpeg,chest_xray_dataset\train\PNEUMONIA\person1634_bacteria_4331.jpeg,1720,1112,L,5d4f0c15811de1963acf4d49e97100b5,person1634,bacterial
train,PNEUMONIA,person1634_bacteria_4334.jpeg,chest_xray_dataset\train\PNEUMONIA\person1634_bacteria_4334.jpeg,1824,976,L,bf87edd4c9879b5e2bf75c5d5333b0f3,person1634,bacterial
train,PNEUMONIA,person1635_bacteria_4335.jpeg,chest_xray_dataset\train\PNEUMONIA\person1635_bacteria_4335.jpeg,1224,848,L,9c442b16d65b0374d5e063efbce046d5,person1635,bacterial
train,PNEUMONIA,person1636_bacteria_4337.jpeg,chest_xray_dataset\train\PNEUMONIA\person1636_bacteria_4337.jpeg,1608,1024,L,d5a7467d3b6210eb6e6613c02b5b2b55,person1636,bacterial
train,PNEUMONIA,person1636_bacteria_4338.jpeg,chest_xray_dataset\train\PNEUMONIA\person1636_bacteria_4338.jpeg,1624,864,L,32ceb3c44a6ae3c9eec2915163d1d152,person1636,bacterial
train,PNEUMONIA,person1637_bacteria_4339.jpeg,chest_xray_dataset\train\PNEUMONIA\person1637_bacteria_4339.jpeg,1936,1536,L,b1c056075d1b62d01200f512153d4048,person1637,bacterial
train,PNEUMONIA,person1638_bacteria_4340.jpeg,chest_xray_dataset\train\PNEUMONIA\person1638_bacteria_4340.jpeg,1976,1496,L,360eaeca8bea2094f87a86744b43f8ea,person1638,bacterial
train,PNEUMONIA,person1638_bacteria_4341.jpeg,chest_xray_dataset\train\PNEUMONIA\person1638_bacteria_4341.jpeg,1736,1328,L,32335937f409e09b2b23534bf4a4e5f3,person1638,bacterial
train,PNEUMONIA,person1638_bacteria_4342.jpeg,chest_xray_dataset\train\PNEUMONIA\person1638_bacteria_4342.jpeg,1656,1088,L,c4739d76a95a417b6ee3816fc47dc212,person1638,bacterial
train,PNEUMONIA,person1639_bacteria_4343.jpeg,chest_xray_dataset\train\PNEUMONIA\person1639_bacteria_4343.jpeg,832,583,RGB,8bfac30132821fbc4fb1867e88f25b0e,person1639,bacterial
train,PNEUMONIA,person1639_bacteria_4344.jpeg,chest_xray_dataset\train\PNEUMONIA\person1639_bacteria_4344.jpeg,1248,688,L,6efd938287944cc680dcf09bc5bd43e7,person1639,bacterial
train,PNEUMONIA,person1639_bacteria_4345.jpeg,chest_xray_dataset\train\PNEUMONIA\person1639_bacteria_4345.jpeg,781,476,RGB,8bf1d6bb3e8cbf250868b0700d8940bd,person1639,bacterial
train,PNEUMONIA,person1639_bacteria_4347.jpeg,chest_xray_dataset\train\PNEUMONIA\person1639_bacteria_4347.jpeg,809,476,RGB,82d9e80f4d086c6fec12ef9c940402ee,person1639,bacterial
train,PNEUMONIA,person1640_bacteria_4348.jpeg,chest_xray_dataset\train\PNEUMONIA\person1640_bacteria_4348.jpeg,855,507,RGB,3ed087e81cec6df4e3079ce8804ff14b,person1640,bacterial
train,PNEUMONIA,person1641_bacteria_4350.jpeg,chest_xray_dataset\train\PNEUMONIA\person1641_bacteria_4350.jpeg,1072,648,L,f0f100d7b9f9dfda1f587f1e03586cc7,person1641,bacterial
train,PNEUMONIA,person1642_bacteria_4352.jpeg,chest_xray_dataset\train\PNEUMONIA\person1642_bacteria_4352.jpeg,724,286,RGB,1ba35d6224b1b170737877d9c4a552c2,person1642,bacterial
train,PNEUMONIA,person1642_bacteria_4353.jpeg,chest_xray_dataset\train\PNEUMONIA\person1642_bacteria_4353.jpeg,698,413,RGB,195acca8fc97456b081689c02ad373bc,person1642,bacterial
train,PNEUMONIA,person1643_bacteria_4354.jpeg,chest_xray_dataset\train\PNEUMONIA\person1643_bacteria_4354.jpeg,1088,664,L,e42d4dfa0ede18a30c518f2691dbebb9,person1643,bacterial
train,PNEUMONIA,person1644_bacteria_4356.jpeg,chest_xray_dataset\train\PNEUMONIA\person1644_bacteria_4356.jpeg,741,421,RGB,5d0d6b10effea17e9c937880e9a3e3c3,person1644,bacterial
train,PNEUMONIA,person1644_bacteria_4357.jpeg,chest_xray_dataset\train\PNEUMONIA\person1644_bacteria_4357.jpeg,645,329,RGB,7edf0557daf3073abe2d1ffd6d746d1f,person1644,bacterial
train,PNEUMONIA,person1644_bacteria_4358.jpeg,chest_xray_dataset\train\PNEUMONIA\person1644_bacteria_4358.jpeg,1040,536,L,d4e0fa4d206ac6fd6b061ca205f08e98,person1644,bacterial
train,PNEUMONIA,person1644_bacteria_4360.jpeg,chest_xray_dataset\train\PNEUMONIA\person1644_bacteria_4360.jpeg,718,401,RGB,488924a9f8f87fdb0285802b71ecb8ff,person1644,bacterial
train,PNEUMONIA,person1644_bacteria_4361.jpeg,chest_xray_dataset\train\PNEUMONIA\person1644_bacteria_4361.jpeg,720,325,RGB,10631cc9402ba75aea2207b1e88ff204,person1644,bacterial
train,PNEUMONIA,person1644_bacteria_4362.jpeg,chest_xray_dataset\train\PNEUMONIA\person1644_bacteria_4362.jpeg,1048,680,L,1fd0f205c950579551cecd2e7f099460,person1644,bacterial
train,PNEUMONIA,person1645_bacteria_4363.jpeg,chest_xray_dataset\train\PNEUMONIA\person1645_bacteria_4363.jpeg,1152,664,L,cd6bac3acf0563d2699b14b6fc9e3f11,person1645,bacterial
train,PNEUMONIA,person1646_bacteria_4368.jpeg,chest_xray_dataset\train\PNEUMONIA\person1646_bacteria_4368.jpeg,976,712,L,94cd03c395e69b5dbc755ac8b50341c8,person1646,bacterial
train,PNEUMONIA,person1647_bacteria_4372.jpeg,chest_xray_dataset\train\PNEUMONIA\person1647_bacteria_4372.jpeg,936,776,L,96632e03239c43702ad393c2c91db648,person1647,bacterial
train,PNEUMONIA,person1648_bacteria_4373.jpeg,chest_xray_dataset\train\PNEUMONIA\person1648_bacteria_4373.jpeg,1056,720,L,16b3190477f1613d7bf3596b84665d7a,person1648,bacterial
train,PNEUMONIA,person1648_bacteria_4375.jpeg,chest_xray_dataset\train\PNEUMONIA\person1648_bacteria_4375.jpeg,1144,656,L,bc24dd41c4890925e4f4a43da36983d9,person1648,bacterial
train,PNEUMONIA,person1648_bacteria_4376.jpeg,chest_xray_dataset\train\PNEUMONIA\person1648_bacteria_4376.jpeg,1144,824,L,bf9b17ac4e6b2a81a75bbecefbb0e8f2,person1648,bacterial
train,PNEUMONIA,person1649_bacteria_4377.jpeg,chest_xray_dataset\train\PNEUMONIA\person1649_bacteria_4377.jpeg,1040,728,L,6aa7ba31980ca8625aef068eab309f88,person1649,bacterial
train,PNEUMONIA,person1649_bacteria_4378.jpeg,chest_xray_dataset\train\PNEUMONIA\person1649_bacteria_4378.jpeg,1032,888,L,b37b1b5a1fb363d4c372a984f7e36d67,person1649,bacterial
train,PNEUMONIA,person1649_bacteria_4379.jpeg,chest_xray_dataset\train\PNEUMONIA\person1649_bacteria_4379.jpeg,1152,832,L,010b5fe25d829c94666064eca1c62a43,person1649,bacterial
train,PNEUMONIA,person1651_bacteria_4381.jpeg,chest_xray_dataset\train\PNEUMONIA\person1651_bacteria_4381.jpeg,1176,816,L,c4c572edbb47bb8ee7f85761f0bc7e04,person1651,bacterial
train,PNEUMONIA,person1652_bacteria_4383.jpeg,chest_xray_dataset\train\PNEUMONIA\person1652_bacteria_4383.jpeg,1232,624,L,50f0ef7e76b8b5b87dff52cc5376fa4b,person1652,bacterial
train,PNEUMONIA,person1657_bacteria_4398.jpeg,chest_xray_dataset\train\PNEUMONIA\person1657_bacteria_4398.jpeg,1552,1120,L,88c47d1919d41135c9cf6f43fd5eb9fb,person1657,bacterial
train,PNEUMONIA,person1657_bacteria_4399.jpeg,chest_xray_dataset\train\PNEUMONIA\person1657_bacteria_4399.jpeg,1456,1160,L,05acf87daeb1e0de0b9561ce0ed550f3,person1657,bacterial
train,PNEUMONIA,person1657_bacteria_4400.jpeg,chest_xray_dataset\train\PNEUMONIA\person1657_bacteria_4400.jpeg,1504,1200,L,d08e8308fa7e279c79543688fc6dc7d4,person1657,bacterial
train,PNEUMONIA,person1658_bacteria_4402.jpeg,chest_xray_dataset\train\PNEUMONIA\person1658_bacteria_4402.jpeg,1680,1168,L,db570739230e3722d23a5e8df8d4043f,person1658,bacterial
train,PNEUMONIA,person1660_bacteria_4404.jpeg,chest_xray_dataset\train\PNEUMONIA\person1660_bacteria_4404.jpeg,1032,552,L,6d29924291188d5a69439348ce051fa6,person1660,bacterial
train,PNEUMONIA,person1661_bacteria_4406.jpeg,chest_xray_dataset\train\PNEUMONIA\person1661_bacteria_4406.jpeg,607,347,RGB,c3316e9a3b634ea1098a78a6c9913ee4,person1661,bacterial
train,PNEUMONIA,person1663_bacteria_4411.jpeg,chest_xray_dataset\train\PNEUMONIA\person1663_bacteria_4411.jpeg,1416,864,L,915ff548f2c55d283ca6c130c8adb14a,person1663,bacterial
train,PNEUMONIA,person1663_bacteria_4412.jpeg,chest_xray_dataset\train\PNEUMONIA\person1663_bacteria_4412.jpeg,1272,952,L,d318bc93944c76a809b9259291052f8e,person1663,bacterial
train,PNEUMONIA,person1665_bacteria_4415.jpeg,chest_xray_dataset\train\PNEUMONIA\person1665_bacteria_4415.jpeg,1160,784,L,77a2cd478f9a52ecf4d4354cb7481f15,person1665,bacterial
train,PNEUMONIA,person1666_bacteria_4416.jpeg,chest_xray_dataset\train\PNEUMONIA\person1666_bacteria_4416.jpeg,1824,1040,L,684fc3d127d6e9d913dda98f389170ce,person1666,bacterial
train,PNEUMONIA,person1667_bacteria_4417.jpeg,chest_xray_dataset\train\PNEUMONIA\person1667_bacteria_4417.jpeg,1024,648,L,e4e65a3bdc5ec404a922cebd9575dd74,person1667,bacterial
train,PNEUMONIA,person1667_bacteria_4418.jpeg,chest_xray_dataset\train\PNEUMONIA\person1667_bacteria_4418.jpeg,1144,752,L,564b7318bb0a7e83d27bfd9e1d7d3292,person1667,bacterial
train,PNEUMONIA,person1668_bacteria_4420.jpeg,chest_xray_dataset\train\PNEUMONIA\person1668_bacteria_4420.jpeg,571,310,RGB,292930c8d297d15634c1727856535814,person1668,bacterial
train,PNEUMONIA,person1668_bacteria_4421.jpeg,chest_xray_dataset\train\PNEUMONIA\person1668_bacteria_4421.jpeg,469,270,RGB,9c6496f2c7219a7915c60d222bc0ff8b,person1668,bacterial
train,PNEUMONIA,person1669_bacteria_4422.jpeg,chest_xray_dataset\train\PNEUMONIA\person1669_bacteria_4422.jpeg,482,163,RGB,e6889797b172da577c1e48662f02e7b9,person1669,bacterial
train,PNEUMONIA,person1669_bacteria_4423.jpeg,chest_xray_dataset\train\PNEUMONIA\person1669_bacteria_4423.jpeg,920,696,L,51d888ef789925dd377be8af91e20a15,person1669,bacterial
train,PNEUMONIA,person1669_bacteria_4424.jpeg,chest_xray_dataset\train\PNEUMONIA\person1669_bacteria_4424.jpeg,1032,680,L,8d16adb0bcaeb7e0ef76c221a7e4fdd7,person1669,bacterial
train,PNEUMONIA,person1670_bacteria_4425.jpeg,chest_xray_dataset\train\PNEUMONIA\person1670_bacteria_4425.jpeg,1328,928,L,f0716e04f593a5c4c62f85acb6c15ea0,person1670,bacterial
train,PNEUMONIA,person1670_bacteria_4426.jpeg,chest_xray_dataset\train\PNEUMONIA\person1670_bacteria_4426.jpeg,444,262,RGB,705b6822cd7c37fdbf09c7d85729d24a,person1670,bacterial
train,PNEUMONIA,person1670_bacteria_4427.jpeg,chest_xray_dataset\train\PNEUMONIA\person1670_bacteria_4427.jpeg,1488,1088,L,92f904dfc60f5acea448e7aae756ef11,person1670,bacterial
train,PNEUMONIA,person1670_bacteria_4428.jpeg,chest_xray_dataset\train\PNEUMONIA\person1670_bacteria_4428.jpeg,1352,816,L,7e2842d9c3b02767787d6cc7833ce70e,person1670,bacterial
train,PNEUMONIA,person1670_bacteria_4429.jpeg,chest_xray_dataset\train\PNEUMONIA\person1670_bacteria_4429.jpeg,1288,976,L,84865d4bbe4da56f7493bf7d056823c6,person1670,bacterial
train,PNEUMONIA,person1670_bacteria_4430.jpeg,chest_xray_dataset\train\PNEUMONIA\person1670_bacteria_4430.jpeg,1464,1104,L,e696200308e3d2c4e864c6568a4d3a52,person1670,bacterial
train,PNEUMONIA,person1670_bacteria_4431.jpeg,chest_xray_dataset\train\PNEUMONIA\person1670_bacteria_4431.jpeg,1568,832,L,54f057afff1d7bb1b6502e8b6a00ae7f,person1670,bacterial
train,PNEUMONIA,person1671_bacteria_4432.jpeg,chest_xray_dataset\train\PNEUMONIA\person1671_bacteria_4432.jpeg,1528,1024,L,e62b4957e0d00b3303dc25c64a5db12e,person1671,bacterial
train,PNEUMONIA,person1673_bacteria_4434.jpeg,chest_xray_dataset\train\PNEUMONIA\person1673_bacteria_4434.jpeg,896,624,L,244b38baefcccc85b356969eaa1460d2,person1673,bacterial
train,PNEUMONIA,person1674_bacteria_4437.jpeg,chest_xray_dataset\train\PNEUMONIA\person1674_bacteria_4437.jpeg,1160,936,L,0aa812d6d1d67482a1f4dee7478f2d17,person1674,bacterial
train,PNEUMONIA,person1676_bacteria_4441.jpeg,chest_xray_dataset\train\PNEUMONIA\person1676_bacteria_4441.jpeg,407,178,RGB,effa41207095f55c1cd4dce46828f614,person1676,bacterial
train,PNEUMONIA,person1677_bacteria_4443.jpeg,chest_xray_dataset\train\PNEUMONIA\person1677_bacteria_4443.jpeg,499,261,RGB,daea04762a34de53ebb909524bf7ecbf,person1677,bacterial
train,PNEUMONIA,person1677_bacteria_4444.jpeg,chest_xray_dataset\train\PNEUMONIA\person1677_bacteria_4444.jpeg,500,198,RGB,7f731a301270875de555fb8d617dcc48,person1677,bacterial
train,PNEUMONIA,person1678_bacteria_4446.jpeg,chest_xray_dataset\train\PNEUMONIA\person1678_bacteria_4446.jpeg,1144,928,L,36de2a9515501637cd35585c365d1bbd,person1678,bacterial
train,PNEUMONIA,person1679_bacteria_4448.jpeg,chest_xray_dataset\train\PNEUMONIA\person1679_bacteria_4448.jpeg,480,167,RGB,9f7648d2ae5f77920d3cd2aaa9c09b85,person1679,bacterial
train,PNEUMONIA,person1679_bacteria_4449.jpeg,chest_xray_dataset\train\PNEUMONIA\person1679_bacteria_4449.jpeg,438,168,RGB,7fdd638d2a351ed1219a60860804d33e,person1679,bacterial
train,PNEUMONIA,person1679_bacteria_4450.jpeg,chest_xray_dataset\train\PNEUMONIA\person1679_bacteria_4450.jpeg,549,229,RGB,5afa34d492cec6324bb2f82b952236ad,person1679,bacterial
train,PNEUMONIA,person1679_bacteria_4452.jpeg,chest_xray_dataset\train\PNEUMONIA\person1679_bacteria_4452.jpeg,1080,672,L,c598159c153e914fbd0adb4f70022dae,person1679,bacterial
train,PNEUMONIA,person1679_bacteria_4453.jpeg,chest_xray_dataset\train\PNEUMONIA\person1679_bacteria_4453.jpeg,1160,632,L,248fd9f23992d5fc2034868926bb5670,person1679,bacterial
train,PNEUMONIA,person1680_bacteria_4455.jpeg,chest_xray_dataset\train\PNEUMONIA\person1680_bacteria_4455.jpeg,984,544,L,7baff8f52c838e8d872c3064db71fb32,person1680,bacterial
train,PNEUMONIA,person1682_bacteria_4459.jpeg,chest_xray_dataset\train\PNEUMONIA\person1682_bacteria_4459.jpeg,1120,744,L,767fb4748f40cdbfd9f558fb2021e3cd,person1682,bacterial
train,PNEUMONIA,person1683_bacteria_4460.jpeg,chest_xray_dataset\train\PNEUMONIA\person1683_bacteria_4460.jpeg,2072,1440,L,2f8974901ffa1400196306f1094adeec,person1683,bacterial
train,PNEUMONIA,person1684_bacteria_4461.jpeg,chest_xray_dataset\train\PNEUMONIA\person1684_bacteria_4461.jpeg,499,188,RGB,3ecc69f69e9c68f24414d134d24975de,person1684,bacterial
train,PNEUMONIA,person1684_bacteria_4462.jpeg,chest_xray_dataset\train\PNEUMONIA\person1684_bacteria_4462.jpeg,494,151,RGB,92c9e107102ebacf341fdff2f67d98ca,person1684,bacterial
train,PNEUMONIA,person1684_bacteria_4463.jpeg,chest_xray_dataset\train\PNEUMONIA\person1684_bacteria_4463.jpeg,984,568,L,7f19ff1bdd13c914f6f66689fa9d40bd,person1684,bacterial
train,PNEUMONIA,person1685_bacteria_4465.jpeg,chest_xray_dataset\train\PNEUMONIA\person1685_bacteria_4465.jpeg,1248,744,L,c4e4ac9b5f48e80cdc6d45134f6e69ff,person1685,bacterial
train,PNEUMONIA,person1686_bacteria_4466.jpeg,chest_xray_dataset\train\PNEUMONIA\person1686_bacteria_4466.jpeg,503,260,RGB,8f562e3db5b6e2e94e396ad2ed681a19,person1686,bacterial
train,PNEUMONIA,person1687_bacteria_4468.jpeg,chest_xray_dataset\train\PNEUMONIA\person1687_bacteria_4468.jpeg,1096,784,L,43eddd67f0f804aa0a1e25ab800f357d,person1687,bacterial
train,PNEUMONIA,person1689_bacteria_4472.jpeg,chest_xray_dataset\train\PNEUMONIA\person1689_bacteria_4472.jpeg,1024,632,L,94c60430c79e0a25358e61866d41aab5,person1689,bacterial
train,PNEUMONIA,person1689_bacteria_4473.jpeg,chest_xray_dataset\train\PNEUMONIA\person1689_bacteria_4473.jpeg,567,258,RGB,d8aacf7571a20953eaeee1bf67813562,person1689,bacterial
train,PNEUMONIA,person1689_bacteria_4474.jpeg,chest_xray_dataset\train\PNEUMONIA\person1689_bacteria_4474.jpeg,437,144,RGB,6c5264bc5c54678f48f8d2d4496abb03,person1689,bacterial
train,PNEUMONIA,person1690_bacteria_4475.jpeg,chest_xray_dataset\train\PNEUMONIA\person1690_bacteria_4475.jpeg,1664,1472,L,538a025f85d5e563e0a34420347db594,person1690,bacterial
train,PNEUMONIA,person1691_bacteria_4479.jpeg,chest_xray_dataset\train\PNEUMONIA\person1691_bacteria_4479.jpeg,1336,816,L,57f9c9984022b2ff0942b8738b6ca13d,person1691,bacterial
train,PNEUMONIA,person1691_bacteria_4481.jpeg,chest_xray_dataset\train\PNEUMONIA\person1691_bacteria_4481.jpeg,1320,1016,L,517ac69c0bc9ebd300c65dc1071f57ff,person1691,bacterial
train,PNEUMONIA,person1693_bacteria_4485.jpeg,chest_xray_dataset\train\PNEUMONIA\person1693_bacteria_4485.jpeg,399,164,RGB,812b5004f4f745c16e91a7ed21fe6778,person1693,bacterial
train,PNEUMONIA,person1695_bacteria_4492.jpeg,chest_xray_dataset\train\PNEUMONIA\person1695_bacteria_4492.jpeg,824,640,L,a022ed2347df4b46c4b2fd32e51864a6,person1695,bacterial
train,PNEUMONIA,person1696_bacteria_4495.jpeg,chest_xray_dataset\train\PNEUMONIA\person1696_bacteria_4495.jpeg,1072,648,L,934b7cc2091a7447447bdcf9ff663f4c,person1696,bacterial
train,PNEUMONIA,person1697_bacteria_4496.jpeg,chest_xray_dataset\train\PNEUMONIA\person1697_bacteria_4496.jpeg,1320,688,L,d45aacc01be3ae41489dd11db99a1305,person1697,bacterial
train,PNEUMONIA,person1698_bacteria_4497.jpeg,chest_xray_dataset\train\PNEUMONIA\person1698_bacteria_4497.jpeg,1152,696,L,682945e2fb1723c03e804ce78ddbb22e,person1698,bacterial
train,PNEUMONIA,person1699_bacteria_4498.jpeg,chest_xray_dataset\train\PNEUMONIA\person1699_bacteria_4498.jpeg,1384,808,L,2aa0e3c8f754c94b4c0916fcd38f552a,person1699,bacterial
train,PNEUMONIA,person16_bacteria_53.jpeg,chest_xray_dataset\train\PNEUMONIA\person16_bacteria_53.jpeg,1470,1033,L,9505945bca9b0a021e893a34d6beea89,person16,bacterial
train,PNEUMONIA,person16_bacteria_54.jpeg,chest_xray_dataset\train\PNEUMONIA\person16_bacteria_54.jpeg,1460,924,L,d9f02398403002b3110b632cb3362438,person16,bacterial
train,PNEUMONIA,person16_bacteria_55.jpeg,chest_xray_dataset\train\PNEUMONIA\person16_bacteria_55.jpeg,1488,936,L,e369e720ab4f7c422d89b840157ab0a8,person16,bacterial
train,PNEUMONIA,person1700_bacteria_4500.jpeg,chest_xray_dataset\train\PNEUMONIA\person1700_bacteria_4500.jpeg,1168,864,L,a36662bc24630e5314dc6fdcc02f73bc,person1700,bacterial
train,PNEUMONIA,person1700_bacteria_4502.jpeg,chest_xray_dataset\train\PNEUMONIA\person1700_bacteria_4502.jpeg,550,276,RGB,6e9519e1b3b0a21e7db7c82e31a83674,person1700,bacterial
train,PNEUMONIA,person1701_bacteria_4504.jpeg,chest_xray_dataset\train\PNEUMONIA\person1701_bacteria_4504.jpeg,1408,864,L,474929e9c014302b98309b41d9f0d6f6,person1701,bacterial
train,PNEUMONIA,person1702_bacteria_4506.jpeg,chest_xray_dataset\train\PNEUMONIA\person1702_bacteria_4506.jpeg,438,179,RGB,78872d2aff2b178acf476a2b5cb8bcb4,person1702,bacterial
train,PNEUMONIA,person1702_bacteria_4508.jpeg,chest_xray_dataset\train\PNEUMONIA\person1702_bacteria_4508.jpeg,1048,816,L,921778475c20039391983bc3e87797ca,person1702,bacterial
train,PNEUMONIA,person1702_bacteria_4509.jpeg,chest_xray_dataset\train\PNEUMONIA\person1702_bacteria_4509.jpeg,1064,648,L,6327584dbe08084cb4558676836d5818,person1702,bacterial
train,PNEUMONIA,person1702_bacteria_4510.jpeg,chest_xray_dataset\train\PNEUMONIA\person1702_bacteria_4510.jpeg,968,656,L,c19f0cce86c0331933f8d8edb7b95a17,person1702,bacterial
train,PNEUMONIA,person1702_bacteria_4511.jpeg,chest_xray_dataset\train\PNEUMONIA\person1702_bacteria_4511.jpeg,1064,776,L,ba6710199b797e3c3c76d448a2b88200,person1702,bacterial
train,PNEUMONIA,person1705_bacteria_4515.jpeg,chest_xray_dataset\train\PNEUMONIA\person1705_bacteria_4515.jpeg,446,232,RGB,cf7cec22d1e8dd37b6896869338dd10c,person1705,bacterial
train,PNEUMONIA,person1706_bacteria_4516.jpeg,chest_xray_dataset\train\PNEUMONIA\person1706_bacteria_4516.jpeg,461,175,RGB,bef1dc837fe62be5d2684b22e90f74a1,person1706,bacterial
train,PNEUMONIA,person1707_bacteria_4520.jpeg,chest_xray_dataset\train\PNEUMONIA\person1707_bacteria_4520.jpeg,514,269,RGB,16da0ee766f6a26ad61803c534f4ded1,person1707,bacterial
train,PNEUMONIA,person1708_bacteria_4521.jpeg,chest_xray_dataset\train\PNEUMONIA\person1708_bacteria_4521.jpeg,1616,1328,L,00b9f25b4f76fd58322639b69ace999e,person1708,bacterial
train,PNEUMONIA,person1709_bacteria_4522.jpeg,chest_xray_dataset\train\PNEUMONIA\person1709_bacteria_4522.jpeg,1288,848,L,0bb4c65b7394559ec209de04ed00a4c1,person1709,bacterial
train,PNEUMONIA,person1709_bacteria_4523.jpeg,chest_xray_dataset\train\PNEUMONIA\person1709_bacteria_4523.jpeg,441,255,RGB,e1361bb7834be1d231dd2b0d57e20ef5,person1709,bacterial
train,PNEUMONIA,person1709_bacteria_4524.jpeg,chest_xray_dataset\train\PNEUMONIA\person1709_bacteria_4524.jpeg,1168,1016,L,f7b9cc5b2dab9ff9e5fb897a250f0382,person1709,bacterial
train,PNEUMONIA,person1710_bacteria_4525.jpeg,chest_xray_dataset\train\PNEUMONIA\person1710_bacteria_4525.jpeg,968,584,L,bf8021ebde6bac8a7843e614700f8a17,person1710,bacterial
train,PNEUMONIA,person1710_bacteria_4526.jpeg,chest_xray_dataset\train\PNEUMONIA\person1710_bacteria_4526.jpeg,450,230,RGB,68befb54f344068e4496216769c819d1,person1710,bacterial
train,PNEUMONIA,person1711_bacteria_4527.jpeg,chest_xray_dataset\train\PNEUMONIA\person1711_bacteria_4527.jpeg,1168,784,L,4caeec777ecbf005a406cafa98aa2f9e,person1711,bacterial
train,PNEUMONIA,person1712_bacteria_4529.jpeg,chest_xray_dataset\train\PNEUMONIA\person1712_bacteria_4529.jpeg,1328,1064,L,82927d7677ed7096f254c3a990f54292,person1712,bacterial
train,PNEUMONIA,person1713_bacteria_4530.jpeg,chest_xray_dataset\train\PNEUMONIA\person1713_bacteria_4530.jpeg,1104,744,L,b73739167613fe7f5db889dd8593e8d7,person1713,bacterial
train,PNEUMONIA,person1715_bacteria_4532.jpeg,chest_xray_dataset\train\PNEUMONIA\person1715_bacteria_4532.jpeg,1216,984,L,bc2ca4d9a0a0d5ef8604127b17c90687,person1715,bacterial
train,PNEUMONIA,person1716_bacteria_4533.jpeg,chest_xray_dataset\train\PNEUMONIA\person1716_bacteria_4533.jpeg,564,194,RGB,5bc37d182d8324d212b0f0f98b1db0c2,person1716,bacterial
train,PNEUMONIA,person1717_bacteria_4534.jpeg,chest_xray_dataset\train\PNEUMONIA\person1717_bacteria_4534.jpeg,1184,816,L,2f8b9d6755331d2f25d3a4e43be556ee,person1717,bacterial
train,PNEUMONIA,person1717_bacteria_4536.jpeg,chest_xray_dataset\train\PNEUMONIA\person1717_bacteria_4536.jpeg,1352,680,L,3b2748aeeff656c7d9003b8ebf4ec1e5,person1717,bacterial
train,PNEUMONIA,person1718_bacteria_4538.jpeg,chest_xray_dataset\train\PNEUMONIA\person1718_bacteria_4538.jpeg,1664,1248,L,0a9d592455f9877966c5f0c5bcd113ee,person1718,bacterial
train,PNEUMONIA,person1718_bacteria_4540.jpeg,chest_xray_dataset\train\PNEUMONIA\person1718_bacteria_4540.jpeg,1800,1256,L,d94ed9fa3d24bf38f4781dcaa5e0783d,person1718,bacterial
train,PNEUMONIA,person1719_bacteria_4541.jpeg,chest_xray_dataset\train\PNEUMONIA\person1719_bacteria_4541.jpeg,557,177,RGB,efeff35b0f5ef2868bf38989f3fb0415,person1719,bacterial
train,PNEUMONIA,person1719_bacteria_4542.jpeg,chest_xray_dataset\train\PNEUMONIA\person1719_bacteria_4542.jpeg,481,234,RGB,6a02242683c6cfaf28e73f62eb1e73d2,person1719,bacterial
train,PNEUMONIA,person1719_bacteria_4544.jpeg,chest_xray_dataset\train\PNEUMONIA\person1719_bacteria_4544.jpeg,462,200,RGB,96843dba5123af39f2c00bd757322eb4,person1719,bacterial
train,PNEUMONIA,person1720_bacteria_4545.jpeg,chest_xray_dataset\train\PNEUMONIA\person1720_bacteria_4545.jpeg,1152,648,L,6df75f6fea051c75b6fbc6f1f857257b,person1720,bacterial
train,PNEUMONIA,person1721_bacteria_4546.jpeg,chest_xray_dataset\train\PNEUMONIA\person1721_bacteria_4546.jpeg,1160,816,L,00c9d4f0de8b3bea5857678b68285c5a,person1721,bacterial
train,PNEUMONIA,person1722_bacteria_4547.jpeg,chest_xray_dataset\train\PNEUMONIA\person1722_bacteria_4547.jpeg,415,354,RGB,ce58df4ec5d76dfaf72f87aefcdcaaaf,person1722,bacterial
train,PNEUMONIA,person1723_bacteria_4548.jpeg,chest_xray_dataset\train\PNEUMONIA\person1723_bacteria_4548.jpeg,457,295,RGB,bb015bce8442bb14b778bbfc95bddfa7,person1723,bacterial
train,PNEUMONIA,person1724_bacteria_4549.jpeg,chest_xray_dataset\train\PNEUMONIA\person1724_bacteria_4549.jpeg,1160,736,L,bab7eb48c2239d203d70baef764dea32,person1724,bacterial
train,PNEUMONIA,person1725_bacteria_4550.jpeg,chest_xray_dataset\train\PNEUMONIA\person1725_bacteria_4550.jpeg,514,275,RGB,790629d0d8b62563e6ac07feb16f4dea,person1725,bacterial
train,PNEUMONIA,person1725_bacteria_4551.jpeg,chest_xray_dataset\train\PNEUMONIA\person1725_bacteria_4551.jpeg,450,250,RGB,7139ddebfc82673ab8781e4c9aba28b4,person1725,bacterial
train,PNEUMONIA,person1726_bacteria_4552.jpeg,chest_xray_dataset\train\PNEUMONIA\person1726_bacteria_4552.jpeg,1136,792,L,b823ca6adafc21c343e49b16b217dda6,person1726,bacterial
train,PNEUMONIA,person1728_bacteria_4555.jpeg,chest_xray_dataset\train\PNEUMONIA\person1728_bacteria_4555.jpeg,486,186,RGB,af247d8a43ba1de775aca3ddb480b091,person1728,bacterial
train,PNEUMONIA,person1728_bacteria_4556.jpeg,chest_xray_dataset\train\PNEUMONIA\person1728_bacteria_4556.jpeg,455,178,RGB,3dda4ed66e6554a5d564dfc546f01e65,person1728,bacterial
train,PNEUMONIA,person1729_bacteria_4557.jpeg,chest_xray_dataset\train\PNEUMONIA\person1729_bacteria_4557.jpeg,1168,728,L,67339095f87b44157a07d1bca10182e7,person1729,bacterial
train,PNEUMONIA,person1730_bacteria_4558.jpeg,chest_xray_dataset\train\PNEUMONIA\person1730_bacteria_4558.jpeg,872,560,L,4d44d2ed5bc6487f7642ab1e929db2fd,person1730,bacterial
train,PNEUMONIA,person1730_bacteria_4559.jpeg,chest_xray_dataset\train\PNEUMONIA\person1730_bacteria_4559.jpeg,808,552,L,1e1abc160bec3d64f78c1b38736af217,person1730,bacterial
train,PNEUMONIA,person1731_bacteria_4563.jpeg,chest_xray_dataset\train\PNEUMONIA\person1731_bacteria_4563.jpeg,1184,704,L,2bfa1b857b932e07a466fab4a566b0cb,person1731,bacterial
train,PNEUMONIA,person1732_bacteria_4564.jpeg,chest_xray_dataset\train\PNEUMONIA\person1732_bacteria_4564.jpeg,492,156,RGB,aea8c2d7bceb45666e179252838f5b04,person1732,bacterial
train,PNEUMONIA,person1733_bacteria_4566.jpeg,chest_xray_dataset\train\PNEUMONIA\person1733_bacteria_4566.jpeg,912,456,L,e9568c98a422490db3ae2ff2d38f93b1,person1733,bacterial
train,PNEUMONIA,person1735_bacteria_4570.jpeg,chest_xray_dataset\train\PNEUMONIA\person1735_bacteria_4570.jpeg,1656,1048,L,1ce40cb3c4ea13bf3899e97f58822213,person1735,bacterial
train,PNEUMONIA,person1737_bacteria_4573.jpeg,chest_xray_dataset\train\PNEUMONIA\person1737_bacteria_4573.jpeg,2072,1768,L,7549afe5c3468bf4c86f6c6a3cdadd40,person1737,bacterial
train,PNEUMONIA,person1739_bacteria_4576.jpeg,chest_xray_dataset\train\PNEUMONIA\person1739_bacteria_4576.jpeg,1016,672,L,fca8a04d9e3630f69b73bd1031718cd2,person1739,bacterial
train,PNEUMONIA,person1740_bacteria_4579.jpeg,chest_xray_dataset\train\PNEUMONIA\person1740_bacteria_4579.jpeg,1720,1328,L,e0ad7d8652e18c3431743e69c39c81c4,person1740,bacterial
train,PNEUMONIA,person1744_bacteria_4583.jpeg,chest_xray_dataset\train\PNEUMONIA\person1744_bacteria_4583.jpeg,1416,1208,L,ac4b3605bd730ebb750e0dfd6795e873,person1744,bacterial
train,PNEUMONIA,person1745_bacteria_4584.jpeg,chest_xray_dataset\train\PNEUMONIA\person1745_bacteria_4584.jpeg,1792,1280,L,a93ded397821f15392d1e7882f97f92e,person1745,bacterial
train,PNEUMONIA,person1746_bacteria_4585.jpeg,chest_xray_dataset\train\PNEUMONIA\person1746_bacteria_4585.jpeg,2072,1440,L,a44ef5c5cb88d21efd00de06dd4dff66,person1746,bacterial
train,PNEUMONIA,person1748_bacteria_4588.jpeg,chest_xray_dataset\train\PNEUMONIA\person1748_bacteria_4588.jpeg,1904,1744,L,1834a0eb08a465ced51ef7c4a3a56bc1,person1748,bacterial
train,PNEUMONIA,person1749_bacteria_4590.jpeg,chest_xray_dataset\train\PNEUMONIA\person1749_bacteria_4590.jpeg,493,289,RGB,12395b1ad5a3b7ad40b5208be83a096d,person1749,bacterial
train,PNEUMONIA,person1751_bacteria_4592.jpeg,chest_xray_dataset\train\PNEUMONIA\person1751_bacteria_4592.jpeg,462,241,RGB,7cdfe04ad97efd4d99d2d23ac27c24df,person1751,bacterial
train,PNEUMONIA,person1753_bacteria_4594.jpeg,chest_xray_dataset\train\PNEUMONIA\person1753_bacteria_4594.jpeg,1480,680,L,21c479a18dd9c7dcb7ae575fe6b6732d,person1753,bacterial
train,PNEUMONIA,person1756_bacteria_4598.jpeg,chest_xray_dataset\train\PNEUMONIA\person1756_bacteria_4598.jpeg,1424,1128,L,4b66007464dac2f1117a56ec3e15d945,person1756,bacterial
train,PNEUMONIA,person1757_bacteria_4599.jpeg,chest_xray_dataset\train\PNEUMONIA\person1757_bacteria_4599.jpeg,920,664,L,18eff6fb24fe207218fe625d6a1cb1b4,person1757,bacterial
train,PNEUMONIA,person1758_bacteria_4600.jpeg,chest_xray_dataset\train\PNEUMONIA\person1758_bacteria_4600.jpeg,1728,1392,L,935e5914f1c2296c12e5308335ac5545,person1758,bacterial
train,PNEUMONIA,person1760_bacteria_4602.jpeg,chest_xray_dataset\train\PNEUMONIA\person1760_bacteria_4602.jpeg,952,632,L,4f0354f29a299fea674307b6c40d6f92,person1760,bacterial
train,PNEUMONIA,person1761_bacteria_4603.jpeg,chest_xray_dataset\train\PNEUMONIA\person1761_bacteria_4603.jpeg,467,217,RGB,ab259a9a690ef551dcdcf2b961ea9941,person1761,bacterial
train,PNEUMONIA,person1763_bacteria_4606.jpeg,chest_xray_dataset\train\PNEUMONIA\person1763_bacteria_4606.jpeg,483,178,RGB,1728be9edf21f85b0bf1feaca6de4d1a,person1763,bacterial
train,PNEUMONIA,person1764_bacteria_4607.jpeg,chest_xray_dataset\train\PNEUMONIA\person1764_bacteria_4607.jpeg,1120,632,L,29723c03bc9173a8926d3977a3813dff,person1764,bacterial
train,PNEUMONIA,person1765_bacteria_4608.jpeg,chest_xray_dataset\train\PNEUMONIA\person1765_bacteria_4608.jpeg,1256,856,L,b79af2bc6b9b8a43f24e7f1f9fc25709,person1765,bacterial
train,PNEUMONIA,person1770_bacteria_4613.jpeg,chest_xray_dataset\train\PNEUMONIA\person1770_bacteria_4613.jpeg,984,608,L,4d7a5de7825ea177ee5c76e2e88cb489,person1770,bacterial
train,PNEUMONIA,person1770_bacteria_4614.jpeg,chest_xray_dataset\train\PNEUMONIA\person1770_bacteria_4614.jpeg,485,229,RGB,cc3b878a250ba92dc21dcddbca73aa53,person1770,bacterial
train,PNEUMONIA,person1771_bacteria_4615.jpeg,chest_xray_dataset\train\PNEUMONIA\person1771_bacteria_4615.jpeg,1760,1352,L,2908515d94221f8c5333ed5af63f242f,person1771,bacterial
train,PNEUMONIA,person1777_bacteria_4622.jpeg,chest_xray_dataset\train\PNEUMONIA\person1777_bacteria_4622.jpeg,952,584,L,f715bcd7487530712ca7c8fe145b1e8e,person1777,bacterial
train,PNEUMONIA,person1779_bacteria_4626.jpeg,chest_xray_dataset\train\PNEUMONIA\person1779_bacteria_4626.jpeg,984,544,L,62705e34b1e8c8fbc254eb3e51e6081d,person1779,bacterial
train,PNEUMONIA,person1784_bacteria_4631.jpeg,chest_xray_dataset\train\PNEUMONIA\person1784_bacteria_4631.jpeg,888,632,L,eddfe1300a70e02a84f65b721ef369ec,person1784,bacterial
train,PNEUMONIA,person1787_bacteria_4634.jpeg,chest_xray_dataset\train\PNEUMONIA\person1787_bacteria_4634.jpeg,984,520,L,9e7a6ce6fe8c0b0067e45bcb23d4c34c,person1787,bacterial
train,PNEUMONIA,person1790_bacteria_4638.jpeg,chest_xray_dataset\train\PNEUMONIA\person1790_bacteria_4638.jpeg,1016,624,L,c5729b7fb682f5e0fa668e3cf8f59e75,person1790,bacterial
train,PNEUMONIA,person1796_bacteria_4644.jpeg,chest_xray_dataset\train\PNEUMONIA\person1796_bacteria_4644.jpeg,1080,712,L,7f5643a09b6e85e16cee2faa646dbb81,person1796,bacterial
train,PNEUMONIA,person1799_bacteria_4647.jpeg,chest_xray_dataset\train\PNEUMONIA\person1799_bacteria_4647.jpeg,1192,520,L,5c6cdef53f7b5621092882b709570f71,person1799,bacterial
train,PNEUMONIA,person17_bacteria_56.jpeg,chest_xray_dataset\train\PNEUMONIA\person17_bacteria_56.jpeg,1256,932,L,da91ceb9621ca56b289d25266072bde0,person17,bacterial
train,PNEUMONIA,person1803_bacteria_4651.jpeg,chest_xray_dataset\train\PNEUMONIA\person1803_bacteria_4651.jpeg,1056,672,L,d09c28d3d687cc8606baa3f91ea50c67,person1803,bacterial
train,PNEUMONIA,person1803_bacteria_4652.jpeg,chest_xray_dataset\train\PNEUMONIA\person1803_bacteria_4652.jpeg,976,672,L,5589263d2b8694fbe1dcecc60704502f,person1803,bacterial
train,PNEUMONIA,person1810_bacteria_4664.jpeg,chest_xray_dataset\train\PNEUMONIA\person1810_bacteria_4664.jpeg,944,672,L,14b5b7985824906023f122c585551d7a,person1810,bacterial
train,PNEUMONIA,person1812_bacteria_4667.jpeg,chest_xray_dataset\train\PNEUMONIA\person1812_bacteria_4667.jpeg,976,560,L,7e8c4a0c461bff3a770215490b5cb17d,person1812,bacterial
train,PNEUMONIA,person1814_bacteria_4669.jpeg,chest_xray_dataset\train\PNEUMONIA\person1814_bacteria_4669.jpeg,912,576,L,1ae88f2c907ebc6e4a7d19f9c74747fe,person1814,bacterial
train,PNEUMONIA,person1816_bacteria_4673.jpeg,chest_xray_dataset\train\PNEUMONIA\person1816_bacteria_4673.jpeg,1272,592,L,57d64d3d4cd478a2c231b91b49f770f7,person1816,bacterial
train,PNEUMONIA,person1816_bacteria_4674.jpeg,chest_xray_dataset\train\PNEUMONIA\person1816_bacteria_4674.jpeg,1240,728,L,da7fb0f58b894fcbe487ba19e79ca296,person1816,bacterial
train,PNEUMONIA,person1817_bacteria_4675.jpeg,chest_xray_dataset\train\PNEUMONIA\person1817_bacteria_4675.jpeg,1184,792,L,aedecd03b016b4e31f5326ac6f576af4,person1817,bacterial
train,PNEUMONIA,person1818_bacteria_4676.jpeg,chest_xray_dataset\train\PNEUMONIA\person1818_bacteria_4676.jpeg,1320,768,L,2d84bbb060f87aa856c90a89771e0d03,person1818,bacterial
train,PNEUMONIA,person1819_bacteria_4677.jpeg,chest_xray_dataset\train\PNEUMONIA\person1819_bacteria_4677.jpeg,1576,848,L,8f79c7b85038a83c0d367b7f15c80b55,person1819,bacterial
train,PNEUMONIA,person1823_bacteria_4682.jpeg,chest_xray_dataset\train\PNEUMONIA\person1823_bacteria_4682.jpeg,1080,784,L,654ac465ee2db7047f0ce48af24877a7,person1823,bacterial
train,PNEUMONIA,person1830_bacteria_4693.jpeg,chest_xray_dataset\train\PNEUMONIA\person1830_bacteria_4693.jpeg,1584,1104,L,a94e1f6cc88d3a6e6e8458eac3eaf752,person1830,bacterial
train,PNEUMONIA,person1835_bacteria_4699.jpeg,chest_xray_dataset\train\PNEUMONIA\person1835_bacteria_4699.jpeg,1064,672,L,ec7bc80d923d5cc3fc2385ab3d91aa9f,person1835,bacterial
train,PNEUMONIA,person1838_bacteria_4703.jpeg,chest_xray_dataset\train\PNEUMONIA\person1838_bacteria_4703.jpeg,1328,888,L,a37468b5f71c0e61d076daa40781054f,person1838,bacterial
train,PNEUMONIA,person1839_bacteria_4705.jpeg,chest_xray_dataset\train\PNEUMONIA\person1839_bacteria_4705.jpeg,1056,736,L,39c35e2d79f8ae31fea7643658f07c54,person1839,bacterial
train,PNEUMONIA,person1841_bacteria_4708.jpeg,chest_xray_dataset\train\PNEUMONIA\person1841_bacteria_4708.jpeg,1216,1040,L,18d977e22c6f9f909dad23dd73732817,person1841,bacterial
train,PNEUMONIA,person1843_bacteria_4710.jpeg,chest_xray_dataset\train\PNEUMONIA\person1843_bacteria_4710.jpeg,888,784,L,3fb07e49b4b5f086106bd68bb3cc77aa,person1843,bacterial
train,PNEUMONIA,person1847_bacteria_4716.jpeg,chest_xray_dataset\train\PNEUMONIA\person1847_bacteria_4716.jpeg,1344,824,L,187ed531daa3f5d57455c5b12eb95b62,person1847,bacterial
train,PNEUMONIA,person1848_bacteria_4719.jpeg,chest_xray_dataset\train\PNEUMONIA\person1848_bacteria_4719.jpeg,1312,792,L,3bb008e334cfeccff3ec91331d0bad93,person1848,bacterial
train,PNEUMONIA,person1850_bacteria_4721.jpeg,chest_xray_dataset\train\PNEUMONIA\person1850_bacteria_4721.jpeg,880,520,L,c2977836ff008851a19625ab3871acac,person1850,bacterial
train,PNEUMONIA,person1851_bacteria_4722.jpeg,chest_xray_dataset\train\PNEUMONIA\person1851_bacteria_4722.jpeg,1080,776,L,63068906e51f337f5c122dfb8920bbf4,person1851,bacterial
train,PNEUMONIA,person1852_bacteria_4724.jpeg,chest_xray_dataset\train\PNEUMONIA\person1852_bacteria_4724.jpeg,1712,1224,L,5b0de2c06aaa38a52d53d1c15b171319,person1852,bacterial
train,PNEUMONIA,person1855_bacteria_4727.jpeg,chest_xray_dataset\train\PNEUMONIA\person1855_bacteria_4727.jpeg,1048,664,L,b731e54e8b424a65cda1fa569e851db1,person1855,bacterial
train,PNEUMONIA,person1857_bacteria_4729.jpeg,chest_xray_dataset\train\PNEUMONIA\person1857_bacteria_4729.jpeg,1040,544,L,7a8ad310d74a566c767fb458dbc8f2cb,person1857,bacterial
train,PNEUMONIA,person1858_bacteria_4730.jpeg,chest_xray_dataset\train\PNEUMONIA\person1858_bacteria_4730.jpeg,1416,800,L,0f592d4c90c15b2e5cf34b1a4fdb581d,person1858,bacterial
train,PNEUMONIA,person1859_bacteria_4731.jpeg,chest_xray_dataset\train\PNEUMONIA\person1859_bacteria_4731.jpeg,1520,952,L,b382b11cf75c9c3154cc716eee3b0f27,person1859,bacterial
train,PNEUMONIA,person1860_bacteria_4732.jpeg,chest_xray_dataset\train\PNEUMONIA\person1860_bacteria_4732.jpeg,1112,640,L,bb1e0f66cd636bb9c3f015b76d9568f7,person1860,bacterial
train,PNEUMONIA,person1863_bacteria_4735.jpeg,chest_xray_dataset\train\PNEUMONIA\person1863_bacteria_4735.jpeg,1072,720,L,b41e5103ede95cf2ecbf0681ebcea8bf,person1863,bacterial
train,PNEUMONIA,person1864_bacteria_4736.jpeg,chest_xray_dataset\train\PNEUMONIA\person1864_bacteria_4736.jpeg,984,552,L,9b7f831a57a6ba83e8f7553e60cf6be8,person1864,bacterial
train,PNEUMONIA,person1865_bacteria_4737.jpeg,chest_xray_dataset\train\PNEUMONIA\person1865_bacteria_4737.jpeg,1688,1488,L,a1f31934b80e471c79e19197ff13c225,person1865,bacterial
train,PNEUMONIA,person1865_bacteria_4739.jpeg,chest_xray_dataset\train\PNEUMONIA\person1865_bacteria_4739.jpeg,1824,1384,L,fcb3249280a6723df7f9ea48e41b18b4,person1865,bacterial
train,PNEUMONIA,person1866_bacteria_4740.jpeg,chest_xray_dataset\train\PNEUMONIA\person1866_bacteria_4740.jpeg,1864,1648,L,b1ab5c65702524b98f3db678ea7fbb07,person1866,bacterial
train,PNEUMONIA,person1867_bacteria_4741.jpeg,chest_xray_dataset\train\PNEUMONIA\person1867_bacteria_4741.jpeg,1592,1352,L,52f2a7907f05c4e5c9959ec93ff5b365,person1867,bacterial
train,PNEUMONIA,person1868_bacteria_4743.jpeg,chest_xray_dataset\train\PNEUMONIA\person1868_bacteria_4743.jpeg,912,456,L,710f2e1780b1eaa74b050c2e6b8db55a,person1868,bacterial
train,PNEUMONIA,person1869_bacteria_4745.jpeg,chest_xray_dataset\train\PNEUMONIA\person1869_bacteria_4745.jpeg,1184,808,L,7320a2ec747d3f9bb528ffc0dfea28bb,person1869,bacterial
train,PNEUMONIA,person1872_bacteria_4750.jpeg,chest_xray_dataset\train\PNEUMONIA\person1872_bacteria_4750.jpeg,1704,1616,L,fdac39e2cd522c61a971482f9c43fa10,person1872,bacterial
train,PNEUMONIA,person1872_bacteria_4751.jpeg,chest_xray_dataset\train\PNEUMONIA\person1872_bacteria_4751.jpeg,1848,1392,L,7d765ddd2caf9427a92adc6b54fe3b42,person1872,bacterial
train,PNEUMONIA,person1875_bacteria_4756.jpeg,chest_xray_dataset\train\PNEUMONIA\person1875_bacteria_4756.jpeg,1632,1208,L,b7b4bf0b5c7e9877ca1d831c78eac404,person1875,bacterial
train,PNEUMONIA,person1876_bacteria_4760.jpeg,chest_xray_dataset\train\PNEUMONIA\person1876_bacteria_4760.jpeg,1216,720,L,7ced184aa9d150a5fe3d82aa97a77c60,person1876,bacterial
train,PNEUMONIA,person1877_bacteria_4761.jpeg,chest_xray_dataset\train\PNEUMONIA\person1877_bacteria_4761.jpeg,1544,1096,L,f9a335d57cd0d779346d505438d3bc23,person1877,bacterial
train,PNEUMONIA,person1879_bacteria_4764.jpeg,chest_xray_dataset\train\PNEUMONIA\person1879_bacteria_4764.jpeg,1312,848,L,557b59c0c7ab3522b54f5fe7b73d3f18,person1879,bacterial
train,PNEUMONIA,person1880_bacteria_4765.jpeg,chest_xray_dataset\train\PNEUMONIA\person1880_bacteria_4765.jpeg,1136,768,L,119e758079dd3607593032b5011ea373,person1880,bacterial
train,PNEUMONIA,person1881_bacteria_4767.jpeg,chest_xray_dataset\train\PNEUMONIA\person1881_bacteria_4767.jpeg,1224,776,L,bad091b0f701f48e94a5abc2be605375,person1881,bacterial
train,PNEUMONIA,person1883_bacteria_4769.jpeg,chest_xray_dataset\train\PNEUMONIA\person1883_bacteria_4769.jpeg,1904,1560,L,01ad0374dcc2927e95d93b6c1a5c6bda,person1883,bacterial
train,PNEUMONIA,person1884_bacteria_4771.jpeg,chest_xray_dataset\train\PNEUMONIA\person1884_bacteria_4771.jpeg,1040,648,L,634cae9e7e878d6da5b745b368317b68,person1884,bacterial
train,PNEUMONIA,person1885_bacteria_4772.jpeg,chest_xray_dataset\train\PNEUMONIA\person1885_bacteria_4772.jpeg,1152,832,L,b754847a919d6dc9daefc29f397e9782,person1885,bacterial
train,PNEUMONIA,person1886_bacteria_4773.jpeg,chest_xray_dataset\train\PNEUMONIA\person1886_bacteria_4773.jpeg,1368,944,L,e8034c5fbf3690f0c8a28e0b07ce0d01,person1886,bacterial
train,PNEUMONIA,person1888_bacteria_4775.jpeg,chest_xray_dataset\train\PNEUMONIA\person1888_bacteria_4775.jpeg,1568,1272,L,b0c691441cf065ce0ea7fd7b178a3bdf,person1888,bacterial
train,PNEUMONIA,person1893_bacteria_4781.jpeg,chest_xray_dataset\train\PNEUMONIA\person1893_bacteria_4781.jpeg,1008,568,L,12c23a7d3de8890fd858e993288749f4,person1893,bacterial
train,PNEUMONIA,person1896_bacteria_4788.jpeg,chest_xray_dataset\train\PNEUMONIA\person1896_bacteria_4788.jpeg,1184,808,L,884cd9fc4ebb62fca252771903ec0f30,person1896,bacterial
train,PNEUMONIA,person1897_bacteria_4789.jpeg,chest_xray_dataset\train\PNEUMONIA\person1897_bacteria_4789.jpeg,1192,728,L,177000d0e9d1a361dcff49d5eefd7284,person1897,bacterial
train,PNEUMONIA,person18_bacteria_57.jpeg,chest_xray_dataset\train\PNEUMONIA\person18_bacteria_57.jpeg,1504,1033,L,7b9a6543ec9aa351fbd33dfa5dbf9721,person18,bacterial
train,PNEUMONIA,person1901_bacteria_4795.jpeg,chest_xray_dataset\train\PNEUMONIA\person1901_bacteria_4795.jpeg,896,568,L,7f267449c24323060062c33c436a4a7c,person1901,bacterial
train,PNEUMONIA,person1903_bacteria_4797.jpeg,chest_xray_dataset\train\PNEUMONIA\person1903_bacteria_4797.jpeg,1640,936,L,aaba7dbacc01df9a079668dafcd0a8ee,person1903,bacterial
train,PNEUMONIA,person1904_bacteria_4798.jpeg,chest_xray_dataset\train\PNEUMONIA\person1904_bacteria_4798.jpeg,1024,560,L,14a2c3edb3ddef5abed75ad5ead16a07,person1904,bacterial
train,PNEUMONIA,person1905_bacteria_4801.jpeg,chest_xray_dataset\train\PNEUMONIA\person1905_bacteria_4801.jpeg,1512,1192,L,6b703eae62528629c3d9eeee0c51bd77,person1905,bacterial
train,PNEUMONIA,person1906_bacteria_4803.jpeg,chest_xray_dataset\train\PNEUMONIA\person1906_bacteria_4803.jpeg,1256,680,L,b70facd9b5d3cc0c9a2b4571c852bc27,person1906,bacterial
train,PNEUMONIA,person1907_bacteria_4806.jpeg,chest_xray_dataset\train\PNEUMONIA\person1907_bacteria_4806.jpeg,984,656,L,20183bc81dfb5c5878d3c4af7b681435,person1907,bacterial
train,PNEUMONIA,person1908_bacteria_4811.jpeg,chest_xray_dataset\train\PNEUMONIA\person1908_bacteria_4811.jpeg,1352,880,L,357c2293c54bb9e62d0ade7a44a2ebc9,person1908,bacterial
train,PNEUMONIA,person1910_bacteria_4814.jpeg,chest_xray_dataset\train\PNEUMONIA\person1910_bacteria_4814.jpeg,952,520,L,1f89291d0183031c808ea266882c708a,person1910,bacterial
train,PNEUMONIA,person1911_bacteria_4815.jpeg,chest_xray_dataset\train\PNEUMONIA\person1911_bacteria_4815.jpeg,1272,664,L,ee37f4efbd05eed4a448a83d6d8c214a,person1911,bacterial
train,PNEUMONIA,person1912_bacteria_4816.jpeg,chest_xray_dataset\train\PNEUMONIA\person1912_bacteria_4816.jpeg,1520,920,L,fecbcae1fb73ee33beef5b7bfc990a7e,person1912,bacterial
train,PNEUMONIA,person1912_bacteria_4817.jpeg,chest_xray_dataset\train\PNEUMONIA\person1912_bacteria_4817.jpeg,1720,992,L,02c4abde254f4dda02a7008281d38f53,person1912,bacterial
train,PNEUMONIA,person1916_bacteria_4821.jpeg,chest_xray_dataset\train\PNEUMONIA\person1916_bacteria_4821.jpeg,1480,872,L,c05a112566e22b492be2463f379df923,person1916,bacterial
train,PNEUMONIA,person1917_bacteria_4823.jpeg,chest_xray_dataset\train\PNEUMONIA\person1917_bacteria_4823.jpeg,1360,856,L,f7d40ecddaa3447bcc9124b8e135bc3f,person1917,bacterial
train,PNEUMONIA,person1918_bacteria_4825.jpeg,chest_xray_dataset\train\PNEUMONIA\person1918_bacteria_4825.jpeg,1384,1024,L,804e26c945fd662fa6ea9eb87368c018,person1918,bacterial
train,PNEUMONIA,person1921_bacteria_4828.jpeg,chest_xray_dataset\train\PNEUMONIA\person1921_bacteria_4828.jpeg,1120,776,L,a9b8f7a7001c72842eade30ced6d7f38,person1921,bacterial
train,PNEUMONIA,person1922_bacteria_4830.jpeg,chest_xray_dataset\train\PNEUMONIA\person1922_bacteria_4830.jpeg,1160,800,L,e1c7d7a3d833d74b3bdfed4d5eadf7b2,person1922,bacterial
train,PNEUMONIA,person1923_bacteria_4831.jpeg,chest_xray_dataset\train\PNEUMONIA\person1923_bacteria_4831.jpeg,1464,944,L,7413bea997186f58beff93bb0402ce42,person1923,bacterial
train,PNEUMONIA,person1924_bacteria_4832.jpeg,chest_xray_dataset\train\PNEUMONIA\person1924_bacteria_4832.jpeg,1160,920,L,46d4ee9b352ed6c309565f3ab321a6de,person1924,bacterial
train,PNEUMONIA,person1924_bacteria_4833.jpeg,chest_xray_dataset\train\PNEUMONIA\person1924_bacteria_4833.jpeg,1136,680,L,f8df8030eb284b2fd0a8c7ce2880c735,person1924,bacterial
train,PNEUMONIA,person1926_bacteria_4835.jpeg,chest_xray_dataset\train\PNEUMONIA\person1926_bacteria_4835.jpeg,1096,784,L,90d0b2e9a7f77228483862aa3a7b1c6a,person1926,bacterial
train,PNEUMONIA,person1927_bacteria_4836.jpeg,chest_xray_dataset\train\PNEUMONIA\person1927_bacteria_4836.jpeg,1416,912,L,107b6a9ce4578ab327e7f1dc09e3ed5b,person1927,bacterial
train,PNEUMONIA,person1927_bacteria_4837.jpeg,chest_xray_dataset\train\PNEUMONIA\person1927_bacteria_4837.jpeg,1288,792,L,4a194977137ed7c8f4b1098947decf0a,person1927,bacterial
train,PNEUMONIA,person1929_bacteria_4839.jpeg,chest_xray_dataset\train\PNEUMONIA\person1929_bacteria_4839.jpeg,976,672,L,a531c9d77ca72286c42a43defd31b449,person1929,bacterial
train,PNEUMONIA,person1930_bacteria_4841.jpeg,chest_xray_dataset\train\PNEUMONIA\person1930_bacteria_4841.jpeg,1072,720,L,77274941709237a9a615aa998f18e5e6,person1930,bacterial
train,PNEUMONIA,person1931_bacteria_4842.jpeg,chest_xray_dataset\train\PNEUMONIA\person1931_bacteria_4842.jpeg,1544,848,L,f5655d9114cb26ed7b5ca2cccf2fc86a,person1931,bacterial
train,PNEUMONIA,person1932_bacteria_4843.jpeg,chest_xray_dataset\train\PNEUMONIA\person1932_bacteria_4843.jpeg,1368,888,L,028fe0075876f86f5d1e242ff37d7771,person1932,bacterial
train,PNEUMONIA,person1933_bacteria_4844.jpeg,chest_xray_dataset\train\PNEUMONIA\person1933_bacteria_4844.jpeg,1728,1224,L,a9d57e5754bbcddc70e3a7224469cec0,person1933,bacterial
train,PNEUMONIA,person1934_bacteria_4846.jpeg,chest_xray_dataset\train\PNEUMONIA\person1934_bacteria_4846.jpeg,1552,1200,L,f293fa9054ee417481d8ac6fa84b002d,person1934,bacterial
train,PNEUMONIA,person1935_bacteria_4847.jpeg,chest_xray_dataset\train\PNEUMONIA\person1935_bacteria_4847.jpeg,1464,1216,L,fcf82c67bfe3e45ff2245b1dee4c4d2a,person1935,bacterial
train,PNEUMONIA,person1935_bacteria_4848.jpeg,chest_xray_dataset\train\PNEUMONIA\person1935_bacteria_4848.jpeg,1736,1136,L,13f7781caa7bd47aef99b6186860a7a4,person1935,bacterial
train,PNEUMONIA,person1935_bacteria_4849.jpeg,chest_xray_dataset\train\PNEUMONIA\person1935_bacteria_4849.jpeg,1504,1152,L,88c6570d8b38df24a7cf287eec0b0864,person1935,bacterial
train,PNEUMONIA,person1935_bacteria_4850.jpeg,chest_xray_dataset\train\PNEUMONIA\person1935_bacteria_4850.jpeg,1648,1280,L,48133bcf85e126162ee47ca941a1a6fb,person1935,bacterial
train,PNEUMONIA,person1936_bacteria_4852.jpeg,chest_xray_dataset\train\PNEUMONIA\person1936_bacteria_4852.jpeg,1064,552,L,e0f7eaeb7e1b0b0dbff516b76a7c7a45,person1936,bacterial
train,PNEUMONIA,person1937_bacteria_4853.jpeg,chest_xray_dataset\train\PNEUMONIA\person1937_bacteria_4853.jpeg,1160,904,L,1eb1bb4b4b59d7eb3c43574fd832ef75,person1937,bacterial
train,PNEUMONIA,person1938_bacteria_4854.jpeg,chest_xray_dataset\train\PNEUMONIA\person1938_bacteria_4854.jpeg,1392,912,L,5071d15a995b9449cfce172491b7ace9,person1938,bacterial
train,PNEUMONIA,person1940_bacteria_4859.jpeg,chest_xray_dataset\train\PNEUMONIA\person1940_bacteria_4859.jpeg,1328,936,L,f41e435f6924bef4848309a5ee1fcc83,person1940,bacterial
train,PNEUMONIA,person1940_bacteria_4861.jpeg,chest_xray_dataset\train\PNEUMONIA\person1940_bacteria_4861.jpeg,1560,1056,L,7586ca52b8b24d5a8d8d62979268f075,person1940,bacterial
train,PNEUMONIA,person1940_bacteria_4862.jpeg,chest_xray_dataset\train\PNEUMONIA\person1940_bacteria_4862.jpeg,1416,984,L,758a65a248582c4cd551fe5edb9a989b,person1940,bacterial
train,PNEUMONIA,person1941_bacteria_4863.jpeg,chest_xray_dataset\train\PNEUMONIA\person1941_bacteria_4863.jpeg,1360,816,L,5d65270b01c48360e417804db564b3ec,person1941,bacterial
train,PNEUMONIA,person1942_bacteria_4865.jpeg,chest_xray_dataset\train\PNEUMONIA\person1942_bacteria_4865.jpeg,1192,928,L,147e1efef8055d1a9ecf53dfd403ba12,person1942,bacterial
train,PNEUMONIA,person1943_bacteria_4868.jpeg,chest_xray_dataset\train\PNEUMONIA\person1943_bacteria_4868.jpeg,1008,512,L,a8d39d68c64146835f6de275166b5699,person1943,bacterial
train,PNEUMONIA,person1944_bacteria_4869.jpeg,chest_xray_dataset\train\PNEUMONIA\person1944_bacteria_4869.jpeg,1352,824,L,a9c81b76073dc2744470fb91e5fa754d,person1944,bacterial
train,PNEUMONIA,person1945_bacteria_4872.jpeg,chest_xray_dataset\train\PNEUMONIA\person1945_bacteria_4872.jpeg,1336,840,L,1de4ef73bfb5d4dbc41e90200bde6cad,person1945,bacterial
train,PNEUMONIA,person19_bacteria_58.jpeg,chest_xray_dataset\train\PNEUMONIA\person19_bacteria_58.jpeg,840,456,L,b0cdf02b8435d7b609a47a86d6432d8f,person19,bacterial
train,PNEUMONIA,person19_bacteria_59.jpeg,chest_xray_dataset\train\PNEUMONIA\person19_bacteria_59.jpeg,1024,736,L,61b029db5ef4813c5e0fe5e0b33a2a3a,person19,bacterial
train,PNEUMONIA,person19_bacteria_60.jpeg,chest_xray_dataset\train\PNEUMONIA\person19_bacteria_60.jpeg,856,632,L,496a4fd4cb6b6d8863579c8b3826be6e,person19,bacterial
train,PNEUMONIA,person19_bacteria_61.jpeg,chest_xray_dataset\train\PNEUMONIA\person19_bacteria_61.jpeg,832,504,L,619e5f8d6d9daf1d955ef8d6d2f17c3c,person19,bacterial
train,PNEUMONIA,person19_bacteria_62.jpeg,chest_xray_dataset\train\PNEUMONIA\person19_bacteria_62.jpeg,952,560,L,f5c7ce742e01d31d57e243932ece47e3,person19,bacterial
train,PNEUMONIA,person19_bacteria_63.jpeg,chest_xray_dataset\train\PNEUMONIA\person19_bacteria_63.jpeg,1064,627,L,c92a2734b98a813250360210ac70726c,person19,bacterial
train,PNEUMONIA,person1_bacteria_1.jpeg,chest_xray_dataset\train\PNEUMONIA\person1_bacteria_1.jpeg,712,439,RGB,c05ae5093aed9af39e4c6ef5fa1ee397,person1,bacterial
train,PNEUMONIA,person1_bacteria_2.jpeg,chest_xray_dataset\train\PNEUMONIA\person1_bacteria_2.jpeg,1240,840,L,304a450bbd3319643627e15743f863e1,person1,bacterial
train,PNEUMONIA,person20_bacteria_64.jpeg,chest_xray_dataset\train\PNEUMONIA\person20_bacteria_64.jpeg,824,656,L,f9e56c293f2602d99482b0d0c91d9520,person20,bacterial
train,PNEUMONIA,person20_bacteria_66.jpeg,chest_xray_dataset\train\PNEUMONIA\person20_bacteria_66.jpeg,1048,736,L,f344f1fcf9077f30b03063394707b74d,person20,bacterial
train,PNEUMONIA,person20_bacteria_67.jpeg,chest_xray_dataset\train\PNEUMONIA\person20_bacteria_67.jpeg,1032,528,L,1820bd0ca00e753b879a86c6cced4a76,person20,bacterial
train,PNEUMONIA,person20_bacteria_69.jpeg,chest_xray_dataset\train\PNEUMONIA\person20_bacteria_69.jpeg,1118,740,L,26e40a3a30adc3d19c869085da62ea84,person20,bacterial
train,PNEUMONIA,person20_bacteria_70.jpeg,chest_xray_dataset\train\PNEUMONIA\person20_bacteria_70.jpeg,880,464,L,6c23a064d6be33e292a0a2cc979c14ff,person20,bacterial
train,PNEUMONIA,person21_bacteria_72.jpeg,chest_xray_dataset\train\PNEUMONIA\person21_bacteria_72.jpeg,1848,1632,L,568eafb99b50601cacd4bb3f96590ed6,person21,bacterial
train,PNEUMONIA,person21_bacteria_73.jpeg,chest_xray_dataset\train\PNEUMONIA\person21_bacteria_73.jpeg,1882,1608,L,584577756147c573ec26f6916d38549d,person21,bacterial
train,PNEUMONIA,person22_bacteria_74.jpeg,chest_xray_dataset\train\PNEUMONIA\person22_bacteria_74.jpeg,1232,968,L,5dbf2723bb7165db076fa4a4989f58bb,person22,bacterial
train,PNEUMONIA,person22_bacteria_76.jpeg,chest_xray_dataset\train\PNEUMONIA\person22_bacteria_76.jpeg,1128,1040,L,12119f87bd9e74957ef333a01416f7cb,person22,bacterial
train,PNEUMONIA,person22_bacteria_77.jpeg,chest_xray_dataset\train\PNEUMONIA\person22_bacteria_77.jpeg,1168,1072,L,9885f0868555d15200ca9de9b08078a4,person22,bacterial
train,PNEUMONIA,person23_bacteria_100.jpeg,chest_xray_dataset\train\PNEUMONIA\person23_bacteria_100.jpeg,984,648,L,f5a52620299892064597eb15b244e285,person23,bacterial
train,PNEUMONIA,person23_bacteria_101.jpeg,chest_xray_dataset\train\PNEUMONIA\person23_bacteria_101.jpeg,1120,880,L,c81e22d35be446a550ba30874828605c,person23,bacterial
train,PNEUMONIA,person23_bacteria_102.jpeg,chest_xray_dataset\train\PNEUMONIA\person23_bacteria_102.jpeg,1152,688,L,8ce2c0c045ee74d9f89a4d51e54ce51b,person23,bacterial
train,PNEUMONIA,person23_bacteria_103.jpeg,chest_xray_dataset\train\PNEUMONIA\person23_bacteria_103.jpeg,1152,784,L,9ba7617a5a5f2d10df3d28b62c87bfc2,person23,bacterial
train,PNEUMONIA,person23_bacteria_104.jpeg,chest_xray_dataset\train\PNEUMONIA\person23_bacteria_104.jpeg,1256,728,L,f503f7c49d3c728c232307fce20dad9a,person23,bacterial
train,PNEUMONIA,person23_bacteria_105.jpeg,chest_xray_dataset\train\PNEUMONIA\person23_bacteria_105.jpeg,1136,792,L,9a863b109ea32f72a3a91b1e3ec107f6,person23,bacterial
train,PNEUMONIA,person23_bacteria_106.jpeg,chest_xray_dataset\train\PNEUMONIA\person23_bacteria_106.jpeg,1000,656,L,703f0aa63df543fedf68774635944d2a,person23,bacterial
train,PNEUMONIA,person23_bacteria_107.jpeg,chest_xray_dataset\train\PNEUMONIA\person23_bacteria_107.jpeg,1224,720,L,72ceeab9c80998d8f8cb5653cd77e391,person23,bacterial
train,PNEUMONIA,person23_bacteria_78.jpeg,chest_xray_dataset\train\PNEUMONIA\person23_bacteria_78.jpeg,1120,640,L,3e7b171e3413013c8dacaa953f6f0e2f,person23,bacterial
train,PNEUMONIA,person23_bacteria_79.jpeg,chest_xray_dataset\train\PNEUMONIA\person23_bacteria_79.jpeg,1200,680,L,cdec5a8d9566247c9568780fc96f95f1,person23,bacterial
train,PNEUMONIA,person23_bacteria_80.jpeg,chest_xray_dataset\train\PNEUMONIA\person23_bacteria_80.jpeg,1264,1072,L,4147e5e02a57c03e47c6b26773760d39,person23,bacterial
train,PNEUMONIA,person23_bacteria_81.jpeg,chest_xray_dataset\train\PNEUMONIA\person23_bacteria_81.jpeg,1056,656,L,a2bb5544c71de9bf00764d243e5d6873,person23,bacterial
train,PNEUMONIA,person23_bacteria_82.jpeg,chest_xray_dataset\train\PNEUMONIA\person23_bacteria_82.jpeg,1272,896,L,f0f0b64e125d1cddc7e809b508246491,person23,bacterial
train,PNEUMONIA,person23_bacteria_83.jpeg,chest_xray_dataset\train\PNEUMONIA\person23_bacteria_83.jpeg,1016,824,L,6122033171020521d480d7617f679f95,person23,bacterial
train,PNEUMONIA,person23_bacteria_84.jpeg,chest_xray_dataset\train\PNEUMONIA\person23_bacteria_84.jpeg,1136,824,L,206629f7a1ca6b465989fc0ae433c560,person23,bacterial
train,PNEUMONIA,person23_bacteria_85.jpeg,chest_xray_dataset\train\PNEUMONIA\person23_bacteria_85.jpeg,1024,656,L,4de2018042fd5e062f97bdcbc19ffe0f,person23,bacterial
train,PNEUMONIA,person23_bacteria_86.jpeg,chest_xray_dataset\train\PNEUMONIA\person23_bacteria_86.jpeg,1144,856,L,c8935ada2592cff5e2b553e07ee0d8be,person23,bacterial
train,PNEUMONIA,person23_bacteria_87.jpeg,chest_xray_dataset\train\PNEUMONIA\person23_bacteria_87.jpeg,1272,736,L,c8974984e810f96b8ecb4f7c7117e40a,person23,bacterial
train,PNEUMONIA,person23_bacteria_88.jpeg,chest_xray_dataset\train\PNEUMONIA\person23_bacteria_88.jpeg,986,634,RGB,c32b84a8d0f1985bf60acfa892247d8b,person23,bacterial
train,PNEUMONIA,person23_bacteria_89.jpeg,chest_xray_dataset\train\PNEUMONIA\person23_bacteria_89.jpeg,944,632,L,af1b3eda2add2968d43265b1e6b23f93,person23,bacterial
train,PNEUMONIA,person23_bacteria_90.jpeg,chest_xray_dataset\train\PNEUMONIA\person23_bacteria_90.jpeg,1160,736,L,8b224e9e6cf1c8633f76eba48976b1ce,person23,bacterial
train,PNEUMONIA,person23_bacteria_91.jpeg,chest_xray_dataset\train\PNEUMONIA\person23_bacteria_91.jpeg,1008,640,L,de75854a6aab69bd0d52f2a7d3cd1580,person23,bacterial
train,PNEUMONIA,person23_bacteria_92.jpeg,chest_xray_dataset\train\PNEUMONIA\person23_bacteria_92.jpeg,1080,712,L,3cf9222894a8278d2997526cea0961ce,person23,bacterial
train,PNEUMONIA,person23_bacteria_93.jpeg,chest_xray_dataset\train\PNEUMONIA\person23_bacteria_93.jpeg,1064,632,L,0c7d8c122875be07bad7440ab99e9a29,person23,bacterial
train,PNEUMONIA,person23_bacteria_94.jpeg,chest_xray_dataset\train\PNEUMONIA\person23_bacteria_94.jpeg,1208,728,L,809dd3984e5f620cb7d136464ec09a06,person23,bacterial
train,PNEUMONIA,person23_bacteria_95.jpeg,chest_xray_dataset\train\PNEUMONIA\person23_bacteria_95.jpeg,1104,704,L,1d1aad100760e174345e41481c66d215,person23,bacterial
train,PNEUMONIA,person23_bacteria_96.jpeg,chest_xray_dataset\train\PNEUMONIA\person23_bacteria_96.jpeg,1072,848,L,c5b934b18e33f60f4bd436f12cb49360,person23,bacterial
train,PNEUMONIA,person23_bacteria_97.jpeg,chest_xray_dataset\train\PNEUMONIA\person23_bacteria_97.jpeg,1064,760,L,d9086f5d8874a16218806c31115a82be,person23,bacterial
train,PNEUMONIA,person23_bacteria_98.jpeg,chest_xray_dataset\train\PNEUMONIA\person23_bacteria_98.jpeg,1152,736,L,82b6e962da2eb8857b002e4f72358102,person23,bacterial
train,PNEUMONIA,person23_bacteria_99.jpeg,chest_xray_dataset\train\PNEUMONIA\person23_bacteria_99.jpeg,1152,816,L,e4f3e472ef20bbc17764856c30bcf839,person23,bacterial
train,PNEUMONIA,person24_bacteria_108.jpeg,chest_xray_dataset\train\PNEUMONIA\person24_bacteria_108.jpeg,1184,792,L,f71c25504b8c83d89f09a8fa38484302,person24,bacterial
train,PNEUMONIA,person24_bacteria_109.jpeg,chest_xray_dataset\train\PNEUMONIA\person24_bacteria_109.jpeg,1304,872,L,8813886180a1e124a198381b777305a0,person24,bacterial
train,PNEUMONIA,person24_bacteria_110.jpeg,chest_xray_dataset\train\PNEUMONIA\person24_bacteria_110.jpeg,1056,680,L,c441599be33903c1384054b29c21ff56,person24,bacterial
train,PNEUMONIA,person24_bacteria_111.jpeg,chest_xray_dataset\train\PNEUMONIA\person24_bacteria_111.jpeg,1048,856,L,cf019c99576e046d3b6cb840a8f1ab54,person24,bacterial
train,PNEUMONIA,person24_bacteria_112.jpeg,chest_xray_dataset\train\PNEUMONIA\person24_bacteria_112.jpeg,1510,1002,L,5daaefa1b4ecdaa11098995600845371,person24,bacterial
train,PNEUMONIA,person253_bacteria_1152.jpeg,chest_xray_dataset\train\PNEUMONIA\person253_bacteria_1152.jpeg,920,544,L,d84d96be18a50fa28b263eab4863f697,person253,bacterial
train,PNEUMONIA,person253_bacteria_1153.jpeg,chest_xray_dataset\train\PNEUMONIA\person253_bacteria_1153.jpeg,968,576,L,4d9b9878fb2656060177b76b1e10b421,person253,bacterial
train,PNEUMONIA,person253_bacteria_1154.jpeg,chest_xray_dataset\train\PNEUMONIA\person253_bacteria_1154.jpeg,936,552,L,4cfb7542341075623cc1c5e93ef0bf6a,person253,bacterial
train,PNEUMONIA,person253_bacteria_1155.jpeg,chest_xray_dataset\train\PNEUMONIA\person253_bacteria_1155.jpeg,1032,592,L,faedee7d786c69bcf7eae090afb7c762,person253,bacterial
train,PNEUMONIA,person253_bacteria_1156.jpeg,chest_xray_dataset\train\PNEUMONIA\person253_bacteria_1156.jpeg,856,544,L,31a4b9afbc4efb1916ee8205a6552640,person253,bacterial
train,PNEUMONIA,person253_bacteria_1157.jpeg,chest_xray_dataset\train\PNEUMONIA\person253_bacteria_1157.jpeg,1106,674,L,b001989b16ba5ca301efbb83e852cf27,person253,bacterial
train,PNEUMONIA,person255_bacteria_1160.jpeg,chest_xray_dataset\train\PNEUMONIA\person255_bacteria_1160.jpeg,888,552,L,8aa18a5c50e57de262ad57d9dfde2b9a,person255,bacterial
train,PNEUMONIA,person255_bacteria_1161.jpeg,chest_xray_dataset\train\PNEUMONIA\person255_bacteria_1161.jpeg,952,632,L,b2545daf36d032fd035315da9c7416f8,person255,bacterial
train,PNEUMONIA,person255_bacteria_1162.jpeg,chest_xray_dataset\train\PNEUMONIA\person255_bacteria_1162.jpeg,920,544,L,bb17b34903564fb8be79ddff68888c84,person255,bacterial
train,PNEUMONIA,person255_bacteria_1165.jpeg,chest_xray_dataset\train\PNEUMONIA\person255_bacteria_1165.jpeg,1096,560,L,f00f0d980ff21e751d49bb7559eb30fe,person255,bacterial
train,PNEUMONIA,person255_bacteria_1175.jpeg,chest_xray_dataset\train\PNEUMONIA\person255_bacteria_1175.jpeg,1088,616,L,aba53820dae409bd91c335093227f09d,person255,bacterial
train,PNEUMONIA,person255_bacteria_1182.jpeg,chest_xray_dataset\train\PNEUMONIA\person255_bacteria_1182.jpeg,1056,632,L,04db1cba2b8b1fa6fb662bb5342c9e40,person255,bacterial
train,PNEUMONIA,person255_bacteria_1188.jpeg,chest_xray_dataset\train\PNEUMONIA\person255_bacteria_1188.jpeg,1256,792,L,530bfe22009b1dca8f0b4ed93e0159b0,person255,bacterial
train,PNEUMONIA,person255_virus_531.jpeg,chest_xray_dataset\train\PNEUMONIA\person255_virus_531.jpeg,960,712,L,7b9eb60d96f104132f9ccaf241512ac6,person255,viral
train,PNEUMONIA,person256_bacteria_1189.jpeg,chest_xray_dataset\train\PNEUMONIA\person256_bacteria_1189.jpeg,1122,798,L,9d049a5562c63e9bc1733fe93305bfa5,person256,bacterial
train,PNEUMONIA,person256_virus_537.jpeg,chest_xray_dataset\train\PNEUMONIA\person256_virus_537.jpeg,1544,1288,L,06ee143e302b5bf613cf2c459f0625bd,person256,viral
train,PNEUMONIA,person257_bacteria_1191.jpeg,chest_xray_dataset\train\PNEUMONIA\person257_bacteria_1191.jpeg,992,592,L,5f37ef397963bcc1afc562bc3307c7de,person257,bacterial
train,PNEUMONIA,person257_bacteria_1193.jpeg,chest_xray_dataset\train\PNEUMONIA\person257_bacteria_1193.jpeg,896,560,L,52fa4f5b8f557a81bbc7872d6e7886c3,person257,bacterial
train,PNEUMONIA,person257_bacteria_1194.jpeg,chest_xray_dataset\train\PNEUMONIA\person257_bacteria_1194.jpeg,1008,720,L,c84dc2be6206ed4451f4dfaba4f36f51,person257,bacterial
train,PNEUMONIA,person257_bacteria_1195.jpeg,chest_xray_dataset\train\PNEUMONIA\person257_bacteria_1195.jpeg,1016,768,L,62c6a36d6a1522495e54bfd89bdf2d09,person257,bacterial
train,PNEUMONIA,person257_bacteria_1196.jpeg,chest_xray_dataset\train\PNEUMONIA\person257_bacteria_1196.jpeg,928,656,L,e64ed3478e135a8bd508129a702d3124,person257,bacterial
train,PNEUMONIA,person257_bacteria_1197.jpeg,chest_xray_dataset\train\PNEUMONIA\person257_bacteria_1197.jpeg,1000,704,L,f25d2fe3dabe71d9ae773a0e31db4a1b,person257,bacterial
train,PNEUMONIA,person257_bacteria_1199.jpeg,chest_xray_dataset\train\PNEUMONIA\person257_bacteria_1199.jpeg,992,760,L,70506f60d579e41f3c06f811a81a568b,person257,bacterial
train,PNEUMONIA,person257_bacteria_1200.jpeg,chest_xray_dataset\train\PNEUMONIA\person257_bacteria_1200.jpeg,928,608,L,c2d8fa5d1c1aa491d541e697bd62f625,person257,bacterial
train,PNEUMONIA,person257_virus_538.jpeg,chest_xray_dataset\train\PNEUMONIA\person257_virus_538.jpeg,1360,952,L,657ef602fe30f6d93ba86f14c8a3611c,person257,viral
train,PNEUMONIA,person258_bacteria_1205.jpeg,chest_xray_dataset\train\PNEUMONIA\person258_bacteria_1205.jpeg,1200,1008,L,030f0fb3b3e56f235eec34c620dcdc67,person258,bacterial
train,PNEUMONIA,person258_bacteria_1206.jpeg,chest_xray_dataset\train\PNEUMONIA\person258_bacteria_1206.jpeg,1072,928,L,18c1c7631739a40623544473f0dc1a74,person258,bacterial
train,PNEUMONIA,person258_bacteria_1207.jpeg,chest_xray_dataset\train\PNEUMONIA\person258_bacteria_1207.jpeg,1056,856,L,99e09ba874a343a760a4dd3bb7642099,person258,bacterial
train,PNEUMONIA,person258_bacteria_1208.jpeg,chest_xray_dataset\train\PNEUMONIA\person258_bacteria_1208.jpeg,1056,856,L,99e09ba874a343a760a4dd3bb7642099,person258,bacterial
train,PNEUMONIA,person258_bacteria_1209.jpeg,chest_xray_dataset\train\PNEUMONIA\person258_bacteria_1209.jpeg,1056,856,L,99e09ba874a343a760a4dd3bb7642099,person258,bacterial
train,PNEUMONIA,person258_bacteria_1210.jpeg,chest_xray_dataset\train\PNEUMONIA\person258_bacteria_1210.jpeg,1056,776,L,961c269898da9fa33f6cc5d4e43dd76e,person258,bacterial
train,PNEUMONIA,person258_bacteria_1212.jpeg,chest_xray_dataset\train\PNEUMONIA\person258_bacteria_1212.jpeg,1216,872,L,19da480a8430291df2a0ad5c9746c2a0,person258,bacterial
train,PNEUMONIA,person258_bacteria_1214.jpeg,chest_xray_dataset\train\PNEUMONIA\person258_bacteria_1214.jpeg,1088,840,L,17ec5f186c39255bec4753250b3bbce7,person258,bacterial
train,PNEUMONIA,person258_bacteria_1215.jpeg,chest_xray_dataset\train\PNEUMONIA\person258_bacteria_1215.jpeg,1072,800,L,fe062683bd7b5abc2f4fca174cb03741,person258,bacterial
train,PNEUMONIA,person258_bacteria_1216.jpeg,chest_xray_dataset\train\PNEUMONIA\person258_bacteria_1216.jpeg,1202,882,L,2504cd220256a821bcaf14f73adca6e3,person258,bacterial
train,PNEUMONIA,person258_virus_539.jpeg,chest_xray_dataset\train\PNEUMONIA\person258_virus_539.jpeg,904,664,L,8f4ba1630059c6b27c04417d03af0c0e,person258,viral
train,PNEUMONIA,person259_bacteria_1217.jpeg,chest_xray_dataset\train\PNEUMONIA\person259_bacteria_1217.jpeg,936,496,L,464c89e5a796afcbbbede2dcfea31977,person259,bacterial
train,PNEUMONIA,person259_bacteria_1219.jpeg,chest_xray_dataset\train\PNEUMONIA\person259_bacteria_1219.jpeg,864,672,L,5660dcd955d6d1a12a056b739f3ed149,person259,bacterial
train,PNEUMONIA,person259_bacteria_1220.jpeg,chest_xray_dataset\train\PNEUMONIA\person259_bacteria_1220.jpeg,760,488,L,f22a174884312441a04bd520cbe51e93,person259,bacterial
train,PNEUMONIA,person259_virus_540.jpeg,chest_xray_dataset\train\PNEUMONIA\person259_virus_540.jpeg,1272,752,L,59e0edf872424726f2824ee6bb81741f,person259,viral
train,PNEUMONIA,person25_bacteria_113.jpeg,chest_xray_dataset\train\PNEUMONIA\person25_bacteria_113.jpeg,1024,712,L,73b9cfb93eb07c41e0677dbce7941b41,person25,bacterial
train,PNEUMONIA,person25_bacteria_114.jpeg,chest_xray_dataset\train\PNEUMONIA\person25_bacteria_114.jpeg,1040,664,L,db1a08cf1a6d82cffdd08514a0773eb8,person25,bacterial
train,PNEUMONIA,person25_bacteria_115.jpeg,chest_xray_dataset\train\PNEUMONIA\person25_bacteria_115.jpeg,1112,856,L,3ce7aec4f06c53416d3457748256fb2a,person25,bacterial
train,PNEUMONIA,person25_bacteria_116.jpeg,chest_xray_dataset\train\PNEUMONIA\person25_bacteria_116.jpeg,1224,1000,L,a9d7fc3c4762605d3ec25fbd16ffbfa6,person25,bacterial
train,PNEUMONIA,person25_bacteria_117.jpeg,chest_xray_dataset\train\PNEUMONIA\person25_bacteria_117.jpeg,1184,832,L,65291ce4d10a9d67189b615da66c4c20,person25,bacterial
train,PNEUMONIA,person25_bacteria_118.jpeg,chest_xray_dataset\train\PNEUMONIA\person25_bacteria_118.jpeg,1136,856,L,4235a664a1bd8be5983be94ccaff8cf3,person25,bacterial
train,PNEUMONIA,person25_bacteria_119.jpeg,chest_xray_dataset\train\PNEUMONIA\person25_bacteria_119.jpeg,928,608,L,5d86aeecea3fddb858443609f59414fc,person25,bacterial
train,PNEUMONIA,person25_bacteria_120.jpeg,chest_xray_dataset\train\PNEUMONIA\person25_bacteria_120.jpeg,1152,760,L,2f4db2bb7f0b7d839ab6958940aca63d,person25,bacterial
train,PNEUMONIA,person25_bacteria_121.jpeg,chest_xray_dataset\train\PNEUMONIA\person25_bacteria_121.jpeg,1210,948,L,8e01a0895564eb7958cdf30f224ae768,person25,bacterial
train,PNEUMONIA,person260_bacteria_1222.jpeg,chest_xray_dataset\train\PNEUMONIA\person260_bacteria_1222.jpeg,1048,872,L,618f5ab1583297feada636ed260426a7,person260,bacterial
train,PNEUMONIA,person260_bacteria_1223.jpeg,chest_xray_dataset\train\PNEUMONIA\person260_bacteria_1223.jpeg,1056,808,L,f545e13610eb46529bd9f57aadd76117,person260,bacterial
train,PNEUMONIA,person260_bacteria_1224.jpeg,chest_xray_dataset\train\PNEUMONIA\person260_bacteria_1224.jpeg,1072,760,L,e9f7d7264dff7d74bb41e8884cde204f,person260,bacterial
train,PNEUMONIA,person260_virus_541.jpeg,chest_xray_dataset\train\PNEUMONIA\person260_virus_541.jpeg,1024,552,L,14286cf93f2d5fd72b2b9f0f17814808,person260,viral
train,PNEUMONIA,person261_bacteria_1225.jpeg,chest_xray_dataset\train\PNEUMONIA\person261_bacteria_1225.jpeg,1102,585,L,5f5b6096a277d326b02d2cef3e5002c1,person261,bacterial
train,PNEUMONIA,person261_virus_543.jpeg,chest_xray_dataset\train\PNEUMONIA\person261_virus_543.jpeg,1192,568,L,2e16e22a5c143ff4ea78f12c95d44690,person261,viral
train,PNEUMONIA,person262_bacteria_1226.jpeg,chest_xray_dataset\train\PNEUMONIA\person262_bacteria_1226.jpeg,1218,840,L,050ea05e73471359c43440de2bad146f,person262,bacterial
train,PNEUMONIA,person262_virus_544.jpeg,chest_xray_dataset\train\PNEUMONIA\person262_virus_544.jpeg,1416,1288,L,aa5c65a7a2e6743576651ee20c3eadda,person262,viral
train,PNEUMONIA,person262_virus_545.jpeg,chest_xray_dataset\train\PNEUMONIA\person262_virus_545.jpeg,1712,1256,L,625a11f118802f76ae67df0aef72c6ef,person262,viral
train,PNEUMONIA,person263_bacteria_1227.jpeg,chest_xray_dataset\train\PNEUMONIA\person263_bacteria_1227.jpeg,1364,998,L,e424d617e564be0dac3381961eda5710,person263,bacterial
train,PNEUMONIA,person263_virus_546.jpeg,chest_xray_dataset\train\PNEUMONIA\person263_virus_546.jpeg,1168,768,L,173de77961beb0fa59502095f9ef58e8,person263,viral
train,PNEUMONIA,person264_bacteria_1228.jpeg,chest_xray_dataset\train\PNEUMONIA\person264_bacteria_1228.jpeg,1088,760,L,33a51cc7cbf96ca768686ac7cd8f483b,person264,bacterial
train,PNEUMONIA,person264_bacteria_1229.jpeg,chest_xray_dataset\train\PNEUMONIA\person264_bacteria_1229.jpeg,1088,712,L,01c3854260924b25b21c4960a0c4cca4,person264,bacterial
train,PNEUMONIA,person264_bacteria_1230.jpeg,chest_xray_dataset\train\PNEUMONIA\person264_bacteria_1230.jpeg,1248,688,L,9cadd7257f9242e07fe1f974d5bac139,person264,bacterial
train,PNEUMONIA,person264_bacteria_1231.jpeg,chest_xray_dataset\train\PNEUMONIA\person264_bacteria_1231.jpeg,1248,688,L,9cadd7257f9242e07fe1f974d5bac139,person264,bacterial
train,PNEUMONIA,person264_bacteria_1232.jpeg,chest_xray_dataset\train\PNEUMONIA\person264_bacteria_1232.jpeg,1240,784,L,5f5b719b021259e3255918b59ce7e9ef,person264,bacterial
train,PNEUMONIA,person264_bacteria_1233.jpeg,chest_xray_dataset\train\PNEUMONIA\person264_bacteria_1233.jpeg,1064,696,L,a47abea6864df97ec4818bb448d9390f,person264,bacterial
train,PNEUMONIA,person264_bacteria_1234.jpeg,chest_xray_dataset\train\PNEUMONIA\person264_bacteria_1234.jpeg,1214,1069,L,a66f7f7466ff1c836431ad456e3e3cfa,person264,bacterial
train,PNEUMONIA,person264_virus_547.jpeg,chest_xray_dataset\train\PNEUMONIA\person264_virus_547.jpeg,1216,728,L,19f9868fba8fe7a6f48b59aa3616c834,person264,viral
train,PNEUMONIA,person265_bacteria_1235.jpeg,chest_xray_dataset\train\PNEUMONIA\person265_bacteria_1235.jpeg,1128,728,L,455da0ceae64a79d57ad34f4e2335621,person265,bacterial
train,PNEUMONIA,person265_bacteria_1236.jpeg,chest_xray_dataset\train\PNEUMONIA\person265_bacteria_1236.jpeg,1272,825,L,bb5e6c728879e6d00ac4a5f8f94eac3d,person265,bacterial
train,PNEUMONIA,person265_virus_548.jpeg,chest_xray_dataset\train\PNEUMONIA\person265_virus_548.jpeg,1232,864,L,bc53d562fc7f767cf918c6b33ab9766b,person265,viral
train,PNEUMONIA,person266_bacteria_1237.jpeg,chest_xray_dataset\train\PNEUMONIA\person266_bacteria_1237.jpeg,952,688,L,d9a3798fd92e1580286909da52f27506,person266,bacterial
train,PNEUMONIA,person266_bacteria_1238.jpeg,chest_xray_dataset\train\PNEUMONIA\person266_bacteria_1238.jpeg,952,688,L,d9a3798fd92e1580286909da52f27506,person266,bacterial
train,PNEUMONIA,person266_bacteria_1239.jpeg,chest_xray_dataset\train\PNEUMONIA\person266_bacteria_1239.jpeg,992,664,L,0576acb59dd136b6c53b4e2d43beae58,person266,bacterial
train,PNEUMONIA,person266_bacteria_1240.jpeg,chest_xray_dataset\train\PNEUMONIA\person266_bacteria_1240.jpeg,984,560,L,ad8babcd22a4533fab4f9eba8b989b7c,person266,bacterial
train,PNEUMONIA,person266_bacteria_1241.jpeg,chest_xray_dataset\train\PNEUMONIA\person266_bacteria_1241.jpeg,1072,720,L,36e1b0cf0129b34800e9d498110e26a0,person266,bacterial
train,PNEUMONIA,person266_bacteria_1242.jpeg,chest_xray_dataset\train\PNEUMONIA\person266_bacteria_1242.jpeg,1008,728,L,32dcb279a679bceb270ca743f467d672,person266,bacterial
train,PNEUMONIA,person266_bacteria_1244.jpeg,chest_xray_dataset\train\PNEUMONIA\person266_bacteria_1244.jpeg,992,672,L,571c99ba52c3685a8d432190b2dbda66,person266,bacterial
train,PNEUMONIA,person266_bacteria_1245.jpeg,chest_xray_dataset\train\PNEUMONIA\person266_bacteria_1245.jpeg,1080,680,L,023b546c92daaffce7f9567a598cb6eb,person266,bacterial
train,PNEUMONIA,person266_bacteria_1247.jpeg,chest_xray_dataset\train\PNEUMONIA\person266_bacteria_1247.jpeg,1024,600,L,0a34be24fa6eb00e7a2779da68f4203b,person266,bacterial
train,PNEUMONIA,person266_bacteria_1248.jpeg,chest_xray_dataset\train\PNEUMONIA\person266_bacteria_1248.jpeg,1008,600,L,8e33c09224721f853a2601fdf58d9884,person266,bacterial
train,PNEUMONIA,person266_bacteria_1249.jpeg,chest_xray_dataset\train\PNEUMONIA\person266_bacteria_1249.jpeg,992,616,L,f1148032327f06071af294a42d0eeae7,person266,bacterial
train,PNEUMONIA,person266_virus_549.jpeg,chest_xray_dataset\train\PNEUMONIA\person266_virus_549.jpeg,1632,800,L,0aaa877aeca9ca4398e9de458e5af757,person266,viral
train,PNEUMONIA,person267_bacteria_1250.jpeg,chest_xray_dataset\train\PNEUMONIA\person267_bacteria_1250.jpeg,1280,1016,L,2e49edf92680b6d4436d9d2594bb7d74,person267,bacterial
train,PNEUMONIA,person267_bacteria_1251.jpeg,chest_xray_dataset\train\PNEUMONIA\person267_bacteria_1251.jpeg,1032,696,L,b9f53abb4aefa5b1d342add5015d4e1d,person267,bacterial
train,PNEUMONIA,person267_bacteria_1252.jpeg,chest_xray_dataset\train\PNEUMONIA\person267_bacteria_1252.jpeg,1300,890,L,83724b3cbf243e263d97e8e74fe2e14d,person267,bacterial
train,PNEUMONIA,person267_bacteria_1253.jpeg,chest_xray_dataset\train\PNEUMONIA\person267_bacteria_1253.jpeg,1260,971,L,5b9a30fe3b812cf896320ec8ae3b216e,person267,bacterial
train,PNEUMONIA,person267_virus_552.jpeg,chest_xray_dataset\train\PNEUMONIA\person267_virus_552.jpeg,1400,768,L,2ea520b5eb9e0744007f6622adf8fa5d,person267,viral
train,PNEUMONIA,person268_virus_553.jpeg,chest_xray_dataset\train\PNEUMONIA\person268_virus_553.jpeg,1176,736,L,12b45b3d8ac1d0d46b166c91ecab2f3d,person268,viral
train,PNEUMONIA,person269_virus_554.jpeg,chest_xray_dataset\train\PNEUMONIA\person269_virus_554.jpeg,1472,1176,L,6f9e859a7207706e3383d8a70b9e43c2,person269,viral
train,PNEUMONIA,person26_bacteria_122.jpeg,chest_xray_dataset\train\PNEUMONIA\person26_bacteria_122.jpeg,1200,552,L,ff9c3e0bb9e94aa73c99255f635788c8,person26,bacterial
train,PNEUMONIA,person26_bacteria_123.jpeg,chest_xray_dataset\train\PNEUMONIA\person26_bacteria_123.jpeg,920,680,L,465f8fce49035f56b45ede84db368b34,person26,bacterial
train,PNEUMONIA,person26_bacteria_124.jpeg,chest_xray_dataset\train\PNEUMONIA\person26_bacteria_124.jpeg,1136,872,L,53dffab3a99e3296f139957d8c045814,person26,bacterial
train,PNEUMONIA,person26_bacteria_126.jpeg,chest_xray_dataset\train\PNEUMONIA\person26_bacteria_126.jpeg,1024,704,L,4dc1a2ba7293e03545791bd23644af0b,person26,bacterial
train,PNEUMONIA,person26_bacteria_127.jpeg,chest_xray_dataset\train\PNEUMONIA\person26_bacteria_127.jpeg,880,584,L,692474ad2771acc9d442b252f93f0587,person26,bacterial
train,PNEUMONIA,person26_bacteria_128.jpeg,chest_xray_dataset\train\PNEUMONIA\person26_bacteria_128.jpeg,960,648,L,9b4a8a69e898c3db55d2683b075085aa,person26,bacterial
train,PNEUMONIA,person26_bacteria_129.jpeg,chest_xray_dataset\train\PNEUMONIA\person26_bacteria_129.jpeg,952,624,L,c6ea9460f3930b6dce39cbde52807262,person26,bacterial
train,PNEUMONIA,person26_bacteria_130.jpeg,chest_xray_dataset\train\PNEUMONIA\person26_bacteria_130.jpeg,968,512,L,768b2a529b641c5b372cb761c17b55c5,person26,bacterial
train,PNEUMONIA,person26_bacteria_131.jpeg,chest_xray_dataset\train\PNEUMONIA\person26_bacteria_131.jpeg,1024,568,L,2d2fd84e891a542144e73cbf889c5dff,person26,bacterial
train,PNEUMONIA,person26_bacteria_132.jpeg,chest_xray_dataset\train\PNEUMONIA\person26_bacteria_132.jpeg,1072,632,L,56ac3bd3552bfac0f33f894d12fecb83,person26,bacterial
train,PNEUMONIA,person26_bacteria_133.jpeg,chest_xray_dataset\train\PNEUMONIA\person26_bacteria_133.jpeg,1068,620,L,25f707ed617083fc0089848ef9470dfe,person26,bacterial
train,PNEUMONIA,person270_virus_555.jpeg,chest_xray_dataset\train\PNEUMONIA\person270_virus_555.jpeg,1624,1264,L,b3cbabb17ea519b1890838e3c81a1fc4,person270,viral
train,PNEUMONIA,person271_virus_556.jpeg,chest_xray_dataset\train\PNEUMONIA\person271_virus_556.jpeg,1064,712,L,71bb1478891bb6565fdd444728fbe937,person271,viral
train,PNEUMONIA,person272_virus_559.jpeg,chest_xray_dataset\train\PNEUMONIA\person272_virus_559.jpeg,1704,1256,L,06802a76040440f271cfbb4413ccea50,person272,viral
train,PNEUMONIA,person273_virus_561.jpeg,chest_xray_dataset\train\PNEUMONIA\person273_virus_561.jpeg,1272,994,L,02dc438e58894ccc2fefa3a10c5cb600,person273,viral
train,PNEUMONIA,person273_virus_562.jpeg,chest_xray_dataset\train\PNEUMONIA\person273_virus_562.jpeg,1458,951,L,686db6ed3d3588e1040a833ae5429191,person273,viral
train,PNEUMONIA,person274_bacteria_1288.jpeg,chest_xray_dataset\train\PNEUMONIA\person274_bacteria_1288.jpeg,1280,1088,L,f1e45df67e49f403df2b41e5d5778be2,person274,bacterial
train,PNEUMONIA,person274_bacteria_1289.jpeg,chest_xray_dataset\train\PNEUMONIA\person274_bacteria_1289.jpeg,1344,1072,L,80b3f64602b3fc02464811c77985427d,person274,bacterial
train,PNEUMONIA,person274_bacteria_1290.jpeg,chest_xray_dataset\train\PNEUMONIA\person274_bacteria_1290.jpeg,1686,1133,L,01595ebac8f666528a6bdc75d2c2a77e,person274,bacterial
train,PNEUMONIA,person274_virus_563.jpeg,chest_xray_dataset\train\PNEUMONIA\person274_virus_563.jpeg,468,242,RGB,290c0979a53f41c494f89a79c71743c1,person274,viral
train,PNEUMONIA,person275_bacteria_1291.jpeg,chest_xray_dataset\train\PNEUMONIA\person275_bacteria_1291.jpeg,1396,1099,L,77f33d343af1043d8ca13c71518f7725,person275,bacterial
train,PNEUMONIA,person275_bacteria_1293.jpeg,chest_xray_dataset\train\PNEUMONIA\person275_bacteria_1293.jpeg,1136,920,L,dd878d5dfd961c0c1af039d199c2355a,person275,bacterial
train,PNEUMONIA,person275_bacteria_1294.jpeg,chest_xray_dataset\train\PNEUMONIA\person275_bacteria_1294.jpeg,1292,1076,L,2a249cb433bc0fa0eebe16d9757c4e2a,person275,bacterial
train,PNEUMONIA,person275_virus_565.jpeg,chest_xray_dataset\train\PNEUMONIA\person275_virus_565.jpeg,1748,1377,L,1be8b826d53731351e106d6c83feafd7,person275,viral
train,PNEUMONIA,person276_bacteria_1295.jpeg,chest_xray_dataset\train\PNEUMONIA\person276_bacteria_1295.jpeg,848,600,L,53e5d8966e984bd90d2b78abd1dfc2b5,person276,bacterial
train,PNEUMONIA,person276_bacteria_1296.jpeg,chest_xray_dataset\train\PNEUMONIA\person276_bacteria_1296.jpeg,944,584,L,9e0da7e5764ff06c62eaa0c876ee03ed,person276,bacterial
train,PNEUMONIA,person276_bacteria_1297.jpeg,chest_xray_dataset\train\PNEUMONIA\person276_bacteria_1297.jpeg,824,512,L,429873278367862f58c9d2c5c454f789,person276,bacterial
train,PNEUMONIA,person276_bacteria_1298.jpeg,chest_xray_dataset\train\PNEUMONIA\person276_bacteria_1298.jpeg,872,536,L,ed0495f0b36750d9e560b703bfd7f9d8,person276,bacterial
train,PNEUMONIA,person276_bacteria_1299.jpeg,chest_xray_dataset\train\PNEUMONIA\person276_bacteria_1299.jpeg,1064,712,L,dcdc92e7f397c809260ffe8788df0881,person276,bacterial
train,PNEUMONIA,person276_virus_569.jpeg,chest_xray_dataset\train\PNEUMONIA\person276_virus_569.jpeg,546,219,RGB,f279862b420bd3d22c94c0d20f8a6fd6,person276,viral
train,PNEUMONIA,person277_bacteria_1300.jpeg,chest_xray_dataset\train\PNEUMONIA\person277_bacteria_1300.jpeg,968,472,L,f01ae47f44e059df79a8567d05e9bb22,person277,bacterial
train,PNEUMONIA,person277_bacteria_1301.jpeg,chest_xray_dataset\train\PNEUMONIA\person277_bacteria_1301.jpeg,1000,496,L,0d1c525466fc8502a782f87f133d8390,person277,bacterial
train,PNEUMONIA,person277_bacteria_1302.jpeg,chest_xray_dataset\train\PNEUMONIA\person277_bacteria_1302.jpeg,1008,576,L,96a1e5200a41bfbf373f7da26dbc0b48,person277,bacterial
train,PNEUMONIA,person277_bacteria_1303.jpeg,chest_xray_dataset\train\PNEUMONIA\person277_bacteria_1303.jpeg,1008,648,L,e32d7fc74387cab39668ac7b68a23ec4,person277,bacterial
train,PNEUMONIA,person277_bacteria_1304.jpeg,chest_xray_dataset\train\PNEUMONIA\person277_bacteria_1304.jpeg,896,576,L,c2c78b3a16af9f45430d77cd7a51a5df,person277,bacterial
train,PNEUMONIA,person277_bacteria_1305.jpeg,chest_xray_dataset\train\PNEUMONIA\person277_bacteria_1305.jpeg,1224,688,L,31321780e6cae9d7aaedb1c2b915db07,person277,bacterial
train,PNEUMONIA,person277_bacteria_1306.jpeg,chest_xray_dataset\train\PNEUMONIA\person277_bacteria_1306.jpeg,896,528,L,374b23a5f8f1531a4ac079ac00c90033,person277,bacterial
train,PNEUMONIA,person277_bacteria_1307.jpeg,chest_xray_dataset\train\PNEUMONIA\person277_bacteria_1307.jpeg,1024,624,L,25955bd5d7c16ede9d6c430a006d14ce,person277,bacterial
train,PNEUMONIA,person277_virus_571.jpeg,chest_xray_dataset\train\PNEUMONIA\person277_virus_571.jpeg,2080,1731,L,9abc06e2215d08e191680252690005f6,person277,viral
train,PNEUMONIA,person278_bacteria_1309.jpeg,chest_xray_dataset\train\PNEUMONIA\person278_bacteria_1309.jpeg,1298,812,L,5c74439f28e692ee42402b62ec956d2b,person278,bacterial
train,PNEUMONIA,person278_bacteria_1311.jpeg,chest_xray_dataset\train\PNEUMONIA\person278_bacteria_1311.jpeg,1040,712,L,2dddd39442a0c678db35c760b76e997a,person278,bacterial
train,PNEUMONIA,person278_bacteria_1313.jpeg,chest_xray_dataset\train\PNEUMONIA\person278_bacteria_1313.jpeg,1096,624,L,f500ec4c4d0303a024a4e8b9f466d5cc,person278,bacterial
train,PNEUMONIA,person278_bacteria_1314.jpeg,chest_xray_dataset\train\PNEUMONIA\person278_bacteria_1314.jpeg,1172,778,L,9e3c3c562d4da98fed01828758e5d8b0,person278,bacterial
train,PNEUMONIA,person278_virus_572.jpeg,chest_xray_dataset\train\PNEUMONIA\person278_virus_572.jpeg,1448,1040,L,25685e135574918307152c2f86e4f1d5,person278,viral
train,PNEUMONIA,person278_virus_573.jpeg,chest_xray_dataset\train\PNEUMONIA\person278_virus_573.jpeg,1296,1072,L,b40b67c17f4b68a5871e47ac24d46aeb,person278,viral
train,PNEUMONIA,person278_virus_574.jpeg,chest_xray_dataset\train\PNEUMONIA\person278_virus_574.jpeg,1208,1104,L,9a3966589fa05c75006d69544db207b5,person278,viral
train,PNEUMONIA,person278_virus_575.jpeg,chest_xray_dataset\train\PNEUMONIA\person278_virus_575.jpeg,1384,1016,L,b5e4a1144b0311e32eda5dd72066134d,person278,viral
train,PNEUMONIA,person279_bacteria_1315.jpeg,chest_xray_dataset\train\PNEUMONIA\person279_bacteria_1315.jpeg,2772,2098,L,a42572d0b61e2277fb0c34681c6a1955,person279,bacterial
train,PNEUMONIA,person279_bacteria_1316.jpeg,chest_xray_dataset\train\PNEUMONIA\person279_bacteria_1316.jpeg,2637,1905,L,7f0709f90d21950d22065874f1dc3bf3,person279,bacterial
train,PNEUMONIA,person279_virus_576.jpeg,chest_xray_dataset\train\PNEUMONIA\person279_virus_576.jpeg,1848,1500,L,55c18f5206f557724d62ca170ae68503,person279,viral
train,PNEUMONIA,person27_bacteria_135.jpeg,chest_xray_dataset\train\PNEUMONIA\person27_bacteria_135.jpeg,1088,656,L,a841c543588733380a30e6bee101b15c,person27,bacterial
train,PNEUMONIA,person27_bacteria_136.jpeg,chest_xray_dataset\train\PNEUMONIA\person27_bacteria_136.jpeg,1088,560,L,7036f4bcbfd0b7ee712613d92fa41eb2,person27,bacterial
train,PNEUMONIA,person27_bacteria_137.jpeg,chest_xray_dataset\train\PNEUMONIA\person27_bacteria_137.jpeg,840,544,L,fd845fe2a5c7d9344c781bb5e43d160f,person27,bacterial
train,PNEUMONIA,person27_bacteria_138.jpeg,chest_xray_dataset\train\PNEUMONIA\person27_bacteria_138.jpeg,1020,647,L,5edf0b2b654b18b127150120798a1b77,person27,bacterial
train,PNEUMONIA,person280_bacteria_1318.jpeg,chest_xray_dataset\train\PNEUMONIA\person280_bacteria_1318.jpeg,1256,840,L,b6293aab51adf4f2ed914551512e5706,person280,bacterial
train,PNEUMONIA,person280_bacteria_1320.jpeg,chest_xray_dataset\train\PNEUMONIA\person280_bacteria_1320.jpeg,1048,856,L,c9f857aba0360fd880fac22dd0d0e4fa,person280,bacterial
train,PNEUMONIA,person280_bacteria_1321.jpeg,chest_xray_dataset\train\PNEUMONIA\person280_bacteria_1321.jpeg,1040,696,L,84e65cb308ce1e7fee8020c09cebc87f,person280,bacterial
train,PNEUMONIA,person280_bacteria_1322.jpeg,chest_xray_dataset\train\PNEUMONIA\person280_bacteria_1322.jpeg,1330,936,L,63c725014829645f40c37ce3713619b9,person280,bacterial
train,PNEUMONIA,person280_virus_577.jpeg,chest_xray_dataset\train\PNEUMONIA\person280_virus_577.jpeg,1708,1400,L,1d5428f84d560c372797e9ac96b515c7,person280,viral
train,PNEUMONIA,person281_bacteria_1323.jpeg,chest_xray_dataset\train\PNEUMONIA\person281_bacteria_1323.jpeg,1072,770,L,51d4d685d7a6f8c1786c7787d785b2a8,person281,bacterial
train,PNEUMONIA,person281_bacteria_1324.jpeg,chest_xray_dataset\train\PNEUMONIA\person281_bacteria_1324.jpeg,928,664,L,3333e7c2052939b75a569931c77380ba,person281,bacterial
train,PNEUMONIA,person281_bacteria_1325.jpeg,chest_xray_dataset\train\PNEUMONIA\person281_bacteria_1325.jpeg,920,632,L,bbf76078797e661fac4619618088708a,person281,bacterial
train,PNEUMONIA,person281_bacteria_1326.jpeg,chest_xray_dataset\train\PNEUMONIA\person281_bacteria_1326.jpeg,936,616,L,0144e667a1f00c58c698e81aecb118e0,person281,bacterial
train,PNEUMONIA,person281_bacteria_1327.jpeg,chest_xray_dataset\train\PNEUMONIA\person281_bacteria_1327.jpeg,904,648,L,c1b0f3e2b295cf1fdc7a0a7d2ea845ab,person281,bacterial
train,PNEUMONIA,person281_bacteria_1328.jpeg,chest_xray_dataset\train\PNEUMONIA\person281_bacteria_1328.jpeg,920,720,L,f8822283e3128aec916a3cda6f7c637c,person281,bacterial
train,PNEUMONIA,person281_bacteria_1329.jpeg,chest_xray_dataset\train\PNEUMONIA\person281_bacteria_1329.jpeg,976,600,L,7c3857a0e78b73bf6de0e53d9bb40a8c,person281,bacterial
train,PNEUMONIA,person281_bacteria_1330.jpeg,chest_xray_dataset\train\PNEUMONIA\person281_bacteria_1330.jpeg,1008,632,L,3b49b9799702bfbc70aa7be02ba1d3c0,person281,bacterial
train,PNEUMONIA,person281_bacteria_1331.jpeg,chest_xray_dataset\train\PNEUMONIA\person281_bacteria_1331.jpeg,1000,680,L,8b6b61cdab3e8317952e5bb9cd8de6c5,person281,bacterial
train,PNEUMONIA,person281_bacteria_1332.jpeg,chest_xray_dataset\train\PNEUMONIA\person281_bacteria_1332.jpeg,992,616,L,a2dd5381bbf98a0f4ca8734f0611fb50,person281,bacterial
train,PNEUMONIA,person281_bacteria_1333.jpeg,chest_xray_dataset\train\PNEUMONIA\person281_bacteria_1333.jpeg,1016,728,L,d9f11c7d34e747e220cf3acb6786d29e,person281,bacterial
train,PNEUMONIA,person281_virus_578.jpeg,chest_xray_dataset\train\PNEUMONIA\person281_virus_578.jpeg,500,250,RGB,31f01fb96670784ac0bfe6844e24faa2,person281,viral
train,PNEUMONIA,person282_virus_579.jpeg,chest_xray_dataset\train\PNEUMONIA\person282_virus_579.jpeg,428,256,RGB,b946be0024626afcd0b012a15ce88bad,person282,viral
train,PNEUMONIA,person284_virus_582.jpeg,chest_xray_dataset\train\PNEUMONIA\person284_virus_582.jpeg,1290,809,L,3a5ce8bf30d41247906701593d98e035,person284,viral
train,PNEUMONIA,person286_virus_585.jpeg,chest_xray_dataset\train\PNEUMONIA\person286_virus_585.jpeg,1338,1079,L,39961e8bd7f2a444e41ca110760b602f,person286,viral
train,PNEUMONIA,person287_bacteria_1354.jpeg,chest_xray_dataset\train\PNEUMONIA\person287_bacteria_1354.jpeg,1120,616,L,014e58974f7ccbf5c1953e3d6c907e58,person287,bacterial
train,PNEUMONIA,person287_bacteria_1355.jpeg,chest_xray_dataset\train\PNEUMONIA\person287_bacteria_1355.jpeg,1234,782,L,eba481ab7d6a35700fb3ed965fb1e5da,person287,bacterial
train,PNEUMONIA,person287_virus_586.jpeg,chest_xray_dataset\train\PNEUMONIA\person287_virus_586.jpeg,1646,1156,L,edc5205a598821e13b52f993313555ed,person287,viral
train,PNEUMONIA,person288_virus_587.jpeg,chest_xray_dataset\train\PNEUMONIA\person288_virus_587.jpeg,904,560,L,6a5820e71af05d27fa100ba431ee0a38,person288,viral
train,PNEUMONIA,person289_virus_593.jpeg,chest_xray_dataset\train\PNEUMONIA\person289_virus_593.jpeg,1304,789,L,92dd579bc01871fb24243ec04a318af3,person289,viral
train,PNEUMONIA,person28_bacteria_139.jpeg,chest_xray_dataset\train\PNEUMONIA\person28_bacteria_139.jpeg,976,648,L,7fd054e88b987731d6a125749bd388c3,person28,bacterial
train,PNEUMONIA,person28_bacteria_141.jpeg,chest_xray_dataset\train\PNEUMONIA\person28_bacteria_141.jpeg,848,544,L,7e41965550bfc8f44fb30eee8b425102,person28,bacterial
train,PNEUMONIA,person28_bacteria_142.jpeg,chest_xray_dataset\train\PNEUMONIA\person28_bacteria_142.jpeg,1024,576,L,cc6a13bc42f598bdec50eb13873d2d5f,person28,bacterial
train,PNEUMONIA,person28_bacteria_143.jpeg,chest_xray_dataset\train\PNEUMONIA\person28_bacteria_143.jpeg,1176,662,L,34936b94b27a717e6700edc77ed4c175,person28,bacterial
train,PNEUMONIA,person290_bacteria_1372.jpeg,chest_xray_dataset\train\PNEUMONIA\person290_bacteria_1372.jpeg,1008,512,L,db425bd2cdb076df8fb3407657526865,person290,bacterial
train,PNEUMONIA,person290_virus_594.jpeg,chest_xray_dataset\train\PNEUMONIA\person290_virus_594.jpeg,1768,1712,L,8be832fd55e4b34030ca3585c025f757,person290,viral
train,PNEUMONIA,person291_bacteria_1374.jpeg,chest_xray_dataset\train\PNEUMONIA\person291_bacteria_1374.jpeg,1200,960,L,76e716d4e02cb264856c98b800da388b,person291,bacterial
train,PNEUMONIA,person291_bacteria_1376.jpeg,chest_xray_dataset\train\PNEUMONIA\person291_bacteria_1376.jpeg,1264,936,L,7e4f7a74f67b8feb52fb9ddd335bf817,person291,bacterial
train,PNEUMONIA,person291_bacteria_1377.jpeg,chest_xray_dataset\train\PNEUMONIA\person291_bacteria_1377.jpeg,1546,1064,L,b8050853d72c2513efa7bd6f11bb6159,person291,bacterial
train,PNEUMONIA,person291_virus_596.jpeg,chest_xray_dataset\train\PNEUMONIA\person291_virus_596.jpeg,525,282,RGB,e22b278ce2bcefd1685b7a2e6f847b4c,person291,viral
train,PNEUMONIA,person292_bacteria_1378.jpeg,chest_xray_dataset\train\PNEUMONIA\person292_bacteria_1378.jpeg,1176,616,L,0481fabf8e3a05487a9ee9c9f2333234,person292,bacterial
train,PNEUMONIA,person292_virus_597.jpeg,chest_xray_dataset\train\PNEUMONIA\person292_virus_597.jpeg,1512,1216,L,8933eade4cc7e5c9abd21e67ba2eef99,person292,viral
train,PNEUMONIA,person292_virus_598.jpeg,chest_xray_dataset\train\PNEUMONIA\person292_virus_598.jpeg,1456,1232,L,6726e1c9a54b536d3acb72f35ae6adca,person292,viral
train,PNEUMONIA,person292_virus_599.jpeg,chest_xray_dataset\train\PNEUMONIA\person292_virus_599.jpeg,1520,1192,L,da5d0b50451db239dd9950d965e343df,person292,viral
train,PNEUMONIA,person292_virus_600.jpeg,chest_xray_dataset\train\PNEUMONIA\person292_virus_600.jpeg,1440,1104,L,e8914d7d0fb92cdfbfd8aae61ec0753f,person292,viral
train,PNEUMONIA,person292_virus_602.jpeg,chest_xray_dataset\train\PNEUMONIA\person292_virus_602.jpeg,1504,1336,L,12f88d0a852e0ef64a4bbc3b84e6452c,person292,viral
train,PNEUMONIA,person293_bacteria_1379.jpeg,chest_xray_dataset\train\PNEUMONIA\person293_bacteria_1379.jpeg,1770,1306,L,3112d912f06a80e1ad0d086e05662a5b,person293,bacterial
train,PNEUMONIA,person293_virus_604.jpeg,chest_xray_dataset\train\PNEUMONIA\person293_virus_604.jpeg,570,305,RGB,b4553e9f064ca9958c9a6dac9c7784d0,person293,viral
train,PNEUMONIA,person293_virus_605.jpeg,chest_xray_dataset\train\PNEUMONIA\person293_virus_605.jpeg,1216,744,L,9731755c53d6d04a0bff22737ff643fa,person293,viral
train,PNEUMONIA,person294_bacteria_1380.jpeg,chest_xray_dataset\train\PNEUMONIA\person294_bacteria_1380.jpeg,1000,680,L,60db96af12729ccf2abfdd3ffe6dc4a9,person294,bacterial
train,PNEUMONIA,person294_bacteria_1381.jpeg,chest_xray_dataset\train\PNEUMONIA\person294_bacteria_1381.jpeg,1336,768,L,74a027e5b27860e8dbdf44040ce3c1e8,person294,bacterial
train,PNEUMONIA,person294_bacteria_1382.jpeg,chest_xray_dataset\train\PNEUMONIA\person294_bacteria_1382.jpeg,984,696,L,1f64c505d116da40d91259b835b192a9,person294,bacterial
train,PNEUMONIA,person294_bacteria_1383.jpeg,chest_xray_dataset\train\PNEUMONIA\person294_bacteria_1383.jpeg,1224,816,L,906a3ed82b88d7a1dd787ffaff7a16b7,person294,bacterial
train,PNEUMONIA,person294_bacteria_1384.jpeg,chest_xray_dataset\train\PNEUMONIA\person294_bacteria_1384.jpeg,1024,688,L,498d7a4740b5d91582764f333e108178,person294,bacterial
train,PNEUMONIA,person294_bacteria_1385.jpeg,chest_xray_dataset\train\PNEUMONIA\person294_bacteria_1385.jpeg,992,664,L,8bf9fd77002182251f029643f42a0e2e,person294,bacterial
train,PNEUMONIA,person294_bacteria_1386.jpeg,chest_xray_dataset\train\PNEUMONIA\person294_bacteria_1386.jpeg,1306,821,L,7a01ab5d8e0ef4a9b4083dfc20c89e23,person294,bacterial
train,PNEUMONIA,person294_bacteria_1388.jpeg,chest_xray_dataset\train\PNEUMONIA\person294_bacteria_1388.jpeg,1234,778,L,e4b8d86e508e1d9887924dc20f7f22a0,person294,bacterial
train,PNEUMONIA,person294_virus_606.jpeg,chest_xray_dataset\train\PNEUMONIA\person294_virus_606.jpeg,1024,751,L,ce1a0abd7567a6031f56e872592919d7,person294,viral
train,PNEUMONIA,person294_virus_610.jpeg,chest_xray_dataset\train\PNEUMONIA\person294_virus_610.jpeg,920,600,L,bcbb9d822333bf9b5649a807180fb9bb,person294,viral
train,PNEUMONIA,person294_virus_611.jpeg,chest_xray_dataset\train\PNEUMONIA\person294_virus_611.jpeg,952,576,L,37dfe9b07bd579325844e62a0f915530,person294,viral
train,PNEUMONIA,person295_bacteria_1389.jpeg,chest_xray_dataset\train\PNEUMONIA\person295_bacteria_1389.jpeg,1168,696,L,3140ec47590e62224232dbdf647bcec0,person295,bacterial
train,PNEUMONIA,person295_bacteria_1390.jpeg,chest_xray_dataset\train\PNEUMONIA\person295_bacteria_1390.jpeg,1354,759,L,04deda90f8eedcd5e8bf87410e91c0a8,person295,bacterial
train,PNEUMONIA,person295_virus_612.jpeg,chest_xray_dataset\train\PNEUMONIA\person295_virus_612.jpeg,1546,1230,L,553f51988f3d8c0394f244a24d653393,person295,viral
train,PNEUMONIA,person296_bacteria_1391.jpeg,chest_xray_dataset\train\PNEUMONIA\person296_bacteria_1391.jpeg,1136,704,L,ec225d4917ef410710ae37ef7f446b17,person296,bacterial
train,PNEUMONIA,person296_bacteria_1392.jpeg,chest_xray_dataset\train\PNEUMONIA\person296_bacteria_1392.jpeg,1256,840,L,eef46113551bb98df625ed92aa38b9e1,person296,bacterial
train,PNEUMONIA,person296_bacteria_1393.jpeg,chest_xray_dataset\train\PNEUMONIA\person296_bacteria_1393.jpeg,1272,792,L,95bc6c53197e69ff1d1bd84186d11cd2,person296,bacterial
train,PNEUMONIA,person296_bacteria_1394.jpeg,chest_xray_dataset\train\PNEUMONIA\person296_bacteria_1394.jpeg,1088,704,L,acf95fa19ff370ca6faed12ff2002e0c,person296,bacterial
train,PNEUMONIA,person296_bacteria_1395.jpeg,chest_xray_dataset\train\PNEUMONIA\person296_bacteria_1395.jpeg,1200,840,L,a8040ff7cc2b1e7fe016431e0ae825c4,person296,bacterial
train,PNEUMONIA,person296_bacteria_1396.jpeg,chest_xray_dataset\train\PNEUMONIA\person296_bacteria_1396.jpeg,1112,648,L,1fd3264da697d591800c33e63d0f7715,person296,bacterial
train,PNEUMONIA,person296_bacteria_1397.jpeg,chest_xray_dataset\train\PNEUMONIA\person296_bacteria_1397.jpeg,1160,872,L,0037a1f24236669fb724c0f3e7b47ccf,person296,bacterial
train,PNEUMONIA,person296_virus_613.jpeg,chest_xray_dataset\train\PNEUMONIA\person296_virus_613.jpeg,456,280,RGB,4e7d67c0c163ffe87ae193edc35a8876,person296,viral
train,PNEUMONIA,person297_bacteria_1400.jpeg,chest_xray_dataset\train\PNEUMONIA\person297_bacteria_1400.jpeg,1104,736,L,53b6a879b03e24b5f78fd9acdd14f942,person297,bacterial
train,PNEUMONIA,person297_bacteria_1404.jpeg,chest_xray_dataset\train\PNEUMONIA\person297_bacteria_1404.jpeg,736,432,L,273b65111c6ebb88dc3c5fa5b589c748,person297,bacterial
train,PNEUMONIA,person297_virus_614.jpeg,chest_xray_dataset\train\PNEUMONIA\person297_virus_614.jpeg,1990,1419,L,be3057bbe4bbe5491e39053a413177c6,person297,viral
train,PNEUMONIA,person298_bacteria_1408.jpeg,chest_xray_dataset\train\PNEUMONIA\person298_bacteria_1408.jpeg,1216,856,L,3495e846e3e24cda568696d5bf279c97,person298,bacterial
train,PNEUMONIA,person298_bacteria_1409.jpeg,chest_xray_dataset\train\PNEUMONIA\person298_bacteria_1409.jpeg,1232,904,L,944f3634d7f73549d21c82b0169d486e,person298,bacterial
train,PNEUMONIA,person298_bacteria_1410.jpeg,chest_xray_dataset\train\PNEUMONIA\person298_bacteria_1410.jpeg,1184,856,L,953d63ca0acfce2dcd1808879acd9058,person298,bacterial
train,PNEUMONIA,person298_bacteria_1411.jpeg,chest_xray_dataset\train\PNEUMONIA\person298_bacteria_1411.jpeg,1064,696,L,3b50f9d298199a9df2df2f0a9ce1c95a,person298,bacterial
train,PNEUMONIA,person298_bacteria_1412.jpeg,chest_xray_dataset\train\PNEUMONIA\person298_bacteria_1412.jpeg,1192,736,L,e2324585ff00cfc45fb4b99cfe8837b4,person298,bacterial
train,PNEUMONIA,person298_bacteria_1413.jpeg,chest_xray_dataset\train\PNEUMONIA\person298_bacteria_1413.jpeg,1144,774,L,d1bf6fe13bee8910c8182d1c04960e36,person298,bacterial
train,PNEUMONIA,person298_virus_617.jpeg,chest_xray_dataset\train\PNEUMONIA\person298_virus_617.jpeg,1472,1280,L,a548d150885186e95098fdbeba2e98ef,person298,viral
train,PNEUMONIA,person298_virus_618.jpeg,chest_xray_dataset\train\PNEUMONIA\person298_virus_618.jpeg,1368,992,L,ac526a70ff9d070d57bd6429a6536690,person298,viral
train,PNEUMONIA,person299_bacteria_1414.jpeg,chest_xray_dataset\train\PNEUMONIA\person299_bacteria_1414.jpeg,872,512,L,7d3902a3eabbd9734cfefda563f59593,person299,bacterial
train,PNEUMONIA,person299_bacteria_1416.jpeg,chest_xray_dataset\train\PNEUMONIA\person299_bacteria_1416.jpeg,976,832,L,485e0869c2bf2a68eeacfe33ef4f7e90,person299,bacterial
train,PNEUMONIA,person299_bacteria_1417.jpeg,chest_xray_dataset\train\PNEUMONIA\person299_bacteria_1417.jpeg,920,568,L,a8c1b5ea319297af0c31b999963b92bd,person299,bacterial
train,PNEUMONIA,person299_bacteria_1418.jpeg,chest_xray_dataset\train\PNEUMONIA\person299_bacteria_1418.jpeg,864,584,L,8619c7bb37c9969a4ad3780ec42e8423,person299,bacterial
train,PNEUMONIA,person299_bacteria_1419.jpeg,chest_xray_dataset\train\PNEUMONIA\person299_bacteria_1419.jpeg,1028,581,L,8cfba8f60b1f20fc63790b3c0f101d75,person299,bacterial
train,PNEUMONIA,person299_virus_620.jpeg,chest_xray_dataset\train\PNEUMONIA\person299_virus_620.jpeg,1412,1044,L,906f4273e6549b8baaa1c0d2478e482c,person299,viral
train,PNEUMONIA,person29_bacteria_144.jpeg,chest_xray_dataset\train\PNEUMONIA\person29_bacteria_144.jpeg,1064,592,L,bc9aea2f11790d66d101c46b35fbf8ea,person29,bacterial
train,PNEUMONIA,person2_bacteria_3.jpeg,chest_xray_dataset\train\PNEUMONIA\person2_bacteria_3.jpeg,1448,1056,L,0fa7eef4ea9892d125a1e068176477a3,person2,bacterial
train,PNEUMONIA,person2_bacteria_4.jpeg,chest_xray_dataset\train\PNEUMONIA\person2_bacteria_4.jpeg,1328,1160,L,fdf09c90b69fc41679fcb790c083cd77,person2,bacterial
train,PNEUMONIA,person300_bacteria_1421.jpeg,chest_xray_dataset\train\PNEUMONIA\person300_bacteria_1421.jpeg,1248,832,L,343aab47b1bde9e561229bacb637cf6f,person300,bacterial
train,PNEUMONIA,person300_bacteria_1422.jpeg,chest_xray_dataset\train\PNEUMONIA\person300_bacteria_1422.jpeg,1528,1152,L,ea6ac5b33dbe629ae1d75fa5dee054f5,person300,bacterial
train,PNEUMONIA,person300_bacteria_1423.jpeg,chest_xray_dataset\train\PNEUMONIA\person300_bacteria_1423.jpeg,1554,1072,L,ec61e836b00afca8603718341107d3b5,person300,bacterial
train,PNEUMONIA,person300_virus_621.jpeg,chest_xray_dataset\train\PNEUMONIA\person300_virus_621.jpeg,2076,1576,L,cbf16c833a58c5c1aba6e481c897af2e,person300,viral
train,PNEUMONIA,person301_bacteria_1424.jpeg,chest_xray_dataset\train\PNEUMONIA\person301_bacteria_1424.jpeg,864,576,L,ec339b360e7645dd0298bb0dc66624a2,person301,bacterial
train,PNEUMONIA,person301_bacteria_1427.jpeg,chest_xray_dataset\train\PNEUMONIA\person301_bacteria_1427.jpeg,968,688,L,1768d152dd9486f44b69fca7c927b629,person301,bacterial
train,PNEUMONIA,person301_bacteria_1428.jpeg,chest_xray_dataset\train\PNEUMONIA\person301_bacteria_1428.jpeg,968,648,L,a0920cf443432578070a608c77ffa489,person301,bacterial
train,PNEUMONIA,person301_bacteria_1429.jpeg,chest_xray_dataset\train\PNEUMONIA\person301_bacteria_1429.jpeg,1052,651,L,a9feca4493b60c7cc0dad1e64dd3d4f5,person301,bacterial
train,PNEUMONIA,person301_virus_622.jpeg,chest_xray_dataset\train\PNEUMONIA\person301_virus_622.jpeg,2070,1550,L,90a27d9169daba7ab6266e0c41f56285,person301,viral
train,PNEUMONIA,person302_bacteria_1430.jpeg,chest_xray_dataset\train\PNEUMONIA\person302_bacteria_1430.jpeg,1022,735,L,f4d134d412fd367f4e44596db659111b,person302,bacterial
train,PNEUMONIA,person302_virus_623.jpeg,chest_xray_dataset\train\PNEUMONIA\person302_virus_623.jpeg,2006,1647,L,bf43b900f989d7cb34550e0ed4219ffc,person302,viral
train,PNEUMONIA,person303_bacteria_1431.jpeg,chest_xray_dataset\train\PNEUMONIA\person303_bacteria_1431.jpeg,1562,1106,L,861fede6633e7f992790fdde2736a45b,person303,bacterial
train,PNEUMONIA,person303_virus_624.jpeg,chest_xray_dataset\train\PNEUMONIA\person303_virus_624.jpeg,2022,1619,L,d332f3e94bbc65b3e3f0af6b9ada07d4,person303,viral
train,PNEUMONIA,person304_virus_625.jpeg,chest_xray_dataset\train\PNEUMONIA\person304_virus_625.jpeg,1048,768,L,8f4d39001a9aafc0e8b39b5d19e852e0,person304,viral
train,PNEUMONIA,person305_bacteria_1435.jpeg,chest_xray_dataset\train\PNEUMONIA\person305_bacteria_1435.jpeg,1024,480,L,5bca0a398d245b94ce907fee812820a6,person305,bacterial
train,PNEUMONIA,person305_bacteria_1436.jpeg,chest_xray_dataset\train\PNEUMONIA\person305_bacteria_1436.jpeg,920,536,L,54381a12f2be50e27e08c59d3e9c37a7,person305,bacterial
train,PNEUMONIA,person305_bacteria_1437.jpeg,chest_xray_dataset\train\PNEUMONIA\person305_bacteria_1437.jpeg,1008,624,L,e5e5fb10a60a1a98e3a0d116c585cb6f,person305,bacterial
train,PNEUMONIA,person305_virus_627.jpeg,chest_xray_dataset\train\PNEUMONIA\person305_virus_627.jpeg,1176,720,L,1b1f43ce758aa08429d3afd46aad49ca,person305,viral
train,PNEUMONIA,person306_bacteria_1439.jpeg,chest_xray_dataset\train\PNEUMONIA\person306_bacteria_1439.jpeg,1226,882,L,5e4865d5b5e1a55caa9351ab1e2ddd14,person306,bacterial
train,PNEUMONIA,person306_bacteria_1440.jpeg,chest_xray_dataset\train\PNEUMONIA\person306_bacteria_1440.jpeg,1280,851,L,4884fb9025877087bf4f5380c403bf96,person306,bacterial
train,PNEUMONIA,person306_virus_628.jpeg,chest_xray_dataset\train\PNEUMONIA\person306_virus_628.jpeg,445,187,RGB,01df6d34e7ced4a8d0e382c4096742da,person306,viral
train,PNEUMONIA,person307_bacteria_1441.jpeg,chest_xray_dataset\train\PNEUMONIA\person307_bacteria_1441.jpeg,992,560,L,863e81a1d996de9cfdc4dc11c3ce75ad,person307,bacterial
train,PNEUMONIA,person307_bacteria_1442.jpeg,chest_xray_dataset\train\PNEUMONIA\person307_bacteria_1442.jpeg,1142,689,L,ed378752e7e26093951d6f4d2d6da8d6,person307,bacterial
train,PNEUMONIA,person307_virus_629.jpeg,chest_xray_dataset\train\PNEUMONIA\person307_virus_629.jpeg,1112,632,L,e70320638a4b9efd5305e5917fd0bbc3,person307,viral
train,PNEUMONIA,person308_bacteria_1443.jpeg,chest_xray_dataset\train\PNEUMONIA\person308_bacteria_1443.jpeg,920,672,L,730191d0460b4053c4db0b0648f29c9d,person308,bacterial
train,PNEUMONIA,person308_bacteria_1445.jpeg,chest_xray_dataset\train\PNEUMONIA\person308_bacteria_1445.jpeg,1280,771,L,aaba9774c024ba15cfa39913ee9f497c,person308,bacterial
train,PNEUMONIA,person308_virus_630.jpeg,chest_xray_dataset\train\PNEUMONIA\person308_virus_630.jpeg,1504,968,L,c6dff940cf635fe62d5a081efae960cc,person308,viral
train,PNEUMONIA,person309_bacteria_1447.jpeg,chest_xray_dataset\train\PNEUMONIA\person309_bacteria_1447.jpeg,1080,664,L,cc8704a9e2d9abc126e9dce6e059ea0d,person309,bacterial
train,PNEUMONIA,person309_bacteria_1449.jpeg,chest_xray_dataset\train\PNEUMONIA\person309_bacteria_1449.jpeg,1276,767,L,861d16d47185cf1bd0537abcef9b371a,person309,bacterial
train,PNEUMONIA,person309_virus_631.jpeg,chest_xray_dataset\train\PNEUMONIA\person309_virus_631.jpeg,494,196,RGB,e3925f2e75ee67203c7c58c40792c453,person309,viral
train,PNEUMONIA,person309_virus_632.jpeg,chest_xray_dataset\train\PNEUMONIA\person309_virus_632.jpeg,1128,736,L,6b808749b930a4b1fba5f93b716f4e1a,person309,viral
train,PNEUMONIA,person30_bacteria_145.jpeg,chest_xray_dataset\train\PNEUMONIA\person30_bacteria_145.jpeg,936,680,L,c42530f677b72e52d3f817356e05a575,person30,bacterial
train,PNEUMONIA,person30_bacteria_146.jpeg,chest_xray_dataset\train\PNEUMONIA\person30_bacteria_146.jpeg,1032,736,L,df1d1cdc849c13712eabf59cfa8544f4,person30,bacterial
train,PNEUMONIA,person30_bacteria_147.jpeg,chest_xray_dataset\train\PNEUMONIA\person30_bacteria_147.jpeg,1032,656,L,6ce07d5b86924632737fb67a63822c0a,person30,bacterial
train,PNEUMONIA,person30_bacteria_148.jpeg,chest_xray_dataset\train\PNEUMONIA\person30_bacteria_148.jpeg,880,600,L,95aa74b817a9664d98a48152bf8fa033,person30,bacterial
train,PNEUMONIA,person30_bacteria_149.jpeg,chest_xray_dataset\train\PNEUMONIA\person30_bacteria_149.jpeg,816,568,L,96004f11469037b8398415edffeb8c80,person30,bacterial
train,PNEUMONIA,person30_bacteria_150.jpeg,chest_xray_dataset\train\PNEUMONIA\person30_bacteria_150.jpeg,944,624,L,e111ef7c8611ecdded1eef0575addef5,person30,bacterial
train,PNEUMONIA,person30_bacteria_151.jpeg,chest_xray_dataset\train\PNEUMONIA\person30_bacteria_151.jpeg,952,616,L,f488ca8c78770f95ed0a86afa3c39807,person30,bacterial
train,PNEUMONIA,person30_bacteria_152.jpeg,chest_xray_dataset\train\PNEUMONIA\person30_bacteria_152.jpeg,1032,688,L,717313d578490a9adb5a27cac127341b,person30,bacterial
train,PNEUMONIA,person30_bacteria_153.jpeg,chest_xray_dataset\train\PNEUMONIA\person30_bacteria_153.jpeg,992,592,L,2dbeb7e627fb899aa7383df9d5e09a93,person30,bacterial
train,PNEUMONIA,person30_bacteria_154.jpeg,chest_xray_dataset\train\PNEUMONIA\person30_bacteria_154.jpeg,840,672,L,1f56d75ed9640beeec786be83eb1f8d5,person30,bacterial
train,PNEUMONIA,person30_bacteria_155.jpeg,chest_xray_dataset\train\PNEUMONIA\person30_bacteria_155.jpeg,1128,640,L,d0cbf3331532e07ae4f5303fe71b7182,person30,bacterial
train,PNEUMONIA,person30_bacteria_156.jpeg,chest_xray_dataset\train\PNEUMONIA\person30_bacteria_156.jpeg,1096,656,L,c7a269a84528269d8f34e6bceeb4d880,person30,bacterial
train,PNEUMONIA,person30_bacteria_157.jpeg,chest_xray_dataset\train\PNEUMONIA\person30_bacteria_157.jpeg,1096,656,L,c7a269a84528269d8f34e6bceeb4d880,person30,bacterial
train,PNEUMONIA,person30_bacteria_158.jpeg,chest_xray_dataset\train\PNEUMONIA\person30_bacteria_158.jpeg,1242,867,L,3fd020991992d1c60cecc034d0e772c8,person30,bacterial
train,PNEUMONIA,person310_bacteria_1450.jpeg,chest_xray_dataset\train\PNEUMONIA\person310_bacteria_1450.jpeg,1264,896,L,1744ab5530d90aa597f6579eef8c64ae,person310,bacterial
train,PNEUMONIA,person310_bacteria_1451.jpeg,chest_xray_dataset\train\PNEUMONIA\person310_bacteria_1451.jpeg,1588,1010,L,f95b106e275f17c47e45e6ec1a149fb6,person310,bacterial
train,PNEUMONIA,person310_virus_633.jpeg,chest_xray_dataset\train\PNEUMONIA\person310_virus_633.jpeg,1648,1120,L,1e6a1ce2c58aba4ffbb62370957c37e6,person310,viral
train,PNEUMONIA,person311_bacteria_1452.jpeg,chest_xray_dataset\train\PNEUMONIA\person311_bacteria_1452.jpeg,1416,920,L,f36f8ab9ef2ee1e7a4ce7fc650a1676c,person311,bacterial
train,PNEUMONIA,person311_bacteria_1453.jpeg,chest_xray_dataset\train\PNEUMONIA\person311_bacteria_1453.jpeg,1496,1179,L,3f30807c3efbcf6dc2d25b125a46e15e,person311,bacterial
train,PNEUMONIA,person311_virus_634.jpeg,chest_xray_dataset\train\PNEUMONIA\person311_virus_634.jpeg,1352,960,L,1c9ec34a5c8ce2e56dd69632101c35f4,person311,viral
train,PNEUMONIA,person312_bacteria_1454.jpeg,chest_xray_dataset\train\PNEUMONIA\person312_bacteria_1454.jpeg,1416,1184,L,bcc92aebd17d4a0c804d8a07a306ded3,person312,bacterial
train,PNEUMONIA,person312_bacteria_1455.jpeg,chest_xray_dataset\train\PNEUMONIA\person312_bacteria_1455.jpeg,1536,1256,L,c56395f79d4eed9a73a54da8de6dd2d7,person312,bacterial
train,PNEUMONIA,person312_bacteria_1456.jpeg,chest_xray_dataset\train\PNEUMONIA\person312_bacteria_1456.jpeg,1608,1237,L,dacd58a51ec867bf0fed600e36f853f4,person312,bacterial
train,PNEUMONIA,person312_virus_635.jpeg,chest_xray_dataset\train\PNEUMONIA\person312_virus_635.jpeg,1416,1008,L,a6688e0f365859aa3743df079133bfa4,person312,viral
train,PNEUMONIA,person313_bacteria_1457.jpeg,chest_xray_dataset\train\PNEUMONIA\person313_bacteria_1457.jpeg,952,696,L,10cac0d8e20db2583161bc15c56893f1,person313,bacterial
train,PNEUMONIA,person313_bacteria_1458.jpeg,chest_xray_dataset\train\PNEUMONIA\person313_bacteria_1458.jpeg,1040,640,L,e8b86de24b3383c504f13fccfb05d48d,person313,bacterial
train,PNEUMONIA,person313_bacteria_1459.jpeg,chest_xray_dataset\train\PNEUMONIA\person313_bacteria_1459.jpeg,992,520,L,49c89752e4e24690c2a2b060a4e55047,person313,bacterial
train,PNEUMONIA,person313_bacteria_1460.jpeg,chest_xray_dataset\train\PNEUMONIA\person313_bacteria_1460.jpeg,1110,755,L,de9da3c4f15aff291efb23a3ef31368c,person313,bacterial
train,PNEUMONIA,person313_virus_637.jpeg,chest_xray_dataset\train\PNEUMONIA\person313_virus_637.jpeg,992,640,L,857e41df7220b345c9df79c50bb9de78,person313,viral
train,PNEUMONIA,person314_bacteria_1461.jpeg,chest_xray_dataset\train\PNEUMONIA\person314_bacteria_1461.jpeg,1202,986,L,f920292c3ec56f3b520bd34f2843e86a,person314,bacterial
train,PNEUMONIA,person314_bacteria_1462.jpeg,chest_xray_dataset\train\PNEUMONIA\person314_bacteria_1462.jpeg,1310,1102,L,7eb87526a8d720c991df4cdb7995b782,person314,bacterial
train,PNEUMONIA,person314_virus_639.jpeg,chest_xray_dataset\train\PNEUMONIA\person314_virus_639.jpeg,1480,1136,L,8a918bf591d8e2ee91b61a916d1fb0f4,person314,viral
train,PNEUMONIA,person315_bacteria_1464.jpeg,chest_xray_dataset\train\PNEUMONIA\person315_bacteria_1464.jpeg,920,632,L,aa945f60e319659fdbcdb0717ffe098f,person315,bacterial
train,PNEUMONIA,person315_bacteria_1465.jpeg,chest_xray_dataset\train\PNEUMONIA\person315_bacteria_1465.jpeg,960,656,L,1aab7a97a0a3c296af70818f93105fbb,person315,bacterial
train,PNEUMONIA,person315_bacteria_1466.jpeg,chest_xray_dataset\train\PNEUMONIA\person315_bacteria_1466.jpeg,896,568,L,13deb1d35bac15140307b71e4c4170d9,person315,bacterial
train,PNEUMONIA,person315_bacteria_1467.jpeg,chest_xray_dataset\train\PNEUMONIA\person315_bacteria_1467.jpeg,816,504,L,433dde7c818d00865794dab48bb29202,person315,bacterial
train,PNEUMONIA,person315_bacteria_1468.jpeg,chest_xray_dataset\train\PNEUMONIA\person315_bacteria_1468.jpeg,1110,658,L,65d6acad5f75cf147a54e69c74a88904,person315,bacterial
train,PNEUMONIA,person316_bacteria_1469.jpeg,chest_xray_dataset\train\PNEUMONIA\person316_bacteria_1469.jpeg,1368,1032,L,0a76a9f02cf37bce0a32e15e43bdf410,person316,bacterial
train,PNEUMONIA,person316_bacteria_1470.jpeg,chest_xray_dataset\train\PNEUMONIA\person316_bacteria_1470.jpeg,1536,1320,L,d742ea873d8d89abb3c5859b654cbe83,person316,bacterial
train,PNEUMONIA,person316_virus_641.jpeg,chest_xray_dataset\train\PNEUMONIA\person316_virus_641.jpeg,496,240,RGB,63b4ba9fbbb8ed4592f28a4e48edb972,person316,viral
train,PNEUMONIA,person317_bacteria_1471.jpeg,chest_xray_dataset\train\PNEUMONIA\person317_bacteria_1471.jpeg,1320,904,L,1c624a8bec803f4e5a3cb8e78c47286b,person317,bacterial
train,PNEUMONIA,person317_bacteria_1473.jpeg,chest_xray_dataset\train\PNEUMONIA\person317_bacteria_1473.jpeg,1504,1253,L,8b495db2116eed4d9196dff38f250a5f,person317,bacterial
train,PNEUMONIA,person317_virus_643.jpeg,chest_xray_dataset\train\PNEUMONIA\person317_virus_643.jpeg,1064,640,L,395d0a6e19a37bbf0fc5f7d858088a9b,person317,viral
train,PNEUMONIA,person318_bacteria_1474.jpeg,chest_xray_dataset\train\PNEUMONIA\person318_bacteria_1474.jpeg,1518,1149,L,65d74231774c3188c5f8756878f1c6b7,person318,bacterial
train,PNEUMONIA,person318_virus_644.jpeg,chest_xray_dataset\train\PNEUMONIA\person318_virus_644.jpeg,2008,1448,L,23cb50ce9925c30f5762c3291b6dedb2,person318,viral
train,PNEUMONIA,person319_bacteria_1475.jpeg,chest_xray_dataset\train\PNEUMONIA\person319_bacteria_1475.jpeg,1080,736,L,b1f7a23755f26d88fbb969fec46fd952,person319,bacterial
train,PNEUMONIA,person319_bacteria_1476.jpeg,chest_xray_dataset\train\PNEUMONIA\person319_bacteria_1476.jpeg,1104,600,L,f5752f39994da7b9064df16247ac9ec9,person319,bacterial
train,PNEUMONIA,person319_bacteria_1477.jpeg,chest_xray_dataset\train\PNEUMONIA\person319_bacteria_1477.jpeg,936,640,L,f0d3203af3bab140dcc8d17f7f00ba85,person319,bacterial
train,PNEUMONIA,person319_bacteria_1478.jpeg,chest_xray_dataset\train\PNEUMONIA\person319_bacteria_1478.jpeg,952,640,L,98868737800f7acbb4936196c3c427bb,person319,bacterial
train,PNEUMONIA,person319_bacteria_1479.jpeg,chest_xray_dataset\train\PNEUMONIA\person319_bacteria_1479.jpeg,928,624,L,770d539063f6cfbd315f2b4457ac806c,person319,bacterial
train,PNEUMONIA,person319_bacteria_1480.jpeg,chest_xray_dataset\train\PNEUMONIA\person319_bacteria_1480.jpeg,1106,712,L,90550ee7b61fa1bb5bfc6a64f878fb8f,person319,bacterial
train,PNEUMONIA,person319_virus_645.jpeg,chest_xray_dataset\train\PNEUMONIA\person319_virus_645.jpeg,1136,776,L,75ab13b67a67a86595b2e781b2128185,person319,viral
train,PNEUMONIA,person319_virus_646.jpeg,chest_xray_dataset\train\PNEUMONIA\person319_virus_646.jpeg,1256,960,L,1df0473f937c33955947404750257b4a,person319,viral
train,PNEUMONIA,person31_bacteria_160.jpeg,chest_xray_dataset\train\PNEUMONIA\person31_bacteria_160.jpeg,840,544,L,6ed38a4f0c761f180c24c9b1f321f2c4,person31,bacterial
train,PNEUMONIA,person31_bacteria_161.jpeg,chest_xray_dataset\train\PNEUMONIA\person31_bacteria_161.jpeg,976,544,L,a7d9834b734e280d53e0b27bb372b694,person31,bacterial
train,PNEUMONIA,person31_bacteria_162.jpeg,chest_xray_dataset\train\PNEUMONIA\person31_bacteria_162.jpeg,944,480,L,85d043a7c031db9051da933c03ad4dbe,person31,bacterial
train,PNEUMONIA,person31_bacteria_163.jpeg,chest_xray_dataset\train\PNEUMONIA\person31_bacteria_163.jpeg,960,632,L,de63fd5bb7969e8861730eb3d6c9480c,person31,bacterial
train,PNEUMONIA,person31_bacteria_164.jpeg,chest_xray_dataset\train\PNEUMONIA\person31_bacteria_164.jpeg,952,581,L,9e6f630b4264f9f213f682817246d792,person31,bacterial
train,PNEUMONIA,person320_virus_647.jpeg,chest_xray_dataset\train\PNEUMONIA\person320_virus_647.jpeg,462,238,RGB,aa2a2a7d73910ae791e308baccbaa4dd,person320,viral
train,PNEUMONIA,person321_bacteria_1483.jpeg,chest_xray_dataset\train\PNEUMONIA\person321_bacteria_1483.jpeg,1152,648,L,60623005b4b32341d8aa742a16a643ed,person321,bacterial
train,PNEUMONIA,person321_bacteria_1484.jpeg,chest_xray_dataset\train\PNEUMONIA\person321_bacteria_1484.jpeg,1104,728,L,dd0e85a263e6fd396444830f5e1012b8,person321,bacterial
train,PNEUMONIA,person321_bacteria_1485.jpeg,chest_xray_dataset\train\PNEUMONIA\person321_bacteria_1485.jpeg,1240,800,L,a88756e940158dd315e798c3dc170fba,person321,bacterial
train,PNEUMONIA,person321_bacteria_1486.jpeg,chest_xray_dataset\train\PNEUMONIA\person321_bacteria_1486.jpeg,1200,856,L,43eda98c81e41b707f7647734d5c2c42,person321,bacterial
train,PNEUMONIA,person321_bacteria_1487.jpeg,chest_xray_dataset\train\PNEUMONIA\person321_bacteria_1487.jpeg,1144,808,L,74c455468b89c584f5e22c8d84d27043,person321,bacterial
train,PNEUMONIA,person321_bacteria_1488.jpeg,chest_xray_dataset\train\PNEUMONIA\person321_bacteria_1488.jpeg,1216,728,L,7dde4ea19a20a9023ee4935841876e5b,person321,bacterial
train,PNEUMONIA,person321_bacteria_1489.jpeg,chest_xray_dataset\train\PNEUMONIA\person321_bacteria_1489.jpeg,1186,866,L,a3262fc951c9dc9084f3cb4b16f8a2b8,person321,bacterial
train,PNEUMONIA,person321_virus_648.jpeg,chest_xray_dataset\train\PNEUMONIA\person321_virus_648.jpeg,1560,1096,L,d42e848079ddfbe583afdb6ab2a86b8e,person321,viral
train,PNEUMONIA,person322_bacteria_1494.jpeg,chest_xray_dataset\train\PNEUMONIA\person322_bacteria_1494.jpeg,1566,1130,L,b543080341b4ac0a611b9294f1f62729,person322,bacterial
train,PNEUMONIA,person322_virus_655.jpeg,chest_xray_dataset\train\PNEUMONIA\person322_virus_655.jpeg,1184,856,L,960874032a0bbfce91f1d19f0327144a,person322,viral
train,PNEUMONIA,person323_virus_656.jpeg,chest_xray_dataset\train\PNEUMONIA\person323_virus_656.jpeg,1808,1456,L,cb9a046326d87acf71f8301b777e1a11,person323,viral
train,PNEUMONIA,person324_virus_658.jpeg,chest_xray_dataset\train\PNEUMONIA\person324_virus_658.jpeg,1168,776,L,64860837b60cd88d0663b7b21ea231a4,person324,viral
train,PNEUMONIA,person325_bacteria_1497.jpeg,chest_xray_dataset\train\PNEUMONIA\person325_bacteria_1497.jpeg,1176,784,L,0c1d0b8a4fb3ada8659b1ae932fb63a4,person325,bacterial
train,PNEUMONIA,person325_bacteria_1498.jpeg,chest_xray_dataset\train\PNEUMONIA\person325_bacteria_1498.jpeg,1008,680,L,2e3e703e48036b94bd715c0041683fc2,person325,bacterial
train,PNEUMONIA,person325_bacteria_1500.jpeg,chest_xray_dataset\train\PNEUMONIA\person325_bacteria_1500.jpeg,1168,848,L,bfe99029133467c0a6ba6ac25fe74e99,person325,bacterial
train,PNEUMONIA,person325_bacteria_1501.jpeg,chest_xray_dataset\train\PNEUMONIA\person325_bacteria_1501.jpeg,1248,712,L,7302b00f20299e9baec18676931c7f7b,person325,bacterial
train,PNEUMONIA,person325_bacteria_1502.jpeg,chest_xray_dataset\train\PNEUMONIA\person325_bacteria_1502.jpeg,1348,779,L,cf439b610af383f2fbc033bf25f4df7d,person325,bacterial
train,PNEUMONIA,person325_virus_659.jpeg,chest_xray_dataset\train\PNEUMONIA\person325_virus_659.jpeg,445,140,RGB,6c67cfb60be0f7b1f13f6f0892ceb1d2,person325,viral
train,PNEUMONIA,person325_virus_660.jpeg,chest_xray_dataset\train\PNEUMONIA\person325_virus_660.jpeg,400,138,RGB,e3b9a9c00063d5c76975e85a9b0e7bf9,person325,viral
train,PNEUMONIA,person325_virus_661.jpeg,chest_xray_dataset\train\PNEUMONIA\person325_virus_661.jpeg,446,132,RGB,11e366c4ea08b5c2d3352088614e9c17,person325,viral
train,PNEUMONIA,person325_virus_664.jpeg,chest_xray_dataset\train\PNEUMONIA\person325_virus_664.jpeg,438,190,RGB,ceb7a6eeeedfc8bf3557486508b8631c,person325,viral
train,PNEUMONIA,person325_virus_665.jpeg,chest_xray_dataset\train\PNEUMONIA\person325_virus_665.jpeg,529,207,RGB,a56d856524436cdbde1b519e4c3cae83,person325,viral
train,PNEUMONIA,person326_bacteria_1503.jpeg,chest_xray_dataset\train\PNEUMONIA\person326_bacteria_1503.jpeg,1336,1064,L,4f58a2de1323fdb6c107cbb52bb5cf81,person326,bacterial
train,PNEUMONIA,person326_bacteria_1504.jpeg,chest_xray_dataset\train\PNEUMONIA\person326_bacteria_1504.jpeg,1272,1040,L,4ea75a7c4aa92d923536cbdd2e71087b,person326,bacterial
train,PNEUMONIA,person326_bacteria_1505.jpeg,chest_xray_dataset\train\PNEUMONIA\person326_bacteria_1505.jpeg,1384,912,L,5cb6d21de2fa27d592d69d6dbc7b742d,person326,bacterial
train,PNEUMONIA,person326_bacteria_1506.jpeg,chest_xray_dataset\train\PNEUMONIA\person326_bacteria_1506.jpeg,1336,1024,L,fa408c849ffe1bf7bdf785b3962af98c,person326,bacterial
train,PNEUMONIA,person326_bacteria_1507.jpeg,chest_xray_dataset\train\PNEUMONIA\person326_bacteria_1507.jpeg,1272,912,L,bed9ca52173f16695e2532c8b73c430f,person326,bacterial
train,PNEUMONIA,person326_virus_666.jpeg,chest_xray_dataset\train\PNEUMONIA\person326_virus_666.jpeg,1408,904,L,9e25b5b4514c902638cf97a6781cfd3c,person326,viral
train,PNEUMONIA,person326_virus_668.jpeg,chest_xray_dataset\train\PNEUMONIA\person326_virus_668.jpeg,1568,896,L,984774ab55451c48a25dfbfc13e9f33f,person326,viral
train,PNEUMONIA,person326_virus_670.jpeg,chest_xray_dataset\train\PNEUMONIA\person326_virus_670.jpeg,500,244,RGB,5489b8d0b33bd8ac415ad09ee6451a1d,person326,viral
train,PNEUMONIA,person326_virus_672.jpeg,chest_xray_dataset\train\PNEUMONIA\person326_virus_672.jpeg,1488,1168,L,e9bbc6482a6bc4c0b0183302405aba37,person326,viral
train,PNEUMONIA,person326_virus_673.jpeg,chest_xray_dataset\train\PNEUMONIA\person326_virus_673.jpeg,1560,952,L,64abb9cfac5675c51fbced9b9bbdedcd,person326,viral
train,PNEUMONIA,person326_virus_675.jpeg,chest_xray_dataset\train\PNEUMONIA\person326_virus_675.jpeg,1672,1064,L,77ef38e401d388aa9587d97ff9577a9d,person326,viral
train,PNEUMONIA,person326_virus_677.jpeg,chest_xray_dataset\train\PNEUMONIA\person326_virus_677.jpeg,1472,816,L,9698a864ced3b2dd22fa4db5be1a63de,person326,viral
train,PNEUMONIA,person327_bacteria_1508.jpeg,chest_xray_dataset\train\PNEUMONIA\person327_bacteria_1508.jpeg,1304,936,L,540036d58cf4680da23fec59dceffc2c,person327,bacterial
train,PNEUMONIA,person327_bacteria_1509.jpeg,chest_xray_dataset\train\PNEUMONIA\person327_bacteria_1509.jpeg,1592,1056,L,a237c38df2b118641d12339dec030bea,person327,bacterial
train,PNEUMONIA,person327_virus_679.jpeg,chest_xray_dataset\train\PNEUMONIA\person327_virus_679.jpeg,1176,736,L,392e290bbfaec74ba0aaba141ad9ac91,person327,viral
train,PNEUMONIA,person328_bacteria_1510.jpeg,chest_xray_dataset\train\PNEUMONIA\person328_bacteria_1510.jpeg,1360,1261,L,491726ae28cb598c99df8d40d41dabc5,person328,bacterial
train,PNEUMONIA,person328_bacteria_1511.jpeg,chest_xray_dataset\train\PNEUMONIA\person328_bacteria_1511.jpeg,1208,944,L,539a2417a26b3752bcf74e2a58799630,person328,bacterial
train,PNEUMONIA,person328_bacteria_1512.jpeg,chest_xray_dataset\train\PNEUMONIA\person328_bacteria_1512.jpeg,1184,984,L,d1e580d3326a86778dc311c681c7bafb,person328,bacterial
train,PNEUMONIA,person328_bacteria_1513.jpeg,chest_xray_dataset\train\PNEUMONIA\person328_bacteria_1513.jpeg,1080,840,L,7e88dbc255c7b15b7f1c94bec24d4c31,person328,bacterial
train,PNEUMONIA,person328_bacteria_1514.jpeg,chest_xray_dataset\train\PNEUMONIA\person328_bacteria_1514.jpeg,1200,944,L,1814fcc63ebbc68d2bc201490e4dc02a,person328,bacterial
train,PNEUMONIA,person328_bacteria_1515.jpeg,chest_xray_dataset\train\PNEUMONIA\person328_bacteria_1515.jpeg,1289,1253,L,a5c42e67469f3606f4515cb36d03668e,person328,bacterial
train,PNEUMONIA,person328_virus_681.jpeg,chest_xray_dataset\train\PNEUMONIA\person328_virus_681.jpeg,1472,976,L,6f27971746ee407bf7bcb08b5c1b2bc2,person328,viral
train,PNEUMONIA,person329_virus_682.jpeg,chest_xray_dataset\train\PNEUMONIA\person329_virus_682.jpeg,880,440,L,dde2b099897a89e2a036a1e726dc876e,person329,viral
train,PNEUMONIA,person32_bacteria_165.jpeg,chest_xray_dataset\train\PNEUMONIA\person32_bacteria_165.jpeg,1648,1592,L,6c30b41727510e043de21072e9f206de,person32,bacterial
train,PNEUMONIA,person32_bacteria_166.jpeg,chest_xray_dataset\train\PNEUMONIA\person32_bacteria_166.jpeg,1808,1448,L,1eda96c7b87e59fab663261931bdcd8f,person32,bacterial
train,PNEUMONIA,person330_virus_683.jpeg,chest_xray_dataset\train\PNEUMONIA\person330_virus_683.jpeg,1104,824,L,292ee0292cfab8c62ef5d7de1eae089c,person330,viral
train,PNEUMONIA,person331_bacteria_1526.jpeg,chest_xray_dataset\train\PNEUMONIA\person331_bacteria_1526.jpeg,1096,720,L,8201b63d4ed71e61612c68259b35837d,person331,bacterial
train,PNEUMONIA,person331_bacteria_1527.jpeg,chest_xray_dataset\train\PNEUMONIA\person331_bacteria_1527.jpeg,1040,856,L,bba962e15c4db4b42eb2a8a9af220aa6,person331,bacterial
train,PNEUMONIA,person331_bacteria_1528.jpeg,chest_xray_dataset\train\PNEUMONIA\person331_bacteria_1528.jpeg,1016,640,L,8a5eef5d18a932612c2317c2a77762c6,person331,bacterial
train,PNEUMONIA,person331_bacteria_1529.jpeg,chest_xray_dataset\train\PNEUMONIA\person331_bacteria_1529.jpeg,1168,768,L,3856d4b2767675ef115a2528634270f2,person331,bacterial
train,PNEUMONIA,person331_bacteria_1530.jpeg,chest_xray_dataset\train\PNEUMONIA\person331_bacteria_1530.jpeg,1152,632,L,2f351c6288d501d675e650e967e8f70b,person331,bacterial
train,PNEUMONIA,person331_virus_684.jpeg,chest_xray_dataset\train\PNEUMONIA\person331_virus_684.jpeg,1184,752,L,f3fd49c3fe5d7f7fd86e82cfd034eec7,person331,viral
train,PNEUMONIA,person332_bacteria_1531.jpeg,chest_xray_dataset\train\PNEUMONIA\person332_bacteria_1531.jpeg,976,664,L,9132f0552a3883050c6aec6fb5751ec1,person332,bacterial
train,PNEUMONIA,person332_bacteria_1533.jpeg,chest_xray_dataset\train\PNEUMONIA\person332_bacteria_1533.jpeg,984,664,L,f7f04a459f338e75e6edaec625f80069,person332,bacterial
train,PNEUMONIA,person332_bacteria_1534.jpeg,chest_xray_dataset\train\PNEUMONIA\person332_bacteria_1534.jpeg,1008,704,L,85136af95563d2fab1f6a42d8cb431ef,person332,bacterial
train,PNEUMONIA,person332_bacteria_1535.jpeg,chest_xray_dataset\train\PNEUMONIA\person332_bacteria_1535.jpeg,904,576,L,985de804067f7ff7ea62e142324beef2,person332,bacterial
train,PNEUMONIA,person332_bacteria_1536.jpeg,chest_xray_dataset\train\PNEUMONIA\person332_bacteria_1536.jpeg,1040,656,L,7350ab26ba0e78714606c1903c2f40b0,person332,bacterial
train,PNEUMONIA,person332_bacteria_1537.jpeg,chest_xray_dataset\train\PNEUMONIA\person332_bacteria_1537.jpeg,1092,751,L,ece847ef895bdc408093d9be2d20cddc,person332,bacterial
train,PNEUMONIA,person332_bacteria_1538.jpeg,chest_xray_dataset\train\PNEUMONIA\person332_bacteria_1538.jpeg,1086,693,L,7d886da0b1a3360edcde78fc2e6232bf,person332,bacterial
train,PNEUMONIA,person332_virus_685.jpeg,chest_xray_dataset\train\PNEUMONIA\person332_virus_685.jpeg,896,504,L,5de954ae87027e189e41e2ed533fe383,person332,viral
train,PNEUMONIA,person333_bacteria_1539.jpeg,chest_xray_dataset\train\PNEUMONIA\person333_bacteria_1539.jpeg,1578,1318,L,9eab05a7d05c8664e50224abb5ed7e11,person333,bacterial
train,PNEUMONIA,person333_bacteria_1540.jpeg,chest_xray_dataset\train\PNEUMONIA\person333_bacteria_1540.jpeg,1504,1180,L,0a20179d1107c5940acf367745e9b8e6,person333,bacterial
train,PNEUMONIA,person333_virus_688.jpeg,chest_xray_dataset\train\PNEUMONIA\person333_virus_688.jpeg,1424,1024,L,95bd79320c96a20197f9ead26fddbe33,person333,viral
train,PNEUMONIA,person334_bacteria_1541.jpeg,chest_xray_dataset\train\PNEUMONIA\person334_bacteria_1541.jpeg,920,528,L,aa375a557689b636e5bc6badcd8cc926,person334,bacterial
train,PNEUMONIA,person334_bacteria_1542.jpeg,chest_xray_dataset\train\PNEUMONIA\person334_bacteria_1542.jpeg,920,680,L,a23b83dede44727559380aab6b6e1dc8,person334,bacterial
train,PNEUMONIA,person334_bacteria_1544.jpeg,chest_xray_dataset\train\PNEUMONIA\person334_bacteria_1544.jpeg,888,576,L,b53877e66787913c96226bcb2841f4c0,person334,bacterial
train,PNEUMONIA,person334_bacteria_1545.jpeg,chest_xray_dataset\train\PNEUMONIA\person334_bacteria_1545.jpeg,918,735,L,9f303f713c94addaa2bbd41f25bfd0e0,person334,bacterial
train,PNEUMONIA,person334_virus_689.jpeg,chest_xray_dataset\train\PNEUMONIA\person334_virus_689.jpeg,550,279,RGB,c9a8f826e9a752eef951688f79c2ccff,person334,viral
train,PNEUMONIA,person335_virus_690.jpeg,chest_xray_dataset\train\PNEUMONIA\person335_virus_690.jpeg,1344,1128,L,f9efc935e7e668eed9bb4ffc60337e93,person335,viral
train,PNEUMONIA,person336_bacteria_1548.jpeg,chest_xray_dataset\train\PNEUMONIA\person336_bacteria_1548.jpeg,952,720,L,639ea7a15fd578316d62ac686f8744da,person336,bacterial
train,PNEUMONIA,person336_bacteria_1549.jpeg,chest_xray_dataset\train\PNEUMONIA\person336_bacteria_1549.jpeg,968,752,L,1855b825c25dfa0c3540e344fe40a85f,person336,bacterial
train,PNEUMONIA,person336_bacteria_1550.jpeg,chest_xray_dataset\train\PNEUMONIA\person336_bacteria_1550.jpeg,920,808,L,da2c711f316d2c07375bd7c3b4a4aaf8,person336,bacterial
train,PNEUMONIA,person336_bacteria_1551.jpeg,chest_xray_dataset\train\PNEUMONIA\person336_bacteria_1551.jpeg,1144,784,L,d129da34cb6c884284ace95c32d3032b,person336,bacterial
train,PNEUMONIA,person336_bacteria_1552.jpeg,chest_xray_dataset\train\PNEUMONIA\person336_bacteria_1552.jpeg,1008,728,L,6c03fce080bdaf5497942d6989c040f6,person336,bacterial
train,PNEUMONIA,person336_bacteria_1553.jpeg,chest_xray_dataset\train\PNEUMONIA\person336_bacteria_1553.jpeg,1072,728,L,6cd4f3e4624ef6fe1aaeb2fda8a8545f,person336,bacterial
train,PNEUMONIA,person337_bacteria_1554.jpeg,chest_xray_dataset\train\PNEUMONIA\person337_bacteria_1554.jpeg,1000,712,L,e75388d663325d3d42f31f3754633194,person337,bacterial
train,PNEUMONIA,person337_bacteria_1557.jpeg,chest_xray_dataset\train\PNEUMONIA\person337_bacteria_1557.jpeg,976,616,L,d2ee76e48d9e42f0490cee4ce00323cf,person337,bacterial
train,PNEUMONIA,person337_bacteria_1558.jpeg,chest_xray_dataset\train\PNEUMONIA\person337_bacteria_1558.jpeg,976,608,L,e774286dac93bbfb79ddb1da6288231f,person337,bacterial
train,PNEUMONIA,person337_bacteria_1560.jpeg,chest_xray_dataset\train\PNEUMONIA\person337_bacteria_1560.jpeg,944,744,L,101f54ecba7225abced9fee286c3630a,person337,bacterial
train,PNEUMONIA,person337_bacteria_1561.jpeg,chest_xray_dataset\train\PNEUMONIA\person337_bacteria_1561.jpeg,856,592,L,d65c5919830caa85ea9e39ab01581ad4,person337,bacterial
train,PNEUMONIA,person337_bacteria_1562.jpeg,chest_xray_dataset\train\PNEUMONIA\person337_bacteria_1562.jpeg,824,616,L,596011d7eb8cc5d4266c80e923223300,person337,bacterial
train,PNEUMONIA,person337_bacteria_1563.jpeg,chest_xray_dataset\train\PNEUMONIA\person337_bacteria_1563.jpeg,888,656,L,dea29d46c7099e6fa3b092faae88fdea,person337,bacterial
train,PNEUMONIA,person337_bacteria_1564.jpeg,chest_xray_dataset\train\PNEUMONIA\person337_bacteria_1564.jpeg,824,640,L,93495843c3bff52668eeb34065290fc8,person337,bacterial
train,PNEUMONIA,person337_bacteria_1565.jpeg,chest_xray_dataset\train\PNEUMONIA\person337_bacteria_1565.jpeg,824,688,L,c3e97f780264f716bc0540afae420eba,person337,bacterial
train,PNEUMONIA,person337_bacteria_1566.jpeg,chest_xray_dataset\train\PNEUMONIA\person337_bacteria_1566.jpeg,856,616,L,52d1f85e1e609dd1db9e015da4339a57,person337,bacterial
train,PNEUMONIA,person338_bacteria_1567.jpeg,chest_xray_dataset\train\PNEUMONIA\person338_bacteria_1567.jpeg,1240,968,L,270acd9919059512ca3b636f9610eaf8,person338,bacterial
train,PNEUMONIA,person338_bacteria_1568.jpeg,chest_xray_dataset\train\PNEUMONIA\person338_bacteria_1568.jpeg,1240,752,L,861cf93174cce6c95f66ff52c653302e,person338,bacterial
train,PNEUMONIA,person338_virus_694.jpeg,chest_xray_dataset\train\PNEUMONIA\person338_virus_694.jpeg,445,232,RGB,5c632431a9cad70eab9cc7f5af2e660c,person338,viral
train,PNEUMONIA,person339_bacteria_1572.jpeg,chest_xray_dataset\train\PNEUMONIA\person339_bacteria_1572.jpeg,1016,768,L,b5b59ad923e34db4665b6b18c2e571b6,person339,bacterial
train,PNEUMONIA,person339_bacteria_1573.jpeg,chest_xray_dataset\train\PNEUMONIA\person339_bacteria_1573.jpeg,1024,632,L,6be2bf3ab94730a3c4211a2992676434,person339,bacterial
train,PNEUMONIA,person339_bacteria_1574.jpeg,chest_xray_dataset\train\PNEUMONIA\person339_bacteria_1574.jpeg,947,594,L,f1393fd3c84d534e71d329de57cb0cc6,person339,bacterial
train,PNEUMONIA,person339_virus_695.jpeg,chest_xray_dataset\train\PNEUMONIA\person339_virus_695.jpeg,1320,1040,L,1ab5d4ebcbaf072200b71249f19c5c1f,person339,viral
train,PNEUMONIA,person33_bacteria_169.jpeg,chest_xray_dataset\train\PNEUMONIA\person33_bacteria_169.jpeg,1202,743,L,debc3cd4e3a4d66c3ecdb323b2947d30,person33,bacterial
train,PNEUMONIA,person33_bacteria_172.jpeg,chest_xray_dataset\train\PNEUMONIA\person33_bacteria_172.jpeg,1128,744,L,c97277ffe3376d3a59dde25cdc85dd46,person33,bacterial
train,PNEUMONIA,person33_bacteria_173.jpeg,chest_xray_dataset\train\PNEUMONIA\person33_bacteria_173.jpeg,1032,600,L,6b9a065aa134fdfa8c6ad3b0b3b7d017,person33,bacterial
train,PNEUMONIA,person33_bacteria_174.jpeg,chest_xray_dataset\train\PNEUMONIA\person33_bacteria_174.jpeg,1072,608,L,beeb3606004dadc0fbd5263156857e18,person33,bacterial
train,PNEUMONIA,person33_bacteria_175.jpeg,chest_xray_dataset\train\PNEUMONIA\person33_bacteria_175.jpeg,1268,883,L,ce59a0c5cd6d5ef3d8e94a57d72c58fe,person33,bacterial
train,PNEUMONIA,person340_bacteria_1575.jpeg,chest_xray_dataset\train\PNEUMONIA\person340_bacteria_1575.jpeg,1328,968,L,12e12802fac918790c6aaf33d5e1c894,person340,bacterial
train,PNEUMONIA,person340_virus_698.jpeg,chest_xray_dataset\train\PNEUMONIA\person340_virus_698.jpeg,1760,1432,L,6d37134d3b903eb7e3e99537e9c3a266,person340,viral
train,PNEUMONIA,person341_bacteria_1577.jpeg,chest_xray_dataset\train\PNEUMONIA\person341_bacteria_1577.jpeg,831,529,RGB,ac5fd2c9e90ea1f609bb00cc98f4cf8b,person341,bacterial
train,PNEUMONIA,person341_virus_699.jpeg,chest_xray_dataset\train\PNEUMONIA\person341_virus_699.jpeg,1304,1048,L,7f008439a1fbeaac8158397c06776708,person341,viral
train,PNEUMONIA,person342_virus_701.jpeg,chest_xray_dataset\train\PNEUMONIA\person342_virus_701.jpeg,439,227,RGB,ba9dd2c7f75ad6fb0801e15e7a809699,person342,viral
train,PNEUMONIA,person342_virus_702.jpeg,chest_xray_dataset\train\PNEUMONIA\person342_virus_702.jpeg,453,182,RGB,94de5b14c5c9cbbbb1c7e9ffc46c0031,person342,viral
train,PNEUMONIA,person343_bacteria_1583.jpeg,chest_xray_dataset\train\PNEUMONIA\person343_bacteria_1583.jpeg,1504,1056,L,b721e0e28d68fdda1d844fa5044b6f53,person343,bacterial
train,PNEUMONIA,person343_bacteria_1584.jpeg,chest_xray_dataset\train\PNEUMONIA\person343_bacteria_1584.jpeg,1632,1291,L,fe20ae62b7d920b3eaf8bffa7da4a1fd,person343,bacterial
train,PNEUMONIA,person343_virus_704.jpeg,chest_xray_dataset\train\PNEUMONIA\person343_virus_704.jpeg,640,317,RGB,d5ca5e2bec55a4465e66281ef1b17bf8,person343,viral
train,PNEUMONIA,person344_bacteria_1585.jpeg,chest_xray_dataset\train\PNEUMONIA\person344_bacteria_1585.jpeg,1538,1164,L,7fccd52bbe19064c8a6e24e10f81e677,person344,bacterial
train,PNEUMONIA,person344_virus_705.jpeg,chest_xray_dataset\train\PNEUMONIA\person344_virus_705.jpeg,1008,680,L,6b00efe60682b0fa2f8ac7373bf10bd4,person344,viral
train,PNEUMONIA,person346_bacteria_1590.jpeg,chest_xray_dataset\train\PNEUMONIA\person346_bacteria_1590.jpeg,1136,824,L,32dad9fc0f9166bdd37723e2967ad0c1,person346,bacterial
train,PNEUMONIA,person346_virus_708.jpeg,chest_xray_dataset\train\PNEUMONIA\person346_virus_708.jpeg,1304,736,L,21a29a7c6781c2f55ebc72303252f754,person346,viral
train,PNEUMONIA,person346_virus_709.jpeg,chest_xray_dataset\train\PNEUMONIA\person346_virus_709.jpeg,1296,832,L,021615bb5f0f25b050defc728124b872,person346,viral
train,PNEUMONIA,person347_bacteria_1594.jpeg,chest_xray_dataset\train\PNEUMONIA\person347_bacteria_1594.jpeg,1552,1080,L,cea0402dcaa99d39a0a703f2dac17450,person347,bacterial
train,PNEUMONIA,person347_bacteria_1595.jpeg,chest_xray_dataset\train\PNEUMONIA\person347_bacteria_1595.jpeg,1592,944,L,c5b9a84ebb370f8674b21881fc418c55,person347,bacterial
train,PNEUMONIA,person347_bacteria_1597.jpeg,chest_xray_dataset\train\PNEUMONIA\person347_bacteria_1597.jpeg,1360,968,L,8d8ffde27a0fb85e4129bd52267f9fe4,person347,bacterial
train,PNEUMONIA,person347_bacteria_1599.jpeg,chest_xray_dataset\train\PNEUMONIA\person347_bacteria_1599.jpeg,967,683,RGB,e3f99deb050d94880a7a51912f6a2aa2,person347,bacterial
train,PNEUMONIA,person348_bacteria_1601.jpeg,chest_xray_dataset\train\PNEUMONIA\person348_bacteria_1601.jpeg,1136,768,L,8888ec1d90b3aebd351221194429bc00,person348,bacterial
train,PNEUMONIA,person348_bacteria_1602.jpeg,chest_xray_dataset\train\PNEUMONIA\person348_bacteria_1602.jpeg,1160,832,L,a6b44213c3bf4056530d769fd50138f7,person348,bacterial
train,PNEUMONIA,person348_bacteria_1603.jpeg,chest_xray_dataset\train\PNEUMONIA\person348_bacteria_1603.jpeg,1104,896,L,eeb37476c6c88f0d82b1f78edcd4006f,person348,bacterial
train,PNEUMONIA,person348_bacteria_1604.jpeg,chest_xray_dataset\train\PNEUMONIA\person348_bacteria_1604.jpeg,1306,1006,L,5b5efa25f291ef706518c4e3add9f595,person348,bacterial
train,PNEUMONIA,person348_virus_711.jpeg,chest_xray_dataset\train\PNEUMONIA\person348_virus_711.jpeg,1368,1048,L,2cba77670246bdb85fe3ea2972ca15a3,person348,viral
train,PNEUMONIA,person348_virus_714.jpeg,chest_xray_dataset\train\PNEUMONIA\person348_virus_714.jpeg,1384,920,L,0461f4c9eb424fa4534eaf294d86701b,person348,viral
train,PNEUMONIA,person348_virus_715.jpeg,chest_xray_dataset\train\PNEUMONIA\person348_virus_715.jpeg,742,515,RGB,cdc6eb9eaf2653928b757531691bc094,person348,viral
train,PNEUMONIA,person348_virus_716.jpeg,chest_xray_dataset\train\PNEUMONIA\person348_virus_716.jpeg,1192,1088,L,7a2b1bd3192317c0fa0e86688090f9f2,person348,viral
train,PNEUMONIA,person348_virus_717.jpeg,chest_xray_dataset\train\PNEUMONIA\person348_virus_717.jpeg,1224,1008,L,5d25cbbe87af9dc32d2ae5213c4f0fd2,person348,viral
train,PNEUMONIA,person348_virus_719.jpeg,chest_xray_dataset\train\PNEUMONIA\person348_virus_719.jpeg,1328,928,L,bee7678521599d2123d4987d4503e765,person348,viral
train,PNEUMONIA,person348_virus_720.jpeg,chest_xray_dataset\train\PNEUMONIA\person348_virus_720.jpeg,1272,1080,L,85cd94ec951259c7ba6e1217753104da,person348,viral
train,PNEUMONIA,person348_virus_721.jpeg,chest_xray_dataset\train\PNEUMONIA\person348_virus_721.jpeg,1288,944,L,e43fc46322f6eddaeef5b64b9cf76fb3,person348,viral
train,PNEUMONIA,person348_virus_723.jpeg,chest_xray_dataset\train\PNEUMONIA\person348_virus_723.jpeg,1296,760,L,5ff12005a7e63d501a1335302cff6d73,person348,viral
train,PNEUMONIA,person349_bacteria_1605.jpeg,chest_xray_dataset\train\PNEUMONIA\person349_bacteria_1605.jpeg,1080,744,L,8e3e61ac44ce40076dc512f9b0118b15,person349,bacterial
train,PNEUMONIA,person349_bacteria_1606.jpeg,chest_xray_dataset\train\PNEUMONIA\person349_bacteria_1606.jpeg,1192,760,L,5195f2c51fac52dd06c219a0b98f22d2,person349,bacterial
train,PNEUMONIA,person349_bacteria_1607.jpeg,chest_xray_dataset\train\PNEUMONIA\person349_bacteria_1607.jpeg,1136,824,L,fee57281b32265eac053377508311f43,person349,bacterial
train,PNEUMONIA,person349_virus_724.jpeg,chest_xray_dataset\train\PNEUMONIA\person349_virus_724.jpeg,1432,816,L,dec59cc893b94fcac86f0ca8735e225a,person349,viral
train,PNEUMONIA,person34_bacteria_176.jpeg,chest_xray_dataset\train\PNEUMONIA\person34_bacteria_176.jpeg,1380,801,L,6ce1b5a57351191ffd6bfd175f564d1d,person34,bacterial
train,PNEUMONIA,person350_virus_725.jpeg,chest_xray_dataset\train\PNEUMONIA\person350_virus_725.jpeg,1360,928,L,1d9f9368623b803776b9a30f1e561984,person350,viral
train,PNEUMONIA,person351_bacteria_1617.jpeg,chest_xray_dataset\train\PNEUMONIA\person351_bacteria_1617.jpeg,1218,1041,L,7712499d48bacbd9a2a4542b3265d8bc,person351,bacterial
train,PNEUMONIA,person351_bacteria_1619.jpeg,chest_xray_dataset\train\PNEUMONIA\person351_bacteria_1619.jpeg,1048,768,L,debfea3adf960e367a987543ed15ea68,person351,bacterial
train,PNEUMONIA,person351_bacteria_1620.jpeg,chest_xray_dataset\train\PNEUMONIA\person351_bacteria_1620.jpeg,888,672,L,744af226d880c0f5080f8c68683b8d00,person351,bacterial
train,PNEUMONIA,person351_bacteria_1621.jpeg,chest_xray_dataset\train\PNEUMONIA\person351_bacteria_1621.jpeg,928,824,L,3e720d534a247cc1a60387ca5d574015,person351,bacterial
train,PNEUMONIA,person351_bacteria_1622.jpeg,chest_xray_dataset\train\PNEUMONIA\person351_bacteria_1622.jpeg,952,752,L,d5105d1cd4a8452d7076dfe05c9f34c9,person351,bacterial
train,PNEUMONIA,person351_bacteria_1623.jpeg,chest_xray_dataset\train\PNEUMONIA\person351_bacteria_1623.jpeg,896,680,L,d374ca54798b841cc25be877958d89cb,person351,bacterial
train,PNEUMONIA,person351_bacteria_1624.jpeg,chest_xray_dataset\train\PNEUMONIA\person351_bacteria_1624.jpeg,1016,752,L,e450c90bd6f37e86a0c0bea55f74bf9e,person351,bacterial
train,PNEUMONIA,person351_virus_726.jpeg,chest_xray_dataset\train\PNEUMONIA\person351_virus_726.jpeg,1128,808,L,e566d45e329be58e984ca008065ba489,person351,viral
train,PNEUMONIA,person352_bacteria_1625.jpeg,chest_xray_dataset\train\PNEUMONIA\person352_bacteria_1625.jpeg,984,592,L,32823a4e56fefae666a217feeaa104b8,person352,bacterial
train,PNEUMONIA,person353_bacteria_1626.jpeg,chest_xray_dataset\train\PNEUMONIA\person353_bacteria_1626.jpeg,752,592,L,5c2750bec93079b73d6dad642d5f3b04,person353,bacterial
train,PNEUMONIA,person353_bacteria_1628.jpeg,chest_xray_dataset\train\PNEUMONIA\person353_bacteria_1628.jpeg,984,688,L,9f0b69767e442d3f81effca4f59459d6,person353,bacterial
train,PNEUMONIA,person353_virus_728.jpeg,chest_xray_dataset\train\PNEUMONIA\person353_virus_728.jpeg,1496,1040,L,887053d6287e502497ef85b309157e95,person353,viral
train,PNEUMONIA,person354_bacteria_1632.jpeg,chest_xray_dataset\train\PNEUMONIA\person354_bacteria_1632.jpeg,460,157,RGB,3a312cc223ab597273eec2d27ce5719e,person354,bacterial
train,PNEUMONIA,person354_bacteria_1633.jpeg,chest_xray_dataset\train\PNEUMONIA\person354_bacteria_1633.jpeg,738,427,RGB,7b0ba562c53ab91ebaf3b4e42929ee33,person354,bacterial
train,PNEUMONIA,person354_bacteria_1634.jpeg,chest_xray_dataset\train\PNEUMONIA\person354_bacteria_1634.jpeg,928,624,L,7a16f198d929c0594ecbc58232417de7,person354,bacterial
train,PNEUMONIA,person354_bacteria_1635.jpeg,chest_xray_dataset\train\PNEUMONIA\person354_bacteria_1635.jpeg,532,255,RGB,0060dc016cbce29f76cba422578a58a1,person354,bacterial
train,PNEUMONIA,person354_virus_729.jpeg,chest_xray_dataset\train\PNEUMONIA\person354_virus_729.jpeg,1352,968,L,b99e2bd10b6198c6f3ed9b7e5e677cca,person354,viral
train,PNEUMONIA,person355_bacteria_1637.jpeg,chest_xray_dataset\train\PNEUMONIA\person355_bacteria_1637.jpeg,1000,568,L,5ff057e7f122ee39e95528e806535747,person355,bacterial
train,PNEUMONIA,person355_virus_730.jpeg,chest_xray_dataset\train\PNEUMONIA\person355_virus_730.jpeg,864,408,L,a13f866fea179f50580204083836d283,person355,viral
train,PNEUMONIA,person355_virus_731.jpeg,chest_xray_dataset\train\PNEUMONIA\person355_virus_731.jpeg,486,191,RGB,800c5836336f6a4b0b08e3bad3e6ee10,person355,viral
train,PNEUMONIA,person356_bacteria_1638.jpeg,chest_xray_dataset\train\PNEUMONIA\person356_bacteria_1638.jpeg,1326,875,L,0b897477c9b40b42add1005b90e8e803,person356,bacterial
train,PNEUMONIA,person356_virus_733.jpeg,chest_xray_dataset\train\PNEUMONIA\person356_virus_733.jpeg,1080,760,L,b371c1e6b4d5b36b481ad52732045c35,person356,viral
train,PNEUMONIA,person357_bacteria_1639.jpeg,chest_xray_dataset\train\PNEUMONIA\person357_bacteria_1639.jpeg,1550,1399,L,bf64ca64357c82e231859ffe56603e45,person357,bacterial
train,PNEUMONIA,person357_bacteria_1640.jpeg,chest_xray_dataset\train\PNEUMONIA\person357_bacteria_1640.jpeg,1240,928,L,c75c327ce1d75fb84db7b925e0464a83,person357,bacterial
train,PNEUMONIA,person357_virus_734.jpeg,chest_xray_dataset\train\PNEUMONIA\person357_virus_734.jpeg,1312,1112,L,23d698733d4709babc2bf0b40ea67cf4,person357,viral
train,PNEUMONIA,person357_virus_735.jpeg,chest_xray_dataset\train\PNEUMONIA\person357_virus_735.jpeg,1312,1112,L,23d698733d4709babc2bf0b40ea67cf4,person357,viral
train,PNEUMONIA,person357_virus_736.jpeg,chest_xray_dataset\train\PNEUMONIA\person357_virus_736.jpeg,1192,888,L,4b349f46f96a1f593e3205db26489188,person357,viral
train,PNEUMONIA,person358_virus_737.jpeg,chest_xray_dataset\train\PNEUMONIA\person358_virus_737.jpeg,1384,1080,L,54322956f0e7652f4e8700323dd6ed09,person358,viral
train,PNEUMONIA,person359_bacteria_1642.jpeg,chest_xray_dataset\train\PNEUMONIA\person359_bacteria_1642.jpeg,1334,1102,L,3aa3597e28cc9f7404658ca9416382fc,person359,bacterial
train,PNEUMONIA,person359_bacteria_1643.jpeg,chest_xray_dataset\train\PNEUMONIA\person359_bacteria_1643.jpeg,1088,992,L,e74bc507f273369387a4299a617d43b5,person359,bacterial
train,PNEUMONIA,person359_bacteria_1644.jpeg,chest_xray_dataset\train\PNEUMONIA\person359_bacteria_1644.jpeg,1072,856,L,03031d4cfa23ff7ab5a42102419c1967,person359,bacterial
train,PNEUMONIA,person359_bacteria_1645.jpeg,chest_xray_dataset\train\PNEUMONIA\person359_bacteria_1645.jpeg,1152,856,L,367ffed4c980bac1db0c38e716327777,person359,bacterial
train,PNEUMONIA,person359_bacteria_1646.jpeg,chest_xray_dataset\train\PNEUMONIA\person359_bacteria_1646.jpeg,1168,800,L,82188b1b034f70291ed5523051ba6a5d,person359,bacterial
train,PNEUMONIA,person359_virus_738.jpeg,chest_xray_dataset\train\PNEUMONIA\person359_virus_738.jpeg,1448,1112,L,cc9ba59c04937136ca881cb67dea485b,person359,viral
train,PNEUMONIA,person35_bacteria_178.jpeg,chest_xray_dataset\train\PNEUMONIA\person35_bacteria_178.jpeg,2036,1627,L,6cfc9ae9fe9f31fa378ebe530624328d,person35,bacterial
train,PNEUMONIA,person35_bacteria_180.jpeg,chest_xray_dataset\train\PNEUMONIA\person35_bacteria_180.jpeg,1672,1200,L,bd5fb5f0c6ae15b75ac5144fbeab7aee,person35,bacterial
train,PNEUMONIA,person35_bacteria_181.jpeg,chest_xray_dataset\train\PNEUMONIA\person35_bacteria_181.jpeg,1712,1384,L,1bc2323cb01f7fb3edf073db198238e0,person35,bacterial
train,PNEUMONIA,person360_bacteria_1647.jpeg,chest_xray_dataset\train\PNEUMONIA\person360_bacteria_1647.jpeg,880,744,L,9865e127935c18af18a553527d0bffef,person360,bacterial
train,PNEUMONIA,person360_virus_739.jpeg,chest_xray_dataset\train\PNEUMONIA\person360_virus_739.jpeg,1176,1024,L,d38fcf7f0dbaef960ec1a1894b2fa286,person360,viral
train,PNEUMONIA,person361_bacteria_1651.jpeg,chest_xray_dataset\train\PNEUMONIA\person361_bacteria_1651.jpeg,1110,724,L,c578d8614bcfac4614a9005f3ca03216,person361,bacterial
train,PNEUMONIA,person361_virus_740.jpeg,chest_xray_dataset\train\PNEUMONIA\person361_virus_740.jpeg,1632,888,L,cf7991e8950c2b3835a20ee720914ab0,person361,viral
train,PNEUMONIA,person362_bacteria_1652.jpeg,chest_xray_dataset\train\PNEUMONIA\person362_bacteria_1652.jpeg,1584,1072,L,a196d5e2f45bc2f5fe82ae6e061acc76,person362,bacterial
train,PNEUMONIA,person362_virus_741.jpeg,chest_xray_dataset\train\PNEUMONIA\person362_virus_741.jpeg,920,600,L,dc455c6ab3175b67f0248a501fcaa7d1,person362,viral
train,PNEUMONIA,person363_bacteria_1653.jpeg,chest_xray_dataset\train\PNEUMONIA\person363_bacteria_1653.jpeg,1368,1208,L,33acc6397d8cf54f3a03582d3f93ef77,person363,bacterial
train,PNEUMONIA,person363_bacteria_1654.jpeg,chest_xray_dataset\train\PNEUMONIA\person363_bacteria_1654.jpeg,1272,1144,L,36223100d7c5131e7ab501c1b303bf1f,person363,bacterial
train,PNEUMONIA,person363_bacteria_1655.jpeg,chest_xray_dataset\train\PNEUMONIA\person363_bacteria_1655.jpeg,1424,1264,L,7db0898912259541a05511c6b69a24ef,person363,bacterial
train,PNEUMONIA,person363_virus_742.jpeg,chest_xray_dataset\train\PNEUMONIA\person363_virus_742.jpeg,1248,896,L,a1f522761aea7d57f20ce87facbf153c,person363,viral
train,PNEUMONIA,person364_bacteria_1656.jpeg,chest_xray_dataset\train\PNEUMONIA\person364_bacteria_1656.jpeg,1256,768,L,85289261b8aad5445ec8f5e81743712e,person364,bacterial
train,PNEUMONIA,person364_bacteria_1657.jpeg,chest_xray_dataset\train\PNEUMONIA\person364_bacteria_1657.jpeg,1232,864,L,c14aa3d1c964f3fe38cb581a737b6d42,person364,bacterial
train,PNEUMONIA,person364_bacteria_1658.jpeg,chest_xray_dataset\train\PNEUMONIA\person364_bacteria_1658.jpeg,1368,1064,L,1933e45c5b47fcb61a1099675017e27f,person364,bacterial
train,PNEUMONIA,person364_bacteria_1659.jpeg,chest_xray_dataset\train\PNEUMONIA\person364_bacteria_1659.jpeg,1304,952,L,574468e531a23c4497aac896ddb35349,person364,bacterial
train,PNEUMONIA,person364_bacteria_1660.jpeg,chest_xray_dataset\train\PNEUMONIA\person364_bacteria_1660.jpeg,1160,744,L,18f090991b0ae2b11503af8219f35fe2,person364,bacterial
train,PNEUMONIA,person364_virus_743.jpeg,chest_xray_dataset\train\PNEUMONIA\person364_virus_743.jpeg,1160,744,L,96179ee0b9a7e9ad4a811350b9a1c1a8,person364,viral
train,PNEUMONIA,person365_virus_745.jpeg,chest_xray_dataset\train\PNEUMONIA\person365_virus_745.jpeg,687,425,RGB,17c835357b8048fb3f9a1f0bfa0420b7,person365,viral
train,PNEUMONIA,person366_bacteria_1664.jpeg,chest_xray_dataset\train\PNEUMONIA\person366_bacteria_1664.jpeg,952,624,L,524dfff6d77ec4d084218300ae9e4e75,person366,bacterial
train,PNEUMONIA,person366_virus_746.jpeg,chest_xray_dataset\train\PNEUMONIA\person366_virus_746.jpeg,1280,904,L,4adaea8519eeabe94498fac9782d48a4,person366,viral
train,PNEUMONIA,person367_bacteria_1665.jpeg,chest_xray_dataset\train\PNEUMONIA\person367_bacteria_1665.jpeg,1200,1024,L,7f15e069b78997a80927acaf6d3b4018,person367,bacterial
train,PNEUMONIA,person367_virus_747.jpeg,chest_xray_dataset\train\PNEUMONIA\person367_virus_747.jpeg,1472,968,L,3ed0afc0a34a831a0185f5d353e0f313,person367,viral
train,PNEUMONIA,person368_bacteria_1666.jpeg,chest_xray_dataset\train\PNEUMONIA\person368_bacteria_1666.jpeg,986,709,L,c7949f7823772eeb4479642799d4e285,person368,bacterial
train,PNEUMONIA,person368_bacteria_1667.jpeg,chest_xray_dataset\train\PNEUMONIA\person368_bacteria_1667.jpeg,832,504,L,a7581a86cac77fc831bf2937915807f3,person368,bacterial
train,PNEUMONIA,person368_bacteria_1668.jpeg,chest_xray_dataset\train\PNEUMONIA\person368_bacteria_1668.jpeg,840,512,L,aac98ce70f33b9f63280eff3749fff42,person368,bacterial
train,PNEUMONIA,person368_bacteria_1672.jpeg,chest_xray_dataset\train\PNEUMONIA\person368_bacteria_1672.jpeg,912,544,L,c847a737958a4ecf838d6bbc925b6826,person368,bacterial
train,PNEUMONIA,person368_bacteria_1678.jpeg,chest_xray_dataset\train\PNEUMONIA\person368_bacteria_1678.jpeg,800,528,L,a67cbb2257a87532093285f9063aa3de,person368,bacterial
train,PNEUMONIA,person368_virus_748.jpeg,chest_xray_dataset\train\PNEUMONIA\person368_virus_748.jpeg,1328,864,L,5f5bbce638e23bc22637003ca0d11fc6,person368,viral
train,PNEUMONIA,person369_bacteria_1680.jpeg,chest_xray_dataset\train\PNEUMONIA\person369_bacteria_1680.jpeg,888,454,RGB,3b672c89aa0a7271612b44201bfdfe1a,person369,bacterial
train,PNEUMONIA,person369_virus_750.jpeg,chest_xray_dataset\train\PNEUMONIA\person369_virus_750.jpeg,1368,904,L,4210f72a65d9133e8a3808b9f96af385,person369,viral
train,PNEUMONIA,person36_bacteria_182.jpeg,chest_xray_dataset\train\PNEUMONIA\person36_bacteria_182.jpeg,992,768,L,8609a631d8d570883fa355d46076e6d3,person36,bacterial
train,PNEUMONIA,person36_bacteria_183.jpeg,chest_xray_dataset\train\PNEUMONIA\person36_bacteria_183.jpeg,1104,760,L,7bfa78fcce68e7e9c30bd03a8eb7d58b,person36,bacterial
train,PNEUMONIA,person36_bacteria_184.jpeg,chest_xray_dataset\train\PNEUMONIA\person36_bacteria_184.jpeg,920,648,L,28a6c7a60860ae38ad6deaaf869bfed4,person36,bacterial
train,PNEUMONIA,person36_bacteria_185.jpeg,chest_xray_dataset\train\PNEUMONIA\person36_bacteria_185.jpeg,1232,886,L,e0b4fc05746f92bafbe918a5d0a8464a,person36,bacterial
train,PNEUMONIA,person370_bacteria_1687.jpeg,chest_xray_dataset\train\PNEUMONIA\person370_bacteria_1687.jpeg,1072,688,L,44caa160e35ef9b1739144f331555846,person370,bacterial
train,PNEUMONIA,person370_bacteria_1688.jpeg,chest_xray_dataset\train\PNEUMONIA\person370_bacteria_1688.jpeg,1136,688,L,f6b9a66a92bcd74158611f2d71d9747e,person370,bacterial
train,PNEUMONIA,person370_bacteria_1689.jpeg,chest_xray_dataset\train\PNEUMONIA\person370_bacteria_1689.jpeg,1040,736,L,f2a3e9bf6481bb7e9b615f680c63ab6d,person370,bacterial
train,PNEUMONIA,person370_bacteria_1690.jpeg,chest_xray_dataset\train\PNEUMONIA\person370_bacteria_1690.jpeg,1080,920,L,c4afd9bb7ed45d520d3e8a9d5326b811,person370,bacterial
train,PNEUMONIA,person370_bacteria_1691.jpeg,chest_xray_dataset\train\PNEUMONIA\person370_bacteria_1691.jpeg,1088,912,L,1c1305ebe6779481318f27b9e9c1d4a5,person370,bacterial
train,PNEUMONIA,person370_bacteria_1692.jpeg,chest_xray_dataset\train\PNEUMONIA\person370_bacteria_1692.jpeg,1064,760,L,33e3b17b4a9c99ddc4a13279c4e9b594,person370,bacterial
train,PNEUMONIA,person370_virus_752.jpeg,chest_xray_dataset\train\PNEUMONIA\person370_virus_752.jpeg,1728,1296,L,a666cf2af34e2a9424ddc794d23bbbb9,person370,viral
train,PNEUMONIA,person370_virus_753.jpeg,chest_xray_dataset\train\PNEUMONIA\person370_virus_753.jpeg,1584,1184,L,7bb104a3cdb53e8b2844e6312c6caf8e,person370,viral
train,PNEUMONIA,person371_bacteria_1694.jpeg,chest_xray_dataset\train\PNEUMONIA\person371_bacteria_1694.jpeg,1080,720,L,8f44a647d82a616d9d3613543adc80e1,person371,bacterial
train,PNEUMONIA,person371_bacteria_1695.jpeg,chest_xray_dataset\train\PNEUMONIA\person371_bacteria_1695.jpeg,1064,592,L,728b11ac14df918879200a69e1d2c2d9,person371,bacterial
train,PNEUMONIA,person371_bacteria_1696.jpeg,chest_xray_dataset\train\PNEUMONIA\person371_bacteria_1696.jpeg,984,680,L,d80ce2bbe7ce2cf80b908410078da08e,person371,bacterial
train,PNEUMONIA,person371_bacteria_1698.jpeg,chest_xray_dataset\train\PNEUMONIA\person371_bacteria_1698.jpeg,920,640,L,4d4211f709a7e89ecd78faa2cff52082,person371,bacterial
train,PNEUMONIA,person371_bacteria_1699.jpeg,chest_xray_dataset\train\PNEUMONIA\person371_bacteria_1699.jpeg,936,648,L,8941e7617bbceff9932e7b7bb87e9bda,person371,bacterial
train,PNEUMONIA,person371_bacteria_1700.jpeg,chest_xray_dataset\train\PNEUMONIA\person371_bacteria_1700.jpeg,864,560,L,1c2b5c431064cdd898f86f8d794906f2,person371,bacterial
train,PNEUMONIA,person371_bacteria_1701.jpeg,chest_xray_dataset\train\PNEUMONIA\person371_bacteria_1701.jpeg,952,632,L,d578ea675d4f24eaf5e418312f188126,person371,bacterial
train,PNEUMONIA,person371_bacteria_1702.jpeg,chest_xray_dataset\train\PNEUMONIA\person371_bacteria_1702.jpeg,904,512,L,0fab1bb93d795a5e42ccbece35b57484,person371,bacterial
train,PNEUMONIA,person371_bacteria_1703.jpeg,chest_xray_dataset\train\PNEUMONIA\person371_bacteria_1703.jpeg,992,608,L,5e702f0317edf9f20a6988f4f70b1a03,person371,bacterial
train,PNEUMONIA,person371_virus_754.jpeg,chest_xray_dataset\train\PNEUMONIA\person371_virus_754.jpeg,984,560,L,f875ef2466c47a7fb6bbe09315faae7f,person371,viral
train,PNEUMONIA,person372_bacteria_1704.jpeg,chest_xray_dataset\train\PNEUMONIA\person372_bacteria_1704.jpeg,1000,568,L,6365d7c6173f61bed1ec2287bf40c497,person372,bacterial
train,PNEUMONIA,person372_bacteria_1705.jpeg,chest_xray_dataset\train\PNEUMONIA\person372_bacteria_1705.jpeg,1008,616,L,495a1f8348cc13dcf0d18b63e474ce31,person372,bacterial
train,PNEUMONIA,person372_bacteria_1706.jpeg,chest_xray_dataset\train\PNEUMONIA\person372_bacteria_1706.jpeg,1000,672,L,407b2836a5a4c76b6dd72801aac60e69,person372,bacterial
train,PNEUMONIA,person372_virus_755.jpeg,chest_xray_dataset\train\PNEUMONIA\person372_virus_755.jpeg,1512,960,L,6c37b3f9e5dadca84724b7a3ee392676,person372,viral
train,PNEUMONIA,person373_bacteria_1707.jpeg,chest_xray_dataset\train\PNEUMONIA\person373_bacteria_1707.jpeg,1216,944,L,8d18d5fbe1e1b8e906301a3b799842cd,person373,bacterial
train,PNEUMONIA,person373_bacteria_1708.jpeg,chest_xray_dataset\train\PNEUMONIA\person373_bacteria_1708.jpeg,1296,864,L,a96c75d7ec49546fbd75915d84aa1e02,person373,bacterial
train,PNEUMONIA,person373_bacteria_1709.jpeg,chest_xray_dataset\train\PNEUMONIA\person373_bacteria_1709.jpeg,1280,736,L,fb8527057a667f748593146c8cd1de4f,person373,bacterial
train,PNEUMONIA,person373_virus_756.jpeg,chest_xray_dataset\train\PNEUMONIA\person373_virus_756.jpeg,1240,880,L,673be9149043bbe95f349d9f6207597d,person373,viral
train,PNEUMONIA,person374_bacteria_1710.jpeg,chest_xray_dataset\train\PNEUMONIA\person374_bacteria_1710.jpeg,856,472,L,cee30ae20f34fb73ffea31bd24b29f3e,person374,bacterial
train,PNEUMONIA,person374_bacteria_1711.jpeg,chest_xray_dataset\train\PNEUMONIA\person374_bacteria_1711.jpeg,872,600,L,f3b550abc6aa08db1986335bc88fae41,person374,bacterial
train,PNEUMONIA,person374_bacteria_1712.jpeg,chest_xray_dataset\train\PNEUMONIA\person374_bacteria_1712.jpeg,848,544,L,4a51dd1932ee85db25a32704f993725d,person374,bacterial
train,PNEUMONIA,person374_virus_757.jpeg,chest_xray_dataset\train\PNEUMONIA\person374_virus_757.jpeg,1400,1208,L,75b4e9beea013c8f7c406b177251acde,person374,viral
train,PNEUMONIA,person375_bacteria_1713.jpeg,chest_xray_dataset\train\PNEUMONIA\person375_bacteria_1713.jpeg,928,584,L,4df4b231cab26514ba6c2a168dddd1e3,person375,bacterial
train,PNEUMONIA,person375_virus_758.jpeg,chest_xray_dataset\train\PNEUMONIA\person375_virus_758.jpeg,1248,616,L,802ba3925f953e35429c641fda44d730,person375,viral
train,PNEUMONIA,person376_bacteria_1715.jpeg,chest_xray_dataset\train\PNEUMONIA\person376_bacteria_1715.jpeg,1032,768,L,c20c0634de86a88e32e72e7da939bdeb,person376,bacterial
train,PNEUMONIA,person376_bacteria_1716.jpeg,chest_xray_dataset\train\PNEUMONIA\person376_bacteria_1716.jpeg,1176,768,L,003a2e58ae46c690aae499e1de3886e4,person376,bacterial
train,PNEUMONIA,person376_virus_759.jpeg,chest_xray_dataset\train\PNEUMONIA\person376_virus_759.jpeg,1312,856,L,72f41fe6119b5e11cc8844174ffd067c,person376,viral
train,PNEUMONIA,person377_bacteria_1717.jpeg,chest_xray_dataset\train\PNEUMONIA\person377_bacteria_1717.jpeg,1496,1049,L,16c23c6e58bdcd1cab320a6a61289093,person377,bacterial
train,PNEUMONIA,person377_bacteria_1718.jpeg,chest_xray_dataset\train\PNEUMONIA\person377_bacteria_1718.jpeg,1416,888,L,47f46ecf9f7ccb34c5b97fba1c76dfdb,person377,bacterial
train,PNEUMONIA,person377_virus_760.jpeg,chest_xray_dataset\train\PNEUMONIA\person377_virus_760.jpeg,1272,760,L,f468d5dd65a678a62786e5f9bf863680,person377,viral
train,PNEUMONIA,person378_virus_761.jpeg,chest_xray_dataset\train\PNEUMONIA\person378_virus_761.jpeg,1432,952,L,e2d2bcce093e8b53b0c61aab31a54d9e,person378,viral
train,PNEUMONIA,person379_bacteria_1721.jpeg,chest_xray_dataset\train\PNEUMONIA\person379_bacteria_1721.jpeg,956,603,RGB,16557cc4b19fe80877970aeec2e214b4,person379,bacterial
train,PNEUMONIA,person379_bacteria_1722.jpeg,chest_xray_dataset\train\PNEUMONIA\person379_bacteria_1722.jpeg,1152,792,L,f994e2c6d2723f57a104ce02894b2a34,person379,bacterial
train,PNEUMONIA,person379_virus_762.jpeg,chest_xray_dataset\train\PNEUMONIA\person379_virus_762.jpeg,1288,824,L,fbe90368985d883d0a61cda5ea4963b2,person379,viral
train,PNEUMONIA,person37_bacteria_186.jpeg,chest_xray_dataset\train\PNEUMONIA\person37_bacteria_186.jpeg,1128,744,L,39d2a815322b691c63633cc4305255f5,person37,bacterial
train,PNEUMONIA,person37_bacteria_187.jpeg,chest_xray_dataset\train\PNEUMONIA\person37_bacteria_187.jpeg,1240,720,L,19d963c6b913dbcf6e3668787d751035,person37,bacterial
train,PNEUMONIA,person37_bacteria_188.jpeg,chest_xray_dataset\train\PNEUMONIA\person37_bacteria_188.jpeg,1160,832,L,7853b43347007aa172b41957ac9c95e8,person37,bacterial
train,PNEUMONIA,person37_bacteria_189.jpeg,chest_xray_dataset\train\PNEUMONIA\person37_bacteria_189.jpeg,1462,874,L,f483663bd5c2ae24023aa08380bd0dcf,person37,bacterial
train,PNEUMONIA,person380_virus_763.jpeg,chest_xray_dataset\train\PNEUMONIA\person380_virus_763.jpeg,1440,864,L,23d276ae63296cc651726b3d9cd15dbf,person380,viral
train,PNEUMONIA,person381_bacteria_1730.jpeg,chest_xray_dataset\train\PNEUMONIA\person381_bacteria_1730.jpeg,976,656,L,b85c04eeba4ccb9c1eedba3fbe8b79cc,person381,bacterial
train,PNEUMONIA,person381_bacteria_1731.jpeg,chest_xray_dataset\train\PNEUMONIA\person381_bacteria_1731.jpeg,1080,728,L,6c831c2a151006f0878a548cc7f72138,person381,bacterial
train,PNEUMONIA,person382_bacteria_1737.jpeg,chest_xray_dataset\train\PNEUMONIA\person382_bacteria_1737.jpeg,1152,728,L,8ab3321835c5b0da83866ba4222f90c3,person382,bacterial
train,PNEUMONIA,person382_bacteria_1738.jpeg,chest_xray_dataset\train\PNEUMONIA\person382_bacteria_1738.jpeg,1168,736,L,41c69af0765fa3a157440c37ce474acb,person382,bacterial
train,PNEUMONIA,person382_bacteria_1739.jpeg,chest_xray_dataset\train\PNEUMONIA\person382_bacteria_1739.jpeg,1072,688,L,cf20c6f4191534892a6e670754fb1437,person382,bacterial
train,PNEUMONIA,person382_bacteria_1740.jpeg,chest_xray_dataset\train\PNEUMONIA\person382_bacteria_1740.jpeg,1152,736,L,7ad8954cc729bd7abea095fd8e89ad56,person382,bacterial
train,PNEUMONIA,person382_bacteria_1741.jpeg,chest_xray_dataset\train\PNEUMONIA\person382_bacteria_1741.jpeg,1168,848,L,4edd61ce2e2d4368bc472383e5f7df3e,person382,bacterial
train,PNEUMONIA,person382_bacteria_1742.jpeg,chest_xray_dataset\train\PNEUMONIA\person382_bacteria_1742.jpeg,1360,1191,L,dd3b57a898201c4d38541e30b79a26bf,person382,bacterial
train,PNEUMONIA,person382_bacteria_1745.jpeg,chest_xray_dataset\train\PNEUMONIA\person382_bacteria_1745.jpeg,1264,864,L,bf3928ab0ff05b96fa122cef888e3298,person382,bacterial
train,PNEUMONIA,person382_bacteria_1746.jpeg,chest_xray_dataset\train\PNEUMONIA\person382_bacteria_1746.jpeg,1176,760,L,d938fac2a105797523d7c28d63273f20,person382,bacterial
train,PNEUMONIA,person383_bacteria_1747.jpeg,chest_xray_dataset\train\PNEUMONIA\person383_bacteria_1747.jpeg,1478,1137,L,c19acb3465c57242bc055f7dac308cf0,person383,bacterial
train,PNEUMONIA,person383_bacteria_1748.jpeg,chest_xray_dataset\train\PNEUMONIA\person383_bacteria_1748.jpeg,1320,984,L,dc850588479cc073a6ab4c1089e2ff3c,person383,bacterial
train,PNEUMONIA,person383_bacteria_1749.jpeg,chest_xray_dataset\train\PNEUMONIA\person383_bacteria_1749.jpeg,1184,1024,L,a8b494e018667875d1906144f6fff5a7,person383,bacterial
train,PNEUMONIA,person383_bacteria_1750.jpeg,chest_xray_dataset\train\PNEUMONIA\person383_bacteria_1750.jpeg,1304,824,L,0473186029c9c397b2edd642c00d0478,person383,bacterial
train,PNEUMONIA,person383_bacteria_1751.jpeg,chest_xray_dataset\train\PNEUMONIA\person383_bacteria_1751.jpeg,1320,1016,L,72b82f14e26cb2f55171c9f9a8645b1f,person383,bacterial
train,PNEUMONIA,person383_bacteria_1752.jpeg,chest_xray_dataset\train\PNEUMONIA\person383_bacteria_1752.jpeg,1312,1024,L,5de140e00dc102c0694fe202b6926f27,person383,bacterial
train,PNEUMONIA,person383_bacteria_1753.jpeg,chest_xray_dataset\train\PNEUMONIA\person383_bacteria_1753.jpeg,1328,976,L,a1afe44b99964aa42b292ea838a94022,person383,bacterial
train,PNEUMONIA,person383_bacteria_1754.jpeg,chest_xray_dataset\train\PNEUMONIA\person383_bacteria_1754.jpeg,1392,984,L,1e3e89e147de2aa8925eea03ca68c73b,person383,bacterial
train,PNEUMONIA,person383_virus_767.jpeg,chest_xray_dataset\train\PNEUMONIA\person383_virus_767.jpeg,1288,848,L,322fa610c54330966551540cbc63117d,person383,viral
train,PNEUMONIA,person384_bacteria_1755.jpeg,chest_xray_dataset\train\PNEUMONIA\person384_bacteria_1755.jpeg,1530,1029,L,564fb194571a29e333b3ce8889e2ab6b,person384,bacterial
train,PNEUMONIA,person384_virus_769.jpeg,chest_xray_dataset\train\PNEUMONIA\person384_virus_769.jpeg,1296,872,L,ce77f94bcf08274f9119c7c97e0290b6,person384,viral
train,PNEUMONIA,person385_bacteria_1765.jpeg,chest_xray_dataset\train\PNEUMONIA\person385_bacteria_1765.jpeg,1000,576,L,2bd67c355031caee13dc5c4890cf0086,person385,bacterial
train,PNEUMONIA,person385_bacteria_1766.jpeg,chest_xray_dataset\train\PNEUMONIA\person385_bacteria_1766.jpeg,1016,560,L,91b810e649aaed4d31483e07f959ca57,person385,bacterial
train,PNEUMONIA,person385_virus_770.jpeg,chest_xray_dataset\train\PNEUMONIA\person385_virus_770.jpeg,2000,1424,L,6b1fc363ead78ba92748a36acfc7ed6a,person385,viral
train,PNEUMONIA,person386_virus_771.jpeg,chest_xray_dataset\train\PNEUMONIA\person386_virus_771.jpeg,1440,976,L,f3d592f13d7a50d38dddc848a6b3f4f0,person386,viral
train,PNEUMONIA,person387_bacteria_1769.jpeg,chest_xray_dataset\train\PNEUMONIA\person387_bacteria_1769.jpeg,928,544,L,90a0d6d853038d81bda063a34a47205c,person387,bacterial
train,PNEUMONIA,person387_bacteria_1770.jpeg,chest_xray_dataset\train\PNEUMONIA\person387_bacteria_1770.jpeg,904,416,L,13119da0b50be3a681fd824a3f32f771,person387,bacterial
train,PNEUMONIA,person387_bacteria_1772.jpeg,chest_xray_dataset\train\PNEUMONIA\person387_bacteria_1772.jpeg,824,472,L,cde53bbe7797d7999cb6b33f1278538d,person387,bacterial
train,PNEUMONIA,person387_virus_772.jpeg,chest_xray_dataset\train\PNEUMONIA\person387_virus_772.jpeg,1752,1320,L,595a92fd33937cf6dc6ba087866751b6,person387,viral
train,PNEUMONIA,person388_virus_775.jpeg,chest_xray_dataset\train\PNEUMONIA\person388_virus_775.jpeg,1000,464,L,cedcce9d7bf1cbce536f33ac4c5b98ce,person388,viral
train,PNEUMONIA,person388_virus_777.jpeg,chest_xray_dataset\train\PNEUMONIA\person388_virus_777.jpeg,907,513,RGB,4855ecb5614058faacbafb371d4b5b94,person388,viral
train,PNEUMONIA,person389_bacteria_1778.jpeg,chest_xray_dataset\train\PNEUMONIA\person389_bacteria_1778.jpeg,1256,888,L,704630a515e591308fb54f9a09741bbf,person389,bacterial
train,PNEUMONIA,person389_bacteria_1780.jpeg,chest_xray_dataset\train\PNEUMONIA\person389_bacteria_1780.jpeg,1384,944,L,9ffbdce89785c31fe1bc03a2de6c5982,person389,bacterial
train,PNEUMONIA,person389_virus_778.jpeg,chest_xray_dataset\train\PNEUMONIA\person389_virus_778.jpeg,904,552,L,48a70f73ce63c7c48cb1ee97e4c9e55f,person389,viral
train,PNEUMONIA,person38_bacteria_190.jpeg,chest_xray_dataset\train\PNEUMONIA\person38_bacteria_190.jpeg,1016,648,L,46cda9e906aaa1251814791f359fc263,person38,bacterial
train,PNEUMONIA,person38_bacteria_191.jpeg,chest_xray_dataset\train\PNEUMONIA\person38_bacteria_191.jpeg,960,664,L,b1cca8bb96191d4bae0de5f90821677c,person38,bacterial
train,PNEUMONIA,person38_bacteria_192.jpeg,chest_xray_dataset\train\PNEUMONIA\person38_bacteria_192.jpeg,936,632,L,46f87af9fa451e30647e5432d1b406fd,person38,bacterial
train,PNEUMONIA,person38_bacteria_193.jpeg,chest_xray_dataset\train\PNEUMONIA\person38_bacteria_193.jpeg,944,568,L,4c6d091ba1eb5030f2c4cf98d0c27178,person38,bacterial
train,PNEUMONIA,person38_bacteria_194.jpeg,chest_xray_dataset\train\PNEUMONIA\person38_bacteria_194.jpeg,1008,600,L,94cee5ac4cb4f2196bcbaaad628bed39,person38,bacterial
train,PNEUMONIA,person38_bacteria_195.jpeg,chest_xray_dataset\train\PNEUMONIA\person38_bacteria_195.jpeg,1040,600,L,a394f217daf06ee4b60a7c8b2cf09592,person38,bacterial
train,PNEUMONIA,person38_bacteria_196.jpeg,chest_xray_dataset\train\PNEUMONIA\person38_bacteria_196.jpeg,1010,670,L,0f6c8e84d6d5adf9793a61ca225723ef,person38,bacterial
train,PNEUMONIA,person390_bacteria_1781.jpeg,chest_xray_dataset\train\PNEUMONIA\person390_bacteria_1781.jpeg,1544,1440,L,f9d670411a3416694c9934f064c7f7ea,person390,bacterial
train,PNEUMONIA,person391_bacteria_1782.jpeg,chest_xray_dataset\train\PNEUMONIA\person391_bacteria_1782.jpeg,1592,1041,L,ccd8b12b5ea998eb5983ff39a0c463b1,person391,bacterial
train,PNEUMONIA,person391_virus_781.jpeg,chest_xray_dataset\train\PNEUMONIA\person391_virus_781.jpeg,1664,1152,L,d8f96a2fc4f706b98da219e1047c4fdb,person391,viral
train,PNEUMONIA,person392_bacteria_1783.jpeg,chest_xray_dataset\train\PNEUMONIA\person392_bacteria_1783.jpeg,1168,752,L,0e66d20bad14621de30b88a35d7f9121,person392,bacterial
train,PNEUMONIA,person392_bacteria_1784.jpeg,chest_xray_dataset\train\PNEUMONIA\person392_bacteria_1784.jpeg,1056,632,L,e30d68bb868384b638642a88e55a057a,person392,bacterial
train,PNEUMONIA,person392_bacteria_1785.jpeg,chest_xray_dataset\train\PNEUMONIA\person392_bacteria_1785.jpeg,992,632,L,61d00e78032b5abd1e6a7ccfa02c7236,person392,bacterial
train,PNEUMONIA,person392_bacteria_1786.jpeg,chest_xray_dataset\train\PNEUMONIA\person392_bacteria_1786.jpeg,1000,592,L,b0f8800fb725f2c8824b2baa30b77a47,person392,bacterial
train,PNEUMONIA,person392_bacteria_1787.jpeg,chest_xray_dataset\train\PNEUMONIA\person392_bacteria_1787.jpeg,1160,632,L,eff86c27b553270c1c5ccabd776e0dd1,person392,bacterial
train,PNEUMONIA,person392_virus_782.jpeg,chest_xray_dataset\train\PNEUMONIA\person392_virus_782.jpeg,1368,944,L,69329110889d7aa1cbbe8fb72b7d94e2,person392,viral
train,PNEUMONIA,person393_bacteria_1789.jpeg,chest_xray_dataset\train\PNEUMONIA\person393_bacteria_1789.jpeg,936,616,L,2d16207c12900ee3b1b705df55fc39ef,person393,bacterial
train,PNEUMONIA,person393_virus_784.jpeg,chest_xray_dataset\train\PNEUMONIA\person393_virus_784.jpeg,1336,992,L,89bd4b2d56bd1468d339c790c6fdd885,person393,viral
train,PNEUMONIA,person394_bacteria_1791.jpeg,chest_xray_dataset\train\PNEUMONIA\person394_bacteria_1791.jpeg,1240,600,L,a5bee5662aabbc10bdd0ad6630389196,person394,bacterial
train,PNEUMONIA,person394_bacteria_1792.jpeg,chest_xray_dataset\train\PNEUMONIA\person394_bacteria_1792.jpeg,1136,664,L,41d2fa7a5ee0477356b3e0ece115d80d,person394,bacterial
train,PNEUMONIA,person394_virus_786.jpeg,chest_xray_dataset\train\PNEUMONIA\person394_virus_786.jpeg,1312,840,L,ae95952e5e8f80e2932d58b9ceb246ff,person394,viral
train,PNEUMONIA,person395_bacteria_1794.jpeg,chest_xray_dataset\train\PNEUMONIA\person395_bacteria_1794.jpeg,976,736,L,d63e6bede20c4fa015e99d96835f7cbc,person395,bacterial
train,PNEUMONIA,person395_bacteria_1795.jpeg,chest_xray_dataset\train\PNEUMONIA\person395_bacteria_1795.jpeg,1128,792,L,c3e27c349a63142f513000865ee2679f,person395,bacterial
train,PNEUMONIA,person395_virus_788.jpeg,chest_xray_dataset\train\PNEUMONIA\person395_virus_788.jpeg,1240,1256,L,30d7a88f4c8a91283e2b4a51998a160c,person395,viral
train,PNEUMONIA,person396_bacteria_1796.jpeg,chest_xray_dataset\train\PNEUMONIA\person396_bacteria_1796.jpeg,1468,1083,L,a8ea1a838e6dbc73768ea090c4815f5e,person396,bacterial
train,PNEUMONIA,person396_virus_789.jpeg,chest_xray_dataset\train\PNEUMONIA\person396_virus_789.jpeg,1024,592,L,54867fa015d8ceca5656f1b431e9e9de,person396,viral
train,PNEUMONIA,person397_bacteria_1797.jpeg,chest_xray_dataset\train\PNEUMONIA\person397_bacteria_1797.jpeg,976,720,L,c022e17953fd9adb9d4ea78703828c02,person397,bacterial
train,PNEUMONIA,person397_virus_790.jpeg,chest_xray_dataset\train\PNEUMONIA\person397_virus_790.jpeg,1256,792,L,14762ab941a400d171fc1795130f7795,person397,viral
train,PNEUMONIA,person398_bacteria_1799.jpeg,chest_xray_dataset\train\PNEUMONIA\person398_bacteria_1799.jpeg,920,680,L,e182c7707a87b4d03c9e6bfabb7ad4bc,person398,bacterial
train,PNEUMONIA,person398_bacteria_1801.jpeg,chest_xray_dataset\train\PNEUMONIA\person398_bacteria_1801.jpeg,1048,576,L,9b621ffac58138c60055e850687c684a,person398,bacterial
train,PNEUMONIA,person399_bacteria_1804.jpeg,chest_xray_dataset\train\PNEUMONIA\person399_bacteria_1804.jpeg,968,600,L,3c63959c438be62f46e03899279194b8,person399,bacterial
train,PNEUMONIA,person399_bacteria_1805.jpeg,chest_xray_dataset\train\PNEUMONIA\person399_bacteria_1805.jpeg,856,568,L,49159134b10c9c4c64456fea27ca0aca,person399,bacterial
train,PNEUMONIA,person399_bacteria_1806.jpeg,chest_xray_dataset\train\PNEUMONIA\person399_bacteria_1806.jpeg,904,576,L,3ef0bb26748a6978af491034c094f55f,person399,bacterial
train,PNEUMONIA,person399_virus_793.jpeg,chest_xray_dataset\train\PNEUMONIA\person399_virus_793.jpeg,1312,800,L,807019f405c9d2a3af1696cb2c9d7c3d,person399,viral
train,PNEUMONIA,person39_bacteria_198.jpeg,chest_xray_dataset\train\PNEUMONIA\person39_bacteria_198.jpeg,1136,704,L,e687d4ce01506b3d26748066a6972662,person39,bacterial
train,PNEUMONIA,person39_bacteria_200.jpeg,chest_xray_dataset\train\PNEUMONIA\person39_bacteria_200.jpeg,1136,768,L,2d307603d9e4d67a5ab128bc5b0b68ae,person39,bacterial
train,PNEUMONIA,person3_bacteria_10.jpeg,chest_xray_dataset\train\PNEUMONIA\person3_bacteria_10.jpeg,1248,1056,L,4cfe13c1382026b665fa5959953d5e0c,person3,bacterial
train,PNEUMONIA,person3_bacteria_11.jpeg,chest_xray_dataset\train\PNEUMONIA\person3_bacteria_11.jpeg,1200,952,L,e50eb3c22072302e1efedd57d015010f,person3,bacterial
train,PNEUMONIA,person3_bacteria_12.jpeg,chest_xray_dataset\train\PNEUMONIA\person3_bacteria_12.jpeg,1654,1345,L,8d7fd4bd8197f734e68f5810ddbe5f49,person3,bacterial
train,PNEUMONIA,person3_bacteria_13.jpeg,chest_xray_dataset\train\PNEUMONIA\person3_bacteria_13.jpeg,1736,1265,L,a4fbfcd3da2511a84d1aa1c3d288364a,person3,bacterial
train,PNEUMONIA,person400_bacteria_1807.jpeg,chest_xray_dataset\train\PNEUMONIA\person400_bacteria_1807.jpeg,1234,813,L,1a5c0ec8ecb05cf9ebde00519287b66b,person400,bacterial
train,PNEUMONIA,person400_virus_794.jpeg,chest_xray_dataset\train\PNEUMONIA\person400_virus_794.jpeg,1344,888,L,b9a55be954bb6acbd8427d8104535e80,person400,viral
train,PNEUMONIA,person401_bacteria_1808.jpeg,chest_xray_dataset\train\PNEUMONIA\person401_bacteria_1808.jpeg,1426,967,L,c3ed7d92573f02714f0276b5d9c25a9e,person401,bacterial
train,PNEUMONIA,person401_virus_795.jpeg,chest_xray_dataset\train\PNEUMONIA\person401_virus_795.jpeg,1424,1152,L,9eecd2da6c61ef49a4b7b8d56a963caf,person401,viral
train,PNEUMONIA,person401_virus_797.jpeg,chest_xray_dataset\train\PNEUMONIA\person401_virus_797.jpeg,1328,856,L,9355430a9242aae9221a95db1f856164,person401,viral
train,PNEUMONIA,person401_virus_798.jpeg,chest_xray_dataset\train\PNEUMONIA\person401_virus_798.jpeg,1328,856,L,9355430a9242aae9221a95db1f856164,person401,viral
train,PNEUMONIA,person402_bacteria_1809.jpeg,chest_xray_dataset\train\PNEUMONIA\person402_bacteria_1809.jpeg,848,496,L,2e67a6d4b76ffe4073e161129ba49249,person402,bacterial
train,PNEUMONIA,person402_bacteria_1810.jpeg,chest_xray_dataset\train\PNEUMONIA\person402_bacteria_1810.jpeg,832,512,L,5005756cc8bf8d04d05192a2c3b71a07,person402,bacterial
train,PNEUMONIA,person402_bacteria_1811.jpeg,chest_xray_dataset\train\PNEUMONIA\person402_bacteria_1811.jpeg,968,544,L,b2ef433af6eab1d6074ba160d4992e44,person402,bacterial
train,PNEUMONIA,person402_bacteria_1812.jpeg,chest_xray_dataset\train\PNEUMONIA\person402_bacteria_1812.jpeg,896,584,L,9c78313ad4ea4fc0dfe3f64fa580e750,person402,bacterial
train,PNEUMONIA,person402_bacteria_1813.jpeg,chest_xray_dataset\train\PNEUMONIA\person402_bacteria_1813.jpeg,752,392,L,f2eb6ad6b1d18e8dc17e1fa183c8b4bb,person402,bacterial
train,PNEUMONIA,person402_virus_799.jpeg,chest_xray_dataset\train\PNEUMONIA\person402_virus_799.jpeg,1880,1584,L,9f747b19b4a238ee2aa02959c6f86786,person402,viral
train,PNEUMONIA,person402_virus_801.jpeg,chest_xray_dataset\train\PNEUMONIA\person402_virus_801.jpeg,1872,1264,L,83489541479c51a07b10a617d077f51c,person402,viral
train,PNEUMONIA,person403_bacteria_1814.jpeg,chest_xray_dataset\train\PNEUMONIA\person403_bacteria_1814.jpeg,1640,920,L,a2a3443a57f7e0278d345c235d1f0aca,person403,bacterial
train,PNEUMONIA,person403_virus_803.jpeg,chest_xray_dataset\train\PNEUMONIA\person403_virus_803.jpeg,445,199,RGB,8a12b1d9731ffeab7b0c2146812fee6f,person403,viral
train,PNEUMONIA,person405_bacteria_1817.jpeg,chest_xray_dataset\train\PNEUMONIA\person405_bacteria_1817.jpeg,1416,1037,L,55daff5973eeba3f9942ee19d398682c,person405,bacterial
train,PNEUMONIA,person405_virus_805.jpeg,chest_xray_dataset\train\PNEUMONIA\person405_virus_805.jpeg,1328,872,L,9fae145cef235d7ae1e535c644a4c073,person405,viral
train,PNEUMONIA,person406_bacteria_1818.jpeg,chest_xray_dataset\train\PNEUMONIA\person406_bacteria_1818.jpeg,1328,1120,L,5794cfdc73b7e277c334d03b67d060ab,person406,bacterial
train,PNEUMONIA,person406_bacteria_1819.jpeg,chest_xray_dataset\train\PNEUMONIA\person406_bacteria_1819.jpeg,1400,1112,L,8ea38c197011df62ccfb6a6f268c253b,person406,bacterial
train,PNEUMONIA,person406_bacteria_1820.jpeg,chest_xray_dataset\train\PNEUMONIA\person406_bacteria_1820.jpeg,1328,1024,L,e54ef9a76760ee9475ce932525af157d,person406,bacterial
train,PNEUMONIA,person407_bacteria_1822.jpeg,chest_xray_dataset\train\PNEUMONIA\person407_bacteria_1822.jpeg,1106,650,L,9748ef6df9b6d60e0e45a7ff33c3052f,person407,bacterial
train,PNEUMONIA,person407_virus_811.jpeg,chest_xray_dataset\train\PNEUMONIA\person407_virus_811.jpeg,384,127,RGB,ec92692a91be72a4b667b72b7a0746dc,person407,viral
train,PNEUMONIA,person407_virus_812.jpeg,chest_xray_dataset\train\PNEUMONIA\person407_virus_812.jpeg,428,172,RGB,4ec2e03c090f3af385a0b07d8637bbf7,person407,viral
train,PNEUMONIA,person407_virus_814.jpeg,chest_xray_dataset\train\PNEUMONIA\person407_virus_814.jpeg,448,173,RGB,8e504921a2bd9c308274136575148bd5,person407,viral
train,PNEUMONIA,person408_bacteria_1823.jpeg,chest_xray_dataset\train\PNEUMONIA\person408_bacteria_1823.jpeg,1430,763,L,bea5734a2753cdbd816fab47be27e263,person408,bacterial
train,PNEUMONIA,person408_virus_815.jpeg,chest_xray_dataset\train\PNEUMONIA\person408_virus_815.jpeg,1312,864,L,8ba0a8087675dbd5f4ad0ce71497c1ca,person408,viral
train,PNEUMONIA,person409_bacteria_1824.jpeg,chest_xray_dataset\train\PNEUMONIA\person409_bacteria_1824.jpeg,1582,1404,L,e3a463af4840dae88ae4f1a27ee335e1,person409,bacterial
train,PNEUMONIA,person409_virus_816.jpeg,chest_xray_dataset\train\PNEUMONIA\person409_virus_816.jpeg,1512,1032,L,9d0ff8f46e212cea8dfceef66ae8a085,person409,viral
train,PNEUMONIA,person409_virus_818.jpeg,chest_xray_dataset\train\PNEUMONIA\person409_virus_818.jpeg,1504,1104,L,dc821e2bc79c577dd7d4bd04124c0244,person409,viral
train,PNEUMONIA,person409_virus_820.jpeg,chest_xray_dataset\train\PNEUMONIA\person409_virus_820.jpeg,1472,1216,L,1781c8540ee3d96bedca9a9d00b9de0e,person409,viral
train,PNEUMONIA,person40_bacteria_202.jpeg,chest_xray_dataset\train\PNEUMONIA\person40_bacteria_202.jpeg,1216,960,L,20244e263e3316bb7372c1be94ea7119,person40,bacterial
train,PNEUMONIA,person40_bacteria_203.jpeg,chest_xray_dataset\train\PNEUMONIA\person40_bacteria_203.jpeg,1240,1008,L,14b49904f8d20ac2c88d4ca3c9fbeade,person40,bacterial
train,PNEUMONIA,person40_bacteria_204.jpeg,chest_xray_dataset\train\PNEUMONIA\person40_bacteria_204.jpeg,1344,920,L,80f9cf307b547c96a52709f51ffe55fb,person40,bacterial
train,PNEUMONIA,person40_bacteria_205.jpeg,chest_xray_dataset\train\PNEUMONIA\person40_bacteria_205.jpeg,1400,1032,L,ca13e6e98e9049bd8816a8e71a105e1e,person40,bacterial
train,PNEUMONIA,person410_bacteria_1825.jpeg,chest_xray_dataset\train\PNEUMONIA\person410_bacteria_1825.jpeg,1106,774,L,9a6867d4b4ca331446f4f3b0aae3238a,person410,bacterial
train,PNEUMONIA,person410_virus_821.jpeg,chest_xray_dataset\train\PNEUMONIA\person410_virus_821.jpeg,2088,1728,L,2344bcb89d11986d14af8a56f61d49fb,person410,viral
train,PNEUMONIA,person411_bacteria_1826.jpeg,chest_xray_dataset\train\PNEUMONIA\person411_bacteria_1826.jpeg,1800,1261,L,14a9b609abf6df6c8ce6518e8093f606,person411,bacterial
train,PNEUMONIA,person412_bacteria_1827.jpeg,chest_xray_dataset\train\PNEUMONIA\person412_bacteria_1827.jpeg,1428,884,L,7b77c020a032f4f17e1fa92677a80cd0,person412,bacterial
train,PNEUMONIA,person413_bacteria_1828.jpeg,chest_xray_dataset\train\PNEUMONIA\person413_bacteria_1828.jpeg,1232,952,L,3e90de39d0ecee11faa56dc34d6901c4,person413,bacterial
train,PNEUMONIA,person413_bacteria_1829.jpeg,chest_xray_dataset\train\PNEUMONIA\person413_bacteria_1829.jpeg,1144,688,L,2783cda65bcd6ac01b00179a75bf6af9,person413,bacterial
train,PNEUMONIA,person413_bacteria_1830.jpeg,chest_xray_dataset\train\PNEUMONIA\person413_bacteria_1830.jpeg,1232,952,L,0180f057da7d10c264d203a7c47680ba,person413,bacterial
train,PNEUMONIA,person413_bacteria_1831.jpeg,chest_xray_dataset\train\PNEUMONIA\person413_bacteria_1831.jpeg,1128,944,L,5c9e5e610b28fb4b2f2299b5f47a1d70,person413,bacterial
train,PNEUMONIA,person413_bacteria_1832.jpeg,chest_xray_dataset\train\PNEUMONIA\person413_bacteria_1832.jpeg,1184,1040,L,e1a957cb3f8a92a467dd3b8cf94eeed7,person413,bacterial
train,PNEUMONIA,person413_bacteria_1833.jpeg,chest_xray_dataset\train\PNEUMONIA\person413_bacteria_1833.jpeg,1192,976,L,8f65c819348a41b28d17f0d422cf5184,person413,bacterial
train,PNEUMONIA,person413_bacteria_1834.jpeg,chest_xray_dataset\train\PNEUMONIA\person413_bacteria_1834.jpeg,1168,944,L,6d085b83ec8c7cc64de7e199a9c7a526,person413,bacterial
train,PNEUMONIA,person413_virus_844.jpeg,chest_xray_dataset\train\PNEUMONIA\person413_virus_844.jpeg,1280,863,L,44441ea50b6a5a9ad4f2dcfe6df317db,person413,viral
train,PNEUMONIA,person414_bacteria_1835.jpeg,chest_xray_dataset\train\PNEUMONIA\person414_bacteria_1835.jpeg,1534,1264,L,d7df4545b1b0c07a47580b9e63dd5efe,person414,bacterial
train,PNEUMONIA,person414_virus_845.jpeg,chest_xray_dataset\train\PNEUMONIA\person414_virus_845.jpeg,577,260,RGB,5a6e7cd0436b19ea5913dc4f8e2a3cd3,person414,viral
train,PNEUMONIA,person415_bacteria_1837.jpeg,chest_xray_dataset\train\PNEUMONIA\person415_bacteria_1837.jpeg,840,600,L,56c8f2559c95344f6a7d1c7e25ce76e8,person415,bacterial
train,PNEUMONIA,person415_bacteria_1838.jpeg,chest_xray_dataset\train\PNEUMONIA\person415_bacteria_1838.jpeg,840,464,L,9e2658d02adf2d58372e18b007ee876c,person415,bacterial
train,PNEUMONIA,person415_bacteria_1839.jpeg,chest_xray_dataset\train\PNEUMONIA\person415_bacteria_1839.jpeg,1072,664,L,c4c96d6171ef6a59fe482b5fbb3faf24,person415,bacterial
train,PNEUMONIA,person415_virus_847.jpeg,chest_xray_dataset\train\PNEUMONIA\person415_virus_847.jpeg,1408,968,L,edd0538decbe9e0e0213c05caf3753cc,person415,viral
train,PNEUMONIA,person416_bacteria_1840.jpeg,chest_xray_dataset\train\PNEUMONIA\person416_bacteria_1840.jpeg,1334,1075,L,f7884ee2622f6173538defed8bcbaccc,person416,bacterial
train,PNEUMONIA,person416_virus_849.jpeg,chest_xray_dataset\train\PNEUMONIA\person416_virus_849.jpeg,1282,747,L,ef979f253fdf3ed7e5bdd47a00833152,person416,viral
train,PNEUMONIA,person417_bacteria_1841.jpeg,chest_xray_dataset\train\PNEUMONIA\person417_bacteria_1841.jpeg,1400,1224,L,dfd4778ac027a2f92ef8d4ad1cc76be3,person417,bacterial
train,PNEUMONIA,person417_bacteria_1842.jpeg,chest_xray_dataset\train\PNEUMONIA\person417_bacteria_1842.jpeg,1424,1184,L,9ea54ccf92e7d5bfd4f7253fa2039111,person417,bacterial
train,PNEUMONIA,person417_virus_850.jpeg,chest_xray_dataset\train\PNEUMONIA\person417_virus_850.jpeg,1352,948,L,d831661ff3930942cce2c098d37a83d5,person417,viral
train,PNEUMONIA,person418_bacteria_1843.jpeg,chest_xray_dataset\train\PNEUMONIA\person418_bacteria_1843.jpeg,1376,936,L,f71b9839ea9555a2d6cc5fbc1c8f2a75,person418,bacterial
train,PNEUMONIA,person418_virus_852.jpeg,chest_xray_dataset\train\PNEUMONIA\person418_virus_852.jpeg,1230,936,L,82f0fc5b6d3e85137ca859453d4aacd4,person418,viral
train,PNEUMONIA,person419_bacteria_1844.jpeg,chest_xray_dataset\train\PNEUMONIA\person419_bacteria_1844.jpeg,992,776,L,d3d4fc33a1c18a119af382c2149f23bb,person419,bacterial
train,PNEUMONIA,person419_bacteria_1845.jpeg,chest_xray_dataset\train\PNEUMONIA\person419_bacteria_1845.jpeg,1264,856,L,aa372025e3a48f27071109a35fa40db1,person419,bacterial
train,PNEUMONIA,person419_virus_855.jpeg,chest_xray_dataset\train\PNEUMONIA\person419_virus_855.jpeg,1896,1752,L,28d7e79a78578442cb0fb0bb31a7f6ca,person419,viral
train,PNEUMONIA,person419_virus_857.jpeg,chest_xray_dataset\train\PNEUMONIA\person419_virus_857.jpeg,1912,1928,L,cb94a8816f436896ed159818286991f6,person419,viral
train,PNEUMONIA,person419_virus_859.jpeg,chest_xray_dataset\train\PNEUMONIA\person419_virus_859.jpeg,2080,2032,L,484db15190d0a7dba1da7f214d769d8d,person419,viral
train,PNEUMONIA,person419_virus_861.jpeg,chest_xray_dataset\train\PNEUMONIA\person419_virus_861.jpeg,1880,1592,L,ac2e9293d9add585c40e0f96c490e08e,person419,viral
train,PNEUMONIA,person41_bacteria_206.jpeg,chest_xray_dataset\train\PNEUMONIA\person41_bacteria_206.jpeg,936,720,L,d4b0cfad4d75ffcaa69d4086f8444c5a,person41,bacterial
train,PNEUMONIA,person41_bacteria_207.jpeg,chest_xray_dataset\train\PNEUMONIA\person41_bacteria_207.jpeg,1072,680,L,a2f0be988f35cb3cb64bf297d3fe13e2,person41,bacterial
train,PNEUMONIA,person41_bacteria_208.jpeg,chest_xray_dataset\train\PNEUMONIA\person41_bacteria_208.jpeg,1144,720,L,c186bb70b34bdc7af9fe11a893283f9f,person41,bacterial
train,PNEUMONIA,person41_bacteria_209.jpeg,chest_xray_dataset\train\PNEUMONIA\person41_bacteria_209.jpeg,824,568,L,3907efceee79d443be83cc14c1b67cbc,person41,bacterial
train,PNEUMONIA,person41_bacteria_210.jpeg,chest_xray_dataset\train\PNEUMONIA\person41_bacteria_210.jpeg,1072,648,L,43d7c72b7eb96120bee29d92db276989,person41,bacterial
train,PNEUMONIA,person41_bacteria_211.jpeg,chest_xray_dataset\train\PNEUMONIA\person41_bacteria_211.jpeg,1244,658,L,b262e17d89785dbb395345c4adc0d390,person41,bacterial
train,PNEUMONIA,person420_bacteria_1847.jpeg,chest_xray_dataset\train\PNEUMONIA\person420_bacteria_1847.jpeg,1040,760,L,0f37eb9c68ec83e6088e3e47487f0494,person420,bacterial
train,PNEUMONIA,person420_bacteria_1848.jpeg,chest_xray_dataset\train\PNEUMONIA\person420_bacteria_1848.jpeg,1000,712,L,a15358556fd5bcd665ea6aba28dbc98f,person420,bacterial
train,PNEUMONIA,person420_bacteria_1849.jpeg,chest_xray_dataset\train\PNEUMONIA\person420_bacteria_1849.jpeg,960,624,L,0bb1c981e3e9b7dda9b9f71b6fa94c2c,person420,bacterial
train,PNEUMONIA,person420_bacteria_1850.jpeg,chest_xray_dataset\train\PNEUMONIA\person420_bacteria_1850.jpeg,1000,640,L,92c1731ada05763ccd96da40555f9b9e,person420,bacterial
train,PNEUMONIA,person420_bacteria_1851.jpeg,chest_xray_dataset\train\PNEUMONIA\person420_bacteria_1851.jpeg,904,568,L,73c2f7ac08eecddb5f9681cabbe1bbd3,person420,bacterial
train,PNEUMONIA,person421_bacteria_1852.jpeg,chest_xray_dataset\train\PNEUMONIA\person421_bacteria_1852.jpeg,1074,708,L,d971010ac5727901e4cbeb400e101330,person421,bacterial
train,PNEUMONIA,person421_virus_866.jpeg,chest_xray_dataset\train\PNEUMONIA\person421_virus_866.jpeg,452,180,RGB,7ec054c795771ea75b292b38676fbedd,person421,viral
train,PNEUMONIA,person422_bacteria_1853.jpeg,chest_xray_dataset\train\PNEUMONIA\person422_bacteria_1853.jpeg,1214,851,L,33e76419045666d2ed8810242b29e765,person422,bacterial
train,PNEUMONIA,person422_virus_867.jpeg,chest_xray_dataset\train\PNEUMONIA\person422_virus_867.jpeg,479,211,RGB,4e25beb8bda629914ba7a24b94d71fde,person422,viral
train,PNEUMONIA,person422_virus_868.jpeg,chest_xray_dataset\train\PNEUMONIA\person422_virus_868.jpeg,507,244,RGB,099412d4ac9cf5c5efd5cd8d6c5dfcfc,person422,viral
train,PNEUMONIA,person423_bacteria_1854.jpeg,chest_xray_dataset\train\PNEUMONIA\person423_bacteria_1854.jpeg,1088,824,L,a96ae32d98e282e617f11f888ba3eba6,person423,bacterial
train,PNEUMONIA,person423_bacteria_1855.jpeg,chest_xray_dataset\train\PNEUMONIA\person423_bacteria_1855.jpeg,1088,728,L,fd8b39dbe095eab907fa7432d8c2b2f8,person423,bacterial
train,PNEUMONIA,person423_bacteria_1856.jpeg,chest_xray_dataset\train\PNEUMONIA\person423_bacteria_1856.jpeg,1072,696,L,0af27bd782b2fa6a43487515c048559c,person423,bacterial
train,PNEUMONIA,person423_bacteria_1857.jpeg,chest_xray_dataset\train\PNEUMONIA\person423_bacteria_1857.jpeg,1024,824,L,eab5656e366e02bda38cebdbfabf2da5,person423,bacterial
train,PNEUMONIA,person423_bacteria_1858.jpeg,chest_xray_dataset\train\PNEUMONIA\person423_bacteria_1858.jpeg,1128,736,L,937558d567122129d7f283978493a5dc,person423,bacterial
train,PNEUMONIA,person423_virus_869.jpeg,chest_xray_dataset\train\PNEUMONIA\person423_virus_869.jpeg,1384,959,L,d74e75b5f0a0a29a749d9320a4b2866e,person423,viral
train,PNEUMONIA,person424_bacteria_1859.jpeg,chest_xray_dataset\train\PNEUMONIA\person424_bacteria_1859.jpeg,1456,1032,L,554965da371adb81852fb8356fd0c34a,person424,bacterial
train,PNEUMONIA,person425_bacteria_1860.jpeg,chest_xray_dataset\train\PNEUMONIA\person425_bacteria_1860.jpeg,1262,849,L,4229d000383b400671feb3aa13755b32,person425,bacterial
train,PNEUMONIA,person425_virus_871.jpeg,chest_xray_dataset\train\PNEUMONIA\person425_virus_871.jpeg,2080,1680,L,8d93c3960daea9ab902dc6c723ee65f5,person425,viral
train,PNEUMONIA,person426_bacteria_1861.jpeg,chest_xray_dataset\train\PNEUMONIA\person426_bacteria_1861.jpeg,1392,1240,L,15e4bacc75e1086e79a8c868839a5087,person426,bacterial
train,PNEUMONIA,person426_bacteria_1862.jpeg,chest_xray_dataset\train\PNEUMONIA\person426_bacteria_1862.jpeg,1272,1032,L,d2ac66984f4ff0b96996e5bad5c30c15,person426,bacterial
train,PNEUMONIA,person426_bacteria_1863.jpeg,chest_xray_dataset\train\PNEUMONIA\person426_bacteria_1863.jpeg,1248,976,L,84a0bb4e19f9897ada4c9271562b8656,person426,bacterial
train,PNEUMONIA,person426_virus_873.jpeg,chest_xray_dataset\train\PNEUMONIA\person426_virus_873.jpeg,508,206,RGB,e81cbd190f9af36aa57bc6e98e8e1d2a,person426,viral
train,PNEUMONIA,person427_bacteria_1864.jpeg,chest_xray_dataset\train\PNEUMONIA\person427_bacteria_1864.jpeg,984,576,L,3f8130d1fc45a776c5ffc08a65d3578f,person427,bacterial
train,PNEUMONIA,person427_bacteria_1865.jpeg,chest_xray_dataset\train\PNEUMONIA\person427_bacteria_1865.jpeg,1008,704,L,792bcd43232096cf79b22058159656d7,person427,bacterial
train,PNEUMONIA,person427_bacteria_1866.jpeg,chest_xray_dataset\train\PNEUMONIA\person427_bacteria_1866.jpeg,976,624,L,69e64e8905b8be37a260e3ca9ec1e5a4,person427,bacterial
train,PNEUMONIA,person427_bacteria_1867.jpeg,chest_xray_dataset\train\PNEUMONIA\person427_bacteria_1867.jpeg,1000,688,L,548ec1ffa6abcee6db40890022e6ff80,person427,bacterial
train,PNEUMONIA,person427_bacteria_1868.jpeg,chest_xray_dataset\train\PNEUMONIA\person427_bacteria_1868.jpeg,968,568,L,5be9702bbbe3763bdcdea70fa4cd8de9,person427,bacterial
train,PNEUMONIA,person427_virus_875.jpeg,chest_xray_dataset\train\PNEUMONIA\person427_virus_875.jpeg,1298,763,L,f4ecec225e8b5eafc2029b4400082d62,person427,viral
train,PNEUMONIA,person428_bacteria_1869.jpeg,chest_xray_dataset\train\PNEUMONIA\person428_bacteria_1869.jpeg,1330,855,L,71d3d5e033d71057ab8bd2eb1fa3e60c,person428,bacterial
train,PNEUMONIA,person428_virus_876.jpeg,chest_xray_dataset\train\PNEUMONIA\person428_virus_876.jpeg,1352,890,L,5160de6f1d3c074ce905eae4d2785b23,person428,viral
train,PNEUMONIA,person429_bacteria_1870.jpeg,chest_xray_dataset\train\PNEUMONIA\person429_bacteria_1870.jpeg,1096,808,L,41e55d44f03173d41030ad274c438182,person429,bacterial
train,PNEUMONIA,person429_virus_877.jpeg,chest_xray_dataset\train\PNEUMONIA\person429_virus_877.jpeg,1604,1044,L,a9c3b5677953c1159ad3812e6a6064d1,person429,viral
train,PNEUMONIA,person430_bacteria_1871.jpeg,chest_xray_dataset\train\PNEUMONIA\person430_bacteria_1871.jpeg,1198,990,L,c8636a48f5df18b14e09d1c0d216fbf4,person430,bacterial
train,PNEUMONIA,person430_virus_879.jpeg,chest_xray_dataset\train\PNEUMONIA\person430_virus_879.jpeg,1008,670,RGB,159dd55e18993e56ccca62e4e594a3cf,person430,viral
train,PNEUMONIA,person431_bacteria_1872.jpeg,chest_xray_dataset\train\PNEUMONIA\person431_bacteria_1872.jpeg,1102,755,L,f0b4e6521ad1a8dd26699a3bfdc644ad,person431,bacterial
train,PNEUMONIA,person431_virus_880.jpeg,chest_xray_dataset\train\PNEUMONIA\person431_virus_880.jpeg,1236,709,L,7ed7bd45ab2d59b8af415add05b92bc1,person431,viral
train,PNEUMONIA,person432_virus_881.jpeg,chest_xray_dataset\train\PNEUMONIA\person432_virus_881.jpeg,1260,948,L,f5da1df9de97001f97a7c038566f68a2,person432,viral
train,PNEUMONIA,person433_bacteria_1874.jpeg,chest_xray_dataset\train\PNEUMONIA\person433_bacteria_1874.jpeg,928,576,L,fbc1e93c8c00d60c58fb8b18e049f5eb,person433,bacterial
train,PNEUMONIA,person433_bacteria_1875.jpeg,chest_xray_dataset\train\PNEUMONIA\person433_bacteria_1875.jpeg,1032,576,L,6f2fb328c460030f1cfea24a24fc65a9,person433,bacterial
train,PNEUMONIA,person433_bacteria_1876.jpeg,chest_xray_dataset\train\PNEUMONIA\person433_bacteria_1876.jpeg,1040,528,L,d790cb9f40b41b74273032b31679789b,person433,bacterial
train,PNEUMONIA,person433_virus_882.jpeg,chest_xray_dataset\train\PNEUMONIA\person433_virus_882.jpeg,812,678,RGB,655d0a8bbbf24bbf089b008e48987b85,person433,viral
train,PNEUMONIA,person434_bacteria_1877.jpeg,chest_xray_dataset\train\PNEUMONIA\person434_bacteria_1877.jpeg,904,704,L,21e334e048080de777722347d5daba9b,person434,bacterial
train,PNEUMONIA,person434_virus_883.jpeg,chest_xray_dataset\train\PNEUMONIA\person434_virus_883.jpeg,1456,1288,L,8cbefe88c7fcb9ba157f640919190f3f,person434,viral
train,PNEUMONIA,person434_virus_884.jpeg,chest_xray_dataset\train\PNEUMONIA\person434_virus_884.jpeg,851,704,RGB,097d41d69b93d88893be9710c63c3144,person434,viral
train,PNEUMONIA,person435_bacteria_1879.jpeg,chest_xray_dataset\train\PNEUMONIA\person435_bacteria_1879.jpeg,1032,600,L,bf6d380c54ae967d9eb4e3b137440d5c,person435,bacterial
train,PNEUMONIA,person435_virus_885.jpeg,chest_xray_dataset\train\PNEUMONIA\person435_virus_885.jpeg,1400,890,L,db3a77780f9020f4a25086e36b343ee5,person435,viral
train,PNEUMONIA,person436_bacteria_1883.jpeg,chest_xray_dataset\train\PNEUMONIA\person436_bacteria_1883.jpeg,1508,1241,L,1fa8eb9e3ec4ffd4fc6d95f3723c2cda,person436,bacterial
train,PNEUMONIA,person436_virus_886.jpeg,chest_xray_dataset\train\PNEUMONIA\person436_virus_886.jpeg,1118,708,L,6b996f8c87579dd2653683baff118c4f,person436,viral
train,PNEUMONIA,person437_bacteria_1884.jpeg,chest_xray_dataset\train\PNEUMONIA\person437_bacteria_1884.jpeg,976,656,L,58002bc266e809109f497a6aa9fdecfe,person437,bacterial
train,PNEUMONIA,person437_bacteria_1885.jpeg,chest_xray_dataset\train\PNEUMONIA\person437_bacteria_1885.jpeg,1072,832,L,52e4c0915db0fc4445b3440c3fb0bcd9,person437,bacterial
train,PNEUMONIA,person437_bacteria_1886.jpeg,chest_xray_dataset\train\PNEUMONIA\person437_bacteria_1886.jpeg,1224,784,L,d2080000d2f15d9f396d7f580d59042b,person437,bacterial
train,PNEUMONIA,person437_bacteria_1887.jpeg,chest_xray_dataset\train\PNEUMONIA\person437_bacteria_1887.jpeg,1008,608,L,7fe8b5788780ea99b2df41ea3c2106df,person437,bacterial
train,PNEUMONIA,person437_bacteria_1888.jpeg,chest_xray_dataset\train\PNEUMONIA\person437_bacteria_1888.jpeg,1144,808,L,91d71423ec501865a4e7d16de182c6f6,person437,bacterial
train,PNEUMONIA,person437_virus_888.jpeg,chest_xray_dataset\train\PNEUMONIA\person437_virus_888.jpeg,791,524,RGB,0184e50ac420d1376cf30567ec0d2093,person437,viral
train,PNEUMONIA,person438_bacteria_1889.jpeg,chest_xray_dataset\train\PNEUMONIA\person438_bacteria_1889.jpeg,832,632,L,3015e26bd354a8538358b6cc142ac1fb,person438,bacterial
train,PNEUMONIA,person438_bacteria_1890.jpeg,chest_xray_dataset\train\PNEUMONIA\person438_bacteria_1890.jpeg,1016,672,L,fd483210f677bb8ce1e8695312a99a21,person438,bacterial
train,PNEUMONIA,person438_bacteria_1891.jpeg,chest_xray_dataset\train\PNEUMONIA\person438_bacteria_1891.jpeg,928,520,L,5918508fea03dfec6288924100b1ca48,person438,bacterial
train,PNEUMONIA,person438_bacteria_1892.jpeg,chest_xray_dataset\train\PNEUMONIA\person438_bacteria_1892.jpeg,896,624,L,dbb1981f68c16ca0d0d6b8d58e1551dd,person438,bacterial
train,PNEUMONIA,person438_bacteria_1893.jpeg,chest_xray_dataset\train\PNEUMONIA\person438_bacteria_1893.jpeg,832,672,L,f620b29474b2fadfbb93754047c5056b,person438,bacterial
train,PNEUMONIA,person438_virus_889.jpeg,chest_xray_dataset\train\PNEUMONIA\person438_virus_889.jpeg,1310,786,L,975ce0681c7039c31def1ad214675913,person438,viral
train,PNEUMONIA,person439_bacteria_1895.jpeg,chest_xray_dataset\train\PNEUMONIA\person439_bacteria_1895.jpeg,1096,832,L,dc5088e5730451a423e9c8e184fc15c2,person439,bacterial
train,PNEUMONIA,person439_virus_890.jpeg,chest_xray_dataset\train\PNEUMONIA\person439_virus_890.jpeg,936,648,L,c74e9575c018c0a9cee551b83dba604f,person439,viral
train,PNEUMONIA,person439_virus_891.jpeg,chest_xray_dataset\train\PNEUMONIA\person439_virus_891.jpeg,1224,712,L,625e1c9880659dbfa286108627315461,person439,viral
train,PNEUMONIA,person43_bacteria_213.jpeg,chest_xray_dataset\train\PNEUMONIA\person43_bacteria_213.jpeg,1216,736,L,787a1c11d3c002f37f35c9ae219f27c6,person43,bacterial
train,PNEUMONIA,person43_bacteria_216.jpeg,chest_xray_dataset\train\PNEUMONIA\person43_bacteria_216.jpeg,1232,744,L,e9778555add48bfc5cd9c9c24bcd637e,person43,bacterial
train,PNEUMONIA,person440_bacteria_1897.jpeg,chest_xray_dataset\train\PNEUMONIA\person440_bacteria_1897.jpeg,1072,752,L,ec18d35dd0c99aef5551836f6f7c5e5d,person440,bacterial
train,PNEUMONIA,person440_bacteria_1898.jpeg,chest_xray_dataset\train\PNEUMONIA\person440_bacteria_1898.jpeg,1016,816,L,2ed7de7eff8126644ff044576b55c154,person440,bacterial
train,PNEUMONIA,person440_virus_893.jpeg,chest_xray_dataset\train\PNEUMONIA\person440_virus_893.jpeg,1168,840,L,ea95751381860c38b5a4fc15ad8302fa,person440,viral
train,PNEUMONIA,person441_bacteria_1900.jpeg,chest_xray_dataset\train\PNEUMONIA\person441_bacteria_1900.jpeg,920,608,L,b29c253f5cc8c0b1a0e2693b35ec97df,person441,bacterial
train,PNEUMONIA,person441_bacteria_1902.jpeg,chest_xray_dataset\train\PNEUMONIA\person441_bacteria_1902.jpeg,888,664,L,7dfdb719e479435cb804153884ddb251,person441,bacterial
train,PNEUMONIA,person441_bacteria_1903.jpeg,chest_xray_dataset\train\PNEUMONIA\person441_bacteria_1903.jpeg,928,672,L,b8a6fd00e4a4ff454792a6a4352f947b,person441,bacterial
train,PNEUMONIA,person441_bacteria_1904.jpeg,chest_xray_dataset\train\PNEUMONIA\person441_bacteria_1904.jpeg,896,544,L,22aff89488bd8dfcc43f4ff0f912a91c,person441,bacterial
train,PNEUMONIA,person441_bacteria_1905.jpeg,chest_xray_dataset\train\PNEUMONIA\person441_bacteria_1905.jpeg,944,656,L,3992f45b09362bcabe3ffef74fe732ae,person441,bacterial
train,PNEUMONIA,person441_bacteria_1907.jpeg,chest_xray_dataset\train\PNEUMONIA\person441_bacteria_1907.jpeg,832,584,L,85e63c75af3dfeb43daac0a119386b96,person441,bacterial
train,PNEUMONIA,person441_bacteria_1910.jpeg,chest_xray_dataset\train\PNEUMONIA\person441_bacteria_1910.jpeg,864,640,L,796b7625c2002ff2e69912e7f306aa8e,person441,bacterial
train,PNEUMONIA,person441_bacteria_1911.jpeg,chest_xray_dataset\train\PNEUMONIA\person441_bacteria_1911.jpeg,832,592,L,31769daa3808d3eb30b741f41845636d,person441,bacterial
train,PNEUMONIA,person441_bacteria_1912.jpeg,chest_xray_dataset\train\PNEUMONIA\person441_bacteria_1912.jpeg,824,560,L,0ffbea2fc26e9ccd6960eb09c69b40d7,person441,bacterial
train,PNEUMONIA,person441_bacteria_1914.jpeg,chest_xray_dataset\train\PNEUMONIA\person441_bacteria_1914.jpeg,936,616,L,2e20c4856630c25bc47d7ad005532e00,person441,bacterial
train,PNEUMONIA,person441_bacteria_1915.jpeg,chest_xray_dataset\train\PNEUMONIA\person441_bacteria_1915.jpeg,872,656,L,34119881e269213983ca2e33c471484d,person441,bacterial
train,PNEUMONIA,person441_bacteria_1916.jpeg,chest_xray_dataset\train\PNEUMONIA\person441_bacteria_1916.jpeg,904,672,L,d279d41447f81cc416e050b770426910,person441,bacterial
train,PNEUMONIA,person441_bacteria_1917.jpeg,chest_xray_dataset\train\PNEUMONIA\person441_bacteria_1917.jpeg,904,712,L,f88ab32935bb9710b481de00c6e13c8b,person441,bacterial
train,PNEUMONIA,person441_bacteria_1918.jpeg,chest_xray_dataset\train\PNEUMONIA\person441_bacteria_1918.jpeg,928,568,L,b5b9c0566fd9b3beadcac5cbbbb4f846,person441,bacterial
train,PNEUMONIA,person441_virus_894.jpeg,chest_xray_dataset\train\PNEUMONIA\person441_virus_894.jpeg,1562,1051,L,092689e421264cf69d869e0380f9abeb,person441,viral
train,PNEUMONIA,person441_virus_895.jpeg,chest_xray_dataset\train\PNEUMONIA\person441_virus_895.jpeg,1328,712,L,6d52d9dc42cd69bc2c3715ee2c5b83cb,person441,viral
train,PNEUMONIA,person441_virus_896.jpeg,chest_xray_dataset\train\PNEUMONIA\person441_virus_896.jpeg,1336,888,L,0210866464002dcb01fcdbc30185310e,person441,viral
train,PNEUMONIA,person441_virus_897.jpeg,chest_xray_dataset\train\PNEUMONIA\person441_virus_897.jpeg,738,543,RGB,330c91f4b5cc23e8ee14f7c3598ada0a,person441,viral
train,PNEUMONIA,person442_virus_898.jpeg,chest_xray_dataset\train\PNEUMONIA\person442_virus_898.jpeg,960,536,L,c617835d6563ec6f383598000517118e,person442,viral
train,PNEUMONIA,person442_virus_899.jpeg,chest_xray_dataset\train\PNEUMONIA\person442_virus_899.jpeg,1072,744,L,deef97a766fd720c185cc3942b5d45d1,person442,viral
train,PNEUMONIA,person442_virus_900.jpeg,chest_xray_dataset\train\PNEUMONIA\person442_virus_900.jpeg,976,720,L,1b009f6eff25bbd22edfabef80dcf64e,person442,viral
train,PNEUMONIA,person442_virus_901.jpeg,chest_xray_dataset\train\PNEUMONIA\person442_virus_901.jpeg,1120,736,L,efb8f2cc59f03753c76acbcf3933510a,person442,viral
train,PNEUMONIA,person442_virus_902.jpeg,chest_xray_dataset\train\PNEUMONIA\person442_virus_902.jpeg,976,632,L,1864c3d06d5a9bc64227e5adf0b57c20,person442,viral
train,PNEUMONIA,person442_virus_903.jpeg,chest_xray_dataset\train\PNEUMONIA\person442_virus_903.jpeg,1000,680,L,862c3d1672d9c96f970b1c49a083ce5d,person442,viral
train,PNEUMONIA,person442_virus_904.jpeg,chest_xray_dataset\train\PNEUMONIA\person442_virus_904.jpeg,1072,624,L,58f44c4532713ab1168892608e03f449,person442,viral
train,PNEUMONIA,person442_virus_905.jpeg,chest_xray_dataset\train\PNEUMONIA\person442_virus_905.jpeg,1144,672,L,81ffc9f00cd6762faf2e50560473939f,person442,viral
train,PNEUMONIA,person442_virus_906.jpeg,chest_xray_dataset\train\PNEUMONIA\person442_virus_906.jpeg,944,560,L,3ca79441bc0fefe7076d166a9e971ec8,person442,viral
train,PNEUMONIA,person443_bacteria_1923.jpeg,chest_xray_dataset\train\PNEUMONIA\person443_bacteria_1923.jpeg,1144,1072,L,adc7faf2c052162d25f92ace7e9933d4,person443,bacterial
train,PNEUMONIA,person443_bacteria_1924.jpeg,chest_xray_dataset\train\PNEUMONIA\person443_bacteria_1924.jpeg,1424,1056,L,22b3c6fb7fde754bfb8714023b982e5a,person443,bacterial
train,PNEUMONIA,person443_bacteria_1926.jpeg,chest_xray_dataset\train\PNEUMONIA\person443_bacteria_1926.jpeg,1136,872,L,6ff311a4949830eb9b558356e7da77f0,person443,bacterial
train,PNEUMONIA,person443_virus_908.jpeg,chest_xray_dataset\train\PNEUMONIA\person443_virus_908.jpeg,1056,619,RGB,2ad57f6922c72fea26d62c9f5e003fd4,person443,viral
train,PNEUMONIA,person444_bacteria_1927.jpeg,chest_xray_dataset\train\PNEUMONIA\person444_bacteria_1927.jpeg,1272,1145,L,d64fa9cd1f5e2d5d6728d2e475e01dbe,person444,bacterial
train,PNEUMONIA,person444_virus_911.jpeg,chest_xray_dataset\train\PNEUMONIA\person444_virus_911.jpeg,1360,816,L,3fae486343c1f51ad91912264d922cdd,person444,viral
train,PNEUMONIA,person445_bacteria_1928.jpeg,chest_xray_dataset\train\PNEUMONIA\person445_bacteria_1928.jpeg,856,496,L,b458c54f24ce398eea5aabb89742a71c,person445,bacterial
train,PNEUMONIA,person445_bacteria_1929.jpeg,chest_xray_dataset\train\PNEUMONIA\person445_bacteria_1929.jpeg,872,584,L,a95878848f5acd71daa6f26106221a00,person445,bacterial
train,PNEUMONIA,person445_bacteria_1930.jpeg,chest_xray_dataset\train\PNEUMONIA\person445_bacteria_1930.jpeg,888,536,L,682a23883b29ab03d10e34d4348374b3,person445,bacterial
train,PNEUMONIA,person445_virus_912.jpeg,chest_xray_dataset\train\PNEUMONIA\person445_virus_912.jpeg,1870,1287,L,61d0944e302e42d5cc3f092fbddd65e6,person445,viral
train,PNEUMONIA,person445_virus_913.jpeg,chest_xray_dataset\train\PNEUMONIA\person445_virus_913.jpeg,2052,1361,L,da786f69517df153d0d324bf7d5c4cfc,person445,viral
train,PNEUMONIA,person445_virus_914.jpeg,chest_xray_dataset\train\PNEUMONIA\person445_virus_914.jpeg,1744,1200,L,a18507f8557956f2f07b3dd10b464057,person445,viral
train,PNEUMONIA,person445_virus_915.jpeg,chest_xray_dataset\train\PNEUMONIA\person445_virus_915.jpeg,1552,1224,L,899b95c82c4b0fbdc97d61ff5a189198,person445,viral
train,PNEUMONIA,person445_virus_916.jpeg,chest_xray_dataset\train\PNEUMONIA\person445_virus_916.jpeg,1560,1272,L,a02ab9d9413d161db7f4cec282034ce1,person445,viral
train,PNEUMONIA,person445_virus_917.jpeg,chest_xray_dataset\train\PNEUMONIA\person445_virus_917.jpeg,1640,936,L,03c4f632c03adb0e5cf0ee8214b21e1f,person445,viral
train,PNEUMONIA,person445_virus_918.jpeg,chest_xray_dataset\train\PNEUMONIA\person445_virus_918.jpeg,1640,936,L,5521bed43b06ca0b3c08fbc5fd093c3c,person445,viral
train,PNEUMONIA,person445_virus_919.jpeg,chest_xray_dataset\train\PNEUMONIA\person445_virus_919.jpeg,1760,1168,L,c056837b832c6842fada36e9e37c0448,person445,viral
train,PNEUMONIA,person446_bacteria_1931.jpeg,chest_xray_dataset\train\PNEUMONIA\person446_bacteria_1931.jpeg,1176,856,L,b0db4796f17a8261ab6fd6b05b0df4b5,person446,bacterial
train,PNEUMONIA,person446_virus_920.jpeg,chest_xray_dataset\train\PNEUMONIA\person446_virus_920.jpeg,1238,635,L,c9a2fb117c0a5ed712883d18cfc1e1b1,person446,viral
train,PNEUMONIA,person447_bacteria_1932.jpeg,chest_xray_dataset\train\PNEUMONIA\person447_bacteria_1932.jpeg,1562,1284,L,b2122ad71cccce05dfe87dd654e79610,person447,bacterial
train,PNEUMONIA,person447_virus_921.jpeg,chest_xray_dataset\train\PNEUMONIA\person447_virus_921.jpeg,1230,840,L,d9da7af79a736be250c3c27881b99711,person447,viral
train,PNEUMONIA,person447_virus_921_1.jpeg,chest_xray_dataset\train\PNEUMONIA\person447_virus_921_1.jpeg,990,528,RGB,e144826a7a90d313eb5a68b47340dc0f,person447,viral
train,PNEUMONIA,person448_bacteria_1933.jpeg,chest_xray_dataset\train\PNEUMONIA\person448_bacteria_1933.jpeg,1104,792,L,50bfc9ff2697d239d72329631a9aee84,person448,bacterial
train,PNEUMONIA,person448_bacteria_1934.jpeg,chest_xray_dataset\train\PNEUMONIA\person448_bacteria_1934.jpeg,1096,784,L,cc91e1a7f085a0305041f35ff8445f8d,person448,bacterial
train,PNEUMONIA,person448_bacteria_1935.jpeg,chest_xray_dataset\train\PNEUMONIA\person448_bacteria_1935.jpeg,1112,824,L,8b7acef1ecf49e5e090f4b3680e9fae8,person448,bacterial
train,PNEUMONIA,person448_bacteria_1936.jpeg,chest_xray_dataset\train\PNEUMONIA\person448_bacteria_1936.jpeg,1080,768,L,bae44be269014593ad69240e1b4d44a4,person448,bacterial
train,PNEUMONIA,person448_bacteria_1937.jpeg,chest_xray_dataset\train\PNEUMONIA\person448_bacteria_1937.jpeg,1208,896,L,d13236f3c1566e835bbb8de5d0d433df,person448,bacterial
train,PNEUMONIA,person448_virus_922.jpeg,chest_xray_dataset\train\PNEUMONIA\person448_virus_922.jpeg,1284,832,L,c240de9da3ef63176fb632575ee0264b,person448,viral
train,PNEUMONIA,person449_bacteria_1938.jpeg,chest_xray_dataset\train\PNEUMONIA\person449_bacteria_1938.jpeg,896,560,L,0054b9c51368a1cfb9861387c2116178,person449,bacterial
train,PNEUMONIA,person449_bacteria_1939.jpeg,chest_xray_dataset\train\PNEUMONIA\person449_bacteria_1939.jpeg,1048,648,L,0f623408a8a7fb30a488b45e7ce1a040,person449,bacterial
train,PNEUMONIA,person449_bacteria_1940.jpeg,chest_xray_dataset\train\PNEUMONIA\person449_bacteria_1940.jpeg,888,536,L,fb13937e1e797121c4abdf66dffc53ae,person449,bacterial
train,PNEUMONIA,person44_bacteria_218.jpeg,chest_xray_dataset\train\PNEUMONIA\person44_bacteria_218.jpeg,1696,1272,L,0429f24b444de43bc9c32df750f41806,person44,bacterial
train,PNEUMONIA,person44_bacteria_219.jpeg,chest_xray_dataset\train\PNEUMONIA\person44_bacteria_219.jpeg,1680,1328,L,9e4a6913f6233f21aff51f07c9a085da,person44,bacterial
train,PNEUMONIA,person450_bacteria_1941.jpeg,chest_xray_dataset\train\PNEUMONIA\person450_bacteria_1941.jpeg,1126,851,L,0208878c1cfa9ce27309f24eb9c867d4,person450,bacterial
train,PNEUMONIA,person450_virus_931.jpeg,chest_xray_dataset\train\PNEUMONIA\person450_virus_931.jpeg,1460,1067,L,3378094e01c78654985523da07a92640,person450,viral
train,PNEUMONIA,person451_bacteria_1942.jpeg,chest_xray_dataset\train\PNEUMONIA\person451_bacteria_1942.jpeg,1206,878,L,4ce9978c5be7406cf1dc49cb61f2b0a0,person451,bacterial
train,PNEUMONIA,person451_virus_932.jpeg,chest_xray_dataset\train\PNEUMONIA\person451_virus_932.jpeg,1372,897,L,766060f20ed7b39db820b1ab86bebe22,person451,viral
train,PNEUMONIA,person452_bacteria_1943.jpeg,chest_xray_dataset\train\PNEUMONIA\person452_bacteria_1943.jpeg,1256,767,L,c43ec7deb0b7f0571222ce6bcd7d006e,person452,bacterial
train,PNEUMONIA,person453_virus_935.jpeg,chest_xray_dataset\train\PNEUMONIA\person453_virus_935.jpeg,2273,1505,L,a325e0e49d945ade9c5ec4af49bce118,person453,viral
train,PNEUMONIA,person453_virus_936.jpeg,chest_xray_dataset\train\PNEUMONIA\person453_virus_936.jpeg,1504,936,L,a863e529957f258f30a9701da2907713,person453,viral
train,PNEUMONIA,person454_bacteria_1945.jpeg,chest_xray_dataset\train\PNEUMONIA\person454_bacteria_1945.jpeg,1026,573,L,fe7a44a4f8836ac3291bd827820e3ffe,person454,bacterial
train,PNEUMONIA,person454_virus_938.jpeg,chest_xray_dataset\train\PNEUMONIA\person454_virus_938.jpeg,1953,1692,L,22eae27ed5db1164c3a8ce86bbed67f6,person454,viral
train,PNEUMONIA,person455_bacteria_1947.jpeg,chest_xray_dataset\train\PNEUMONIA\person455_bacteria_1947.jpeg,1024,680,L,849a863e7253f39d1f36cc8ca06efbc0,person455,bacterial
train,PNEUMONIA,person456_bacteria_1948.jpeg,chest_xray_dataset\train\PNEUMONIA\person456_bacteria_1948.jpeg,1040,760,L,2a58669e04dde0fb45e533166de0c66c,person456,bacterial
train,PNEUMONIA,person456_virus_943.jpeg,chest_xray_dataset\train\PNEUMONIA\person456_virus_943.jpeg,1048,604,L,82da71d78cc59b37652d1a88bfe4485d,person456,viral
train,PNEUMONIA,person457_bacteria_1949.jpeg,chest_xray_dataset\train\PNEUMONIA\person457_bacteria_1949.jpeg,1697,1519,L,b72f1cdea70adaff33a1257b9e05d526,person457,bacterial
train,PNEUMONIA,person457_virus_944.jpeg,chest_xray_dataset\train\PNEUMONIA\person457_virus_944.jpeg,1023,719,RGB,1fef891e7b3ad6b5c5ea6620554f8d8c,person457,viral
train,PNEUMONIA,person458_bacteria_1950.jpeg,chest_xray_dataset\train\PNEUMONIA\person458_bacteria_1950.jpeg,1016,720,L,9448b4beda71a13c3b2e31ce6391c338,person458,bacterial
train,PNEUMONIA,person458_bacteria_1951.jpeg,chest_xray_dataset\train\PNEUMONIA\person458_bacteria_1951.jpeg,816,616,L,2df0031ace86229b73484dd1f4839495,person458,bacterial
train,PNEUMONIA,person458_bacteria_1952.jpeg,chest_xray_dataset\train\PNEUMONIA\person458_bacteria_1952.jpeg,896,680,L,7d20759012ee17c9db69912884ea1139,person458,bacterial
train,PNEUMONIA,person458_bacteria_1953.jpeg,chest_xray_dataset\train\PNEUMONIA\person458_bacteria_1953.jpeg,936,728,L,0bb8af9d0ffdc6ec2af860464f1924f5,person458,bacterial
train,PNEUMONIA,person458_bacteria_1954.jpeg,chest_xray_dataset\train\PNEUMONIA\person458_bacteria_1954.jpeg,824,712,L,87d8d998f7854dbf3d8cb1033936b2bc,person458,bacterial
train,PNEUMONIA,person458_bacteria_1955.jpeg,chest_xray_dataset\train\PNEUMONIA\person458_bacteria_1955.jpeg,888,504,L,c3b3373884edbf88733a01ec1dd8abb5,person458,bacterial
train,PNEUMONIA,person458_virus_945.jpeg,chest_xray_dataset\train\PNEUMONIA\person458_virus_945.jpeg,2051,1417,L,159005cd8a5b8da9b87c4bb92bb6b144,person458,viral
train,PNEUMONIA,person459_bacteria_1956.jpeg,chest_xray_dataset\train\PNEUMONIA\person459_bacteria_1956.jpeg,1016,680,L,c76537828bf5159634bcdb4a799e8ad5,person459,bacterial
train,PNEUMONIA,person459_bacteria_1957.jpeg,chest_xray_dataset\train\PNEUMONIA\person459_bacteria_1957.jpeg,1288,888,L,f770284d0c0c2939f8b1101c68d20f6f,person459,bacterial
train,PNEUMONIA,person459_virus_947.jpeg,chest_xray_dataset\train\PNEUMONIA\person459_virus_947.jpeg,2022,1577,L,8b707d0e9401a0e1b910e0ca5b867d60,person459,viral
train,PNEUMONIA,person45_bacteria_220.jpeg,chest_xray_dataset\train\PNEUMONIA\person45_bacteria_220.jpeg,712,464,L,03253aa27cf360252cee5ea89712b72d,person45,bacterial
train,PNEUMONIA,person45_bacteria_221.jpeg,chest_xray_dataset\train\PNEUMONIA\person45_bacteria_221.jpeg,808,488,L,ca03e19084b3ae83813bff775034f866,person45,bacterial
train,PNEUMONIA,person45_bacteria_222.jpeg,chest_xray_dataset\train\PNEUMONIA\person45_bacteria_222.jpeg,1040,615,L,296db633a7d7b16a1780291eac68b4c9,person45,bacterial
train,PNEUMONIA,person460_bacteria_1958.jpeg,chest_xray_dataset\train\PNEUMONIA\person460_bacteria_1958.jpeg,1184,824,L,670f1e1609fd11abf6483ef503694643,person460,bacterial
train,PNEUMONIA,person460_virus_948.jpeg,chest_xray_dataset\train\PNEUMONIA\person460_virus_948.jpeg,1376,968,L,6e950905e53242c50c42f2df4484c6e4,person460,viral
train,PNEUMONIA,person461_bacteria_1960.jpeg,chest_xray_dataset\train\PNEUMONIA\person461_bacteria_1960.jpeg,1449,1140,L,49e092eba7b623d03bdb17b70e2bdbf8,person461,bacterial
train,PNEUMONIA,person461_virus_949.jpeg,chest_xray_dataset\train\PNEUMONIA\person461_virus_949.jpeg,863,574,RGB,3e8bf779e84585816ea93f5e7d83268d,person461,viral
train,PNEUMONIA,person461_virus_950.jpeg,chest_xray_dataset\train\PNEUMONIA\person461_virus_950.jpeg,1008,696,L,d6dd0e121b6515c23d5f814db28c1dfe,person461,viral
train,PNEUMONIA,person462_bacteria_1961.jpeg,chest_xray_dataset\train\PNEUMONIA\person462_bacteria_1961.jpeg,896,616,L,e2bdde860895a03543731d37351c6486,person462,bacterial
train,PNEUMONIA,person462_bacteria_1963.jpeg,chest_xray_dataset\train\PNEUMONIA\person462_bacteria_1963.jpeg,960,544,L,0d8b46e70cdcd7c5d218ac1e34ae4d65,person462,bacterial
train,PNEUMONIA,person462_bacteria_1967.jpeg,chest_xray_dataset\train\PNEUMONIA\person462_bacteria_1967.jpeg,904,584,L,7ede1e083f34f51ef9b099d9b5fd5a37,person462,bacterial
train,PNEUMONIA,person462_bacteria_1968.jpeg,chest_xray_dataset\train\PNEUMONIA\person462_bacteria_1968.jpeg,1092,736,L,e23739ffdf1da95309c8216757fec014,person462,bacterial
train,PNEUMONIA,person462_virus_951.jpeg,chest_xray_dataset\train\PNEUMONIA\person462_virus_951.jpeg,2126,1226,L,beb6d8a783c7dc7d5fa6f14027db0ecd,person462,viral
train,PNEUMONIA,person463_bacteria_1971.jpeg,chest_xray_dataset\train\PNEUMONIA\person463_bacteria_1971.jpeg,944,616,L,012b6270734d71eeccd6ea556b8b35bd,person463,bacterial
train,PNEUMONIA,person463_virus_952.jpeg,chest_xray_dataset\train\PNEUMONIA\person463_virus_952.jpeg,1248,736,L,544eb895972ac8bd86ed9cc4b450cd6c,person463,viral
train,PNEUMONIA,person463_virus_953.jpeg,chest_xray_dataset\train\PNEUMONIA\person463_virus_953.jpeg,1306,844,L,8e3bc444c1868364c5002450a6cd379a,person463,viral
train,PNEUMONIA,person464_bacteria_1974.jpeg,chest_xray_dataset\train\PNEUMONIA\person464_bacteria_1974.jpeg,1312,816,L,b0f13bc9918fd38f4b2218e197246387,person464,bacterial
train,PNEUMONIA,person464_bacteria_1975.jpeg,chest_xray_dataset\train\PNEUMONIA\person464_bacteria_1975.jpeg,1384,1102,L,2a63d1b113bc329b456728d2e8479198,person464,bacterial
train,PNEUMONIA,person464_virus_954.jpeg,chest_xray_dataset\train\PNEUMONIA\person464_virus_954.jpeg,819,519,RGB,2fc23fde08bf431f842608c2594c355c,person464,viral
train,PNEUMONIA,person464_virus_956.jpeg,chest_xray_dataset\train\PNEUMONIA\person464_virus_956.jpeg,944,631,RGB,d8842832c0e9a2e33ff522952195e72c,person464,viral
train,PNEUMONIA,person465_bacteria_1976.jpeg,chest_xray_dataset\train\PNEUMONIA\person465_bacteria_1976.jpeg,1096,896,L,bc905366c3d4ec0d2f630029e336e3b3,person465,bacterial
train,PNEUMONIA,person465_bacteria_1977.jpeg,chest_xray_dataset\train\PNEUMONIA\person465_bacteria_1977.jpeg,1000,672,L,96f14dbe1dcdff783c0411bb9f9662d6,person465,bacterial
train,PNEUMONIA,person465_bacteria_1979.jpeg,chest_xray_dataset\train\PNEUMONIA\person465_bacteria_1979.jpeg,1112,704,L,e7f32f8a3fb4f4e4fcd0ad032da75e0f,person465,bacterial
train,PNEUMONIA,person465_bacteria_1980.jpeg,chest_xray_dataset\train\PNEUMONIA\person465_bacteria_1980.jpeg,1080,584,L,773154ae1521a79be765fe9effa9a159,person465,bacterial
train,PNEUMONIA,person465_bacteria_1981.jpeg,chest_xray_dataset\train\PNEUMONIA\person465_bacteria_1981.jpeg,1008,584,L,7db3db518ebea2956e869b582de5c70c,person465,bacterial
train,PNEUMONIA,person465_bacteria_1982.jpeg,chest_xray_dataset\train\PNEUMONIA\person465_bacteria_1982.jpeg,1329,810,L,1b9ee3cd5485ac957d7746724d234ddf,person465,bacterial
train,PNEUMONIA,person465_virus_957.jpeg,chest_xray_dataset\train\PNEUMONIA\person465_virus_957.jpeg,1488,893,L,99413b6ad4580269a4ac315a0746be46,person465,viral
train,PNEUMONIA,person466_bacteria_1983.jpeg,chest_xray_dataset\train\PNEUMONIA\person466_bacteria_1983.jpeg,742,473,RGB,1a8e48aa89c9acd178ce7cd6e55b37e1,person466,bacterial
train,PNEUMONIA,person466_bacteria_1984.jpeg,chest_xray_dataset\train\PNEUMONIA\person466_bacteria_1984.jpeg,650,378,RGB,629ba612b7c59807d50dbbbaf10a65e4,person466,bacterial
train,PNEUMONIA,person466_bacteria_1986.jpeg,chest_xray_dataset\train\PNEUMONIA\person466_bacteria_1986.jpeg,1008,680,L,d23247e810552124269c7294007aef8a,person466,bacterial
train,PNEUMONIA,person466_bacteria_1987.jpeg,chest_xray_dataset\train\PNEUMONIA\person466_bacteria_1987.jpeg,958,744,L,e23b02df661bbd28422930c80d02597c,person466,bacterial
train,PNEUMONIA,person466_virus_960.jpeg,chest_xray_dataset\train\PNEUMONIA\person466_virus_960.jpeg,1084,717,RGB,1f175724146557f25ff4c25c43166d08,person466,viral
train,PNEUMONIA,person467_bacteria_1988.jpeg,chest_xray_dataset\train\PNEUMONIA\person467_bacteria_1988.jpeg,1160,816,L,2d97d8f948d92a893545a7aede2c807b,person467,bacterial
train,PNEUMONIA,person467_bacteria_1989.jpeg,chest_xray_dataset\train\PNEUMONIA\person467_bacteria_1989.jpeg,1120,704,L,410c17437416ee3272bf8dc01901fde1,person467,bacterial
train,PNEUMONIA,person467_virus_961.jpeg,chest_xray_dataset\train\PNEUMONIA\person467_virus_961.jpeg,2309,1915,L,ff9272e5e82e7641b35d1adee3d33016,person467,viral
train,PNEUMONIA,person468_bacteria_1990.jpeg,chest_xray_dataset\train\PNEUMONIA\person468_bacteria_1990.jpeg,1144,792,L,c332f5d31a0512b73ba5003dfde0cf6c,person468,bacterial
train,PNEUMONIA,person468_bacteria_1991.jpeg,chest_xray_dataset\train\PNEUMONIA\person468_bacteria_1991.jpeg,1526,1001,L,086482c75e4f487f168d39d6479d1974,person468,bacterial
train,PNEUMONIA,person468_virus_963.jpeg,chest_xray_dataset\train\PNEUMONIA\person468_virus_963.jpeg,2094,1551,L,fe3ee1a1125b2941a0ace4bd99c2b751,person468,viral
train,PNEUMONIA,person469_bacteria_1992.jpeg,chest_xray_dataset\train\PNEUMONIA\person469_bacteria_1992.jpeg,1272,808,L,49b209e303afd8f9b90ccf59a4d4d3db,person469,bacterial
train,PNEUMONIA,person469_bacteria_1993.jpeg,chest_xray_dataset\train\PNEUMONIA\person469_bacteria_1993.jpeg,1128,808,L,c023f8fa126b7f1b5f9ca6313ae0ba83,person469,bacterial
train,PNEUMONIA,person469_bacteria_1994.jpeg,chest_xray_dataset\train\PNEUMONIA\person469_bacteria_1994.jpeg,1348,995,L,0444c4a229f665c1f4b47f63940a7251,person469,bacterial
train,PNEUMONIA,person469_bacteria_1995.jpeg,chest_xray_dataset\train\PNEUMONIA\person469_bacteria_1995.jpeg,1255,883,L,6a58c58666b76fc1f359d59488ad931c,person469,bacterial
train,PNEUMONIA,person469_virus_965.jpeg,chest_xray_dataset\train\PNEUMONIA\person469_virus_965.jpeg,759,618,RGB,1a12bf254257be4b42c314fd049e8c51,person469,viral
train,PNEUMONIA,person46_bacteria_224.jpeg,chest_xray_dataset\train\PNEUMONIA\person46_bacteria_224.jpeg,1264,928,L,d7ad5acf1bbd078748af0c802d05b26e,person46,bacterial
train,PNEUMONIA,person46_bacteria_225.jpeg,chest_xray_dataset\train\PNEUMONIA\person46_bacteria_225.jpeg,1412,1029,L,57725100e67c21e371a0663a922df400,person46,bacterial
train,PNEUMONIA,person470_bacteria_1996.jpeg,chest_xray_dataset\train\PNEUMONIA\person470_bacteria_1996.jpeg,1200,928,L,d924bd6f5e83a68428b78a2ef41d27a7,person470,bacterial
train,PNEUMONIA,person470_bacteria_1998.jpeg,chest_xray_dataset\train\PNEUMONIA\person470_bacteria_1998.jpeg,1248,896,L,2a31b481aeadad4f1f2e2dea1d1616a8,person470,bacterial
train,PNEUMONIA,person470_bacteria_1999.jpeg,chest_xray_dataset\train\PNEUMONIA\person470_bacteria_1999.jpeg,1224,904,L,b67ebec29dbc4058252404d02f75eb08,person470,bacterial
train,PNEUMONIA,person470_bacteria_2000.jpeg,chest_xray_dataset\train\PNEUMONIA\person470_bacteria_2000.jpeg,1160,872,L,3d96cc3a466edf803542e3564788dae3,person470,bacterial
train,PNEUMONIA,person470_bacteria_2001.jpeg,chest_xray_dataset\train\PNEUMONIA\person470_bacteria_2001.jpeg,1160,800,L,c9ff3a6a67882a043b25a0b720587a9d,person470,bacterial
train,PNEUMONIA,person470_bacteria_2002.jpeg,chest_xray_dataset\train\PNEUMONIA\person470_bacteria_2002.jpeg,1350,1045,L,194e7384a5f2f5cbee7541a503ad0421,person470,bacterial
train,PNEUMONIA,person470_bacteria_2003.jpeg,chest_xray_dataset\train\PNEUMONIA\person470_bacteria_2003.jpeg,1534,1064,L,32b0df53e068355554e6126be61650fd,person470,bacterial
train,PNEUMONIA,person470_virus_966.jpeg,chest_xray_dataset\train\PNEUMONIA\person470_virus_966.jpeg,795,612,RGB,ed18e1680c2614c82e23a4bf35b60d83,person470,viral
train,PNEUMONIA,person471_bacteria_2004.jpeg,chest_xray_dataset\train\PNEUMONIA\person471_bacteria_2004.jpeg,1184,656,L,71af51d17e7de8d6c34207c861c11f3e,person471,bacterial
train,PNEUMONIA,person471_bacteria_2005.jpeg,chest_xray_dataset\train\PNEUMONIA\person471_bacteria_2005.jpeg,1104,736,L,8038d7042176af7bf0b4410a5c59c8d0,person471,bacterial
train,PNEUMONIA,person471_bacteria_2006.jpeg,chest_xray_dataset\train\PNEUMONIA\person471_bacteria_2006.jpeg,1170,889,L,fee436b7433ec2f9137aaac461601fae,person471,bacterial
train,PNEUMONIA,person471_virus_967.jpeg,chest_xray_dataset\train\PNEUMONIA\person471_virus_967.jpeg,806,554,RGB,3452b75fcac92f261660c3c7d572e8e2,person471,viral
train,PNEUMONIA,person471_virus_968.jpeg,chest_xray_dataset\train\PNEUMONIA\person471_virus_968.jpeg,831,603,RGB,a56f48114002ffabbf60b511c69fc96f,person471,viral
train,PNEUMONIA,person472_bacteria_2007.jpeg,chest_xray_dataset\train\PNEUMONIA\person472_bacteria_2007.jpeg,966,619,RGB,99f5f508709b097a4271c51711ff96a8,person472,bacterial
train,PNEUMONIA,person472_bacteria_2008.jpeg,chest_xray_dataset\train\PNEUMONIA\person472_bacteria_2008.jpeg,1120,680,L,99e92e2c4663e0eca3fb31c806da19dc,person472,bacterial
train,PNEUMONIA,person472_bacteria_2010.jpeg,chest_xray_dataset\train\PNEUMONIA\person472_bacteria_2010.jpeg,777,531,RGB,b8ade75cef3191cc10b3f036f030967b,person472,bacterial
train,PNEUMONIA,person472_bacteria_2014.jpeg,chest_xray_dataset\train\PNEUMONIA\person472_bacteria_2014.jpeg,1088,648,L,91417b5c381179d2d0657ada5d034085,person472,bacterial
train,PNEUMONIA,person472_bacteria_2015.jpeg,chest_xray_dataset\train\PNEUMONIA\person472_bacteria_2015.jpeg,1096,624,L,b4939174eaf516aa15a976cd1e4fe89e,person472,bacterial
train,PNEUMONIA,person472_virus_969.jpeg,chest_xray_dataset\train\PNEUMONIA\person472_virus_969.jpeg,1870,1282,L,43ccc7325c26a593d4620c7ca4bbf249,person472,viral
train,PNEUMONIA,person473_bacteria_2018.jpeg,chest_xray_dataset\train\PNEUMONIA\person473_bacteria_2018.jpeg,1152,672,L,859a8aca5fb11ff5229b89ec883fbe52,person473,bacterial
train,PNEUMONIA,person474_virus_971.jpeg,chest_xray_dataset\train\PNEUMONIA\person474_virus_971.jpeg,1424,976,L,7d9a7a1a27c996f222f083124841360b,person474,viral
train,PNEUMONIA,person475_bacteria_2020.jpeg,chest_xray_dataset\train\PNEUMONIA\person475_bacteria_2020.jpeg,1096,712,L,aaaf7784c9585d635a40daf1301ddd14,person475,bacterial
train,PNEUMONIA,person475_bacteria_2021.jpeg,chest_xray_dataset\train\PNEUMONIA\person475_bacteria_2021.jpeg,1016,800,L,13525542095d91bb2f6de1d90ba6256c,person475,bacterial
train,PNEUMONIA,person475_bacteria_2022.jpeg,chest_xray_dataset\train\PNEUMONIA\person475_bacteria_2022.jpeg,1128,768,L,82e946ab8a79c6c06956e727088258c5,person475,bacterial
train,PNEUMONIA,person475_bacteria_2023.jpeg,chest_xray_dataset\train\PNEUMONIA\person475_bacteria_2023.jpeg,1080,728,L,74f0f6932fb85d6474e9d2d2bb4d72f0,person475,bacterial
train,PNEUMONIA,person475_bacteria_2024.jpeg,chest_xray_dataset\train\PNEUMONIA\person475_bacteria_2024.jpeg,1072,744,L,ce14f652f2da75a1cddab91f49fc197e,person475,bacterial
train,PNEUMONIA,person475_bacteria_2025.jpeg,chest_xray_dataset\train\PNEUMONIA\person475_bacteria_2025.jpeg,1411,915,L,6e19958ede88b8c67075cd1f7aa5dade,person475,bacterial
train,PNEUMONIA,person475_virus_972.jpeg,chest_xray_dataset\train\PNEUMONIA\person475_virus_972.jpeg,1120,808,L,a99dde83569c8cb4d07dc2e4fce944c8,person475,viral
train,PNEUMONIA,person476_bacteria_2026.jpeg,chest_xray_dataset\train\PNEUMONIA\person476_bacteria_2026.jpeg,1450,947,L,a4d53827e1db9e63441b242153e43087,person476,bacterial
train,PNEUMONIA,person476_virus_973.jpeg,chest_xray_dataset\train\PNEUMONIA\person476_virus_973.jpeg,1664,1000,L,a804b6a81a6630b4e188bf082f343321,person476,viral
train,PNEUMONIA,person477_bacteria_2028.jpeg,chest_xray_dataset\train\PNEUMONIA\person477_bacteria_2028.jpeg,1264,904,L,a00066492b0cbfc26ce68357abe3c2f3,person477,bacterial
train,PNEUMONIA,person477_bacteria_2029.jpeg,chest_xray_dataset\train\PNEUMONIA\person477_bacteria_2029.jpeg,1160,1032,L,513c3156e2a08972f45270f9b6ac9e22,person477,bacterial
train,PNEUMONIA,person477_bacteria_2030.jpeg,chest_xray_dataset\train\PNEUMONIA\person477_bacteria_2030.jpeg,1232,984,L,b003ba692aee3534241879f123bb3bfe,person477,bacterial
train,PNEUMONIA,person477_bacteria_2031.jpeg,chest_xray_dataset\train\PNEUMONIA\person477_bacteria_2031.jpeg,1662,1585,L,354e197a2f513548520b6acfabfe4daa,person477,bacterial
train,PNEUMONIA,person478_bacteria_2032.jpeg,chest_xray_dataset\train\PNEUMONIA\person478_bacteria_2032.jpeg,1096,760,L,95cb9b233285f85c6cae388875855a0a,person478,bacterial
train,PNEUMONIA,person478_bacteria_2035.jpeg,chest_xray_dataset\train\PNEUMONIA\person478_bacteria_2035.jpeg,1318,936,L,de4bcad4cbd380c6411abebbd3e82ccd,person478,bacterial
train,PNEUMONIA,person478_virus_975.jpeg,chest_xray_dataset\train\PNEUMONIA\person478_virus_975.jpeg,1224,888,L,a0ffd7115fa95c151a43496ffdbfb9a8,person478,viral
train,PNEUMONIA,person479_virus_978.jpeg,chest_xray_dataset\train\PNEUMONIA\person479_virus_978.jpeg,1520,1080,L,7310ab9b5130b1116922fd66a6453aba,person479,viral
train,PNEUMONIA,person47_bacteria_229.jpeg,chest_xray_dataset\train\PNEUMONIA\person47_bacteria_229.jpeg,1318,820,L,60fed532742603ff4b08076e7445843b,person47,bacterial
train,PNEUMONIA,person480_bacteria_2038.jpeg,chest_xray_dataset\train\PNEUMONIA\person480_bacteria_2038.jpeg,1200,808,L,2d61dbb1ae081df775ca6c3ed3570fc5,person480,bacterial
train,PNEUMONIA,person480_bacteria_2039.jpeg,chest_xray_dataset\train\PNEUMONIA\person480_bacteria_2039.jpeg,1056,760,L,bce4a865a1b23d560e68b27dcfaa749a,person480,bacterial
train,PNEUMONIA,person480_bacteria_2040.jpeg,chest_xray_dataset\train\PNEUMONIA\person480_bacteria_2040.jpeg,1221,793,L,428600cdcb36e7dba211744ffbc07c50,person480,bacterial
train,PNEUMONIA,person480_virus_981.jpeg,chest_xray_dataset\train\PNEUMONIA\person480_virus_981.jpeg,788,496,RGB,b3d08ee8232c90b92260b8c98125c43d,person480,viral
train,PNEUMONIA,person480_virus_982.jpeg,chest_xray_dataset\train\PNEUMONIA\person480_virus_982.jpeg,801,493,RGB,756cc29894f19b3544d62bff549e7bda,person480,viral
train,PNEUMONIA,person481_bacteria_2041.jpeg,chest_xray_dataset\train\PNEUMONIA\person481_bacteria_2041.jpeg,1400,1088,L,6835dd3963ede00fd53b3f09c828884d,person481,bacterial
train,PNEUMONIA,person481_bacteria_2042.jpeg,chest_xray_dataset\train\PNEUMONIA\person481_bacteria_2042.jpeg,1512,1178,L,4039789ce4f49b72ff0ae30845847635,person481,bacterial
train,PNEUMONIA,person481_virus_983.jpeg,chest_xray_dataset\train\PNEUMONIA\person481_virus_983.jpeg,1256,1016,L,7cd611dd8b16f0ffcbd816645615c0aa,person481,viral
train,PNEUMONIA,person482_bacteria_2043.jpeg,chest_xray_dataset\train\PNEUMONIA\person482_bacteria_2043.jpeg,1176,813,L,82cd973e8814e0d03f15c295d9eabb09,person482,bacterial
train,PNEUMONIA,person482_bacteria_2044.jpeg,chest_xray_dataset\train\PNEUMONIA\person482_bacteria_2044.jpeg,992,576,L,185178147220939e0a856aa218b8aec8,person482,bacterial
train,PNEUMONIA,person482_bacteria_2045.jpeg,chest_xray_dataset\train\PNEUMONIA\person482_bacteria_2045.jpeg,1164,844,L,96a7fecfa1d0a0493b08fd358ddc421b,person482,bacterial
train,PNEUMONIA,person482_virus_984.jpeg,chest_xray_dataset\train\PNEUMONIA\person482_virus_984.jpeg,1640,1328,L,551b1c6cc5b8543d82e272560ec1b4e7,person482,viral
train,PNEUMONIA,person483_bacteria_2046.jpeg,chest_xray_dataset\train\PNEUMONIA\person483_bacteria_2046.jpeg,1040,752,L,21baaa9491ed3945b69d9b3e1136db96,person483,bacterial
train,PNEUMONIA,person483_virus_985.jpeg,chest_xray_dataset\train\PNEUMONIA\person483_virus_985.jpeg,1024,632,L,655da2bcf3388b9d78799e1385dafa95,person483,viral
train,PNEUMONIA,person484_virus_986.jpeg,chest_xray_dataset\train\PNEUMONIA\person484_virus_986.jpeg,1016,648,L,8c6230149b5e1ca1ad1066166f48cc16,person484,viral
train,PNEUMONIA,person485_bacteria_2049.jpeg,chest_xray_dataset\train\PNEUMONIA\person485_bacteria_2049.jpeg,2334,1956,L,391e6f42a968e86fa723cadb38520e91,person485,bacterial
train,PNEUMONIA,person485_virus_988.jpeg,chest_xray_dataset\train\PNEUMONIA\person485_virus_988.jpeg,1136,680,L,2fbf13250c33f28b459f20d94f98594a,person485,viral
train,PNEUMONIA,person486_bacteria_2051.jpeg,chest_xray_dataset\train\PNEUMONIA\person486_bacteria_2051.jpeg,1096,776,L,666ecacb608d7e10e8e9db39966d9d52,person486,bacterial
train,PNEUMONIA,person486_bacteria_2052.jpeg,chest_xray_dataset\train\PNEUMONIA\person486_bacteria_2052.jpeg,1168,808,L,7eec8cbcde26c105d8df0826c51b3ef0,person486,bacterial
train,PNEUMONIA,person486_bacteria_2053.jpeg,chest_xray_dataset\train\PNEUMONIA\person486_bacteria_2053.jpeg,1294,1052,L,b9e7a39cb5e7e1c5a4e327cf601c06b2,person486,bacterial
train,PNEUMONIA,person486_bacteria_2054.jpeg,chest_xray_dataset\train\PNEUMONIA\person486_bacteria_2054.jpeg,1284,1076,L,790279217cd49287b8b4c31a6e80b3e5,person486,bacterial
train,PNEUMONIA,person486_virus_990.jpeg,chest_xray_dataset\train\PNEUMONIA\person486_virus_990.jpeg,1264,688,L,79177f945b640c4d87d6f7fcbbb7c92e,person486,viral
train,PNEUMONIA,person487_bacteria_2055.jpeg,chest_xray_dataset\train\PNEUMONIA\person487_bacteria_2055.jpeg,1360,1000,L,7a6eabbc67dd2095d1e537a6fd43a335,person487,bacterial
train,PNEUMONIA,person487_bacteria_2056.jpeg,chest_xray_dataset\train\PNEUMONIA\person487_bacteria_2056.jpeg,1528,1176,L,42ba829ca0daf5136b8871dd17a91d51,person487,bacterial
train,PNEUMONIA,person487_bacteria_2057.jpeg,chest_xray_dataset\train\PNEUMONIA\person487_bacteria_2057.jpeg,1304,984,L,50dab64e692851b5e7dbac1953388c37,person487,bacterial
train,PNEUMONIA,person487_bacteria_2058.jpeg,chest_xray_dataset\train\PNEUMONIA\person487_bacteria_2058.jpeg,1256,1072,L,de1406ccd6f69530a89abdf9c6cade7f,person487,bacterial
train,PNEUMONIA,person487_bacteria_2059.jpeg,chest_xray_dataset\train\PNEUMONIA\person487_bacteria_2059.jpeg,1248,904,L,dbef556b2394efc0bc1ea224d820569d,person487,bacterial
train,PNEUMONIA,person487_bacteria_2060.jpeg,chest_xray_dataset\train\PNEUMONIA\person487_bacteria_2060.jpeg,1534,1203,L,f35d554aeced66a719c37762f7c99c8e,person487,bacterial
train,PNEUMONIA,person487_virus_991.jpeg,chest_xray_dataset\train\PNEUMONIA\person487_virus_991.jpeg,1072,552,L,427a7fcef68b0c6f2629f92ad41c0b03,person487,viral
train,PNEUMONIA,person488_bacteria_2061.jpeg,chest_xray_dataset\train\PNEUMONIA\person488_bacteria_2061.jpeg,1216,944,L,027c2aaac6dd5410f763ef6122e5631f,person488,bacterial
train,PNEUMONIA,person488_bacteria_2062.jpeg,chest_xray_dataset\train\PNEUMONIA\person488_bacteria_2062.jpeg,1704,1156,L,5445cba655e23efb2eb99678cc92b848,person488,bacterial
train,PNEUMONIA,person488_virus_992.jpeg,chest_xray_dataset\train\PNEUMONIA\person488_virus_992.jpeg,1656,1120,L,1593067ed2a3460a618818523c2adac6,person488,viral
train,PNEUMONIA,person489_bacteria_2063.jpeg,chest_xray_dataset\train\PNEUMONIA\person489_bacteria_2063.jpeg,1288,768,L,fa20e80c4a71f819b22f445a663b5132,person489,bacterial
train,PNEUMONIA,person489_bacteria_2064.jpeg,chest_xray_dataset\train\PNEUMONIA\person489_bacteria_2064.jpeg,1040,576,L,16e1c000bdb15b68745952e19166a49e,person489,bacterial
train,PNEUMONIA,person489_bacteria_2065.jpeg,chest_xray_dataset\train\PNEUMONIA\person489_bacteria_2065.jpeg,1032,600,L,21eaeb9f4bb495d8eaf950ab48fdc12a,person489,bacterial
train,PNEUMONIA,person489_bacteria_2066.jpeg,chest_xray_dataset\train\PNEUMONIA\person489_bacteria_2066.jpeg,1132,766,L,f7ae61ea977f554b34cba4fc7c923ae1,person489,bacterial
train,PNEUMONIA,person489_bacteria_2067.jpeg,chest_xray_dataset\train\PNEUMONIA\person489_bacteria_2067.jpeg,1296,844,L,3ffe3686b6e8b8b5d97e24da165c88e0,person489,bacterial
train,PNEUMONIA,person489_virus_994.jpeg,chest_xray_dataset\train\PNEUMONIA\person489_virus_994.jpeg,928,670,RGB,746300db02680719a13dd628b01cc096,person489,viral
train,PNEUMONIA,person489_virus_995.jpeg,chest_xray_dataset\train\PNEUMONIA\person489_virus_995.jpeg,659,363,RGB,9987c9894250653c65874d528d059557,person489,viral
train,PNEUMONIA,person48_bacteria_230.jpeg,chest_xray_dataset\train\PNEUMONIA\person48_bacteria_230.jpeg,944,776,L,7cb7a49e0730578a2e6b67139febf455,person48,bacterial
train,PNEUMONIA,person48_bacteria_231.jpeg,chest_xray_dataset\train\PNEUMONIA\person48_bacteria_231.jpeg,960,816,L,6eee2864a3551658d6482336f048132f,person48,bacterial
train,PNEUMONIA,person48_bacteria_232.jpeg,chest_xray_dataset\train\PNEUMONIA\person48_bacteria_232.jpeg,1240,776,L,a2166df7ef534081eb74d6d9426497f5,person48,bacterial
train,PNEUMONIA,person48_bacteria_233.jpeg,chest_xray_dataset\train\PNEUMONIA\person48_bacteria_233.jpeg,1144,790,L,111d80cc7cf06325db760f43729cd4e7,person48,bacterial
train,PNEUMONIA,person490_bacteria_2068.jpeg,chest_xray_dataset\train\PNEUMONIA\person490_bacteria_2068.jpeg,1080,800,L,cca6b6f4a2f171fb5e400f9506d47ba7,person490,bacterial
train,PNEUMONIA,person490_bacteria_2069.jpeg,chest_xray_dataset\train\PNEUMONIA\person490_bacteria_2069.jpeg,1426,951,L,e14befb71653c14e964081628c90764f,person490,bacterial
train,PNEUMONIA,person490_bacteria_2070.jpeg,chest_xray_dataset\train\PNEUMONIA\person490_bacteria_2070.jpeg,1384,852,L,8350418f1dc36ac7ed53b5f257e4eeb5,person490,bacterial
train,PNEUMONIA,person490_virus_996.jpeg,chest_xray_dataset\train\PNEUMONIA\person490_virus_996.jpeg,1256,776,L,5a9d5f7bd66fb0a30a526e2cfd49bea1,person490,viral
train,PNEUMONIA,person491_bacteria_2071.jpeg,chest_xray_dataset\train\PNEUMONIA\person491_bacteria_2071.jpeg,1190,901,L,2fba583f4b46f41812cf2d27e9a79f34,person491,bacterial
train,PNEUMONIA,person491_bacteria_2073.jpeg,chest_xray_dataset\train\PNEUMONIA\person491_bacteria_2073.jpeg,1016,696,L,add7eca3c94a3c32d71a5177e23edbd6,person491,bacterial
train,PNEUMONIA,person491_bacteria_2075.jpeg,chest_xray_dataset\train\PNEUMONIA\person491_bacteria_2075.jpeg,1008,736,L,ce1e4cfb5a7be73d7077c1867d19e68b,person491,bacterial
train,PNEUMONIA,person491_bacteria_2080.jpeg,chest_xray_dataset\train\PNEUMONIA\person491_bacteria_2080.jpeg,1016,664,L,ce8f5a1fe705683bbf51d68f9628c4ee,person491,bacterial
train,PNEUMONIA,person491_bacteria_2081.jpeg,chest_xray_dataset\train\PNEUMONIA\person491_bacteria_2081.jpeg,1016,680,L,d4d29fc975cf33c44705c45b1672e723,person491,bacterial
train,PNEUMONIA,person491_bacteria_2082.jpeg,chest_xray_dataset\train\PNEUMONIA\person491_bacteria_2082.jpeg,1096,832,L,0464f75cf4c5d6d47217674d4790b332,person491,bacterial
train,PNEUMONIA,person491_virus_997.jpeg,chest_xray_dataset\train\PNEUMONIA\person491_virus_997.jpeg,1072,504,L,17fdcb6bf86572b2ea493dfe7107b798,person491,viral
train,PNEUMONIA,person492_bacteria_2083.jpeg,chest_xray_dataset\train\PNEUMONIA\person492_bacteria_2083.jpeg,1000,744,L,b16b36ee1d4adf94ed178c1f94858c32,person492,bacterial
train,PNEUMONIA,person492_bacteria_2084.jpeg,chest_xray_dataset\train\PNEUMONIA\person492_bacteria_2084.jpeg,1064,680,L,7eae46f126db75a8107200284d37ecce,person492,bacterial
train,PNEUMONIA,person492_bacteria_2085.jpeg,chest_xray_dataset\train\PNEUMONIA\person492_bacteria_2085.jpeg,1342,951,L,bca9897c7994dbaa3e79ef76f17d1caf,person492,bacterial
train,PNEUMONIA,person492_virus_998.jpeg,chest_xray_dataset\train\PNEUMONIA\person492_virus_998.jpeg,1448,1064,L,7e762057b49cd8659aa4dab612579c68,person492,viral
train,PNEUMONIA,person493_bacteria_2086.jpeg,chest_xray_dataset\train\PNEUMONIA\person493_bacteria_2086.jpeg,1184,688,L,1866a2fc1aafec6ca239f266e108f811,person493,bacterial
train,PNEUMONIA,person493_bacteria_2087.jpeg,chest_xray_dataset\train\PNEUMONIA\person493_bacteria_2087.jpeg,1450,809,L,efa1ca26419737228544777c7a013a27,person493,bacterial
train,PNEUMONIA,person493_virus_999.jpeg,chest_xray_dataset\train\PNEUMONIA\person493_virus_999.jpeg,1272,752,L,3c6f9c029edf071acda7ff1164cd5a00,person493,viral
train,PNEUMONIA,person494_bacteria_2088.jpeg,chest_xray_dataset\train\PNEUMONIA\person494_bacteria_2088.jpeg,1580,1493,L,782aade223447f8613cc9777bb2145b3,person494,bacterial
train,PNEUMONIA,person494_bacteria_2089.jpeg,chest_xray_dataset\train\PNEUMONIA\person494_bacteria_2089.jpeg,1280,896,L,d1283ae905410aab27637bbb96fc05a8,person494,bacterial
train,PNEUMONIA,person494_bacteria_2090.jpeg,chest_xray_dataset\train\PNEUMONIA\person494_bacteria_2090.jpeg,1320,976,L,722441b42f4210ba4d99cb60a2d754be,person494,bacterial
train,PNEUMONIA,person494_virus_1000.jpeg,chest_xray_dataset\train\PNEUMONIA\person494_virus_1000.jpeg,1120,680,L,ef40c14447125e248a2263d509933145,person494,viral
train,PNEUMONIA,person495_bacteria_2094.jpeg,chest_xray_dataset\train\PNEUMONIA\person495_bacteria_2094.jpeg,796,469,RGB,7feade64d708340d5babb120dca29a2f,person495,bacterial
train,PNEUMONIA,person495_virus_1001.jpeg,chest_xray_dataset\train\PNEUMONIA\person495_virus_1001.jpeg,1152,632,L,6ec51abf6d9c2b4c6181fc473de285fb,person495,viral
train,PNEUMONIA,person496_bacteria_2095.jpeg,chest_xray_dataset\train\PNEUMONIA\person496_bacteria_2095.jpeg,1690,1187,L,863d3075a74f12c83a18a410a790f598,person496,bacterial
train,PNEUMONIA,person496_virus_1003.jpeg,chest_xray_dataset\train\PNEUMONIA\person496_virus_1003.jpeg,1544,1392,L,8b12e3900da416ff008dcf6f908afe5c,person496,viral
train,PNEUMONIA,person497_virus_1005.jpeg,chest_xray_dataset\train\PNEUMONIA\person497_virus_1005.jpeg,1472,1192,L,4c0c6f1c022eb1aa6bf98ab5c2f4c2da,person497,viral
train,PNEUMONIA,person498_bacteria_2100.jpeg,chest_xray_dataset\train\PNEUMONIA\person498_bacteria_2100.jpeg,1398,1121,L,15d928774be49f6417fc1a89fcde2e06,person498,bacterial
train,PNEUMONIA,person498_bacteria_2101.jpeg,chest_xray_dataset\train\PNEUMONIA\person498_bacteria_2101.jpeg,1478,1261,L,4ff0e0300c0eae71b21b981aad753161,person498,bacterial
train,PNEUMONIA,person498_bacteria_2102.jpeg,chest_xray_dataset\train\PNEUMONIA\person498_bacteria_2102.jpeg,1538,1137,L,89738c92d01aa71b151147f601fc4a58,person498,bacterial
train,PNEUMONIA,person498_virus_1007.jpeg,chest_xray_dataset\train\PNEUMONIA\person498_virus_1007.jpeg,1216,672,L,af01abeac56b1fd55e61c97a63b9eddd,person498,viral
train,PNEUMONIA,person499_bacteria_2103.jpeg,chest_xray_dataset\train\PNEUMONIA\person499_bacteria_2103.jpeg,1088,800,L,0b05818323ba2633f510e893b60a6c8c,person499,bacterial
train,PNEUMONIA,person499_bacteria_2104.jpeg,chest_xray_dataset\train\PNEUMONIA\person499_bacteria_2104.jpeg,1280,963,L,8844897652672661b42bd47600f5addd,person499,bacterial
train,PNEUMONIA,person499_virus_1008.jpeg,chest_xray_dataset\train\PNEUMONIA\person499_virus_1008.jpeg,1424,968,L,57449430854f9a0c94ee11ceba876b88,person499,viral
train,PNEUMONIA,person49_bacteria_235.jpeg,chest_xray_dataset\train\PNEUMONIA\person49_bacteria_235.jpeg,1000,704,L,c15c71f6d2b4bf23b23c079f3df4cfb6,person49,bacterial
train,PNEUMONIA,person49_bacteria_236.jpeg,chest_xray_dataset\train\PNEUMONIA\person49_bacteria_236.jpeg,1192,760,L,36e80be4e7efa33aa731081f5cf4ff2b,person49,bacterial
train,PNEUMONIA,person49_bacteria_237.jpeg,chest_xray_dataset\train\PNEUMONIA\person49_bacteria_237.jpeg,1356,805,L,e26e498c0d368389a250a78cbff765ae,person49,bacterial
train,PNEUMONIA,person4_bacteria_14.jpeg,chest_xray_dataset\train\PNEUMONIA\person4_bacteria_14.jpeg,1032,592,L,031fd8420c93ba05f9b428ad7e71e721,person4,bacterial
train,PNEUMONIA,person500_bacteria_2105.jpeg,chest_xray_dataset\train\PNEUMONIA\person500_bacteria_2105.jpeg,1080,808,L,db5c3bdc31abe8dd524908c72d5a0fe4,person500,bacterial
train,PNEUMONIA,person500_bacteria_2106.jpeg,chest_xray_dataset\train\PNEUMONIA\person500_bacteria_2106.jpeg,1192,760,L,7e3a6087c951bc630fc8fd133ccc0b3b,person500,bacterial
train,PNEUMONIA,person500_bacteria_2107.jpeg,chest_xray_dataset\train\PNEUMONIA\person500_bacteria_2107.jpeg,666,441,RGB,ac102e5d6efbbad2a1c5eeb583acd8f7,person500,bacterial
train,PNEUMONIA,person500_bacteria_2108.jpeg,chest_xray_dataset\train\PNEUMONIA\person500_bacteria_2108.jpeg,1152,744,L,aa823d4799ee7d9e5d3f2afaec23c918,person500,bacterial
train,PNEUMONIA,person500_bacteria_2109.jpeg,chest_xray_dataset\train\PNEUMONIA\person500_bacteria_2109.jpeg,1104,656,L,daf6ad3fb87f7964cd99a88b5f18c61c,person500,bacterial
train,PNEUMONIA,person500_bacteria_2110.jpeg,chest_xray_dataset\train\PNEUMONIA\person500_bacteria_2110.jpeg,1112,744,L,95ab39a39bcd184d21c8501703a10fa5,person500,bacterial
train,PNEUMONIA,person500_bacteria_2111.jpeg,chest_xray_dataset\train\PNEUMONIA\person500_bacteria_2111.jpeg,1338,851,L,6803a0aeac021ebe3266d472aba465bb,person500,bacterial
train,PNEUMONIA,person500_virus_1009.jpeg,chest_xray_dataset\train\PNEUMONIA\person500_virus_1009.jpeg,968,632,L,bd91cb337ab75b837bb6d567c9d263d4,person500,viral
train,PNEUMONIA,person501_bacteria_2112.jpeg,chest_xray_dataset\train\PNEUMONIA\person501_bacteria_2112.jpeg,1088,848,L,55d9058c4bc09aa3af1ea0a714a8ba13,person501,bacterial
train,PNEUMONIA,person501_bacteria_2113.jpeg,chest_xray_dataset\train\PNEUMONIA\person501_bacteria_2113.jpeg,1176,856,L,6371d0b24225ce5040cbef6c2e57869d,person501,bacterial
train,PNEUMONIA,person501_bacteria_2114.jpeg,chest_xray_dataset\train\PNEUMONIA\person501_bacteria_2114.jpeg,1248,880,L,ba540da40af12f43b01b22d3665c1d68,person501,bacterial
train,PNEUMONIA,person501_bacteria_2115.jpeg,chest_xray_dataset\train\PNEUMONIA\person501_bacteria_2115.jpeg,1072,736,L,4ad1b2aa0e77e6b76669a39a09c0cfe7,person501,bacterial
train,PNEUMONIA,person501_bacteria_2116.jpeg,chest_xray_dataset\train\PNEUMONIA\person501_bacteria_2116.jpeg,1240,932,L,70b2359adb27a0c43dfea15077062e21,person501,bacterial
train,PNEUMONIA,person501_virus_1010.jpeg,chest_xray_dataset\train\PNEUMONIA\person501_virus_1010.jpeg,1584,1024,L,7719029c8acafc54361593730f98a6f3,person501,viral
train,PNEUMONIA,person502_bacteria_2117.jpeg,chest_xray_dataset\train\PNEUMONIA\person502_bacteria_2117.jpeg,960,688,L,1d69d0ed72f32f747b2d9ecd35ddbf3e,person502,bacterial
train,PNEUMONIA,person502_bacteria_2118.jpeg,chest_xray_dataset\train\PNEUMONIA\person502_bacteria_2118.jpeg,1016,680,L,3cf04dfb9410e032cb83d8821f1d2d1a,person502,bacterial
train,PNEUMONIA,person502_bacteria_2119.jpeg,chest_xray_dataset\train\PNEUMONIA\person502_bacteria_2119.jpeg,968,696,L,5b4a3c499ca29a0ad554744a50d9f62f,person502,bacterial
train,PNEUMONIA,person502_bacteria_2120.jpeg,chest_xray_dataset\train\PNEUMONIA\person502_bacteria_2120.jpeg,1112,720,L,e46b85e0e8d70fc8f5894cdb9a05c4f3,person502,bacterial
train,PNEUMONIA,person502_bacteria_2121.jpeg,chest_xray_dataset\train\PNEUMONIA\person502_bacteria_2121.jpeg,1096,808,L,49bb76af9e3d15077569378ec506d7ac,person502,bacterial
train,PNEUMONIA,person502_bacteria_2122.jpeg,chest_xray_dataset\train\PNEUMONIA\person502_bacteria_2122.jpeg,1024,744,L,f602e7d9c2f0c682c464af44175a5da2,person502,bacterial
train,PNEUMONIA,person502_bacteria_2123.jpeg,chest_xray_dataset\train\PNEUMONIA\person502_bacteria_2123.jpeg,1140,786,L,0497e244e8313a645c413b420382a424,person502,bacterial
train,PNEUMONIA,person502_virus_1011.jpeg,chest_xray_dataset\train\PNEUMONIA\person502_virus_1011.jpeg,703,511,RGB,f84ebf001064c0adf7334f54a9d036e1,person502,viral
train,PNEUMONIA,person502_virus_1012.jpeg,chest_xray_dataset\train\PNEUMONIA\person502_virus_1012.jpeg,668,375,RGB,2e21c03ca9fd1a99004db1b724062ca8,person502,viral
train,PNEUMONIA,person503_bacteria_2125.jpeg,chest_xray_dataset\train\PNEUMONIA\person503_bacteria_2125.jpeg,1208,856,L,ea81017eafd5446d6c804fff10e6b9bf,person503,bacterial
train,PNEUMONIA,person503_bacteria_2126.jpeg,chest_xray_dataset\train\PNEUMONIA\person503_bacteria_2126.jpeg,1530,1140,L,95e9029051dcdf5899bc8c9e8e8ade0c,person503,bacterial
train,PNEUMONIA,person503_virus_1013.jpeg,chest_xray_dataset\train\PNEUMONIA\person503_virus_1013.jpeg,1296,872,L,715f124315dd5be774e1f0fec3fc5f96,person503,viral
train,PNEUMONIA,person504_bacteria_2127.jpeg,chest_xray_dataset\train\PNEUMONIA\person504_bacteria_2127.jpeg,998,740,L,a024a9ce34027f0f7844c3acdf2de958,person504,bacterial
train,PNEUMONIA,person504_bacteria_2129.jpeg,chest_xray_dataset\train\PNEUMONIA\person504_bacteria_2129.jpeg,928,640,L,f073ad6ec8292148321183a36dc7c157,person504,bacterial
train,PNEUMONIA,person504_bacteria_2130.jpeg,chest_xray_dataset\train\PNEUMONIA\person504_bacteria_2130.jpeg,1008,600,L,3550ddb055c0416b4a88693b1bb6f91b,person504,bacterial
train,PNEUMONIA,person504_bacteria_2132.jpeg,chest_xray_dataset\train\PNEUMONIA\person504_bacteria_2132.jpeg,974,766,L,2443432f9021266337648bfebfd41780,person504,bacterial
train,PNEUMONIA,person504_bacteria_2133.jpeg,chest_xray_dataset\train\PNEUMONIA\person504_bacteria_2133.jpeg,1072,658,L,527b683512a2f0e433b91369df9035ed,person504,bacterial
train,PNEUMONIA,person505_bacteria_2135.jpeg,chest_xray_dataset\train\PNEUMONIA\person505_bacteria_2135.jpeg,1592,1106,L,cbd346b2804c584fdec63837c17bd6bc,person505,bacterial
train,PNEUMONIA,person505_virus_1017.jpeg,chest_xray_dataset\train\PNEUMONIA\person505_virus_1017.jpeg,1176,784,L,93c1be06bd76175ed8efc6b5f17a0981,person505,viral
train,PNEUMONIA,person506_bacteria_2136.jpeg,chest_xray_dataset\train\PNEUMONIA\person506_bacteria_2136.jpeg,1064,792,L,baa85564f0e0921c1553050c85bfae38,person506,bacterial
train,PNEUMONIA,person506_bacteria_2138.jpeg,chest_xray_dataset\train\PNEUMONIA\person506_bacteria_2138.jpeg,1450,913,L,d9a0ec3cef6a51ff42b5069675e142cd,person506,bacterial
train,PNEUMONIA,person506_virus_1018.jpeg,chest_xray_dataset\train\PNEUMONIA\person506_virus_1018.jpeg,1328,768,L,4fc770dc17ac97d8308c461cd46e7dbd,person506,viral
train,PNEUMONIA,person507_bacteria_2139.jpeg,chest_xray_dataset\train\PNEUMONIA\person507_bacteria_2139.jpeg,888,608,L,f73918b5facb2ce7d4050ab3d9285f60,person507,bacterial
train,PNEUMONIA,person507_bacteria_2140.jpeg,chest_xray_dataset\train\PNEUMONIA\person507_bacteria_2140.jpeg,1200,816,L,b287ba8c842218b522c3ae831cfe5adb,person507,bacterial
train,PNEUMONIA,person507_bacteria_2141.jpeg,chest_xray_dataset\train\PNEUMONIA\person507_bacteria_2141.jpeg,968,576,L,75e49bc95d7629798e4357ab2c54bfdc,person507,bacterial
train,PNEUMONIA,person507_virus_1019.jpeg,chest_xray_dataset\train\PNEUMONIA\person507_virus_1019.jpeg,1456,808,L,c2e533ed0435bded75b5174309bb50d4,person507,viral
train,PNEUMONIA,person508_bacteria_2142.jpeg,chest_xray_dataset\train\PNEUMONIA\person508_bacteria_2142.jpeg,1168,792,L,1dea1eea68e151433f3219278489212d,person508,bacterial
train,PNEUMONIA,person508_bacteria_2143.jpeg,chest_xray_dataset\train\PNEUMONIA\person508_bacteria_2143.jpeg,1232,816,L,98161aa0282986e97f66e5590f2520c1,person508,bacterial
train,PNEUMONIA,person508_bacteria_2144.jpeg,chest_xray_dataset\train\PNEUMONIA\person508_bacteria_2144.jpeg,1406,879,L,2bf634461675a8126bc79c0bb8b2faf1,person508,bacterial
train,PNEUMONIA,person508_virus_1020.jpeg,chest_xray_dataset\train\PNEUMONIA\person508_virus_1020.jpeg,850,534,RGB,68d59c0df3d221ebb9d6db5240d68a0d,person508,viral
train,PNEUMONIA,person508_virus_1021.jpeg,chest_xray_dataset\train\PNEUMONIA\person508_virus_1021.jpeg,764,515,RGB,76fe4e96b29f039da3e3a636457c279f,person508,viral
train,PNEUMONIA,person509_bacteria_2145.jpeg,chest_xray_dataset\train\PNEUMONIA\person509_bacteria_2145.jpeg,1176,952,L,05a67330b2f40d491a26184b114435e9,person509,bacterial
train,PNEUMONIA,person509_bacteria_2146.jpeg,chest_xray_dataset\train\PNEUMONIA\person509_bacteria_2146.jpeg,1310,797,L,ffa7784540ad9f3ee3badb2ca4217827,person509,bacterial
train,PNEUMONIA,person509_virus_1024.jpeg,chest_xray_dataset\train\PNEUMONIA\person509_virus_1024.jpeg,926,606,RGB,c164f1a072c1501479d17dd97539c932,person509,viral
train,PNEUMONIA,person509_virus_1025.jpeg,chest_xray_dataset\train\PNEUMONIA\person509_virus_1025.jpeg,1256,720,L,878e4a47591216368f93f2fe2dc7f4bd,person509,viral
train,PNEUMONIA,person50_bacteria_238.jpeg,chest_xray_dataset\train\PNEUMONIA\person50_bacteria_238.jpeg,1416,1016,L,7e1731630df5c84538bb1e002436ef32,person50,bacterial
train,PNEUMONIA,person510_bacteria_2147.jpeg,chest_xray_dataset\train\PNEUMONIA\person510_bacteria_2147.jpeg,1000,896,L,a5687d3b00865fc762020ab62e5586a9,person510,bacterial
train,PNEUMONIA,person510_bacteria_2148.jpeg,chest_xray_dataset\train\PNEUMONIA\person510_bacteria_2148.jpeg,1320,808,L,33c0082c9d12e622cb993660a986b54f,person510,bacterial
train,PNEUMONIA,person510_bacteria_2149.jpeg,chest_xray_dataset\train\PNEUMONIA\person510_bacteria_2149.jpeg,1024,672,L,54c73d40587f3cd9528df2e9aaf5bbe5,person510,bacterial
train,PNEUMONIA,person510_bacteria_2150.jpeg,chest_xray_dataset\train\PNEUMONIA\person510_bacteria_2150.jpeg,1246,998,L,50b9ad59d7cf33c411b8d8973faa6cc0,person510,bacterial
train,PNEUMONIA,person510_virus_1026.jpeg,chest_xray_dataset\train\PNEUMONIA\person510_virus_1026.jpeg,1136,576,L,348784a9a63792f7f973fcc7fd8e7293,person510,viral
train,PNEUMONIA,person511_bacteria_2152.jpeg,chest_xray_dataset\train\PNEUMONIA\person511_bacteria_2152.jpeg,920,608,L,0b9d42c95d0a02b6025feb4471c3cc6e,person511,bacterial
train,PNEUMONIA,person511_bacteria_2153.jpeg,chest_xray_dataset\train\PNEUMONIA\person511_bacteria_2153.jpeg,1198,874,L,833865db7ca1ce2969a8db9366da9182,person511,bacterial
train,PNEUMONIA,person511_virus_1027.jpeg,chest_xray_dataset\train\PNEUMONIA\person511_virus_1027.jpeg,699,454,RGB,f1b6232954e2a347581b93900b6a2483,person511,viral
train,PNEUMONIA,person512_bacteria_2154.jpeg,chest_xray_dataset\train\PNEUMONIA\person512_bacteria_2154.jpeg,984,592,L,d6c65fc0dc876aaf1f850a2bcc76c358,person512,bacterial
train,PNEUMONIA,person512_bacteria_2155.jpeg,chest_xray_dataset\train\PNEUMONIA\person512_bacteria_2155.jpeg,1276,801,L,e769ce4b56532622201100e259fb563b,person512,bacterial
train,PNEUMONIA,person512_virus_1029.jpeg,chest_xray_dataset\train\PNEUMONIA\person512_virus_1029.jpeg,1224,632,L,40f5c99f88acc0156d4ecf906d0db953,person512,viral
train,PNEUMONIA,person513_virus_1030.jpeg,chest_xray_dataset\train\PNEUMONIA\person513_virus_1030.jpeg,1488,1144,L,8bb3285f56f5374b54129fc644495139,person513,viral
train,PNEUMONIA,person514_bacteria_2184.jpeg,chest_xray_dataset\train\PNEUMONIA\person514_bacteria_2184.jpeg,1176,784,L,cf3ec49716b75b40343ef66874a453bc,person514,bacterial
train,PNEUMONIA,person514_virus_1031.jpeg,chest_xray_dataset\train\PNEUMONIA\person514_virus_1031.jpeg,766,470,RGB,714c5916daf178d798c3b5df135665b5,person514,viral
train,PNEUMONIA,person515_bacteria_2185.jpeg,chest_xray_dataset\train\PNEUMONIA\person515_bacteria_2185.jpeg,848,704,L,09430f7ab9e67c9b1941316459077da5,person515,bacterial
train,PNEUMONIA,person515_bacteria_2186.jpeg,chest_xray_dataset\train\PNEUMONIA\person515_bacteria_2186.jpeg,1072,648,L,7a2688e23655143117a32057ff740d81,person515,bacterial
train,PNEUMONIA,person515_bacteria_2187.jpeg,chest_xray_dataset\train\PNEUMONIA\person515_bacteria_2187.jpeg,1016,584,L,ad06413c51910ce22783075ac38e41fe,person515,bacterial
train,PNEUMONIA,person515_bacteria_2188.jpeg,chest_xray_dataset\train\PNEUMONIA\person515_bacteria_2188.jpeg,992,608,L,d619494786a6d645271a627e8ae136d4,person515,bacterial
train,PNEUMONIA,person515_bacteria_2189.jpeg,chest_xray_dataset\train\PNEUMONIA\person515_bacteria_2189.jpeg,1008,552,L,90b9af0d0dcf7ac13850ba5de1cb5430,person515,bacterial
train,PNEUMONIA,person515_bacteria_2190.jpeg,chest_xray_dataset\train\PNEUMONIA\person515_bacteria_2190.jpeg,998,747,L,18ab9941bb31f8e99418c6f45f84f5a5,person515,bacterial
train,PNEUMONIA,person515_virus_1032.jpeg,chest_xray_dataset\train\PNEUMONIA\person515_virus_1032.jpeg,1136,680,L,5c2d3bb1185bc48364a6af6254b3ff56,person515,viral
train,PNEUMONIA,person516_bacteria_2191.jpeg,chest_xray_dataset\train\PNEUMONIA\person516_bacteria_2191.jpeg,649,334,RGB,9764b05812f6896f7af7473432c27680,person516,bacterial
train,PNEUMONIA,person516_bacteria_2192.jpeg,chest_xray_dataset\train\PNEUMONIA\person516_bacteria_2192.jpeg,667,322,RGB,8ef27fdecc80b9fadfcbf2259260c2ac,person516,bacterial
train,PNEUMONIA,person516_virus_1033.jpeg,chest_xray_dataset\train\PNEUMONIA\person516_virus_1033.jpeg,1120,648,L,20c4bb67778672421b0f227ca3ee89de,person516,viral
train,PNEUMONIA,person517_bacteria_2196.jpeg,chest_xray_dataset\train\PNEUMONIA\person517_bacteria_2196.jpeg,1446,1029,L,49dbd0da39c39816a0ba9b7d1769cf57,person517,bacterial
train,PNEUMONIA,person517_virus_1034.jpeg,chest_xray_dataset\train\PNEUMONIA\person517_virus_1034.jpeg,1384,864,L,3f6fcdb169730d61ab6e8a51201f77c6,person517,viral
train,PNEUMONIA,person517_virus_1035.jpeg,chest_xray_dataset\train\PNEUMONIA\person517_virus_1035.jpeg,1320,768,L,45e863de4fc55f4953800af054aef9ce,person517,viral
train,PNEUMONIA,person518_bacteria_2197.jpeg,chest_xray_dataset\train\PNEUMONIA\person518_bacteria_2197.jpeg,1312,976,L,9f4f583f397b4e3a882ff71afa470691,person518,bacterial
train,PNEUMONIA,person518_bacteria_2198.jpeg,chest_xray_dataset\train\PNEUMONIA\person518_bacteria_2198.jpeg,1192,792,L,9b09fcbcc91e3cbcdcd663776a28fb58,person518,bacterial
train,PNEUMONIA,person518_bacteria_2199.jpeg,chest_xray_dataset\train\PNEUMONIA\person518_bacteria_2199.jpeg,1128,648,L,388370561397fa3798eb311354adf787,person518,bacterial
train,PNEUMONIA,person518_bacteria_2200.jpeg,chest_xray_dataset\train\PNEUMONIA\person518_bacteria_2200.jpeg,1298,921,L,fb814a5dc7530d70c2d7b2f168325955,person518,bacterial
train,PNEUMONIA,person518_virus_1036.jpeg,chest_xray_dataset\train\PNEUMONIA\person518_virus_1036.jpeg,1280,968,L,efaa05fa6fb744b761455a0f52a245e7,person518,viral
train,PNEUMONIA,person519_virus_1038.jpeg,chest_xray_dataset\train\PNEUMONIA\person519_virus_1038.jpeg,1440,1168,L,5546ba8ec52009cb9ee0ffeaedc90f50,person519,viral
train,PNEUMONIA,person51_bacteria_239.jpeg,chest_xray_dataset\train\PNEUMONIA\person51_bacteria_239.jpeg,1304,832,L,8485f72b0342113db529f5a58a34e45f,person51,bacterial
train,PNEUMONIA,person51_bacteria_240.jpeg,chest_xray_dataset\train\PNEUMONIA\person51_bacteria_240.jpeg,1024,696,L,f43e99b7b8504f18d7f7ef5cfd870953,person51,bacterial
train,PNEUMONIA,person51_bacteria_241.jpeg,chest_xray_dataset\train\PNEUMONIA\person51_bacteria_241.jpeg,1272,920,L,19406a101eb712bee6b6c0fd10dbee72,person51,bacterial
train,PNEUMONIA,person51_bacteria_242.jpeg,chest_xray_dataset\train\PNEUMONIA\person51_bacteria_242.jpeg,1096,976,L,1212cc765b61f842f40bb627795bc722,person51,bacterial
train,PNEUMONIA,person51_bacteria_243.jpeg,chest_xray_dataset\train\PNEUMONIA\person51_bacteria_243.jpeg,952,744,L,98455539259f0839d2339d6def3740ff,person51,bacterial
train,PNEUMONIA,person51_bacteria_244.jpeg,chest_xray_dataset\train\PNEUMONIA\person51_bacteria_244.jpeg,1120,704,L,0bae85f5c022ac924d943c5ffb5d67a5,person51,bacterial
train,PNEUMONIA,person51_bacteria_245.jpeg,chest_xray_dataset\train\PNEUMONIA\person51_bacteria_245.jpeg,1040,848,L,fbf9875aa43e2d01edbec0d0a9ed6f6d,person51,bacterial
train,PNEUMONIA,person51_bacteria_246.jpeg,chest_xray_dataset\train\PNEUMONIA\person51_bacteria_246.jpeg,1016,752,L,125e49b4f0095f3cf63b72605dc8c5f5,person51,bacterial
train,PNEUMONIA,person51_bacteria_247.jpeg,chest_xray_dataset\train\PNEUMONIA\person51_bacteria_247.jpeg,1322,1018,L,0055b4984f86236de613617f859e3be1,person51,bacterial
train,PNEUMONIA,person51_bacteria_248.jpeg,chest_xray_dataset\train\PNEUMONIA\person51_bacteria_248.jpeg,1404,1006,L,6b7b4fad19952e5125c56e6d520caa0f,person51,bacterial
train,PNEUMONIA,person520_bacteria_2203.jpeg,chest_xray_dataset\train\PNEUMONIA\person520_bacteria_2203.jpeg,1168,704,L,fef29265fd317fda0db39dfb2f6f1cdb,person520,bacterial
train,PNEUMONIA,person520_bacteria_2204.jpeg,chest_xray_dataset\train\PNEUMONIA\person520_bacteria_2204.jpeg,1000,704,L,b693000a8d31027057a717f92732802d,person520,bacterial
train,PNEUMONIA,person520_bacteria_2205.jpeg,chest_xray_dataset\train\PNEUMONIA\person520_bacteria_2205.jpeg,1260,863,L,e3ae5b7f38089630a1ad64796e12b384,person520,bacterial
train,PNEUMONIA,person520_virus_1039.jpeg,chest_xray_dataset\train\PNEUMONIA\person520_virus_1039.jpeg,1448,976,L,8d310edb0bd501f5e1ed935260285b40,person520,viral
train,PNEUMONIA,person521_virus_1040.jpeg,chest_xray_dataset\train\PNEUMONIA\person521_virus_1040.jpeg,952,568,L,e1b82f563442e18f3538910af15de543,person521,viral
train,PNEUMONIA,person522_bacteria_2210.jpeg,chest_xray_dataset\train\PNEUMONIA\person522_bacteria_2210.jpeg,1304,832,L,41226453e9092225a19194c18781a10c,person522,bacterial
train,PNEUMONIA,person522_bacteria_2211.jpeg,chest_xray_dataset\train\PNEUMONIA\person522_bacteria_2211.jpeg,1360,1024,L,db5f02df81e0a74535f62b6c00d8dd38,person522,bacterial
train,PNEUMONIA,person522_virus_1041.jpeg,chest_xray_dataset\train\PNEUMONIA\person522_virus_1041.jpeg,942,537,RGB,ac66a31866a99774b41a3edd49e9c73c,person522,viral
train,PNEUMONIA,person523_virus_1043.jpeg,chest_xray_dataset\train\PNEUMONIA\person523_virus_1043.jpeg,1416,1072,L,6f39f561e9c6f28effde8ab194148682,person523,viral
train,PNEUMONIA,person524_virus_1045.jpeg,chest_xray_dataset\train\PNEUMONIA\person524_virus_1045.jpeg,1072,648,L,87ef1e9c3edfddc9c07e513d903bdbdb,person524,viral
train,PNEUMONIA,person525_bacteria_2216.jpeg,chest_xray_dataset\train\PNEUMONIA\person525_bacteria_2216.jpeg,827,463,RGB,192c07e81b3886379ee4c5f539a39a47,person525,bacterial
train,PNEUMONIA,person525_bacteria_2217.jpeg,chest_xray_dataset\train\PNEUMONIA\person525_bacteria_2217.jpeg,976,624,L,a13f0c51b3987fb19142347df15b8b87,person525,bacterial
train,PNEUMONIA,person525_bacteria_2218.jpeg,chest_xray_dataset\train\PNEUMONIA\person525_bacteria_2218.jpeg,928,688,L,df3840a009ca051350e8cdc9052ec47f,person525,bacterial
train,PNEUMONIA,person525_bacteria_2220.jpeg,chest_xray_dataset\train\PNEUMONIA\person525_bacteria_2220.jpeg,1218,789,L,6a21fd214e6edc776568f16e4c4b3e86,person525,bacterial
train,PNEUMONIA,person525_virus_1046.jpeg,chest_xray_dataset\train\PNEUMONIA\person525_virus_1046.jpeg,1072,576,L,4752f44c0ae09dfc304a85216f1e6c23,person525,viral
train,PNEUMONIA,person526_bacteria_2221.jpeg,chest_xray_dataset\train\PNEUMONIA\person526_bacteria_2221.jpeg,817,531,RGB,82a7b0f1780ebd82f655ae482e1f3240,person526,bacterial
train,PNEUMONIA,person527_bacteria_2225.jpeg,chest_xray_dataset\train\PNEUMONIA\person527_bacteria_2225.jpeg,1176,800,L,efc573120faeb58d087647d6dd83291f,person527,bacterial
train,PNEUMONIA,person527_bacteria_2226.jpeg,chest_xray_dataset\train\PNEUMONIA\person527_bacteria_2226.jpeg,1346,902,L,bf4d8d3438c80667b09942599c10a200,person527,bacterial
train,PNEUMONIA,person527_virus_1048.jpeg,chest_xray_dataset\train\PNEUMONIA\person527_virus_1048.jpeg,1104,656,L,103036d2707894f89ddaff08da371e7b,person527,viral
train,PNEUMONIA,person528_bacteria_2227.jpeg,chest_xray_dataset\train\PNEUMONIA\person528_bacteria_2227.jpeg,841,521,RGB,7fc91a0adf0b2d5bd19ff44d305e8e7c,person528,bacterial
train,PNEUMONIA,person528_virus_1049.jpeg,chest_xray_dataset\train\PNEUMONIA\person528_virus_1049.jpeg,1168,816,L,0a934ecf138bf84b98e29dba1af6882d,person528,viral
train,PNEUMONIA,person529_bacteria_2228.jpeg,chest_xray_dataset\train\PNEUMONIA\person529_bacteria_2228.jpeg,976,648,L,27190c5f13a62d51ef2f8c574431247f,person529,bacterial
train,PNEUMONIA,person529_bacteria_2229.jpeg,chest_xray_dataset\train\PNEUMONIA\person529_bacteria_2229.jpeg,936,744,L,14e5e058106d579edfc24435f48d866d,person529,bacterial
train,PNEUMONIA,person529_bacteria_2230.jpeg,chest_xray_dataset\train\PNEUMONIA\person529_bacteria_2230.jpeg,1098,759,L,aaf83b6ffb80faeb8d1c713f36e5e760,person529,bacterial
train,PNEUMONIA,person529_virus_1050.jpeg,chest_xray_dataset\train\PNEUMONIA\person529_virus_1050.jpeg,1296,816,L,279775235327d9b0770d8088882ee668,person529,viral
train,PNEUMONIA,person52_bacteria_249.jpeg,chest_xray_dataset\train\PNEUMONIA\person52_bacteria_249.jpeg,1400,840,L,32f6f2c4855fed9a719c3bbb186c46e3,person52,bacterial
train,PNEUMONIA,person52_bacteria_251.jpeg,chest_xray_dataset\train\PNEUMONIA\person52_bacteria_251.jpeg,1494,1044,L,f8a66a6bd51dfe8107a85f69436425f3,person52,bacterial
train,PNEUMONIA,person530_bacteria_2231.jpeg,chest_xray_dataset\train\PNEUMONIA\person530_bacteria_2231.jpeg,848,616,L,11314162e06e0c4504b4ba883de1aeb4,person530,bacterial
train,PNEUMONIA,person530_bacteria_2233.jpeg,chest_xray_dataset\train\PNEUMONIA\person530_bacteria_2233.jpeg,1010,676,RGB,d3c768e324c0c1e2623d4e279e12db5a,person530,bacterial
train,PNEUMONIA,person530_virus_1052.jpeg,chest_xray_dataset\train\PNEUMONIA\person530_virus_1052.jpeg,1320,936,L,b53bfd445103883510aea027fe053a63,person530,viral
train,PNEUMONIA,person531_bacteria_2235.jpeg,chest_xray_dataset\train\PNEUMONIA\person531_bacteria_2235.jpeg,920,744,L,3c96f8fc96a6c56409c9effde43f22e6,person531,bacterial
train,PNEUMONIA,person531_bacteria_2236.jpeg,chest_xray_dataset\train\PNEUMONIA\person531_bacteria_2236.jpeg,880,632,L,1aff2298cb64d6bf0ca73730d0e7189a,person531,bacterial
train,PNEUMONIA,person531_bacteria_2237.jpeg,chest_xray_dataset\train\PNEUMONIA\person531_bacteria_2237.jpeg,888,712,L,59c3594ec7f3f20cf9f87540f4077a47,person531,bacterial
train,PNEUMONIA,person531_bacteria_2238.jpeg,chest_xray_dataset\train\PNEUMONIA\person531_bacteria_2238.jpeg,1248,776,L,c138ab451377d71df1df082db838e2e7,person531,bacterial
train,PNEUMONIA,person531_bacteria_2239.jpeg,chest_xray_dataset\train\PNEUMONIA\person531_bacteria_2239.jpeg,976,640,L,945cf365a888e6ad2bd4bca0b7b55f7f,person531,bacterial
train,PNEUMONIA,person531_bacteria_2240.jpeg,chest_xray_dataset\train\PNEUMONIA\person531_bacteria_2240.jpeg,984,680,L,4a1c3c6a64a3e09f8777b61c2e606e51,person531,bacterial
train,PNEUMONIA,person531_bacteria_2241.jpeg,chest_xray_dataset\train\PNEUMONIA\person531_bacteria_2241.jpeg,968,648,L,06734824c318741cb2a1e16d80238fa1,person531,bacterial
train,PNEUMONIA,person531_bacteria_2242.jpeg,chest_xray_dataset\train\PNEUMONIA\person531_bacteria_2242.jpeg,1144,936,L,de90f1b6bf1c788dc8eea0ed2f6c7fc3,person531,bacterial
train,PNEUMONIA,person531_virus_1053.jpeg,chest_xray_dataset\train\PNEUMONIA\person531_virus_1053.jpeg,1312,776,L,fa5da9555fd3a1d8fdb2de53a7ed4621,person531,viral
train,PNEUMONIA,person532_virus_1054.jpeg,chest_xray_dataset\train\PNEUMONIA\person532_virus_1054.jpeg,931,586,RGB,62464b96e77344cfa0a7f56630e0ae6f,person532,viral
train,PNEUMONIA,person533_bacteria_2245.jpeg,chest_xray_dataset\train\PNEUMONIA\person533_bacteria_2245.jpeg,1048,608,L,294412d23c25785a17d18f05224799e4,person533,bacterial
train,PNEUMONIA,person533_bacteria_2250.jpeg,chest_xray_dataset\train\PNEUMONIA\person533_bacteria_2250.jpeg,976,600,L,b8ab6d82c4712fb8912a29aa851ba86a,person533,bacterial
train,PNEUMONIA,person533_virus_1055.jpeg,chest_xray_dataset\train\PNEUMONIA\person533_virus_1055.jpeg,1200,752,L,e0805829f6186e2689c2a7f9ca42887f,person533,viral
train,PNEUMONIA,person534_bacteria_2251.jpeg,chest_xray_dataset\train\PNEUMONIA\person534_bacteria_2251.jpeg,1322,1037,L,18bede9cc3fb3748b6a997244bf69b48,person534,bacterial
train,PNEUMONIA,person534_bacteria_2252.jpeg,chest_xray_dataset\train\PNEUMONIA\person534_bacteria_2252.jpeg,1160,752,L,538773de08bb6fcb684dd096392e2d9e,person534,bacterial
train,PNEUMONIA,person534_bacteria_2253.jpeg,chest_xray_dataset\train\PNEUMONIA\person534_bacteria_2253.jpeg,1024,872,L,451259ae9ac8b3dd751a050135c0e883,person534,bacterial
train,PNEUMONIA,person534_bacteria_2254.jpeg,chest_xray_dataset\train\PNEUMONIA\person534_bacteria_2254.jpeg,1152,688,L,db394c20b44944b1c509547c0d800b0d,person534,bacterial
train,PNEUMONIA,person534_virus_1061.jpeg,chest_xray_dataset\train\PNEUMONIA\person534_virus_1061.jpeg,984,656,L,07c947239c6c905279b25a7844f049f2,person534,viral
train,PNEUMONIA,person535_bacteria_2255.jpeg,chest_xray_dataset\train\PNEUMONIA\person535_bacteria_2255.jpeg,1944,1555,L,0d3419ec71f183825f4da7bc329cd95a,person535,bacterial
train,PNEUMONIA,person535_bacteria_2256.jpeg,chest_xray_dataset\train\PNEUMONIA\person535_bacteria_2256.jpeg,1840,1350,L,bd8cea47038372a7ada3fa5c61c454cb,person535,bacterial
train,PNEUMONIA,person535_virus_1062.jpeg,chest_xray_dataset\train\PNEUMONIA\person535_virus_1062.jpeg,1368,912,L,2cc0544c1f7c0c3389e828df8747ec69,person535,viral
train,PNEUMONIA,person536_bacteria_2257.jpeg,chest_xray_dataset\train\PNEUMONIA\person536_bacteria_2257.jpeg,1112,784,L,8ad8bf5559b47a6f3bf5fc528aaca9bc,person536,bacterial
train,PNEUMONIA,person536_bacteria_2258.jpeg,chest_xray_dataset\train\PNEUMONIA\person536_bacteria_2258.jpeg,1232,1000,L,b27cb3183486660b0773f1c8bc5cc6ae,person536,bacterial
train,PNEUMONIA,person536_bacteria_2259.jpeg,chest_xray_dataset\train\PNEUMONIA\person536_bacteria_2259.jpeg,1104,776,L,f5d2fb751ca350dc551708cbbdfcdeae,person536,bacterial
train,PNEUMONIA,person536_bacteria_2260.jpeg,chest_xray_dataset\train\PNEUMONIA\person536_bacteria_2260.jpeg,1176,760,L,d257bd40d5a8b2cccafd9ceb325d27b5,person536,bacterial
train,PNEUMONIA,person536_virus_1064.jpeg,chest_xray_dataset\train\PNEUMONIA\person536_virus_1064.jpeg,896,578,RGB,24f66bc436b49dbb29b1c9b4801fc05b,person536,viral
train,PNEUMONIA,person536_virus_1065.jpeg,chest_xray_dataset\train\PNEUMONIA\person536_virus_1065.jpeg,1084,618,RGB,fb66aec076e7bccdfcee2f6a62bf2ac1,person536,viral
train,PNEUMONIA,person537_bacteria_2261.jpeg,chest_xray_dataset\train\PNEUMONIA\person537_bacteria_2261.jpeg,1104,888,L,d00b061fb0cc7813de4e930c7f670767,person537,bacterial
train,PNEUMONIA,person537_bacteria_2262.jpeg,chest_xray_dataset\train\PNEUMONIA\person537_bacteria_2262.jpeg,1296,896,L,21940de2d88236860791c19598c2eed6,person537,bacterial
train,PNEUMONIA,person537_bacteria_2263.jpeg,chest_xray_dataset\train\PNEUMONIA\person537_bacteria_2263.jpeg,1216,1000,L,8031ca563785b879bc60f67064153485,person537,bacterial
train,PNEUMONIA,person537_bacteria_2264.jpeg,chest_xray_dataset\train\PNEUMONIA\person537_bacteria_2264.jpeg,1248,904,L,b98423a7436d4c4cef072f686cd2c236,person537,bacterial
train,PNEUMONIA,person537_bacteria_2265.jpeg,chest_xray_dataset\train\PNEUMONIA\person537_bacteria_2265.jpeg,1128,776,L,28c5434621f9df80b95bf1c048b02044,person537,bacterial
train,PNEUMONIA,person537_bacteria_2266.jpeg,chest_xray_dataset\train\PNEUMONIA\person537_bacteria_2266.jpeg,1200,872,L,d0bad972da643a56517052f994e8f99c,person537,bacterial
train,PNEUMONIA,person537_virus_1067.jpeg,chest_xray_dataset\train\PNEUMONIA\person537_virus_1067.jpeg,1112,744,L,0bf8188fcba943b798aaff7711bddfdf,person537,viral
train,PNEUMONIA,person538_bacteria_2268.jpeg,chest_xray_dataset\train\PNEUMONIA\person538_bacteria_2268.jpeg,1186,751,L,5afd4aeceee1a07f334e03a42d1e1501,person538,bacterial
train,PNEUMONIA,person538_virus_1068.jpeg,chest_xray_dataset\train\PNEUMONIA\person538_virus_1068.jpeg,904,464,L,722577fb58910e252475d0b4e5029e85,person538,viral
train,PNEUMONIA,person539_bacteria_2269.jpeg,chest_xray_dataset\train\PNEUMONIA\person539_bacteria_2269.jpeg,845,556,RGB,6c95d2a3dcffb45f0bd10cb490aeb94b,person539,bacterial
train,PNEUMONIA,person539_bacteria_2270.jpeg,chest_xray_dataset\train\PNEUMONIA\person539_bacteria_2270.jpeg,984,664,L,66cfab2eb2afe6abdd42f6973323c3dc,person539,bacterial
train,PNEUMONIA,person539_virus_1069.jpeg,chest_xray_dataset\train\PNEUMONIA\person539_virus_1069.jpeg,896,512,L,cba1df637b900b868ec33f8f91f48a29,person539,viral
train,PNEUMONIA,person53_bacteria_252.jpeg,chest_xray_dataset\train\PNEUMONIA\person53_bacteria_252.jpeg,1292,936,L,7a2fbdb3a0927a9e367f199a5e3b7a4b,person53,bacterial
train,PNEUMONIA,person53_bacteria_253.jpeg,chest_xray_dataset\train\PNEUMONIA\person53_bacteria_253.jpeg,1016,848,L,dac96579046238aadd2f1f4848214fb8,person53,bacterial
train,PNEUMONIA,person53_bacteria_254.jpeg,chest_xray_dataset\train\PNEUMONIA\person53_bacteria_254.jpeg,1112,872,L,19ca3e0f93e7338e8df06e5fbbb74115,person53,bacterial
train,PNEUMONIA,person53_bacteria_255.jpeg,chest_xray_dataset\train\PNEUMONIA\person53_bacteria_255.jpeg,1122,832,L,89fbd8ee1d129f73e9c2b99107fdf69f,person53,bacterial
train,PNEUMONIA,person540_bacteria_2271.jpeg,chest_xray_dataset\train\PNEUMONIA\person540_bacteria_2271.jpeg,1136,888,L,0a83d44aa47d11677425b5ae23bd0924,person540,bacterial
train,PNEUMONIA,person540_bacteria_2272.jpeg,chest_xray_dataset\train\PNEUMONIA\person540_bacteria_2272.jpeg,1088,736,L,3bbd9bdd25adf02b0abaa02380501bcb,person540,bacterial
train,PNEUMONIA,person540_bacteria_2273.jpeg,chest_xray_dataset\train\PNEUMONIA\person540_bacteria_2273.jpeg,1292,1014,L,c31dda7ea35d2a95e80f048b8ec86b9b,person540,bacterial
train,PNEUMONIA,person540_virus_1070.jpeg,chest_xray_dataset\train\PNEUMONIA\person540_virus_1070.jpeg,1680,1352,L,9ab03c9c2cde7e9eabdd0ca6bc375837,person540,viral
train,PNEUMONIA,person541_bacteria_2274.jpeg,chest_xray_dataset\train\PNEUMONIA\person541_bacteria_2274.jpeg,1184,760,L,b3e01ffa8e5310293629f12ccac8e8a6,person541,bacterial
train,PNEUMONIA,person541_bacteria_2275.jpeg,chest_xray_dataset\train\PNEUMONIA\person541_bacteria_2275.jpeg,1120,744,L,de7416f6b6c4f09a54e3984604553a0d,person541,bacterial
train,PNEUMONIA,person541_virus_1071.jpeg,chest_xray_dataset\train\PNEUMONIA\person541_virus_1071.jpeg,1344,856,L,dfd445ce4252c4555fea06d5cc65c5cf,person541,viral
train,PNEUMONIA,person542_bacteria_2276.jpeg,chest_xray_dataset\train\PNEUMONIA\person542_bacteria_2276.jpeg,771,447,RGB,d9057cf7a70f56507cb817db5dd1b2fe,person542,bacterial
train,PNEUMONIA,person542_virus_1072.jpeg,chest_xray_dataset\train\PNEUMONIA\person542_virus_1072.jpeg,1232,680,L,a5e38f5c746fe3eafb00f382805ee279,person542,viral
train,PNEUMONIA,person543_bacteria_2279.jpeg,chest_xray_dataset\train\PNEUMONIA\person543_bacteria_2279.jpeg,920,736,L,db827b3743bcdcaa4fddd4c18df0c7ce,person543,bacterial
train,PNEUMONIA,person543_bacteria_2280.jpeg,chest_xray_dataset\train\PNEUMONIA\person543_bacteria_2280.jpeg,1056,616,L,69e6aef0e59567e7e2575d994150d383,person543,bacterial
train,PNEUMONIA,person543_bacteria_2281.jpeg,chest_xray_dataset\train\PNEUMONIA\person543_bacteria_2281.jpeg,1088,584,L,ee781eb19d6aee5450ebc10752cc2f90,person543,bacterial
train,PNEUMONIA,person543_bacteria_2282.jpeg,chest_xray_dataset\train\PNEUMONIA\person543_bacteria_2282.jpeg,1024,696,L,14c5fdbb9188646a3fbf3dab4a6a465e,person543,bacterial
train,PNEUMONIA,person543_bacteria_2283.jpeg,chest_xray_dataset\train\PNEUMONIA\person543_bacteria_2283.jpeg,768,424,L,71ee2541b43424c7aeb097263dcb65f5,person543,bacterial
train,PNEUMONIA,person543_bacteria_2284.jpeg,chest_xray_dataset\train\PNEUMONIA\person543_bacteria_2284.jpeg,1172,732,L,10ee9f2aa559e2ebc1bb3c92df3ce6a1,person543,bacterial
train,PNEUMONIA,person543_virus_1073.jpeg,chest_xray_dataset\train\PNEUMONIA\person543_virus_1073.jpeg,1608,1160,L,884b110e81d3d95128566ce94512cfea,person543,viral
train,PNEUMONIA,person544_bacteria_2286.jpeg,chest_xray_dataset\train\PNEUMONIA\person544_bacteria_2286.jpeg,1488,984,L,745de5ff7a794b077c1fdfc03f6a954c,person544,bacterial
train,PNEUMONIA,person544_virus_1074.jpeg,chest_xray_dataset\train\PNEUMONIA\person544_virus_1074.jpeg,1664,1448,L,f23391c8e58d2ce219a8fafdfe84d1e8,person544,viral
train,PNEUMONIA,person544_virus_1075.jpeg,chest_xray_dataset\train\PNEUMONIA\person544_virus_1075.jpeg,1752,1320,L,f5be7a91368341fa98cd3f4c904bc3ad,person544,viral
train,PNEUMONIA,person544_virus_1076.jpeg,chest_xray_dataset\train\PNEUMONIA\person544_virus_1076.jpeg,1608,1392,L,00b55df05b7695582e05ca87f9e8d1c4,person544,viral
train,PNEUMONIA,person544_virus_1078.jpeg,chest_xray_dataset\train\PNEUMONIA\person544_virus_1078.jpeg,1864,1544,L,0bd4f80edfb386b3c10709f5b0f7cb4d,person544,viral
train,PNEUMONIA,person544_virus_1079.jpeg,chest_xray_dataset\train\PNEUMONIA\person544_virus_1079.jpeg,1696,1248,L,9251b59378bc505bb1e7c8d53d2d2aa1,person544,viral
train,PNEUMONIA,person544_virus_1080.jpeg,chest_xray_dataset\train\PNEUMONIA\person544_virus_1080.jpeg,1712,1152,L,ae5d496c697c7a31413d3ecb71252470,person544,viral
train,PNEUMONIA,person545_bacteria_2287.jpeg,chest_xray_dataset\train\PNEUMONIA\person545_bacteria_2287.jpeg,1056,736,L,5ffd15e5dbda2046083738f3bcd78a2d,person545,bacterial
train,PNEUMONIA,person545_bacteria_2288.jpeg,chest_xray_dataset\train\PNEUMONIA\person545_bacteria_2288.jpeg,1144,904,L,b3f25a16285675d033914a42432ca690,person545,bacterial
train,PNEUMONIA,person545_bacteria_2289.jpeg,chest_xray_dataset\train\PNEUMONIA\person545_bacteria_2289.jpeg,1008,704,L,cd4d8282e78e7138d8b0cfb6349c7b8e,person545,bacterial
train,PNEUMONIA,person545_bacteria_2290.jpeg,chest_xray_dataset\train\PNEUMONIA\person545_bacteria_2290.jpeg,1206,940,L,e43c35a0d1772062b7004c8c32393b0c,person545,bacterial
train,PNEUMONIA,person545_virus_1081.jpeg,chest_xray_dataset\train\PNEUMONIA\person545_virus_1081.jpeg,930,655,RGB,0fb20208f930e1e4a1df430b7c5d7458,person545,viral
train,PNEUMONIA,person546_virus_1085.jpeg,chest_xray_dataset\train\PNEUMONIA\person546_virus_1085.jpeg,1336,936,L,2cdc33f89c29f2f40c788b3a71081a39,person546,viral
train,PNEUMONIA,person547_bacteria_2292.jpeg,chest_xray_dataset\train\PNEUMONIA\person547_bacteria_2292.jpeg,726,436,RGB,eda21c1da94e03ddec458ba217c4c65e,person547,bacterial
train,PNEUMONIA,person547_bacteria_2294.jpeg,chest_xray_dataset\train\PNEUMONIA\person547_bacteria_2294.jpeg,808,597,RGB,4e5d1cc4e6b647cbaaae629ced5cb0eb,person547,bacterial
train,PNEUMONIA,person547_bacteria_2296.jpeg,chest_xray_dataset\train\PNEUMONIA\person547_bacteria_2296.jpeg,856,475,RGB,a17e9d353bad1dc9e3b9ea3356f7fc6c,person547,bacterial
train,PNEUMONIA,person547_virus_1086.jpeg,chest_xray_dataset\train\PNEUMONIA\person547_virus_1086.jpeg,1888,1424,L,cd35913b0a6a66d9f33a4c8e2619bc3d,person547,viral
train,PNEUMONIA,person548_bacteria_2297.jpeg,chest_xray_dataset\train\PNEUMONIA\person548_bacteria_2297.jpeg,992,704,L,5ef90a62234afc03d8ffb9da8fc0cdcd,person548,bacterial
train,PNEUMONIA,person548_bacteria_2298.jpeg,chest_xray_dataset\train\PNEUMONIA\person548_bacteria_2298.jpeg,1072,664,L,3f54d5026761559907cedfd4065a6c2e,person548,bacterial
train,PNEUMONIA,person548_bacteria_2299.jpeg,chest_xray_dataset\train\PNEUMONIA\person548_bacteria_2299.jpeg,1080,608,L,61cadfd8facc7aaa19500e36b9712619,person548,bacterial
train,PNEUMONIA,person548_bacteria_2300.jpeg,chest_xray_dataset\train\PNEUMONIA\person548_bacteria_2300.jpeg,1032,680,L,3208cd0ae07f39178e191a999914b6bd,person548,bacterial
train,PNEUMONIA,person548_bacteria_2301.jpeg,chest_xray_dataset\train\PNEUMONIA\person548_bacteria_2301.jpeg,992,640,L,28b4d27054d893bede689d2e1d1c5c06,person548,bacterial
train,PNEUMONIA,person548_bacteria_2302.jpeg,chest_xray_dataset\train\PNEUMONIA\person548_bacteria_2302.jpeg,1264,856,L,c7bf87ff95cf8af6bfa52b01ff0ce20c,person548,bacterial
train,PNEUMONIA,person548_virus_1088.jpeg,chest_xray_dataset\train\PNEUMONIA\person548_virus_1088.jpeg,1016,600,L,35f58f461d39bd319937e7c60aa24ff2,person548,viral
train,PNEUMONIA,person549_bacteria_2303.jpeg,chest_xray_dataset\train\PNEUMONIA\person549_bacteria_2303.jpeg,1032,704,L,d5f58550a1b87685e4cfc7ab8f8fa1b3,person549,bacterial
train,PNEUMONIA,person549_bacteria_2304.jpeg,chest_xray_dataset\train\PNEUMONIA\person549_bacteria_2304.jpeg,880,552,L,7be467fae83da12c3fab5a1882c345f2,person549,bacterial
train,PNEUMONIA,person549_bacteria_2305.jpeg,chest_xray_dataset\train\PNEUMONIA\person549_bacteria_2305.jpeg,976,608,L,33b8b6880b9a0edf78d42f1e144dac6e,person549,bacterial
train,PNEUMONIA,person549_bacteria_2306.jpeg,chest_xray_dataset\train\PNEUMONIA\person549_bacteria_2306.jpeg,896,552,L,ce7c89b715213ecc69f32155572724b6,person549,bacterial
train,PNEUMONIA,person549_bacteria_2307.jpeg,chest_xray_dataset\train\PNEUMONIA\person549_bacteria_2307.jpeg,1010,685,L,cc4885a9a03f6f15d0581d9bfb98afdc,person549,bacterial
train,PNEUMONIA,person549_virus_1089.jpeg,chest_xray_dataset\train\PNEUMONIA\person549_virus_1089.jpeg,1504,880,L,fbe1fd71fad56242f50384d8df961cac,person549,viral
train,PNEUMONIA,person54_bacteria_257.jpeg,chest_xray_dataset\train\PNEUMONIA\person54_bacteria_257.jpeg,1184,624,L,333f156451d7d11b34384aceac6adeb4,person54,bacterial
train,PNEUMONIA,person54_bacteria_258.jpeg,chest_xray_dataset\train\PNEUMONIA\person54_bacteria_258.jpeg,1600,1164,L,1fdd53a6fe45500ad0f7259050406803,person54,bacterial
train,PNEUMONIA,person550_bacteria_2308.jpeg,chest_xray_dataset\train\PNEUMONIA\person550_bacteria_2308.jpeg,1208,688,L,19d6bb73d0b1d7690bd2de2d25f2ae79,person550,bacterial
train,PNEUMONIA,person550_bacteria_2309.jpeg,chest_xray_dataset\train\PNEUMONIA\person550_bacteria_2309.jpeg,1410,979,L,0020cbce11cb3a4b52bd9e6151eb5df7,person550,bacterial
train,PNEUMONIA,person550_virus_1090.jpeg,chest_xray_dataset\train\PNEUMONIA\person550_virus_1090.jpeg,1664,1176,L,0a7d8e259b70515f3019da5c027f0da4,person550,viral
train,PNEUMONIA,person551_bacteria_2310.jpeg,chest_xray_dataset\train\PNEUMONIA\person551_bacteria_2310.jpeg,1176,824,L,75bc3d7cd2c6a71984774fee26ee41bc,person551,bacterial
train,PNEUMONIA,person551_bacteria_2311.jpeg,chest_xray_dataset\train\PNEUMONIA\person551_bacteria_2311.jpeg,1376,656,L,42a0c95179aaa0e03f26422e36b32573,person551,bacterial
train,PNEUMONIA,person551_virus_1091.jpeg,chest_xray_dataset\train\PNEUMONIA\person551_virus_1091.jpeg,1344,792,L,9bd333edbd6f85fcd08396b066555cc7,person551,viral
train,PNEUMONIA,person552_bacteria_2313.jpeg,chest_xray_dataset\train\PNEUMONIA\person552_bacteria_2313.jpeg,972,557,RGB,5fbe98dedc4bdcae31538295fec47feb,person552,bacterial
train,PNEUMONIA,person552_bacteria_2315.jpeg,chest_xray_dataset\train\PNEUMONIA\person552_bacteria_2315.jpeg,1232,768,L,c65c7d54ddfd072cc38904e0c9295bfd,person552,bacterial
train,PNEUMONIA,person552_virus_1092.jpeg,chest_xray_dataset\train\PNEUMONIA\person552_virus_1092.jpeg,1448,880,L,a2224399643bb0bd89738478071b72da,person552,viral
train,PNEUMONIA,person553_bacteria_2316.jpeg,chest_xray_dataset\train\PNEUMONIA\person553_bacteria_2316.jpeg,1088,776,L,ad96ea93e6ca54219372275490087e15,person553,bacterial
train,PNEUMONIA,person553_bacteria_2317.jpeg,chest_xray_dataset\train\PNEUMONIA\person553_bacteria_2317.jpeg,1136,840,L,3be12cbb1c759591f4f426ff10065c4f,person553,bacterial
train,PNEUMONIA,person553_virus_1093.jpeg,chest_xray_dataset\train\PNEUMONIA\person553_virus_1093.jpeg,1272,928,L,1c41c984177234e80125494ded2a5342,person553,viral
train,PNEUMONIA,person554_bacteria_2320.jpeg,chest_xray_dataset\train\PNEUMONIA\person554_bacteria_2320.jpeg,1304,744,L,1d0534056b27fb105523ebb546773349,person554,bacterial
train,PNEUMONIA,person554_bacteria_2321.jpeg,chest_xray_dataset\train\PNEUMONIA\person554_bacteria_2321.jpeg,1240,728,L,e9139b11d106498310b358049d924f42,person554,bacterial
train,PNEUMONIA,person554_bacteria_2322.jpeg,chest_xray_dataset\train\PNEUMONIA\person554_bacteria_2322.jpeg,1336,744,L,a30b5862c821f533635ffbd7e0418109,person554,bacterial
train,PNEUMONIA,person554_bacteria_2323.jpeg,chest_xray_dataset\train\PNEUMONIA\person554_bacteria_2323.jpeg,1384,809,L,51ed5c1343bd81ace95fb7e3f30fa78d,person554,bacterial
train,PNEUMONIA,person554_virus_1094.jpeg,chest_xray_dataset\train\PNEUMONIA\person554_virus_1094.jpeg,1280,1032,L,8d9973cbca894da0cb53aadd6b225cd4,person554,viral
train,PNEUMONIA,person555_bacteria_2325.jpeg,chest_xray_dataset\train\PNEUMONIA\person555_bacteria_2325.jpeg,928,576,L,aa74bb3b4154f7edc58333d2e83ca514,person555,bacterial
train,PNEUMONIA,person556_bacteria_2326.jpeg,chest_xray_dataset\train\PNEUMONIA\person556_bacteria_2326.jpeg,1210,886,L,d3a69af14f73ddec468637cef42d8549,person556,bacterial
train,PNEUMONIA,person556_virus_1096.jpeg,chest_xray_dataset\train\PNEUMONIA\person556_virus_1096.jpeg,1208,824,L,250c672c7b08a23f9aeef27621ce5ebb,person556,viral
train,PNEUMONIA,person557_bacteria_2327.jpeg,chest_xray_dataset\train\PNEUMONIA\person557_bacteria_2327.jpeg,885,592,RGB,efddef0e7ffa4cd7213e3e5249b28be6,person557,bacterial
train,PNEUMONIA,person557_virus_1097.jpeg,chest_xray_dataset\train\PNEUMONIA\person557_virus_1097.jpeg,1376,968,L,54f66278410f1ae50eb8bc582c75a9fc,person557,viral
train,PNEUMONIA,person558_bacteria_2328.jpeg,chest_xray_dataset\train\PNEUMONIA\person558_bacteria_2328.jpeg,1280,905,L,6d282bcfc37f292b9fcac16ec0543897,person558,bacterial
train,PNEUMONIA,person558_virus_1098.jpeg,chest_xray_dataset\train\PNEUMONIA\person558_virus_1098.jpeg,1352,1072,L,239b3431b3f2f5ad8763781e8807a6d9,person558,viral
train,PNEUMONIA,person559_bacteria_2329.jpeg,chest_xray_dataset\train\PNEUMONIA\person559_bacteria_2329.jpeg,1422,1229,L,3ee9f5326f15ccaf5aa4f6521827d37a,person559,bacterial
train,PNEUMONIA,person559_virus_1099.jpeg,chest_xray_dataset\train\PNEUMONIA\person559_virus_1099.jpeg,1352,936,L,d79339b2d51fcec3b35db81779cec944,person559,viral
train,PNEUMONIA,person55_bacteria_260.jpeg,chest_xray_dataset\train\PNEUMONIA\person55_bacteria_260.jpeg,1448,984,L,01338b2ee5956931435dc89758b7c9d7,person55,bacterial
train,PNEUMONIA,person55_bacteria_261.jpeg,chest_xray_dataset\train\PNEUMONIA\person55_bacteria_261.jpeg,1240,848,L,140787a968ae6b105586d95d5f878d9c,person55,bacterial
train,PNEUMONIA,person55_bacteria_262.jpeg,chest_xray_dataset\train\PNEUMONIA\person55_bacteria_262.jpeg,1192,984,L,f9ab103681a480b0b919e4f8ca06477b,person55,bacterial
train,PNEUMONIA,person55_bacteria_263.jpeg,chest_xray_dataset\train\PNEUMONIA\person55_bacteria_263.jpeg,1256,880,L,92f63c413f6e2a37919a9a514b3d7bfe,person55,bacterial
train,PNEUMONIA,person55_bacteria_264.jpeg,chest_xray_dataset\train\PNEUMONIA\person55_bacteria_264.jpeg,1192,808,L,72eb7b130d6a76d63ee8f56251c0c0e5,person55,bacterial
train,PNEUMONIA,person55_bacteria_265.jpeg,chest_xray_dataset\train\PNEUMONIA\person55_bacteria_265.jpeg,1526,1052,L,c98b6d3d653ea0ce8dcc53f62786ceb6,person55,bacterial
train,PNEUMONIA,person55_bacteria_266.jpeg,chest_xray_dataset\train\PNEUMONIA\person55_bacteria_266.jpeg,1666,1176,L,0c218879ac0818993c718fa7a82549df,person55,bacterial
train,PNEUMONIA,person560_bacteria_2330.jpeg,chest_xray_dataset\train\PNEUMONIA\person560_bacteria_2330.jpeg,1024,712,L,676166753add7166a82d7715d6aa5533,person560,bacterial
train,PNEUMONIA,person561_bacteria_2331.jpeg,chest_xray_dataset\train\PNEUMONIA\person561_bacteria_2331.jpeg,1072,812,L,ed007429e7a27cc4418e01eaaa3d4f5e,person561,bacterial
train,PNEUMONIA,person562_bacteria_2332.jpeg,chest_xray_dataset\train\PNEUMONIA\person562_bacteria_2332.jpeg,1352,817,L,4b0e7bc7ef82cd3db43dbb6fd6158b9b,person562,bacterial
train,PNEUMONIA,person562_virus_1102.jpeg,chest_xray_dataset\train\PNEUMONIA\person562_virus_1102.jpeg,1152,792,L,550d97e4ee21cfacc486b3aca0fec01e,person562,viral
train,PNEUMONIA,person563_bacteria_2333.jpeg,chest_xray_dataset\train\PNEUMONIA\person563_bacteria_2333.jpeg,871,488,RGB,87eb2674b65c49f0781bdf85f19ab6ed,person563,bacterial
train,PNEUMONIA,person563_bacteria_2334.jpeg,chest_xray_dataset\train\PNEUMONIA\person563_bacteria_2334.jpeg,1152,664,L,f20129fda2562c6776bea203f8b24892,person563,bacterial
train,PNEUMONIA,person563_bacteria_2335.jpeg,chest_xray_dataset\train\PNEUMONIA\person563_bacteria_2335.jpeg,1056,624,L,bc0534efbae4a2b9ed03d24872c20eac,person563,bacterial
train,PNEUMONIA,person563_bacteria_2336.jpeg,chest_xray_dataset\train\PNEUMONIA\person563_bacteria_2336.jpeg,976,672,L,a30e884948d6ec2d98c6ab8d726bc581,person563,bacterial
train,PNEUMONIA,person563_bacteria_2337.jpeg,chest_xray_dataset\train\PNEUMONIA\person563_bacteria_2337.jpeg,992,712,L,d537b62345c4dc27c8bde656215d3acf,person563,bacterial
train,PNEUMONIA,person563_bacteria_2338.jpeg,chest_xray_dataset\train\PNEUMONIA\person563_bacteria_2338.jpeg,1144,656,L,ee29b9762ddcb6000b674d0d0a1ad0fe,person563,bacterial
train,PNEUMONIA,person563_bacteria_2339.jpeg,chest_xray_dataset\train\PNEUMONIA\person563_bacteria_2339.jpeg,1088,568,L,51615f8ee806c4a1c28884d9d0199467,person563,bacterial
train,PNEUMONIA,person563_bacteria_2340.jpeg,chest_xray_dataset\train\PNEUMONIA\person563_bacteria_2340.jpeg,1064,696,L,17af8e168941974b03e5467a1ed51e9f,person563,bacterial
train,PNEUMONIA,person563_virus_1103.jpeg,chest_xray_dataset\train\PNEUMONIA\person563_virus_1103.jpeg,864,528,L,35364d054dde51f725420117420e5b45,person563,viral
train,PNEUMONIA,person564_bacteria_2342.jpeg,chest_xray_dataset\train\PNEUMONIA\person564_bacteria_2342.jpeg,992,792,L,49e92d1bfe684331334f471f1078819a,person564,bacterial
train,PNEUMONIA,person564_bacteria_2343.jpeg,chest_xray_dataset\train\PNEUMONIA\person564_bacteria_2343.jpeg,936,696,L,fb29e9c300dd455b91ceeb85c9271bc0,person564,bacterial
train,PNEUMONIA,person564_bacteria_2344.jpeg,chest_xray_dataset\train\PNEUMONIA\person564_bacteria_2344.jpeg,960,744,L,bf4cb96b6bc4500c7066d5ae731002ff,person564,bacterial
train,PNEUMONIA,person564_bacteria_2345.jpeg,chest_xray_dataset\train\PNEUMONIA\person564_bacteria_2345.jpeg,944,624,L,4a4113b00ad0315afab1f71b87ca7378,person564,bacterial
train,PNEUMONIA,person564_bacteria_2346.jpeg,chest_xray_dataset\train\PNEUMONIA\person564_bacteria_2346.jpeg,976,744,L,3cfe1f7eec40add829c36901ffeed7f4,person564,bacterial
train,PNEUMONIA,person564_bacteria_2347.jpeg,chest_xray_dataset\train\PNEUMONIA\person564_bacteria_2347.jpeg,888,616,L,b5cab0dc4cf3a10e7e776878d6885905,person564,bacterial
train,PNEUMONIA,person564_virus_1104.jpeg,chest_xray_dataset\train\PNEUMONIA\person564_virus_1104.jpeg,1208,848,L,1ad54a4ba69373b3c0c0d18ca7fa1c15,person564,viral
train,PNEUMONIA,person565_bacteria_2348.jpeg,chest_xray_dataset\train\PNEUMONIA\person565_bacteria_2348.jpeg,736,437,RGB,7b10adb2b4f86da74c48d6f6929a0251,person565,bacterial
train,PNEUMONIA,person565_virus_1105.jpeg,chest_xray_dataset\train\PNEUMONIA\person565_virus_1105.jpeg,1272,816,L,6f04715107b0dfcc9c6c75d5df68113e,person565,viral
train,PNEUMONIA,person566_bacteria_2351.jpeg,chest_xray_dataset\train\PNEUMONIA\person566_bacteria_2351.jpeg,1072,744,L,77dab493442758bef8deb1d548cef12f,person566,bacterial
train,PNEUMONIA,person566_virus_1106.jpeg,chest_xray_dataset\train\PNEUMONIA\person566_virus_1106.jpeg,1312,696,L,87658503d1bebc11f8db8901627edad2,person566,viral
train,PNEUMONIA,person567_bacteria_2352.jpeg,chest_xray_dataset\train\PNEUMONIA\person567_bacteria_2352.jpeg,984,712,L,1e146efecb64d5b2386a4137a24f1196,person567,bacterial
train,PNEUMONIA,person567_bacteria_2353.jpeg,chest_xray_dataset\train\PNEUMONIA\person567_bacteria_2353.jpeg,1016,632,L,e944f549ebf4833bd4a47ad4ec00f120,person567,bacterial
train,PNEUMONIA,person567_bacteria_2354.jpeg,chest_xray_dataset\train\PNEUMONIA\person567_bacteria_2354.jpeg,920,656,L,16f16f885cc4f71722ccc2f127905332,person567,bacterial
train,PNEUMONIA,person567_virus_1107.jpeg,chest_xray_dataset\train\PNEUMONIA\person567_virus_1107.jpeg,1744,1104,L,9c9a047c45de8b232a19aa0b0b6626be,person567,viral
train,PNEUMONIA,person568_bacteria_2358.jpeg,chest_xray_dataset\train\PNEUMONIA\person568_bacteria_2358.jpeg,904,552,L,bd859dedeaa4deb324fe602952277b9a,person568,bacterial
train,PNEUMONIA,person568_bacteria_2359.jpeg,chest_xray_dataset\train\PNEUMONIA\person568_bacteria_2359.jpeg,1064,576,L,4b93830611863708b5fcdd803e78ba93,person568,bacterial
train,PNEUMONIA,person569_bacteria_2360.jpeg,chest_xray_dataset\train\PNEUMONIA\person569_bacteria_2360.jpeg,952,488,L,c6998a906debc1c048bcd0e5ade0da76,person569,bacterial
train,PNEUMONIA,person569_bacteria_2362.jpeg,chest_xray_dataset\train\PNEUMONIA\person569_bacteria_2362.jpeg,880,680,L,67e7fb98b27950a4fb0fd6c5cac4143d,person569,bacterial
train,PNEUMONIA,person569_bacteria_2363.jpeg,chest_xray_dataset\train\PNEUMONIA\person569_bacteria_2363.jpeg,1024,624,L,5a9ad12cb1adcb409127c6b719d093a8,person569,bacterial
train,PNEUMONIA,person569_bacteria_2364.jpeg,chest_xray_dataset\train\PNEUMONIA\person569_bacteria_2364.jpeg,880,536,L,cb54e4ec2d73bf6d152846a098f7af41,person569,bacterial
train,PNEUMONIA,person569_virus_1110.jpeg,chest_xray_dataset\train\PNEUMONIA\person569_virus_1110.jpeg,1128,736,L,daa9088584c1309fbd4a894f1e3bdf6d,person569,viral
train,PNEUMONIA,person56_bacteria_267.jpeg,chest_xray_dataset\train\PNEUMONIA\person56_bacteria_267.jpeg,1080,728,L,25437b49654fc7f66199766cdab61a22,person56,bacterial
train,PNEUMONIA,person56_bacteria_268.jpeg,chest_xray_dataset\train\PNEUMONIA\person56_bacteria_268.jpeg,1216,864,L,6a5c67841d565fb54df42cd3e8613c5f,person56,bacterial
train,PNEUMONIA,person56_bacteria_269.jpeg,chest_xray_dataset\train\PNEUMONIA\person56_bacteria_269.jpeg,1392,778,L,6349fd89f90964722236f8b7e478e9ec,person56,bacterial
train,PNEUMONIA,person570_bacteria_2365.jpeg,chest_xray_dataset\train\PNEUMONIA\person570_bacteria_2365.jpeg,1334,785,L,eb0245a2f1cdd2dba6051ba606036ac4,person570,bacterial
train,PNEUMONIA,person570_virus_1112.jpeg,chest_xray_dataset\train\PNEUMONIA\person570_virus_1112.jpeg,1056,680,L,aa7393828541145c9f2f526eeadc08d7,person570,viral
train,PNEUMONIA,person571_bacteria_2367.jpeg,chest_xray_dataset\train\PNEUMONIA\person571_bacteria_2367.jpeg,1296,920,L,27cfd3c5369f5cfe6bb8d177d94a5ed9,person571,bacterial
train,PNEUMONIA,person571_virus_1114.jpeg,chest_xray_dataset\train\PNEUMONIA\person571_virus_1114.jpeg,703,457,RGB,cc0ad06d3f5ff6c86bf522a9558327c7,person571,viral
train,PNEUMONIA,person572_bacteria_2368.jpeg,chest_xray_dataset\train\PNEUMONIA\person572_bacteria_2368.jpeg,1148,720,L,dcff6e5a004be61e20e32fcee147ae02,person572,bacterial
train,PNEUMONIA,person573_bacteria_2369.jpeg,chest_xray_dataset\train\PNEUMONIA\person573_bacteria_2369.jpeg,1168,832,L,0fe927ed6fde4cc7bf8b9b995783d758,person573,bacterial
train,PNEUMONIA,person573_virus_1116.jpeg,chest_xray_dataset\train\PNEUMONIA\person573_virus_1116.jpeg,1336,880,L,4c7fd1b46e8480f3ce9a0a1c94827551,person573,viral
train,PNEUMONIA,person574_bacteria_2370.jpeg,chest_xray_dataset\train\PNEUMONIA\person574_bacteria_2370.jpeg,984,584,L,01b5f17b8e6e2679a3424db792fde394,person574,bacterial
train,PNEUMONIA,person574_bacteria_2371.jpeg,chest_xray_dataset\train\PNEUMONIA\person574_bacteria_2371.jpeg,984,584,L,9f890bfdc98d420365838ad549d6f812,person574,bacterial
train,PNEUMONIA,person574_bacteria_2372.jpeg,chest_xray_dataset\train\PNEUMONIA\person574_bacteria_2372.jpeg,1024,704,L,8d7e60836b242083acaa935c558389e8,person574,bacterial
train,PNEUMONIA,person574_bacteria_2373.jpeg,chest_xray_dataset\train\PNEUMONIA\person574_bacteria_2373.jpeg,1016,712,L,66e156e9262525b83d6bd175e0eb5862,person574,bacterial
train,PNEUMONIA,person574_virus_1118.jpeg,chest_xray_dataset\train\PNEUMONIA\person574_virus_1118.jpeg,1304,712,L,f530406639c9fea4cbe1d112d8b7f01f,person574,viral
train,PNEUMONIA,person575_bacteria_2374.jpeg,chest_xray_dataset\train\PNEUMONIA\person575_bacteria_2374.jpeg,1244,755,L,791ab6c9ed537060f61e55f49bf7cf50,person575,bacterial
train,PNEUMONIA,person575_virus_1119.jpeg,chest_xray_dataset\train\PNEUMONIA\person575_virus_1119.jpeg,1200,800,L,be947547a987dbd1c1fb3818e4befb44,person575,viral
train,PNEUMONIA,person576_bacteria_2375.jpeg,chest_xray_dataset\train\PNEUMONIA\person576_bacteria_2375.jpeg,1256,1032,L,33ef867266da8c62748e6c145b651e19,person576,bacterial
train,PNEUMONIA,person576_bacteria_2376.jpeg,chest_xray_dataset\train\PNEUMONIA\person576_bacteria_2376.jpeg,1184,1000,L,a617c055f3b4f1be7a98a6063b1e8adc,person576,bacterial
train,PNEUMONIA,person576_virus_1120.jpeg,chest_xray_dataset\train\PNEUMONIA\person576_virus_1120.jpeg,1160,712,L,669a71870d50767aed67d1936557ea99,person576,viral
train,PNEUMONIA,person577_bacteria_2378.jpeg,chest_xray_dataset\train\PNEUMONIA\person577_bacteria_2378.jpeg,1508,929,L,d71a81485ebb14ee1c4e9930e1343df6,person577,bacterial
train,PNEUMONIA,person577_virus_1121.jpeg,chest_xray_dataset\train\PNEUMONIA\person577_virus_1121.jpeg,1344,600,L,c771852b344c6f17ae7ae1e4eccc5413,person577,viral
train,PNEUMONIA,person578_bacteria_2379.jpeg,chest_xray_dataset\train\PNEUMONIA\person578_bacteria_2379.jpeg,1068,763,L,0ce57228febb49d978dbc0fd7eae7499,person578,bacterial
train,PNEUMONIA,person578_virus_1122.jpeg,chest_xray_dataset\train\PNEUMONIA\person578_virus_1122.jpeg,1440,896,L,dd4a92c95da2c168da8db438c723cf87,person578,viral
train,PNEUMONIA,person579_bacteria_2381.jpeg,chest_xray_dataset\train\PNEUMONIA\person579_bacteria_2381.jpeg,824,568,L,479964841dccf5ba81a8b14d46bc58f9,person579,bacterial
train,PNEUMONIA,person579_bacteria_2382.jpeg,chest_xray_dataset\train\PNEUMONIA\person579_bacteria_2382.jpeg,944,496,L,0378bfc036bd85e639f21584f1fd12f2,person579,bacterial
train,PNEUMONIA,person579_bacteria_2383.jpeg,chest_xray_dataset\train\PNEUMONIA\person579_bacteria_2383.jpeg,992,520,L,a630529e541fbead6ef31015eabd410d,person579,bacterial
train,PNEUMONIA,person579_bacteria_2384.jpeg,chest_xray_dataset\train\PNEUMONIA\person579_bacteria_2384.jpeg,840,504,L,7e50032fc2e3d4dd5eeb1a6e4b479e0b,person579,bacterial
train,PNEUMONIA,person579_bacteria_2386.jpeg,chest_xray_dataset\train\PNEUMONIA\person579_bacteria_2386.jpeg,776,488,L,93473467f8764f9a612b9a5da8660ec3,person579,bacterial
train,PNEUMONIA,person579_virus_1123.jpeg,chest_xray_dataset\train\PNEUMONIA\person579_virus_1123.jpeg,1168,840,L,68a6584f9c08e7c0d4317223b178535d,person579,viral
train,PNEUMONIA,person57_bacteria_270.jpeg,chest_xray_dataset\train\PNEUMONIA\person57_bacteria_270.jpeg,1144,832,L,2828de518557f77c437e4c0853390ef6,person57,bacterial
train,PNEUMONIA,person57_bacteria_271.jpeg,chest_xray_dataset\train\PNEUMONIA\person57_bacteria_271.jpeg,1492,1118,L,3eae4a60f3d656e9010b40ada75decfb,person57,bacterial
train,PNEUMONIA,person580_bacteria_2387.jpeg,chest_xray_dataset\train\PNEUMONIA\person580_bacteria_2387.jpeg,880,656,L,bae73da3f7d7d28c97d761a5b5cbe574,person580,bacterial
train,PNEUMONIA,person580_bacteria_2388.jpeg,chest_xray_dataset\train\PNEUMONIA\person580_bacteria_2388.jpeg,896,584,L,e3acd419522e390b207ae828fb0185ed,person580,bacterial
train,PNEUMONIA,person580_bacteria_2389.jpeg,chest_xray_dataset\train\PNEUMONIA\person580_bacteria_2389.jpeg,816,584,L,8c5a1fe17792ad7916c955d2e226c919,person580,bacterial
train,PNEUMONIA,person581_bacteria_2390.jpeg,chest_xray_dataset\train\PNEUMONIA\person581_bacteria_2390.jpeg,1008,648,L,2754c9cb37c22e93749b516196acbd45,person581,bacterial
train,PNEUMONIA,person581_bacteria_2392.jpeg,chest_xray_dataset\train\PNEUMONIA\person581_bacteria_2392.jpeg,936,576,L,3fe7294a0591e5ea964b67ac8b953b5e,person581,bacterial
train,PNEUMONIA,person581_bacteria_2393.jpeg,chest_xray_dataset\train\PNEUMONIA\person581_bacteria_2393.jpeg,896,576,L,643b5da4fe8937f9172f45585f174643,person581,bacterial
train,PNEUMONIA,person581_bacteria_2394.jpeg,chest_xray_dataset\train\PNEUMONIA\person581_bacteria_2394.jpeg,1008,776,L,263a9c634e18f90fb56080755a3e4e22,person581,bacterial
train,PNEUMONIA,person581_bacteria_2395.jpeg,chest_xray_dataset\train\PNEUMONIA\person581_bacteria_2395.jpeg,976,672,L,9f5c5532e63f3884c5af4496d53d273f,person581,bacterial
train,PNEUMONIA,person581_bacteria_2400.jpeg,chest_xray_dataset\train\PNEUMONIA\person581_bacteria_2400.jpeg,895,517,RGB,2a8b3317a15d6098e4d2689dfbcb4407,person581,bacterial
train,PNEUMONIA,person581_virus_1125.jpeg,chest_xray_dataset\train\PNEUMONIA\person581_virus_1125.jpeg,1736,1216,L,d026663a99be85597852d73b8b96e2ae,person581,viral
train,PNEUMONIA,person582_bacteria_2403.jpeg,chest_xray_dataset\train\PNEUMONIA\person582_bacteria_2403.jpeg,1408,1296,L,0827ffc392c25080d173cfe99c03e8fa,person582,bacterial
train,PNEUMONIA,person582_bacteria_2404.jpeg,chest_xray_dataset\train\PNEUMONIA\person582_bacteria_2404.jpeg,1368,1120,L,5037286de4f9659c1d3e92b3b4c5590a,person582,bacterial
train,PNEUMONIA,person582_bacteria_2405.jpeg,chest_xray_dataset\train\PNEUMONIA\person582_bacteria_2405.jpeg,1440,1112,L,ff29a7939aaf5c65e10a8183e018333d,person582,bacterial
train,PNEUMONIA,person583_bacteria_2406.jpeg,chest_xray_dataset\train\PNEUMONIA\person583_bacteria_2406.jpeg,1841,1447,L,974f9ca577a36a5c8a657f81790f9826,person583,bacterial
train,PNEUMONIA,person583_bacteria_2408.jpeg,chest_xray_dataset\train\PNEUMONIA\person583_bacteria_2408.jpeg,1360,1080,L,39b1edfa74ee40d5281442f1a8402552,person583,bacterial
train,PNEUMONIA,person583_bacteria_2409.jpeg,chest_xray_dataset\train\PNEUMONIA\person583_bacteria_2409.jpeg,1328,928,L,9fe7d8fed1570d3bf0b9430f78990d54,person583,bacterial
train,PNEUMONIA,person583_virus_1127.jpeg,chest_xray_dataset\train\PNEUMONIA\person583_virus_1127.jpeg,1280,712,L,44cef0e64d00c8febbcf44815abf71eb,person583,viral
train,PNEUMONIA,person584_virus_1128.jpeg,chest_xray_dataset\train\PNEUMONIA\person584_virus_1128.jpeg,1256,696,L,b0cf7546ff410ead054e648b9ad37f4c,person584,viral
train,PNEUMONIA,person585_bacteria_2411.jpeg,chest_xray_dataset\train\PNEUMONIA\person585_bacteria_2411.jpeg,1144,864,L,e4fdf5b1646e2fd7842633d038d2da46,person585,bacterial
train,PNEUMONIA,person585_bacteria_2412.jpeg,chest_xray_dataset\train\PNEUMONIA\person585_bacteria_2412.jpeg,1160,768,L,ae45b1b66d597af81db533c0ebc6a7bc,person585,bacterial
train,PNEUMONIA,person585_bacteria_2413.jpeg,chest_xray_dataset\train\PNEUMONIA\person585_bacteria_2413.jpeg,1264,808,L,b01b4c5d6fbf39795e4b2025739cb1a2,person585,bacterial
train,PNEUMONIA,person585_bacteria_2414.jpeg,chest_xray_dataset\train\PNEUMONIA\person585_bacteria_2414.jpeg,1240,800,L,c2ec7775b6bf83a242430793be5daf4a,person585,bacterial
train,PNEUMONIA,person585_bacteria_2415.jpeg,chest_xray_dataset\train\PNEUMONIA\person585_bacteria_2415.jpeg,1096,768,L,377c5a3d5b1a6eff1013d959a0421868,person585,bacterial
train,PNEUMONIA,person585_bacteria_2416.jpeg,chest_xray_dataset\train\PNEUMONIA\person585_bacteria_2416.jpeg,1208,696,L,6964ea74da299f8f61e319e217928210,person585,bacterial
train,PNEUMONIA,person585_virus_1129.jpeg,chest_xray_dataset\train\PNEUMONIA\person585_virus_1129.jpeg,1456,1160,L,888f580cff1d87f7198f5ab313b64be5,person585,viral
train,PNEUMONIA,person586_bacteria_2417.jpeg,chest_xray_dataset\train\PNEUMONIA\person586_bacteria_2417.jpeg,765,594,RGB,ded0f30b64e603ab07d4189c9f2d2df0,person586,bacterial
train,PNEUMONIA,person586_bacteria_2418.jpeg,chest_xray_dataset\train\PNEUMONIA\person586_bacteria_2418.jpeg,928,616,L,01783051b047c0aa5acea654a14c78b4,person586,bacterial
train,PNEUMONIA,person586_bacteria_2420.jpeg,chest_xray_dataset\train\PNEUMONIA\person586_bacteria_2420.jpeg,824,552,L,f6ce25d9477becc1dd1d2c0201076c6c,person586,bacterial
train,PNEUMONIA,person586_virus_1130.jpeg,chest_xray_dataset\train\PNEUMONIA\person586_virus_1130.jpeg,1344,880,L,e4a5396b2f34ea42969e501027eb5aa4,person586,viral
train,PNEUMONIA,person587_bacteria_2421.jpeg,chest_xray_dataset\train\PNEUMONIA\person587_bacteria_2421.jpeg,1056,755,L,ddcbbfbff2b2877f5d795025a24dbcb4,person587,bacterial
train,PNEUMONIA,person588_bacteria_2422.jpeg,chest_xray_dataset\train\PNEUMONIA\person588_bacteria_2422.jpeg,1120,656,L,247bfc31a82a568f86fad9c2e3eab65b,person588,bacterial
train,PNEUMONIA,person588_bacteria_2423.jpeg,chest_xray_dataset\train\PNEUMONIA\person588_bacteria_2423.jpeg,1056,840,L,722a3a769f7593de4d199a653ef66c04,person588,bacterial
train,PNEUMONIA,person588_virus_1134.jpeg,chest_xray_dataset\train\PNEUMONIA\person588_virus_1134.jpeg,1024,776,L,d657a8cdcbb4dfde19dd1dd7c0fa205f,person588,viral
train,PNEUMONIA,person588_virus_1135.jpeg,chest_xray_dataset\train\PNEUMONIA\person588_virus_1135.jpeg,1064,904,L,f3a2391510bc9b06eec971483cf07f20,person588,viral
train,PNEUMONIA,person589_bacteria_2424.jpeg,chest_xray_dataset\train\PNEUMONIA\person589_bacteria_2424.jpeg,1096,672,L,6b07ba1525970855defb68f1000ff29b,person589,bacterial
train,PNEUMONIA,person589_bacteria_2425.jpeg,chest_xray_dataset\train\PNEUMONIA\person589_bacteria_2425.jpeg,736,480,L,69086eee59dfcf2aeebc837111ce9aad,person589,bacterial
train,PNEUMONIA,person58_bacteria_272.jpeg,chest_xray_dataset\train\PNEUMONIA\person58_bacteria_272.jpeg,936,696,L,1056e0c76599a32abffa9b34767fdb3d,person58,bacterial
train,PNEUMONIA,person58_bacteria_273.jpeg,chest_xray_dataset\train\PNEUMONIA\person58_bacteria_273.jpeg,840,600,L,c5ed05134f6b9c349cdde929c797fa1f,person58,bacterial
train,PNEUMONIA,person58_bacteria_274.jpeg,chest_xray_dataset\train\PNEUMONIA\person58_bacteria_274.jpeg,832,416,L,a010ebf3a8ec36a6b95344a0080f5fef,person58,bacterial
train,PNEUMONIA,person58_bacteria_275.jpeg,chest_xray_dataset\train\PNEUMONIA\person58_bacteria_275.jpeg,1214,731,L,20b2833eb94ed76fbe913d507aba31c8,person58,bacterial
train,PNEUMONIA,person58_bacteria_276.jpeg,chest_xray_dataset\train\PNEUMONIA\person58_bacteria_276.jpeg,1248,766,L,a3fd0f29de462397157c17b1f7025c0c,person58,bacterial
train,PNEUMONIA,person58_bacteria_277.jpeg,chest_xray_dataset\train\PNEUMONIA\person58_bacteria_277.jpeg,1222,782,L,c08e356018238bb68552840809ed7fca,person58,bacterial
train,PNEUMONIA,person58_bacteria_278.jpeg,chest_xray_dataset\train\PNEUMONIA\person58_bacteria_278.jpeg,1202,704,L,b794fa0f23bb9019b32344ed8edbeb4e,person58,bacterial
train,PNEUMONIA,person590_bacteria_2428.jpeg,chest_xray_dataset\train\PNEUMONIA\person590_bacteria_2428.jpeg,1512,1075,L,b1e46381aed3fe13928d661613dc18fd,person590,bacterial
train,PNEUMONIA,person590_virus_1138.jpeg,chest_xray_dataset\train\PNEUMONIA\person590_virus_1138.jpeg,1088,688,L,2561efc53cfd49b7bdec1625e414eb7f,person590,viral
train,PNEUMONIA,person591_bacteria_2429.jpeg,chest_xray_dataset\train\PNEUMONIA\person591_bacteria_2429.jpeg,1592,1183,L,e37c59fa26d29b01b6dc7eae771c011a,person591,bacterial
train,PNEUMONIA,person591_virus_1139.jpeg,chest_xray_dataset\train\PNEUMONIA\person591_virus_1139.jpeg,1288,800,L,e49963124447a81607deef0f01b81660,person591,viral
train,PNEUMONIA,person592_bacteria_2431.jpeg,chest_xray_dataset\train\PNEUMONIA\person592_bacteria_2431.jpeg,856,608,L,9793780b839b3c17f0bc06f5908b0f2c,person592,bacterial
train,PNEUMONIA,person592_bacteria_2434.jpeg,chest_xray_dataset\train\PNEUMONIA\person592_bacteria_2434.jpeg,654,389,RGB,6cf6a8608a6fd91ab44b16a9177bea9f,person592,bacterial
train,PNEUMONIA,person592_virus_1141.jpeg,chest_xray_dataset\train\PNEUMONIA\person592_virus_1141.jpeg,1056,768,L,97dff6f9ccd95e285cc388779c8626ec,person592,viral
train,PNEUMONIA,person593_bacteria_2435.jpeg,chest_xray_dataset\train\PNEUMONIA\person593_bacteria_2435.jpeg,1040,864,L,60acdcfff39aded613aef5283f56689b,person593,bacterial
train,PNEUMONIA,person593_virus_1142.jpeg,chest_xray_dataset\train\PNEUMONIA\person593_virus_1142.jpeg,1456,904,L,085660ed26943b416614ca7239d2613f,person593,viral
train,PNEUMONIA,person594_bacteria_2436.jpeg,chest_xray_dataset\train\PNEUMONIA\person594_bacteria_2436.jpeg,1416,1008,L,b1cc229c2ace0f08b76512939ff0b7e9,person594,bacterial
train,PNEUMONIA,person594_virus_1145.jpeg,chest_xray_dataset\train\PNEUMONIA\person594_virus_1145.jpeg,1312,824,L,8081d3f312923b0d98ca087a22351e40,person594,viral
train,PNEUMONIA,person595_bacteria_2438.jpeg,chest_xray_dataset\train\PNEUMONIA\person595_bacteria_2438.jpeg,1016,848,L,ee1a10938d201fed966ba0aae0280002,person595,bacterial
train,PNEUMONIA,person595_virus_1147.jpeg,chest_xray_dataset\train\PNEUMONIA\person595_virus_1147.jpeg,1536,1080,L,490ec6ecf306ad5122f180a2b7a8504c,person595,viral
train,PNEUMONIA,person596_bacteria_2440.jpeg,chest_xray_dataset\train\PNEUMONIA\person596_bacteria_2440.jpeg,848,560,L,99375ebbbca39408a7934564e08b2a45,person596,bacterial
train,PNEUMONIA,person596_bacteria_2441.jpeg,chest_xray_dataset\train\PNEUMONIA\person596_bacteria_2441.jpeg,848,640,L,7233000ef75dd5afe9efcaac11581633,person596,bacterial
train,PNEUMONIA,person596_bacteria_2443.jpeg,chest_xray_dataset\train\PNEUMONIA\person596_bacteria_2443.jpeg,992,616,L,8ed10fa2193779cac1b3b78354911647,person596,bacterial
train,PNEUMONIA,person596_bacteria_2444.jpeg,chest_xray_dataset\train\PNEUMONIA\person596_bacteria_2444.jpeg,928,696,L,1f3895047d2bfae0885df28097fc3f9a,person596,bacterial
train,PNEUMONIA,person596_bacteria_2445.jpeg,chest_xray_dataset\train\PNEUMONIA\person596_bacteria_2445.jpeg,920,632,L,7943f02b7ac081a04a2e8de1fcf9da3f,person596,bacterial
train,PNEUMONIA,person596_bacteria_2446.jpeg,chest_xray_dataset\train\PNEUMONIA\person596_bacteria_2446.jpeg,880,584,L,30a2e1733ff7fc218fa1396d3c94d7a0,person596,bacterial
train,PNEUMONIA,person596_bacteria_2447.jpeg,chest_xray_dataset\train\PNEUMONIA\person596_bacteria_2447.jpeg,880,592,L,5c023cfab10d77dcdff2f6a54868fef3,person596,bacterial
train,PNEUMONIA,person596_bacteria_2449.jpeg,chest_xray_dataset\train\PNEUMONIA\person596_bacteria_2449.jpeg,848,584,L,05a734444ec379b212408e8fbcd8b82e,person596,bacterial
train,PNEUMONIA,person596_virus_1149.jpeg,chest_xray_dataset\train\PNEUMONIA\person596_virus_1149.jpeg,1448,1056,L,901e3a85dfcbf1c6efb9d4d66ac355d4,person596,viral
train,PNEUMONIA,person597_bacteria_2450.jpeg,chest_xray_dataset\train\PNEUMONIA\person597_bacteria_2450.jpeg,1104,672,L,f451c063e8a9634696b23b313af227e9,person597,bacterial
train,PNEUMONIA,person597_bacteria_2451.jpeg,chest_xray_dataset\train\PNEUMONIA\person597_bacteria_2451.jpeg,1064,760,L,93f94ca8c05a424ecd54e07d6fa079e7,person597,bacterial
train,PNEUMONIA,person597_virus_1150.jpeg,chest_xray_dataset\train\PNEUMONIA\person597_virus_1150.jpeg,1528,1112,L,c75c962ca8d985fced7358ba091a1df8,person597,viral
train,PNEUMONIA,person598_bacteria_2453.jpeg,chest_xray_dataset\train\PNEUMONIA\person598_bacteria_2453.jpeg,664,360,L,f7b0e376f7be3792f357e4a2dadba53d,person598,bacterial
train,PNEUMONIA,person598_bacteria_2454.jpeg,chest_xray_dataset\train\PNEUMONIA\person598_bacteria_2454.jpeg,728,464,L,7d907ec375f21fe73859def530673184,person598,bacterial
train,PNEUMONIA,person598_virus_1151.jpeg,chest_xray_dataset\train\PNEUMONIA\person598_virus_1151.jpeg,1021,701,RGB,b86d2ccc7988729ed86e1b75f14d6578,person598,viral
train,PNEUMONIA,person598_virus_1153.jpeg,chest_xray_dataset\train\PNEUMONIA\person598_virus_1153.jpeg,840,603,RGB,5a366edcb228146adc769588811c7bd9,person598,viral
train,PNEUMONIA,person598_virus_1154.jpeg,chest_xray_dataset\train\PNEUMONIA\person598_virus_1154.jpeg,1111,621,RGB,f1aabec7307c3a4b6e86ffeefb46157a,person598,viral
train,PNEUMONIA,person599_bacteria_2455.jpeg,chest_xray_dataset\train\PNEUMONIA\person599_bacteria_2455.jpeg,1310,1029,L,117cb53895fb094c83168945a67c1ba3,person599,bacterial
train,PNEUMONIA,person599_virus_1155.jpeg,chest_xray_dataset\train\PNEUMONIA\person599_virus_1155.jpeg,1160,832,L,b6fba6ddca993faab9b6c4168c09e21e,person599,viral
train,PNEUMONIA,person59_bacteria_279.jpeg,chest_xray_dataset\train\PNEUMONIA\person59_bacteria_279.jpeg,840,488,L,8c181763e4c2fc67035d6dc10698b00e,person59,bacterial
train,PNEUMONIA,person59_bacteria_280.jpeg,chest_xray_dataset\train\PNEUMONIA\person59_bacteria_280.jpeg,784,496,L,870c6929188f3af1f5be30ca6ef97ae8,person59,bacterial
train,PNEUMONIA,person59_bacteria_281.jpeg,chest_xray_dataset\train\PNEUMONIA\person59_bacteria_281.jpeg,792,584,L,62b7c0985051bea0c1375adbe069dd07,person59,bacterial
train,PNEUMONIA,person59_bacteria_282.jpeg,chest_xray_dataset\train\PNEUMONIA\person59_bacteria_282.jpeg,840,488,L,27520f2f3d2e376450ab2f0e29658fd4,person59,bacterial
train,PNEUMONIA,person59_bacteria_283.jpeg,chest_xray_dataset\train\PNEUMONIA\person59_bacteria_283.jpeg,816,480,L,70bf3f52f9c14d78fe38d1a518882be1,person59,bacterial
train,PNEUMONIA,person59_bacteria_284.jpeg,chest_xray_dataset\train\PNEUMONIA\person59_bacteria_284.jpeg,1122,639,L,590be512b15b0163d9c69b200051a554,person59,bacterial
train,PNEUMONIA,person5_bacteria_15.jpeg,chest_xray_dataset\train\PNEUMONIA\person5_bacteria_15.jpeg,1276,1110,L,343631dbc0444fcb40a6f88c72ce3264,person5,bacterial
train,PNEUMONIA,person5_bacteria_16.jpeg,chest_xray_dataset\train\PNEUMONIA\person5_bacteria_16.jpeg,1168,840,L,f4891d142c6979717e1bb7b58793e2f3,person5,bacterial
train,PNEUMONIA,person5_bacteria_17.jpeg,chest_xray_dataset\train\PNEUMONIA\person5_bacteria_17.jpeg,1120,784,L,755c981b878cd494f5e2e524a02be667,person5,bacterial
train,PNEUMONIA,person5_bacteria_19.jpeg,chest_xray_dataset\train\PNEUMONIA\person5_bacteria_19.jpeg,1160,776,L,45d488c7a623726e2e8e2aca69f8dbfb,person5,bacterial
train,PNEUMONIA,person600_bacteria_2456.jpeg,chest_xray_dataset\train\PNEUMONIA\person600_bacteria_2456.jpeg,1072,648,L,198c9c68fa4dcb8c1bd042d4f86d3d72,person600,bacterial
train,PNEUMONIA,person600_bacteria_2457.jpeg,chest_xray_dataset\train\PNEUMONIA\person600_bacteria_2457.jpeg,1000,680,L,1cfd1cc644a4c8595977aa2d9510111f,person600,bacterial
train,PNEUMONIA,person600_bacteria_2458.jpeg,chest_xray_dataset\train\PNEUMONIA\person600_bacteria_2458.jpeg,1016,728,L,1b69ac9cae77425c111c3691edb39ec1,person600,bacterial
train,PNEUMONIA,person600_virus_1156.jpeg,chest_xray_dataset\train\PNEUMONIA\person600_virus_1156.jpeg,796,548,RGB,c133209caf72af8dc5a52a3f4be7ae5d,person600,viral
train,PNEUMONIA,person601_bacteria_2459.jpeg,chest_xray_dataset\train\PNEUMONIA\person601_bacteria_2459.jpeg,1268,959,L,9e6bc0dafd431bc32e2adf245fe43d5c,person601,bacterial
train,PNEUMONIA,person602_bacteria_2460.jpeg,chest_xray_dataset\train\PNEUMONIA\person602_bacteria_2460.jpeg,1288,851,L,e7dd3f14476a7d845f28f9c51f214574,person602,bacterial
train,PNEUMONIA,person603_bacteria_2461.jpeg,chest_xray_dataset\train\PNEUMONIA\person603_bacteria_2461.jpeg,1112,768,L,74927f6cf59fc30c50e8f34da3977af0,person603,bacterial
train,PNEUMONIA,person603_virus_1164.jpeg,chest_xray_dataset\train\PNEUMONIA\person603_virus_1164.jpeg,1160,736,L,0120f83666ac13bda4698a1f62613255,person603,viral
train,PNEUMONIA,person604_bacteria_2462.jpeg,chest_xray_dataset\train\PNEUMONIA\person604_bacteria_2462.jpeg,952,568,L,79974e9c982ae08bcc0232a5c012ae88,person604,bacterial
train,PNEUMONIA,person604_bacteria_2463.jpeg,chest_xray_dataset\train\PNEUMONIA\person604_bacteria_2463.jpeg,1192,832,L,1b27d2364f91868b85a047beeec3b396,person604,bacterial
train,PNEUMONIA,person604_virus_1165.jpeg,chest_xray_dataset\train\PNEUMONIA\person604_virus_1165.jpeg,1312,800,L,1471a457f12f222793b7ba87ac99b8be,person604,viral
train,PNEUMONIA,person605_bacteria_2464.jpeg,chest_xray_dataset\train\PNEUMONIA\person605_bacteria_2464.jpeg,888,560,L,d51fd5ca3fdc283ca6e08a65398fe272,person605,bacterial
train,PNEUMONIA,person605_bacteria_2465.jpeg,chest_xray_dataset\train\PNEUMONIA\person605_bacteria_2465.jpeg,1064,760,L,e30612ec3b4e831c584ebc7e5207ef6b,person605,bacterial
train,PNEUMONIA,person605_bacteria_2466.jpeg,chest_xray_dataset\train\PNEUMONIA\person605_bacteria_2466.jpeg,936,560,L,23d3cbcd4d23801c671f4276cbf42a2b,person605,bacterial
train,PNEUMONIA,person605_bacteria_2467.jpeg,chest_xray_dataset\train\PNEUMONIA\person605_bacteria_2467.jpeg,888,472,L,a796078f7dadd5e063e2c77710f8f32b,person605,bacterial
train,PNEUMONIA,person605_bacteria_2468.jpeg,chest_xray_dataset\train\PNEUMONIA\person605_bacteria_2468.jpeg,928,704,L,97cdc4ed23c4e5f05650579d01937de7,person605,bacterial
train,PNEUMONIA,person605_virus_1166.jpeg,chest_xray_dataset\train\PNEUMONIA\person605_virus_1166.jpeg,1336,1080,L,9b753080b07a9efbc7560f6bedbfb07e,person605,viral
train,PNEUMONIA,person605_virus_1169.jpeg,chest_xray_dataset\train\PNEUMONIA\person605_virus_1169.jpeg,1504,992,L,951b4531ddfb4fc65ac0e2023d3ae623,person605,viral
train,PNEUMONIA,person606_bacteria_2469.jpeg,chest_xray_dataset\train\PNEUMONIA\person606_bacteria_2469.jpeg,1328,968,L,312aaf2579ad90d209347031429faa73,person606,bacterial
train,PNEUMONIA,person607_bacteria_2470.jpeg,chest_xray_dataset\train\PNEUMONIA\person607_bacteria_2470.jpeg,1446,1021,L,9b215b3f8362c09b8f2ef16af2c07e37,person607,bacterial
train,PNEUMONIA,person607_virus_1173.jpeg,chest_xray_dataset\train\PNEUMONIA\person607_virus_1173.jpeg,1512,1160,L,b5cbb92f4240b28dd93bc6a9c8ccfec3,person607,viral
train,PNEUMONIA,person608_bacteria_2471.jpeg,chest_xray_dataset\train\PNEUMONIA\person608_bacteria_2471.jpeg,1024,728,L,2e04322ecedb5574a5b8afce4c69843c,person608,bacterial
train,PNEUMONIA,person608_bacteria_2472.jpeg,chest_xray_dataset\train\PNEUMONIA\person608_bacteria_2472.jpeg,1176,752,L,df04ed03a9b6e864cc8ef0a4b60e934f,person608,bacterial
train,PNEUMONIA,person608_bacteria_2473.jpeg,chest_xray_dataset\train\PNEUMONIA\person608_bacteria_2473.jpeg,1192,672,L,4fca9536e94b2c6aa413cf631fd446c0,person608,bacterial
train,PNEUMONIA,person608_virus_1175.jpeg,chest_xray_dataset\train\PNEUMONIA\person608_virus_1175.jpeg,1176,728,L,02666c260d42164863d58e9e19fbab91,person608,viral
train,PNEUMONIA,person609_bacteria_2474.jpeg,chest_xray_dataset\train\PNEUMONIA\person609_bacteria_2474.jpeg,1704,1435,L,2ef6d8f77ef166a9a93b22975e08bcaf,person609,bacterial
train,PNEUMONIA,person609_virus_1176.jpeg,chest_xray_dataset\train\PNEUMONIA\person609_virus_1176.jpeg,1024,656,L,2e6097dda8073cadf8c37fef294bec14,person609,viral
train,PNEUMONIA,person60_bacteria_285.jpeg,chest_xray_dataset\train\PNEUMONIA\person60_bacteria_285.jpeg,952,592,L,dafaf88147b89b40cd922d461f6e1fce,person60,bacterial
train,PNEUMONIA,person60_bacteria_286.jpeg,chest_xray_dataset\train\PNEUMONIA\person60_bacteria_286.jpeg,920,528,L,10f8d0da9c3adf168ca8886a070afe69,person60,bacterial
train,PNEUMONIA,person60_bacteria_287.jpeg,chest_xray_dataset\train\PNEUMONIA\person60_bacteria_287.jpeg,1302,867,L,6b6f23f493cb7331e2f50295f430876c,person60,bacterial
train,PNEUMONIA,person610_bacteria_2475.jpeg,chest_xray_dataset\train\PNEUMONIA\person610_bacteria_2475.jpeg,1338,1044,L,39df43d85048bae9b8eed21540b6e0ce,person610,bacterial
train,PNEUMONIA,person610_virus_1177.jpeg,chest_xray_dataset\train\PNEUMONIA\person610_virus_1177.jpeg,1440,1104,L,17d93ce98791631dfca10b8962e06e40,person610,viral
train,PNEUMONIA,person611_bacteria_2476.jpeg,chest_xray_dataset\train\PNEUMONIA\person611_bacteria_2476.jpeg,1560,1200,L,759c8649ee39c59748fd76174fbd0e3b,person611,bacterial
train,PNEUMONIA,person612_bacteria_2477.jpeg,chest_xray_dataset\train\PNEUMONIA\person612_bacteria_2477.jpeg,693,356,RGB,05cfa28d00785d20d7be15f2129a06ca,person612,bacterial
train,PNEUMONIA,person612_bacteria_2478.jpeg,chest_xray_dataset\train\PNEUMONIA\person612_bacteria_2478.jpeg,1112,624,L,aac5e15db6442a6d9744e4120a4a5520,person612,bacterial
train,PNEUMONIA,person612_virus_1179.jpeg,chest_xray_dataset\train\PNEUMONIA\person612_virus_1179.jpeg,1592,1328,L,e82b15d7afb047d5006f7d341cbffa85,person612,viral
train,PNEUMONIA,person613_bacteria_2479.jpeg,chest_xray_dataset\train\PNEUMONIA\person613_bacteria_2479.jpeg,1467,1123,L,cf7453b2914e9d999e377d9e591471b7,person613,bacterial
train,PNEUMONIA,person613_virus_1181.jpeg,chest_xray_dataset\train\PNEUMONIA\person613_virus_1181.jpeg,1424,1168,L,5104479b69c31f134de5997d4ad447d8,person613,viral
train,PNEUMONIA,person614_bacteria_2480.jpeg,chest_xray_dataset\train\PNEUMONIA\person614_bacteria_2480.jpeg,936,656,L,b0991df6c41bf3286fda995b64b9f850,person614,bacterial
train,PNEUMONIA,person614_bacteria_2481.jpeg,chest_xray_dataset\train\PNEUMONIA\person614_bacteria_2481.jpeg,1080,648,L,99a98dc959b6d2b0d0bcde763ddf7370,person614,bacterial
train,PNEUMONIA,person614_bacteria_2483.jpeg,chest_xray_dataset\train\PNEUMONIA\person614_bacteria_2483.jpeg,920,576,L,04df1cac1ce20b935e0b67d99f7e93f7,person614,bacterial
train,PNEUMONIA,person614_virus_1183.jpeg,chest_xray_dataset\train\PNEUMONIA\person614_virus_1183.jpeg,1240,760,L,7fcb5f715fa05738ca6fa4e0d2284d1e,person614,viral
train,PNEUMONIA,person615_virus_1184.jpeg,chest_xray_dataset\train\PNEUMONIA\person615_virus_1184.jpeg,1752,1264,L,9696007c7c8a7d171fbd116b34d8eafb,person615,viral
train,PNEUMONIA,person616_bacteria_2487.jpeg,chest_xray_dataset\train\PNEUMONIA\person616_bacteria_2487.jpeg,1206,848,L,4d1dfb33b9f534120e7b8ec192fe49a7,person616,bacterial
train,PNEUMONIA,person616_virus_1186.jpeg,chest_xray_dataset\train\PNEUMONIA\person616_virus_1186.jpeg,1464,800,L,64bab733560c93088f93278a721340ee,person616,viral
train,PNEUMONIA,person617_bacteria_2488.jpeg,chest_xray_dataset\train\PNEUMONIA\person617_bacteria_2488.jpeg,1422,952,L,072e0df78ca6e90d2266fb0cce0b262e,person617,bacterial
train,PNEUMONIA,person617_virus_1187.jpeg,chest_xray_dataset\train\PNEUMONIA\person617_virus_1187.jpeg,1360,776,L,af2e08eb83b403c0862bc3d2324d7154,person617,viral
train,PNEUMONIA,person618_bacteria_2489.jpeg,chest_xray_dataset\train\PNEUMONIA\person618_bacteria_2489.jpeg,1430,1087,L,b56b4083a6c938e6bd3781826f580a86,person618,bacterial
train,PNEUMONIA,person618_virus_1189.jpeg,chest_xray_dataset\train\PNEUMONIA\person618_virus_1189.jpeg,1152,664,L,1da03e803a7d644ac00098f89e964f5d,person618,viral
train,PNEUMONIA,person619_bacteria_2490.jpeg,chest_xray_dataset\train\PNEUMONIA\person619_bacteria_2490.jpeg,1686,1334,L,863516f797e1867dab391c499f8fb902,person619,bacterial
train,PNEUMONIA,person619_bacteria_2491.jpeg,chest_xray_dataset\train\PNEUMONIA\person619_bacteria_2491.jpeg,1456,1104,L,bab6b6907d83cf9d251ec3fc77a40c52,person619,bacterial
train,PNEUMONIA,person619_virus_1190.jpeg,chest_xray_dataset\train\PNEUMONIA\person619_virus_1190.jpeg,1728,1008,L,f78084917d9f9ddbeacedea181b4fccd,person619,viral
train,PNEUMONIA,person61_bacteria_288.jpeg,chest_xray_dataset\train\PNEUMONIA\person61_bacteria_288.jpeg,1180,863,L,1c362ad51a7148122e147b69bd74f088,person61,bacterial
train,PNEUMONIA,person61_bacteria_289.jpeg,chest_xray_dataset\train\PNEUMONIA\person61_bacteria_289.jpeg,976,768,L,7fef64138af997b2571f50c2704d1932,person61,bacterial
train,PNEUMONIA,person61_bacteria_290.jpeg,chest_xray_dataset\train\PNEUMONIA\person61_bacteria_290.jpeg,968,672,L,b1147844d1fcf197e40298db5dec129f,person61,bacterial
train,PNEUMONIA,person61_bacteria_291.jpeg,chest_xray_dataset\train\PNEUMONIA\person61_bacteria_291.jpeg,848,640,L,fb914b025c1ac42093bf9b173a208c58,person61,bacterial
train,PNEUMONIA,person61_bacteria_292.jpeg,chest_xray_dataset\train\PNEUMONIA\person61_bacteria_292.jpeg,968,744,L,cbb014a997463d86839418f24497bf1c,person61,bacterial
train,PNEUMONIA,person61_bacteria_293.jpeg,chest_xray_dataset\train\PNEUMONIA\person61_bacteria_293.jpeg,984,784,L,ff8441507d995004048be1b69db4a3e9,person61,bacterial
train,PNEUMONIA,person61_bacteria_294.jpeg,chest_xray_dataset\train\PNEUMONIA\person61_bacteria_294.jpeg,1024,632,L,a43c22fda5b710935584167760d4b123,person61,bacterial
train,PNEUMONIA,person61_bacteria_295.jpeg,chest_xray_dataset\train\PNEUMONIA\person61_bacteria_295.jpeg,1096,784,L,322bb256ec155d2c2bdd46c1e4435afd,person61,bacterial
train,PNEUMONIA,person61_bacteria_296.jpeg,chest_xray_dataset\train\PNEUMONIA\person61_bacteria_296.jpeg,1264,1071,L,e63257c5315df62e2dd73c16bd6ded66,person61,bacterial
train,PNEUMONIA,person61_bacteria_297.jpeg,chest_xray_dataset\train\PNEUMONIA\person61_bacteria_297.jpeg,1252,990,L,0302bf8ad3f45d52c684e1402fb20ef4,person61,bacterial
train,PNEUMONIA,person620_bacteria_2492.jpeg,chest_xray_dataset\train\PNEUMONIA\person620_bacteria_2492.jpeg,1778,1295,L,9ccb8abf60b7deb905e05035033199a3,person620,bacterial
train,PNEUMONIA,person620_virus_1191.jpeg,chest_xray_dataset\train\PNEUMONIA\person620_virus_1191.jpeg,1368,840,L,4bdbe7adec56a9280c6692a5f734a65d,person620,viral
train,PNEUMONIA,person620_virus_1192.jpeg,chest_xray_dataset\train\PNEUMONIA\person620_virus_1192.jpeg,1416,864,L,41a1234de4ad7c733c840b61c37a5f0b,person620,viral
train,PNEUMONIA,person621_virus_1194.jpeg,chest_xray_dataset\train\PNEUMONIA\person621_virus_1194.jpeg,791,615,RGB,d27fc154a196d027d4c0c0bd8ba79677,person621,viral
train,PNEUMONIA,person621_virus_1195.jpeg,chest_xray_dataset\train\PNEUMONIA\person621_virus_1195.jpeg,1328,736,L,90aa42bfd99bf6007e5c1019d9fb528b,person621,viral
train,PNEUMONIA,person622_bacteria_2494.jpeg,chest_xray_dataset\train\PNEUMONIA\person622_bacteria_2494.jpeg,1381,1044,L,f2ec6422b82598110dfd150254b2a27e,person622,bacterial
train,PNEUMONIA,person622_virus_1196.jpeg,chest_xray_dataset\train\PNEUMONIA\person622_virus_1196.jpeg,1360,1048,L,4514dd92cf973167299f1dcd09726c2f,person622,viral
train,PNEUMONIA,person623_bacteria_2495.jpeg,chest_xray_dataset\train\PNEUMONIA\person623_bacteria_2495.jpeg,1088,752,L,fe11aefc29bc285d6bfa41fe4e428763,person623,bacterial
train,PNEUMONIA,person623_bacteria_2496.jpeg,chest_xray_dataset\train\PNEUMONIA\person623_bacteria_2496.jpeg,1000,624,L,38e063029fcc4f89268cf5b0a4b505a7,person623,bacterial
train,PNEUMONIA,person623_virus_1197.jpeg,chest_xray_dataset\train\PNEUMONIA\person623_virus_1197.jpeg,1216,832,L,8eb56eac4ce86bced0265a4282194fc6,person623,viral
train,PNEUMONIA,person624_bacteria_2497.jpeg,chest_xray_dataset\train\PNEUMONIA\person624_bacteria_2497.jpeg,1442,898,L,113fbb007ef3bd52bcb04262ed99ace5,person624,bacterial
train,PNEUMONIA,person624_virus_1198.jpeg,chest_xray_dataset\train\PNEUMONIA\person624_virus_1198.jpeg,1336,824,L,45bf249c490bdf91cb4deef3c4dbcde6,person624,viral
train,PNEUMONIA,person625_bacteria_2499.jpeg,chest_xray_dataset\train\PNEUMONIA\person625_bacteria_2499.jpeg,944,560,L,1da783213ca8290e54a439d397bdfda0,person625,bacterial
train,PNEUMONIA,person625_bacteria_2500.jpeg,chest_xray_dataset\train\PNEUMONIA\person625_bacteria_2500.jpeg,992,600,L,dd61d35f32636231af1e564f401f60ed,person625,bacterial
train,PNEUMONIA,person625_virus_1199.jpeg,chest_xray_dataset\train\PNEUMONIA\person625_virus_1199.jpeg,1408,1128,L,fc8c713ed3e042788b348dade281bced,person625,viral
train,PNEUMONIA,person626_bacteria_2502.jpeg,chest_xray_dataset\train\PNEUMONIA\person626_bacteria_2502.jpeg,759,409,RGB,6c33e319ecb2cc1d3d09ca1935b7de03,person626,bacterial
train,PNEUMONIA,person626_virus_1202.jpeg,chest_xray_dataset\train\PNEUMONIA\person626_virus_1202.jpeg,1416,1160,L,1fe050b6cf73da4cae4cea57e68d39f8,person626,viral
train,PNEUMONIA,person627_virus_1204.jpeg,chest_xray_dataset\train\PNEUMONIA\person627_virus_1204.jpeg,968,608,L,fe79a0aa60f5abda5115ea9fd2da0f0d,person627,viral
train,PNEUMONIA,person628_bacteria_2505.jpeg,chest_xray_dataset\train\PNEUMONIA\person628_bacteria_2505.jpeg,1650,1253,L,423500370e39c5ed9cf847ec86e9d510,person628,bacterial
train,PNEUMONIA,person628_virus_1206.jpeg,chest_xray_dataset\train\PNEUMONIA\person628_virus_1206.jpeg,1400,968,L,7cc57085a93a1e84762b14a45e6aba5a,person628,viral
train,PNEUMONIA,person629_bacteria_2506.jpeg,chest_xray_dataset\train\PNEUMONIA\person629_bacteria_2506.jpeg,1008,576,L,c375550fa8ebe9436a02c0f6891f7b59,person629,bacterial
train,PNEUMONIA,person629_bacteria_2507.jpeg,chest_xray_dataset\train\PNEUMONIA\person629_bacteria_2507.jpeg,1040,560,L,96056ac43e904dbad75b92822ad69ece,person629,bacterial
train,PNEUMONIA,person629_bacteria_2508.jpeg,chest_xray_dataset\train\PNEUMONIA\person629_bacteria_2508.jpeg,920,648,L,ee294b61048e7d36572e99cecc4ce0a2,person629,bacterial
train,PNEUMONIA,person629_bacteria_2509.jpeg,chest_xray_dataset\train\PNEUMONIA\person629_bacteria_2509.jpeg,904,664,L,d4368d75623d0d6fc3c17a56bc74f030,person629,bacterial
train,PNEUMONIA,person629_bacteria_2510.jpeg,chest_xray_dataset\train\PNEUMONIA\person629_bacteria_2510.jpeg,904,568,L,97a241e03b32e30362c82e4ffd72da83,person629,bacterial
train,PNEUMONIA,person629_virus_1207.jpeg,chest_xray_dataset\train\PNEUMONIA\person629_virus_1207.jpeg,1280,768,L,f10c3aedc6c1c78fdaa82fc2f20ad692,person629,viral
train,PNEUMONIA,person62_bacteria_298.jpeg,chest_xray_dataset\train\PNEUMONIA\person62_bacteria_298.jpeg,1372,948,L,451e26fa4de3edc909f9861442ef405f,person62,bacterial
train,PNEUMONIA,person62_bacteria_299.jpeg,chest_xray_dataset\train\PNEUMONIA\person62_bacteria_299.jpeg,1152,856,L,71648e73e0036e397ec5045d88ecb4ad,person62,bacterial
train,PNEUMONIA,person62_bacteria_300.jpeg,chest_xray_dataset\train\PNEUMONIA\person62_bacteria_300.jpeg,1064,936,L,a49d207a5991ee1104cf8b7f9d24c1af,person62,bacterial
train,PNEUMONIA,person62_bacteria_301.jpeg,chest_xray_dataset\train\PNEUMONIA\person62_bacteria_301.jpeg,1064,896,L,bacbe60da3d8b944ba901c20ab91f9a1,person62,bacterial
train,PNEUMONIA,person62_bacteria_302.jpeg,chest_xray_dataset\train\PNEUMONIA\person62_bacteria_302.jpeg,1348,979,L,da317fa2559b789d144ef41e2a003038,person62,bacterial
train,PNEUMONIA,person62_bacteria_303.jpeg,chest_xray_dataset\train\PNEUMONIA\person62_bacteria_303.jpeg,1422,1032,L,fffaeb270770642629c476c55a774231,person62,bacterial
train,PNEUMONIA,person630_bacteria_2512.jpeg,chest_xray_dataset\train\PNEUMONIA\person630_bacteria_2512.jpeg,1110,886,L,5b73512dfb7bbe6a43712dd512b92327,person630,bacterial
train,PNEUMONIA,person630_bacteria_2513.jpeg,chest_xray_dataset\train\PNEUMONIA\person630_bacteria_2513.jpeg,920,760,L,77fef36350473e88b3a84070f7297392,person630,bacterial
train,PNEUMONIA,person630_bacteria_2514.jpeg,chest_xray_dataset\train\PNEUMONIA\person630_bacteria_2514.jpeg,936,768,L,78172eba08e75c934c04e0f31500177a,person630,bacterial
train,PNEUMONIA,person630_bacteria_2515.jpeg,chest_xray_dataset\train\PNEUMONIA\person630_bacteria_2515.jpeg,920,808,L,7cddfa49f97f9ef900e05882ead0e442,person630,bacterial
train,PNEUMONIA,person630_bacteria_2516.jpeg,chest_xray_dataset\train\PNEUMONIA\person630_bacteria_2516.jpeg,968,624,L,f488bf3106a01f6084e59995d0ac76f9,person630,bacterial
train,PNEUMONIA,person630_virus_1209.jpeg,chest_xray_dataset\train\PNEUMONIA\person630_virus_1209.jpeg,823,655,RGB,b2057dc339395a8473761df2822462ae,person630,viral
train,PNEUMONIA,person632_bacteria_2520.jpeg,chest_xray_dataset\train\PNEUMONIA\person632_bacteria_2520.jpeg,936,568,L,7a7aef538bcf3b762f2f097c19bf7c01,person632,bacterial
train,PNEUMONIA,person632_bacteria_2521.jpeg,chest_xray_dataset\train\PNEUMONIA\person632_bacteria_2521.jpeg,1032,712,L,413457236147cbe7777d5955f2a01707,person632,bacterial
train,PNEUMONIA,person632_virus_1211.jpeg,chest_xray_dataset\train\PNEUMONIA\person632_virus_1211.jpeg,1624,1072,L,dfeed1355ad12be86ced5cbee0909b64,person632,viral
train,PNEUMONIA,person633_bacteria_2522.jpeg,chest_xray_dataset\train\PNEUMONIA\person633_bacteria_2522.jpeg,1180,809,L,b78cb5020e1766b56d03188f738f3990,person633,bacterial
train,PNEUMONIA,person633_virus_1213.jpeg,chest_xray_dataset\train\PNEUMONIA\person633_virus_1213.jpeg,1288,656,L,87d2f813fb00a5af324ef6832606410c,person633,viral
train,PNEUMONIA,person634_bacteria_2525.jpeg,chest_xray_dataset\train\PNEUMONIA\person634_bacteria_2525.jpeg,1240,832,L,49b2bcb32db5aaf89a64265f9b3d0711,person634,bacterial
train,PNEUMONIA,person635_bacteria_2526.jpeg,chest_xray_dataset\train\PNEUMONIA\person635_bacteria_2526.jpeg,1431,1058,L,a31569f2abd9c968598baafbe9839a1e,person635,bacterial
train,PNEUMONIA,person636_bacteria_2527.jpeg,chest_xray_dataset\train\PNEUMONIA\person636_bacteria_2527.jpeg,689,366,RGB,36c4375b1ad3bc58003aa5da3b70dfa5,person636,bacterial
train,PNEUMONIA,person636_virus_1217.jpeg,chest_xray_dataset\train\PNEUMONIA\person636_virus_1217.jpeg,1144,928,L,d93edf440a983e4dee421a08ddb5b8ea,person636,viral
train,PNEUMONIA,person637_bacteria_2528.jpeg,chest_xray_dataset\train\PNEUMONIA\person637_bacteria_2528.jpeg,920,472,L,bdd5472764861bb0e7cfcca6afd7120d,person637,bacterial
train,PNEUMONIA,person637_bacteria_2529.jpeg,chest_xray_dataset\train\PNEUMONIA\person637_bacteria_2529.jpeg,920,496,L,77d72bbaad01da6ccbb29ec0883a8607,person637,bacterial
train,PNEUMONIA,person637_virus_1218.jpeg,chest_xray_dataset\train\PNEUMONIA\person637_virus_1218.jpeg,1312,928,L,bad6e189fdea2b8ca424868d4f73462f,person637,viral
train,PNEUMONIA,person639_virus_1220.jpeg,chest_xray_dataset\train\PNEUMONIA\person639_virus_1220.jpeg,1064,552,L,a7480189a5027b194a67facbdb28944a,person639,viral
train,PNEUMONIA,person63_bacteria_306.jpeg,chest_xray_dataset\train\PNEUMONIA\person63_bacteria_306.jpeg,1048,736,L,162a11a2299add9b9f962d3f722065f5,person63,bacterial
train,PNEUMONIA,person640_bacteria_2532.jpeg,chest_xray_dataset\train\PNEUMONIA\person640_bacteria_2532.jpeg,1733,1253,L,9286eb294af058ecdbf56029bf600d72,person640,bacterial
train,PNEUMONIA,person640_virus_1221.jpeg,chest_xray_dataset\train\PNEUMONIA\person640_virus_1221.jpeg,1360,768,L,c06aa23cf9535e1fd97443de57666f3c,person640,viral
train,PNEUMONIA,person641_bacteria_2533.jpeg,chest_xray_dataset\train\PNEUMONIA\person641_bacteria_2533.jpeg,1848,1576,L,241f688cfd9394fd54b4717696dcec99,person641,bacterial
train,PNEUMONIA,person641_virus_1222.jpeg,chest_xray_dataset\train\PNEUMONIA\person641_virus_1222.jpeg,1088,536,L,fca654cd52ede71de143fafcbd211c86,person641,viral
train,PNEUMONIA,person642_virus_1223.jpeg,chest_xray_dataset\train\PNEUMONIA\person642_virus_1223.jpeg,1184,928,L,f6f44ba6b22edf8edba738b9b8fefdcd,person642,viral
train,PNEUMONIA,person643_bacteria_2534.jpeg,chest_xray_dataset\train\PNEUMONIA\person643_bacteria_2534.jpeg,992,656,L,062919c2f877d698288319a559806361,person643,bacterial
train,PNEUMONIA,person644_bacteria_2536.jpeg,chest_xray_dataset\train\PNEUMONIA\person644_bacteria_2536.jpeg,1040,528,L,41590a43a7be0d799980db6b8d1c6c53,person644,bacterial
train,PNEUMONIA,person644_virus_1225.jpeg,chest_xray_dataset\train\PNEUMONIA\person644_virus_1225.jpeg,1048,584,L,0948f4d542469dbb6d78d323fb796cb6,person644,viral
train,PNEUMONIA,person645_bacteria_2537.jpeg,chest_xray_dataset\train\PNEUMONIA\person645_bacteria_2537.jpeg,1082,658,L,703ad6efc96cc11c56db5a4d1f139368,person645,bacterial
train,PNEUMONIA,person645_virus_1226.jpeg,chest_xray_dataset\train\PNEUMONIA\person645_virus_1226.jpeg,1328,792,L,8e8dc6a4dd26fe69a9f24c4ea881176e,person645,viral
train,PNEUMONIA,person646_bacteria_2538.jpeg,chest_xray_dataset\train\PNEUMONIA\person646_bacteria_2538.jpeg,1068,778,L,790c0109d2a6c01d3699b936605efb0d,person646,bacterial
train,PNEUMONIA,person646_virus_1227.jpeg,chest_xray_dataset\train\PNEUMONIA\person646_virus_1227.jpeg,1048,552,L,f382a4ead44ecc5f6fdf080ce141ac50,person646,viral
train,PNEUMONIA,person647_bacteria_2539.jpeg,chest_xray_dataset\train\PNEUMONIA\person647_bacteria_2539.jpeg,912,704,L,28715b18683d46a59eacbacbc813ff3c,person647,bacterial
train,PNEUMONIA,person647_virus_1228.jpeg,chest_xray_dataset\train\PNEUMONIA\person647_virus_1228.jpeg,1416,1128,L,541695798195edc4d4d2fc0b13f4af52,person647,viral
train,PNEUMONIA,person647_virus_1229.jpeg,chest_xray_dataset\train\PNEUMONIA\person647_virus_1229.jpeg,1704,1544,L,df707ef1420c01edb6d7754c73ec15b7,person647,viral
train,PNEUMONIA,person648_bacteria_2540.jpeg,chest_xray_dataset\train\PNEUMONIA\person648_bacteria_2540.jpeg,896,656,L,aa57b0d4aee57090d3f17c21f48dfe89,person648,bacterial
train,PNEUMONIA,person648_virus_1230.jpeg,chest_xray_dataset\train\PNEUMONIA\person648_virus_1230.jpeg,992,784,L,2c9e5d560a3e21121a988163467e1ef7,person648,viral
train,PNEUMONIA,person649_bacteria_2541.jpeg,chest_xray_dataset\train\PNEUMONIA\person649_bacteria_2541.jpeg,936,760,L,352b2b7793d180d47be95165c1300728,person649,bacterial
train,PNEUMONIA,person649_virus_1231.jpeg,chest_xray_dataset\train\PNEUMONIA\person649_virus_1231.jpeg,1192,864,L,8ca27a9f3b820c84f1aaa9c713ddd340,person649,viral
train,PNEUMONIA,person64_bacteria_310.jpeg,chest_xray_dataset\train\PNEUMONIA\person64_bacteria_310.jpeg,856,464,L,98453cd22925630d15000f60b35511de,person64,bacterial
train,PNEUMONIA,person64_bacteria_312.jpeg,chest_xray_dataset\train\PNEUMONIA\person64_bacteria_312.jpeg,848,504,L,518120ca9f9afb11fda135773955f3e3,person64,bacterial
train,PNEUMONIA,person64_bacteria_316.jpeg,chest_xray_dataset\train\PNEUMONIA\person64_bacteria_316.jpeg,1287,653,RGB,c0cf6ae855147c9ac6a875ebc93613bb,person64,bacterial
train,PNEUMONIA,person64_bacteria_317.jpeg,chest_xray_dataset\train\PNEUMONIA\person64_bacteria_317.jpeg,828,485,RGB,0eb220bf4b50b596287939e1512980ca,person64,bacterial
train,PNEUMONIA,person64_bacteria_318.jpeg,chest_xray_dataset\train\PNEUMONIA\person64_bacteria_318.jpeg,846,468,RGB,a8a20774f8160c2a8e09b6e94b490291,person64,bacterial
train,PNEUMONIA,person64_bacteria_319.jpeg,chest_xray_dataset\train\PNEUMONIA\person64_bacteria_319.jpeg,864,535,RGB,fc7f690dbb9262252a28e5b265caa7b3,person64,bacterial
train,PNEUMONIA,person64_bacteria_320.jpeg,chest_xray_dataset\train\PNEUMONIA\person64_bacteria_320.jpeg,990,614,RGB,f6c1e91d34e1ab68f1daa3f8887810df,person64,bacterial
train,PNEUMONIA,person650_bacteria_2542.jpeg,chest_xray_dataset\train\PNEUMONIA\person650_bacteria_2542.jpeg,936,624,L,9aab20a0089f2def3b78054e0107d269,person650,bacterial
train,PNEUMONIA,person650_virus_1232.jpeg,chest_xray_dataset\train\PNEUMONIA\person650_virus_1232.jpeg,1248,664,L,a6b52e7916c15702e5dea17b30284154,person650,viral
train,PNEUMONIA,person651_bacteria_2543.jpeg,chest_xray_dataset\train\PNEUMONIA\person651_bacteria_2543.jpeg,904,560,L,5ee7469013c2546b8183b17f0e73ce92,person651,bacterial
train,PNEUMONIA,person652_bacteria_2544.jpeg,chest_xray_dataset\train\PNEUMONIA\person652_bacteria_2544.jpeg,1392,901,L,1afa04ae90c4693274249356a5a31b05,person652,bacterial
train,PNEUMONIA,person652_virus_1234.jpeg,chest_xray_dataset\train\PNEUMONIA\person652_virus_1234.jpeg,1176,744,L,d3a68f29d6935575ee3f047415dfcb44,person652,viral
train,PNEUMONIA,person653_bacteria_2545.jpeg,chest_xray_dataset\train\PNEUMONIA\person653_bacteria_2545.jpeg,1136,784,L,6c79ce0a5fea8d4bcc5797df0e604b34,person653,bacterial
train,PNEUMONIA,person653_virus_1235.jpeg,chest_xray_dataset\train\PNEUMONIA\person653_virus_1235.jpeg,1224,888,L,4ceaa6a5393e7def65d9e807b8030291,person653,viral
train,PNEUMONIA,person654_bacteria_2546.jpeg,chest_xray_dataset\train\PNEUMONIA\person654_bacteria_2546.jpeg,1160,824,L,c4af12b60f4f002ba5c0f41c2a919759,person654,bacterial
train,PNEUMONIA,person655_bacteria_2547.jpeg,chest_xray_dataset\train\PNEUMONIA\person655_bacteria_2547.jpeg,1008,704,L,194aa51d215318bfecc20580aa8cff6f,person655,bacterial
train,PNEUMONIA,person656_bacteria_2548.jpeg,chest_xray_dataset\train\PNEUMONIA\person656_bacteria_2548.jpeg,1144,592,L,4a584cf310ddbdf9f16c6531f6ef794d,person656,bacterial
train,PNEUMONIA,person656_virus_1238.jpeg,chest_xray_dataset\train\PNEUMONIA\person656_virus_1238.jpeg,1568,1096,L,7a94d6ddc062929ca0020def2aebe5b6,person656,viral
train,PNEUMONIA,person657_bacteria_2549.jpeg,chest_xray_dataset\train\PNEUMONIA\person657_bacteria_2549.jpeg,1226,655,L,fd79f608ba53a9e5f203581037a9bd96,person657,bacterial
train,PNEUMONIA,person657_virus_1240.jpeg,chest_xray_dataset\train\PNEUMONIA\person657_virus_1240.jpeg,1616,912,L,82fc41d6090f38ad810a092cd9be668b,person657,viral
train,PNEUMONIA,person658_bacteria_2550.jpeg,chest_xray_dataset\train\PNEUMONIA\person658_bacteria_2550.jpeg,864,544,L,868cdd782e8b61bef1357159cf1f0f99,person658,bacterial
train,PNEUMONIA,person658_virus_1241.jpeg,chest_xray_dataset\train\PNEUMONIA\person658_virus_1241.jpeg,1392,912,L,9d29b48d9a4263d00f4c9c43ec465ab4,person658,viral
train,PNEUMONIA,person659_bacteria_2551.jpeg,chest_xray_dataset\train\PNEUMONIA\person659_bacteria_2551.jpeg,992,608,L,3f514c1d87b2689e60b03d7cdacf41d6,person659,bacterial
train,PNEUMONIA,person659_virus_1243.jpeg,chest_xray_dataset\train\PNEUMONIA\person659_virus_1243.jpeg,1432,1160,L,52f3ad62d92b0960d2ce11e833f92ba7,person659,viral
train,PNEUMONIA,person65_bacteria_322.jpeg,chest_xray_dataset\train\PNEUMONIA\person65_bacteria_322.jpeg,1189,720,RGB,04f86dc02b97bf8f6f0e8a37377485be,person65,bacterial
train,PNEUMONIA,person660_bacteria_2552.jpeg,chest_xray_dataset\train\PNEUMONIA\person660_bacteria_2552.jpeg,1024,624,L,f36ca1b5da665f2001f5d3f44704fa3f,person660,bacterial
train,PNEUMONIA,person660_virus_1244.jpeg,chest_xray_dataset\train\PNEUMONIA\person660_virus_1244.jpeg,1232,848,L,d1e59192491ec4eca1b80fef432872ae,person660,viral
train,PNEUMONIA,person661_bacteria_2553.jpeg,chest_xray_dataset\train\PNEUMONIA\person661_bacteria_2553.jpeg,864,480,L,beadc048bd28215f17d38e160e82e138,person661,bacterial
train,PNEUMONIA,person661_virus_1245.jpeg,chest_xray_dataset\train\PNEUMONIA\person661_virus_1245.jpeg,1264,896,L,2e8e652465028b87e7538fabecbc9afa,person661,viral
train,PNEUMONIA,person662_bacteria_2554.jpeg,chest_xray_dataset\train\PNEUMONIA\person662_bacteria_2554.jpeg,928,656,L,87ca5aa088a3b1c4a1b1a51060194553,person662,bacterial
train,PNEUMONIA,person662_virus_1246.jpeg,chest_xray_dataset\train\PNEUMONIA\person662_virus_1246.jpeg,1552,1224,L,53f14f319a6882f8832bd0fd1f777710,person662,viral
train,PNEUMONIA,person663_bacteria_2555.jpeg,chest_xray_dataset\train\PNEUMONIA\person663_bacteria_2555.jpeg,1164,809,L,f3a5c6597d80e59d759155c8bde1cdc1,person663,bacterial
train,PNEUMONIA,person663_virus_1247.jpeg,chest_xray_dataset\train\PNEUMONIA\person663_virus_1247.jpeg,1104,684,RGB,2b3eb82646f928b78244accd49e5259f,person663,viral
train,PNEUMONIA,person663_virus_1248.jpeg,chest_xray_dataset\train\PNEUMONIA\person663_virus_1248.jpeg,1216,872,L,803d7e360e9d5cd12140e80b0cb8b0cf,person663,viral
train,PNEUMONIA,person664_virus_1249.jpeg,chest_xray_dataset\train\PNEUMONIA\person664_virus_1249.jpeg,1464,1296,L,e61b85ccf319d6afc1846431d92c3b68,person664,viral
train,PNEUMONIA,person665_bacteria_2557.jpeg,chest_xray_dataset\train\PNEUMONIA\person665_bacteria_2557.jpeg,1080,720,L,7127a222027f2c9361060c19b3082395,person665,bacterial
train,PNEUMONIA,person665_virus_1250.jpeg,chest_xray_dataset\train\PNEUMONIA\person665_virus_1250.jpeg,952,544,L,9d3f129d9a6973532876946c9012b276,person665,viral
train,PNEUMONIA,person666_bacteria_2558.jpeg,chest_xray_dataset\train\PNEUMONIA\person666_bacteria_2558.jpeg,1320,792,L,ff0a2c80542c8195384fb45103976f51,person666,bacterial
train,PNEUMONIA,person666_virus_1251.jpeg,chest_xray_dataset\train\PNEUMONIA\person666_virus_1251.jpeg,936,684,RGB,27719f6f00e05613a84f52be0e11504a,person666,viral
train,PNEUMONIA,person667_virus_1252.jpeg,chest_xray_dataset\train\PNEUMONIA\person667_virus_1252.jpeg,1520,968,L,b24bf44679033bc0f1b06d536f2bcf2b,person667,viral
train,PNEUMONIA,person667_virus_1253.jpeg,chest_xray_dataset\train\PNEUMONIA\person667_virus_1253.jpeg,1528,1120,L,5187ab6d9d6857b71dfbd2d3729ea078,person667,viral
train,PNEUMONIA,person669_bacteria_2561.jpeg,chest_xray_dataset\train\PNEUMONIA\person669_bacteria_2561.jpeg,1016,576,L,6663f580f307f609cba271039abfdc4c,person669,bacterial
train,PNEUMONIA,person669_bacteria_2562.jpeg,chest_xray_dataset\train\PNEUMONIA\person669_bacteria_2562.jpeg,976,552,L,0b3490b47a7ba8084c8ecfc25d08bb6b,person669,bacterial
train,PNEUMONIA,person669_virus_1255.jpeg,chest_xray_dataset\train\PNEUMONIA\person669_virus_1255.jpeg,929,435,RGB,78ba8d4ffc797cf6432c6f7672dfcf99,person669,viral
train,PNEUMONIA,person66_bacteria_323.jpeg,chest_xray_dataset\train\PNEUMONIA\person66_bacteria_323.jpeg,944,608,L,3a49cb80a8fb9e02894da7893b3e28e0,person66,bacterial
train,PNEUMONIA,person66_bacteria_324.jpeg,chest_xray_dataset\train\PNEUMONIA\person66_bacteria_324.jpeg,1016,656,L,f9eb492168fcbca1cb5589978b9803bc,person66,bacterial
train,PNEUMONIA,person66_bacteria_325.jpeg,chest_xray_dataset\train\PNEUMONIA\person66_bacteria_325.jpeg,904,560,L,b21d99abaca619fb77d2e896598c9e64,person66,bacterial
train,PNEUMONIA,person66_bacteria_326.jpeg,chest_xray_dataset\train\PNEUMONIA\person66_bacteria_326.jpeg,1176,728,L,fc096d3c92a54233049db1784232be0f,person66,bacterial
train,PNEUMONIA,person670_bacteria_2563.jpeg,chest_xray_dataset\train\PNEUMONIA\person670_bacteria_2563.jpeg,992,736,L,d077d29c46b112474b387d2fe30783a3,person670,bacterial
train,PNEUMONIA,person670_virus_1256.jpeg,chest_xray_dataset\train\PNEUMONIA\person670_virus_1256.jpeg,877,523,RGB,207735f0821d93231f722cac80f499b9,person670,viral
train,PNEUMONIA,person670_virus_1259.jpeg,chest_xray_dataset\train\PNEUMONIA\person670_virus_1259.jpeg,810,391,RGB,8c5effa293af302f68fb61d63a5f2811,person670,viral
train,PNEUMONIA,person671_bacteria_2564.jpeg,chest_xray_dataset\train\PNEUMONIA\person671_bacteria_2564.jpeg,832,528,L,02f406e8e1774c82092329a7a774fad5,person671,bacterial
train,PNEUMONIA,person671_virus_1260.jpeg,chest_xray_dataset\train\PNEUMONIA\person671_virus_1260.jpeg,856,577,RGB,e9c930aa3e6b3d0e9f2908eea3e29093,person671,viral
train,PNEUMONIA,person672_bacteria_2565.jpeg,chest_xray_dataset\train\PNEUMONIA\person672_bacteria_2565.jpeg,1064,632,L,03fa002c367c87f64026adfbc0ddfc20,person672,bacterial
train,PNEUMONIA,person672_virus_1261.jpeg,chest_xray_dataset\train\PNEUMONIA\person672_virus_1261.jpeg,1408,872,L,854d64ccf8ca2fa01c6c8fd2d4acc0d9,person672,viral
train,PNEUMONIA,person673_bacteria_2566.jpeg,chest_xray_dataset\train\PNEUMONIA\person673_bacteria_2566.jpeg,848,552,L,2586e9e3409d48f9da35f2fc787a26ec,person673,bacterial
train,PNEUMONIA,person673_virus_1263.jpeg,chest_xray_dataset\train\PNEUMONIA\person673_virus_1263.jpeg,1624,1128,L,a08f8d6959f9023c1a2d6b53b9883e61,person673,viral
train,PNEUMONIA,person674_bacteria_2568.jpeg,chest_xray_dataset\train\PNEUMONIA\person674_bacteria_2568.jpeg,1381,1044,L,1339c4bad5f46266ac129b643939b7dd,person674,bacterial
train,PNEUMONIA,person675_bacteria_2569.jpeg,chest_xray_dataset\train\PNEUMONIA\person675_bacteria_2569.jpeg,705,373,RGB,f434fe5f06b72a499ecef0c5ebb26e4d,person675,bacterial
train,PNEUMONIA,person677_bacteria_2571.jpeg,chest_xray_dataset\train\PNEUMONIA\person677_bacteria_2571.jpeg,944,696,L,377428c417c4b93cedbabe46dd693645,person677,bacterial
train,PNEUMONIA,person677_virus_1268.jpeg,chest_xray_dataset\train\PNEUMONIA\person677_virus_1268.jpeg,1144,632,L,14b395a4217fe485a7e362bd4853a61c,person677,viral
train,PNEUMONIA,person678_bacteria_2572.jpeg,chest_xray_dataset\train\PNEUMONIA\person678_bacteria_2572.jpeg,1790,1145,L,65aa8247a7a02284b435bd13caecfc2e,person678,bacterial
train,PNEUMONIA,person679_virus_1270.jpeg,chest_xray_dataset\train\PNEUMONIA\person679_virus_1270.jpeg,1496,1040,L,7e4ff7a0d287e6530e8a2916ce35b159,person679,viral
train,PNEUMONIA,person67_bacteria_328.jpeg,chest_xray_dataset\train\PNEUMONIA\person67_bacteria_328.jpeg,848,488,L,7f456d480bd92a33cfa28f0d059b7f16,person67,bacterial
train,PNEUMONIA,person67_bacteria_329.jpeg,chest_xray_dataset\train\PNEUMONIA\person67_bacteria_329.jpeg,792,448,L,855be8221d6d2f8dd27aa930029cc8e0,person67,bacterial
train,PNEUMONIA,person67_bacteria_330.jpeg,chest_xray_dataset\train\PNEUMONIA\person67_bacteria_330.jpeg,832,440,L,424ea26a7b58a34d05ad7ee044c61a49,person67,bacterial
train,PNEUMONIA,person67_bacteria_331.jpeg,chest_xray_dataset\train\PNEUMONIA\person67_bacteria_331.jpeg,832,568,L,331dd639334f5139d3643d0265f5d0c1,person67,bacterial
train,PNEUMONIA,person67_bacteria_332.jpeg,chest_xray_dataset\train\PNEUMONIA\person67_bacteria_332.jpeg,728,392,L,3b3def03a5a2c22d0dca76e81b81b0f1,person67,bacterial
train,PNEUMONIA,person67_bacteria_333.jpeg,chest_xray_dataset\train\PNEUMONIA\person67_bacteria_333.jpeg,664,472,L,c003b462a094f12f1edc9b8b645f5e99,person67,bacterial
train,PNEUMONIA,person67_bacteria_334.jpeg,chest_xray_dataset\train\PNEUMONIA\person67_bacteria_334.jpeg,948,542,L,ebb68d0731166f4bc7e3b2c84f075ae7,person67,bacterial
train,PNEUMONIA,person680_bacteria_2575.jpeg,chest_xray_dataset\train\PNEUMONIA\person680_bacteria_2575.jpeg,789,469,RGB,60f5dd8f97773acc0521ab729ced439e,person680,bacterial
train,PNEUMONIA,person681_bacteria_2576.jpeg,chest_xray_dataset\train\PNEUMONIA\person681_bacteria_2576.jpeg,1172,859,L,6c41f732941fcb6d73b558ad9120550a,person681,bacterial
train,PNEUMONIA,person681_virus_1272.jpeg,chest_xray_dataset\train\PNEUMONIA\person681_virus_1272.jpeg,1072,800,L,94bb03e2fdde43a3be42e10c6471eea8,person681,viral
train,PNEUMONIA,person682_virus_1273.jpeg,chest_xray_dataset\train\PNEUMONIA\person682_virus_1273.jpeg,1384,792,L,2ec90522644824b7fa4ddfd37c18c542,person682,viral
train,PNEUMONIA,person683_bacteria_2578.jpeg,chest_xray_dataset\train\PNEUMONIA\person683_bacteria_2578.jpeg,1408,992,L,44b3639974f81cbb78fb86868982ede5,person683,bacterial
train,PNEUMONIA,person684_bacteria_2580.jpeg,chest_xray_dataset\train\PNEUMONIA\person684_bacteria_2580.jpeg,1128,704,L,cd4f5ff82e1c5a44bab9a254bf2f1dd5,person684,bacterial
train,PNEUMONIA,person684_virus_1275.jpeg,chest_xray_dataset\train\PNEUMONIA\person684_virus_1275.jpeg,1256,880,L,d3abd9e3fa63119aa09f0caa33fa7afa,person684,viral
train,PNEUMONIA,person685_bacteria_2581.jpeg,chest_xray_dataset\train\PNEUMONIA\person685_bacteria_2581.jpeg,1112,688,L,30e6a829d58da65bc114cc4e1f0d8b14,person685,bacterial
train,PNEUMONIA,person687_bacteria_2583.jpeg,chest_xray_dataset\train\PNEUMONIA\person687_bacteria_2583.jpeg,948,763,L,99c642e1771c248f7d8542bb7d573847,person687,bacterial
train,PNEUMONIA,person688_bacteria_2584.jpeg,chest_xray_dataset\train\PNEUMONIA\person688_bacteria_2584.jpeg,872,528,L,7c314a59018435075804341cb2f2dd7d,person688,bacterial
train,PNEUMONIA,person688_virus_1281.jpeg,chest_xray_dataset\train\PNEUMONIA\person688_virus_1281.jpeg,1136,1024,L,6438db6b162d478c8109e020c3c61b0d,person688,viral
train,PNEUMONIA,person688_virus_1282.jpeg,chest_xray_dataset\train\PNEUMONIA\person688_virus_1282.jpeg,1136,1024,L,6438db6b162d478c8109e020c3c61b0d,person688,viral
train,PNEUMONIA,person689_bacteria_2585.jpeg,chest_xray_dataset\train\PNEUMONIA\person689_bacteria_2585.jpeg,992,736,L,2867ca386c3936d8abb83e8db5322a18,person689,bacterial
train,PNEUMONIA,person689_bacteria_2586.jpeg,chest_xray_dataset\train\PNEUMONIA\person689_bacteria_2586.jpeg,1000,728,L,2a2cb94664c494484914bd9dc5d05a7c,person689,bacterial
train,PNEUMONIA,person68_bacteria_335.jpeg,chest_xray_dataset\train\PNEUMONIA\person68_bacteria_335.jpeg,1032,824,L,81a8e182395d1a8376cd06dba6f1b4f0,person68,bacterial
train,PNEUMONIA,person68_bacteria_336.jpeg,chest_xray_dataset\train\PNEUMONIA\person68_bacteria_336.jpeg,1148,805,L,a93f388580c919092d8bd4d0094791e8,person68,bacterial
train,PNEUMONIA,person68_bacteria_337.jpeg,chest_xray_dataset\train\PNEUMONIA\person68_bacteria_337.jpeg,1222,886,L,c4205606f24a0694a4593618d7b96449,person68,bacterial
train,PNEUMONIA,person690_bacteria_2587.jpeg,chest_xray_dataset\train\PNEUMONIA\person690_bacteria_2587.jpeg,800,640,L,33173ac456b554d4898d34eb98f20d69,person690,bacterial
train,PNEUMONIA,person691_bacteria_2588.jpeg,chest_xray_dataset\train\PNEUMONIA\person691_bacteria_2588.jpeg,920,552,L,e357114bdabd25d64fa863047331aaf7,person691,bacterial
train,PNEUMONIA,person692_bacteria_2589.jpeg,chest_xray_dataset\train\PNEUMONIA\person692_bacteria_2589.jpeg,992,800,L,65d6a378716dfc9c9efae4a15274f0d7,person692,bacterial
train,PNEUMONIA,person692_virus_1286.jpeg,chest_xray_dataset\train\PNEUMONIA\person692_virus_1286.jpeg,1240,912,L,1eaf5f7b8f5d0676ea024beb0ae6efb1,person692,viral
train,PNEUMONIA,person693_bacteria_2590.jpeg,chest_xray_dataset\train\PNEUMONIA\person693_bacteria_2590.jpeg,1008,640,L,dd6ed5edaff2b3aff28e9e2c372a009a,person693,bacterial
train,PNEUMONIA,person696_bacteria_2594.jpeg,chest_xray_dataset\train\PNEUMONIA\person696_bacteria_2594.jpeg,823,459,RGB,4700ada2abd26631fdbb416650287452,person696,bacterial
train,PNEUMONIA,person698_virus_1294.jpeg,chest_xray_dataset\train\PNEUMONIA\person698_virus_1294.jpeg,1192,808,L,bd11c2e73ba2095ffdd1fe06268c64e5,person698,viral
train,PNEUMONIA,person699_bacteria_2598.jpeg,chest_xray_dataset\train\PNEUMONIA\person699_bacteria_2598.jpeg,984,648,L,a537ec71431b3db7cd67d1561d0d7ef7,person699,bacterial
train,PNEUMONIA,person699_virus_1295.jpeg,chest_xray_dataset\train\PNEUMONIA\person699_virus_1295.jpeg,1016,632,L,cb329cf01983bef29aa6045a5a883d83,person699,viral
train,PNEUMONIA,person69_bacteria_338.jpeg,chest_xray_dataset\train\PNEUMONIA\person69_bacteria_338.jpeg,850,560,RGB,e7c99aa25e238814b3dfc6bfb96da818,person69,bacterial
train,PNEUMONIA,person6_bacteria_22.jpeg,chest_xray_dataset\train\PNEUMONIA\person6_bacteria_22.jpeg,928,752,L,d661368c0700420e8682ce018500479f,person6,bacterial
train,PNEUMONIA,person700_bacteria_2599.jpeg,chest_xray_dataset\train\PNEUMONIA\person700_bacteria_2599.jpeg,1276,917,L,304eeb729484da87f21952334dbf6121,person700,bacterial
train,PNEUMONIA,person701_bacteria_2600.jpeg,chest_xray_dataset\train\PNEUMONIA\person701_bacteria_2600.jpeg,1658,1010,L,9ac7c6f53071923aa3914c9a42a96cd3,person701,bacterial
train,PNEUMONIA,person701_virus_1297.jpeg,chest_xray_dataset\train\PNEUMONIA\person701_virus_1297.jpeg,1504,1091,L,d1119e850c81a690e2511391349e1e64,person701,viral
train,PNEUMONIA,person702_bacteria_2601.jpeg,chest_xray_dataset\train\PNEUMONIA\person702_bacteria_2601.jpeg,992,600,L,efa434bf2957c14e4531a1ac9249e087,person702,bacterial
train,PNEUMONIA,person702_virus_1299.jpeg,chest_xray_dataset\train\PNEUMONIA\person702_virus_1299.jpeg,1836,1535,L,fd7ad759bb6ab4dd711cce7800eb2875,person702,viral
train,PNEUMONIA,person703_bacteria_2602.jpeg,chest_xray_dataset\train\PNEUMONIA\person703_bacteria_2602.jpeg,824,608,L,62481e3a646d56f070803c1ad38ef06b,person703,bacterial
train,PNEUMONIA,person703_virus_1300.jpeg,chest_xray_dataset\train\PNEUMONIA\person703_virus_1300.jpeg,1766,1403,L,c138da88311b3de3f94cf6038dcae386,person703,viral
train,PNEUMONIA,person704_bacteria_2603.jpeg,chest_xray_dataset\train\PNEUMONIA\person704_bacteria_2603.jpeg,936,624,L,44457df2c17cba57c04af50573ae6907,person704,bacterial
train,PNEUMONIA,person704_virus_1301.jpeg,chest_xray_dataset\train\PNEUMONIA\person704_virus_1301.jpeg,1136,728,L,29459c9cea37fe789a60a1273206a62c,person704,viral
train,PNEUMONIA,person705_virus_1302.jpeg,chest_xray_dataset\train\PNEUMONIA\person705_virus_1302.jpeg,1080,808,L,90f8a7647060203e3218d592a8ae0628,person705,viral
train,PNEUMONIA,person705_virus_1303.jpeg,chest_xray_dataset\train\PNEUMONIA\person705_virus_1303.jpeg,1016,816,L,d74e1b4fc740d46a408884f20b96692f,person705,viral
train,PNEUMONIA,person706_virus_1304.jpeg,chest_xray_dataset\train\PNEUMONIA\person706_virus_1304.jpeg,1474,1044,L,a7f864ac3fb472e251ff07655fd0f1c0,person706,viral
train,PNEUMONIA,person707_bacteria_2606.jpeg,chest_xray_dataset\train\PNEUMONIA\person707_bacteria_2606.jpeg,992,712,L,9e06fb71a499f204ee7c5576c103178b,person707,bacterial
train,PNEUMONIA,person707_virus_1305.jpeg,chest_xray_dataset\train\PNEUMONIA\person707_virus_1305.jpeg,1748,1202,L,1729ced7a17de511a6ac5885c0aa3c10,person707,viral
train,PNEUMONIA,person709_bacteria_2608.jpeg,chest_xray_dataset\train\PNEUMONIA\person709_bacteria_2608.jpeg,889,569,RGB,129701af297661def395e6bf80673062,person709,bacterial
train,PNEUMONIA,person70_bacteria_341.jpeg,chest_xray_dataset\train\PNEUMONIA\person70_bacteria_341.jpeg,952,600,L,0eede8db592619d16d171cf8a4d571c2,person70,bacterial
train,PNEUMONIA,person70_bacteria_342.jpeg,chest_xray_dataset\train\PNEUMONIA\person70_bacteria_342.jpeg,1016,560,L,1d3d0ccaa37a7c363388f24a9f2718ae,person70,bacterial
train,PNEUMONIA,person70_bacteria_343.jpeg,chest_xray_dataset\train\PNEUMONIA\person70_bacteria_343.jpeg,1016,560,L,dab68baf69109fd8f714e4262d25df86,person70,bacterial
train,PNEUMONIA,person70_bacteria_344.jpeg,chest_xray_dataset\train\PNEUMONIA\person70_bacteria_344.jpeg,896,488,L,5991c33488e1c476a010ed15a6180470,person70,bacterial
train,PNEUMONIA,person70_bacteria_345.jpeg,chest_xray_dataset\train\PNEUMONIA\person70_bacteria_345.jpeg,944,576,L,494d6f2de9e36be3bc35bf41db7b6247,person70,bacterial
train,PNEUMONIA,person70_bacteria_346.jpeg,chest_xray_dataset\train\PNEUMONIA\person70_bacteria_346.jpeg,1070,736,L,f6dceb42b141bb863f05767382e582ed,person70,bacterial
train,PNEUMONIA,person710_bacteria_2611.jpeg,chest_xray_dataset\train\PNEUMONIA\person710_bacteria_2611.jpeg,1214,739,L,c39fadc29ef4bcb38d2647fb7447f027,person710,bacterial
train,PNEUMONIA,person710_virus_1308.jpeg,chest_xray_dataset\train\PNEUMONIA\person710_virus_1308.jpeg,928,552,L,b00377527312dcf12b09e6317693c74f,person710,viral
train,PNEUMONIA,person711_bacteria_2612.jpeg,chest_xray_dataset\train\PNEUMONIA\person711_bacteria_2612.jpeg,1064,616,L,756a93947f49b6b96f8965f7cf878b9a,person711,bacterial
train,PNEUMONIA,person711_virus_1309.jpeg,chest_xray_dataset\train\PNEUMONIA\person711_virus_1309.jpeg,888,568,L,d0a18eef7b0bf7b767358c5505215828,person711,viral
train,PNEUMONIA,person712_bacteria_2613.jpeg,chest_xray_dataset\train\PNEUMONIA\person712_bacteria_2613.jpeg,944,784,L,a2179c8e95671ed4238f1d8c2ef5e0e1,person712,bacterial
train,PNEUMONIA,person712_virus_1310.jpeg,chest_xray_dataset\train\PNEUMONIA\person712_virus_1310.jpeg,645,462,RGB,86b9c05c0a6476c3273ed1ce867c0f3e,person712,viral
train,PNEUMONIA,person713_bacteria_2614.jpeg,chest_xray_dataset\train\PNEUMONIA\person713_bacteria_2614.jpeg,848,632,L,1a054080853fb8ecdebd97b49036bf3b,person713,bacterial
train,PNEUMONIA,person714_bacteria_2615.jpeg,chest_xray_dataset\train\PNEUMONIA\person714_bacteria_2615.jpeg,930,587,RGB,c9d63a12b303aa78d3b24b28e611f93c,person714,bacterial
train,PNEUMONIA,person716_bacteria_2617.jpeg,chest_xray_dataset\train\PNEUMONIA\person716_bacteria_2617.jpeg,856,512,L,7bc04f110e00719a672d06befbbe184e,person716,bacterial
train,PNEUMONIA,person716_virus_1314.jpeg,chest_xray_dataset\train\PNEUMONIA\person716_virus_1314.jpeg,800,608,L,55681b402db700575e3b44d688b13c10,person716,viral
train,PNEUMONIA,person717_bacteria_2618.jpeg,chest_xray_dataset\train\PNEUMONIA\person717_bacteria_2618.jpeg,800,552,L,311a4c478e7736eac29fc56553d84bfb,person717,bacterial
train,PNEUMONIA,person718_bacteria_2620.jpeg,chest_xray_dataset\train\PNEUMONIA\person718_bacteria_2620.jpeg,1974,1720,L,89479451598acb93b7bd4cf8245b890b,person718,bacterial
train,PNEUMONIA,person718_virus_1316.jpeg,chest_xray_dataset\train\PNEUMONIA\person718_virus_1316.jpeg,709,500,RGB,c0b4b768055f1618648a157a516b3c2c,person718,viral
train,PNEUMONIA,person719_bacteria_2621.jpeg,chest_xray_dataset\train\PNEUMONIA\person719_bacteria_2621.jpeg,912,712,L,14b238e42b530444d078e20dfee3c0cd,person719,bacterial
train,PNEUMONIA,person719_virus_1338.jpeg,chest_xray_dataset\train\PNEUMONIA\person719_virus_1338.jpeg,734,307,RGB,594d6d44d1e96a96f92048d1bf600782,person719,viral
train,PNEUMONIA,person71_bacteria_347.jpeg,chest_xray_dataset\train\PNEUMONIA\person71_bacteria_347.jpeg,1032,800,L,f0897eec2e939daa77d9c9c906e5388f,person71,bacterial
train,PNEUMONIA,person71_bacteria_348.jpeg,chest_xray_dataset\train\PNEUMONIA\person71_bacteria_348.jpeg,824,656,L,146a5ca10c7a5fa641da4a025eb6e4c2,person71,bacterial
train,PNEUMONIA,person71_bacteria_349.jpeg,chest_xray_dataset\train\PNEUMONIA\person71_bacteria_349.jpeg,928,656,L,c0b91047c60dd672ab8200d109ef1e30,person71,bacterial
train,PNEUMONIA,person71_bacteria_350.jpeg,chest_xray_dataset\train\PNEUMONIA\person71_bacteria_350.jpeg,952,664,L,cf1ade996ae6b2da3e4226f7e9fbb4ec,person71,bacterial
train,PNEUMONIA,person71_bacteria_351.jpeg,chest_xray_dataset\train\PNEUMONIA\person71_bacteria_351.jpeg,1056,925,L,24f1ab4d6f28e81ab80b32d4c7e87e3b,person71,bacterial
train,PNEUMONIA,person720_bacteria_2622.jpeg,chest_xray_dataset\train\PNEUMONIA\person720_bacteria_2622.jpeg,760,512,L,1aab4e8eb0f86fc6178686fd2d611572,person720,bacterial
train,PNEUMONIA,person720_virus_1339.jpeg,chest_xray_dataset\train\PNEUMONIA\person720_virus_1339.jpeg,1160,744,L,ef7ceafd34a17e248723cbc107bd42d7,person720,viral
train,PNEUMONIA,person721_bacteria_2623.jpeg,chest_xray_dataset\train\PNEUMONIA\person721_bacteria_2623.jpeg,816,584,L,331f1857476df601360bdbca5469a93b,person721,bacterial
train,PNEUMONIA,person721_virus_1340.jpeg,chest_xray_dataset\train\PNEUMONIA\person721_virus_1340.jpeg,1056,701,L,c62d78713866f76e761a346e7c289a27,person721,viral
train,PNEUMONIA,person722_virus_1341.jpeg,chest_xray_dataset\train\PNEUMONIA\person722_virus_1341.jpeg,1430,921,L,0459c31a07e697f7aeda418f07c386d2,person722,viral
train,PNEUMONIA,person723_bacteria_2625.jpeg,chest_xray_dataset\train\PNEUMONIA\person723_bacteria_2625.jpeg,1008,664,L,8f6d5a06f73d813adf024de39c5e0377,person723,bacterial
train,PNEUMONIA,person723_virus_1342.jpeg,chest_xray_dataset\train\PNEUMONIA\person723_virus_1342.jpeg,1776,1210,L,2faf9cec41689f311adbff1977922b4c,person723,viral
train,PNEUMONIA,person724_bacteria_2626.jpeg,chest_xray_dataset\train\PNEUMONIA\person724_bacteria_2626.jpeg,848,584,L,cb9baabe2c4c063531273e7d4dbbd0ae,person724,bacterial
train,PNEUMONIA,person724_virus_1343.jpeg,chest_xray_dataset\train\PNEUMONIA\person724_virus_1343.jpeg,904,672,L,64f78fe2f05665e08821f51fa911e1a1,person724,viral
train,PNEUMONIA,person724_virus_1344.jpeg,chest_xray_dataset\train\PNEUMONIA\person724_virus_1344.jpeg,1024,528,L,9877f7edc69c0b5bb685dba25e4f567a,person724,viral
train,PNEUMONIA,person725_bacteria_2627.jpeg,chest_xray_dataset\train\PNEUMONIA\person725_bacteria_2627.jpeg,1224,880,L,b9576f20fff5b051c65476f0938bd265,person725,bacterial
train,PNEUMONIA,person726_bacteria_2628.jpeg,chest_xray_dataset\train\PNEUMONIA\person726_bacteria_2628.jpeg,768,480,L,f15c571a4ab7a3327870e8bc75e1c7e3,person726,bacterial
train,PNEUMONIA,person727_bacteria_2629.jpeg,chest_xray_dataset\train\PNEUMONIA\person727_bacteria_2629.jpeg,1180,1025,L,6f0658384fe9113653a5d49b9dd137ea,person727,bacterial
train,PNEUMONIA,person727_virus_1347.jpeg,chest_xray_dataset\train\PNEUMONIA\person727_virus_1347.jpeg,1364,1242,L,f2900ab0b87e6288e0cd9108531516e9,person727,viral
train,PNEUMONIA,person728_bacteria_2630.jpeg,chest_xray_dataset\train\PNEUMONIA\person728_bacteria_2630.jpeg,1000,528,L,f19d670a6789a0f1fb10db67ee72020a,person728,bacterial
train,PNEUMONIA,person72_bacteria_352.jpeg,chest_xray_dataset\train\PNEUMONIA\person72_bacteria_352.jpeg,1320,1056,L,eb3b0e18e556bff3ef56acdc4a8f6350,person72,bacterial
train,PNEUMONIA,person72_bacteria_353.jpeg,chest_xray_dataset\train\PNEUMONIA\person72_bacteria_353.jpeg,1256,960,L,a1fe9e8bdd209ab0281dc5b3db3b06de,person72,bacterial
train,PNEUMONIA,person72_bacteria_354.jpeg,chest_xray_dataset\train\PNEUMONIA\person72_bacteria_354.jpeg,1500,1152,L,afaa68d23d0b06335973787b03fb30fb,person72,bacterial
train,PNEUMONIA,person730_bacteria_2632.jpeg,chest_xray_dataset\train\PNEUMONIA\person730_bacteria_2632.jpeg,1176,760,L,057b6954837e7d837665e2f2c499622c,person730,bacterial
train,PNEUMONIA,person730_virus_1351.jpeg,chest_xray_dataset\train\PNEUMONIA\person730_virus_1351.jpeg,1584,1184,L,e234ed9000c1f0305625f48a6dd4bad2,person730,viral
train,PNEUMONIA,person731_bacteria_2633.jpeg,chest_xray_dataset\train\PNEUMONIA\person731_bacteria_2633.jpeg,1008,680,L,693542964144fda27daa6f5a766240fb,person731,bacterial
train,PNEUMONIA,person731_virus_1352.jpeg,chest_xray_dataset\train\PNEUMONIA\person731_virus_1352.jpeg,1985,1533,L,af82a97537be10871c794fc663f3b07b,person731,viral
train,PNEUMONIA,person732_bacteria_2634.jpeg,chest_xray_dataset\train\PNEUMONIA\person732_bacteria_2634.jpeg,1360,1016,L,1f4113fed412087cfdeece909d970ad3,person732,bacterial
train,PNEUMONIA,person732_virus_1353.jpeg,chest_xray_dataset\train\PNEUMONIA\person732_virus_1353.jpeg,1098,651,L,5f993ff556d415d07db8153fd7bf8635,person732,viral
train,PNEUMONIA,person733_bacteria_2635.jpeg,chest_xray_dataset\train\PNEUMONIA\person733_bacteria_2635.jpeg,1216,928,L,8cbeac5b866dd9bba204db1eac13c99b,person733,bacterial
train,PNEUMONIA,person734_bacteria_2637.jpeg,chest_xray_dataset\train\PNEUMONIA\person734_bacteria_2637.jpeg,1400,898,L,227fda8680f4743193958e6ddf271c4b,person734,bacterial
train,PNEUMONIA,person734_virus_1355.jpeg,chest_xray_dataset\train\PNEUMONIA\person734_virus_1355.jpeg,985,585,RGB,3c852255bd529f0972bf1bcac060c809,person734,viral
train,PNEUMONIA,person735_bacteria_2638.jpeg,chest_xray_dataset\train\PNEUMONIA\person735_bacteria_2638.jpeg,1589,1044,L,33b82a0dea4348ba0c47315db2cd36ad,person735,bacterial
train,PNEUMONIA,person735_virus_1356.jpeg,chest_xray_dataset\train\PNEUMONIA\person735_virus_1356.jpeg,1276,947,L,9a23807567ef5a206f2d7401c1351374,person735,viral
train,PNEUMONIA,person736_bacteria_2639.jpeg,chest_xray_dataset\train\PNEUMONIA\person736_bacteria_2639.jpeg,800,512,L,9b7d5558fa345689fc066328665deb7f,person736,bacterial
train,PNEUMONIA,person736_virus_1358.jpeg,chest_xray_dataset\train\PNEUMONIA\person736_virus_1358.jpeg,982,573,RGB,0114f13efe81e9e093bc1339e6865a3f,person736,viral
train,PNEUMONIA,person737_bacteria_2640.jpeg,chest_xray_dataset\train\PNEUMONIA\person737_bacteria_2640.jpeg,880,552,L,b425999cbad960c60986997b4697e9e5,person737,bacterial
train,PNEUMONIA,person738_bacteria_2641.jpeg,chest_xray_dataset\train\PNEUMONIA\person738_bacteria_2641.jpeg,976,704,L,02c5a742eeb2335ac21e99c7794e0c9c,person738,bacterial
train,PNEUMONIA,person738_virus_1360.jpeg,chest_xray_dataset\train\PNEUMONIA\person738_virus_1360.jpeg,1662,1083,L,de494bf46e230489479232dc03c6779a,person738,viral
train,PNEUMONIA,person739_bacteria_2642.jpeg,chest_xray_dataset\train\PNEUMONIA\person739_bacteria_2642.jpeg,1040,752,L,aa736a6dedf62753199eeaa7e2360ad8,person739,bacterial
train,PNEUMONIA,person739_virus_1361.jpeg,chest_xray_dataset\train\PNEUMONIA\person739_virus_1361.jpeg,883,559,RGB,d02c4496c0b64fb67fba32897f7e7b23,person739,viral
train,PNEUMONIA,person73_bacteria_355.jpeg,chest_xray_dataset\train\PNEUMONIA\person73_bacteria_355.jpeg,1152,944,L,dcef57f578fa3f780c16438714d49f4a,person73,bacterial
train,PNEUMONIA,person73_bacteria_356.jpeg,chest_xray_dataset\train\PNEUMONIA\person73_bacteria_356.jpeg,1024,696,L,001cb50c64fe59e1bc2d8b3fc6c905c0,person73,bacterial
train,PNEUMONIA,person73_bacteria_357.jpeg,chest_xray_dataset\train\PNEUMONIA\person73_bacteria_357.jpeg,1048,752,L,53f16ced0abf386fb32f40f2afe9836f,person73,bacterial
train,PNEUMONIA,person73_bacteria_358.jpeg,chest_xray_dataset\train\PNEUMONIA\person73_bacteria_358.jpeg,1032,856,L,c18f84e1832782dc5a73e2fdb0d39de5,person73,bacterial
train,PNEUMONIA,person73_bacteria_359.jpeg,chest_xray_dataset\train\PNEUMONIA\person73_bacteria_359.jpeg,1272,896,L,15434552225c2b78e4b85632d83944f9,person73,bacterial
train,PNEUMONIA,person73_bacteria_360.jpeg,chest_xray_dataset\train\PNEUMONIA\person73_bacteria_360.jpeg,1298,971,L,52fe03701705f4e30c4a22ebdc0c34ae,person73,bacterial
train,PNEUMONIA,person740_bacteria_2643.jpeg,chest_xray_dataset\train\PNEUMONIA\person740_bacteria_2643.jpeg,838,498,RGB,f8de6d92f6fa7e176849f34b0125c4d9,person740,bacterial
train,PNEUMONIA,person740_virus_1362.jpeg,chest_xray_dataset\train\PNEUMONIA\person740_virus_1362.jpeg,1040,504,L,ea9747891b6508b8646fd49648f09cea,person740,viral
train,PNEUMONIA,person740_virus_1363.jpeg,chest_xray_dataset\train\PNEUMONIA\person740_virus_1363.jpeg,952,528,L,7c34d5afb5070ecef5d62fab0e761ad5,person740,viral
train,PNEUMONIA,person741_bacteria_2644.jpeg,chest_xray_dataset\train\PNEUMONIA\person741_bacteria_2644.jpeg,1320,840,L,a602edab2afc00873177ca97b3bd8e9d,person741,bacterial
train,PNEUMONIA,person741_virus_1364.jpeg,chest_xray_dataset\train\PNEUMONIA\person741_virus_1364.jpeg,984,552,L,3c3d0eb40831c477ab0c6e18ecdfa9c2,person741,viral
train,PNEUMONIA,person742_virus_1365.jpeg,chest_xray_dataset\train\PNEUMONIA\person742_virus_1365.jpeg,928,432,L,7506ff12258682cfa973ff71ba4fa3cf,person742,viral
train,PNEUMONIA,person743_bacteria_2646.jpeg,chest_xray_dataset\train\PNEUMONIA\person743_bacteria_2646.jpeg,984,760,L,a4435689a339d49a74fd3b53fdc35824,person743,bacterial
train,PNEUMONIA,person743_virus_1366.jpeg,chest_xray_dataset\train\PNEUMONIA\person743_virus_1366.jpeg,920,736,L,c63b7a4d0db6f9c6430f9010e55c3636,person743,viral
train,PNEUMONIA,person744_bacteria_2647.jpeg,chest_xray_dataset\train\PNEUMONIA\person744_bacteria_2647.jpeg,1040,724,L,ab0c92e4ab35168db78f3a16f50d8217,person744,bacterial
train,PNEUMONIA,person744_virus_1367.jpeg,chest_xray_dataset\train\PNEUMONIA\person744_virus_1367.jpeg,1048,685,L,070a9eed694d42f764114267dcc9e5be,person744,viral
train,PNEUMONIA,person745_bacteria_2648.jpeg,chest_xray_dataset\train\PNEUMONIA\person745_bacteria_2648.jpeg,1322,890,L,e5987db831015b99322a2eb3efb77d9f,person745,bacterial
train,PNEUMONIA,person745_virus_1368.jpeg,chest_xray_dataset\train\PNEUMONIA\person745_virus_1368.jpeg,942,674,RGB,b2921b809069ae62bfca2a5487553493,person745,viral
train,PNEUMONIA,person746_bacteria_2649.jpeg,chest_xray_dataset\train\PNEUMONIA\person746_bacteria_2649.jpeg,1002,535,L,5ec185a23965c02bd0481aed39ba201a,person746,bacterial
train,PNEUMONIA,person746_virus_1369.jpeg,chest_xray_dataset\train\PNEUMONIA\person746_virus_1369.jpeg,895,516,RGB,b21e434c6b8bc04ef8869e35da466b3c,person746,viral
train,PNEUMONIA,person747_bacteria_2650.jpeg,chest_xray_dataset\train\PNEUMONIA\person747_bacteria_2650.jpeg,1000,792,L,50ec376832059651c0fe295bc30d8161,person747,bacterial
train,PNEUMONIA,person747_virus_1370.jpeg,chest_xray_dataset\train\PNEUMONIA\person747_virus_1370.jpeg,856,568,L,cd53e5a6325f890981ab056e1a8c4b4a,person747,viral
train,PNEUMONIA,person747_virus_1372.jpeg,chest_xray_dataset\train\PNEUMONIA\person747_virus_1372.jpeg,944,632,L,979a08165db60f3e943d5744f6c5407f,person747,viral
train,PNEUMONIA,person748_virus_1373.jpeg,chest_xray_dataset\train\PNEUMONIA\person748_virus_1373.jpeg,992,608,L,f89a3ada7de1215650a360438120af7b,person748,viral
train,PNEUMONIA,person749_bacteria_2652.jpeg,chest_xray_dataset\train\PNEUMONIA\person749_bacteria_2652.jpeg,944,552,L,f503a8d7177b4f6bef6cd0dfd7fb3f59,person749,bacterial
train,PNEUMONIA,person749_virus_1374.jpeg,chest_xray_dataset\train\PNEUMONIA\person749_virus_1374.jpeg,968,728,L,20e471fc82cc7ae6afb0c0e45051655e,person749,viral
train,PNEUMONIA,person74_bacteria_361.jpeg,chest_xray_dataset\train\PNEUMONIA\person74_bacteria_361.jpeg,1240,928,L,75b76b51c270ed330e30d15844f3bf26,person74,bacterial
train,PNEUMONIA,person74_bacteria_362.jpeg,chest_xray_dataset\train\PNEUMONIA\person74_bacteria_362.jpeg,1368,928,L,1cb393b4e1a9dcd964701a3d173b289b,person74,bacterial
train,PNEUMONIA,person74_bacteria_363.jpeg,chest_xray_dataset\train\PNEUMONIA\person74_bacteria_363.jpeg,1574,959,L,5143d21c41f59f129662d10dd523a069,person74,bacterial
train,PNEUMONIA,person750_bacteria_2653.jpeg,chest_xray_dataset\train\PNEUMONIA\person750_bacteria_2653.jpeg,1008,656,L,144879e7714e1c5ce04fd5a914f27901,person750,bacterial
train,PNEUMONIA,person751_bacteria_2654.jpeg,chest_xray_dataset\train\PNEUMONIA\person751_bacteria_2654.jpeg,995,604,RGB,79a6aa2b1e402e250258fc89e3d1e63a,person751,bacterial
train,PNEUMONIA,person752_virus_1377.jpeg,chest_xray_dataset\train\PNEUMONIA\person752_virus_1377.jpeg,894,610,L,d82bbc5a83803c414789786ec4e68b8d,person752,viral
train,PNEUMONIA,person753_bacteria_2656.jpeg,chest_xray_dataset\train\PNEUMONIA\person753_bacteria_2656.jpeg,1064,688,L,684bb0c6a6cde0cd0670a563e8f348fd,person753,bacterial
train,PNEUMONIA,person753_virus_1378.jpeg,chest_xray_dataset\train\PNEUMONIA\person753_virus_1378.jpeg,880,648,L,0aa21bf385c4ac9dd59ea78f4b091b8a,person753,viral
train,PNEUMONIA,person754_virus_1379.jpeg,chest_xray_dataset\train\PNEUMONIA\person754_virus_1379.jpeg,904,848,L,73ac952b3ab71492f95d441ba26ba631,person754,viral
train,PNEUMONIA,person755_bacteria_2659.jpeg,chest_xray_dataset\train\PNEUMONIA\person755_bacteria_2659.jpeg,992,712,L,2fb21b9e6118dd04b29610ba38962530,person755,bacterial
train,PNEUMONIA,person755_virus_1380.jpeg,chest_xray_dataset\train\PNEUMONIA\person755_virus_1380.jpeg,2160,2304,L,c924bf366def5ad5f785654e9bbb77e8,person755,viral
train,PNEUMONIA,person755_virus_1382.jpeg,chest_xray_dataset\train\PNEUMONIA\person755_virus_1382.jpeg,2096,1864,L,2acd1b492c7a866d57c6d947bf62d237,person755,viral
train,PNEUMONIA,person756_bacteria_2660.jpeg,chest_xray_dataset\train\PNEUMONIA\person756_bacteria_2660.jpeg,904,584,L,74737fd37dc35bb335763ff433b18a2c,person756,bacterial
train,PNEUMONIA,person757_bacteria_2661.jpeg,chest_xray_dataset\train\PNEUMONIA\person757_bacteria_2661.jpeg,1000,688,L,67b5155ec9b83ee5a793504814682daa,person757,bacterial
train,PNEUMONIA,person757_virus_1385.jpeg,chest_xray_dataset\train\PNEUMONIA\person757_virus_1385.jpeg,937,533,RGB,0c7fe2c930f62693762964cc3dea148e,person757,viral
train,PNEUMONIA,person758_bacteria_2662.jpeg,chest_xray_dataset\train\PNEUMONIA\person758_bacteria_2662.jpeg,1040,560,L,c6df72e48b5f3df73041311424ecad90,person758,bacterial
train,PNEUMONIA,person759_bacteria_2663.jpeg,chest_xray_dataset\train\PNEUMONIA\person759_bacteria_2663.jpeg,1064,736,L,dbc0ddcfe9ea09b4b3c1300a893b01d9,person759,bacterial
train,PNEUMONIA,person759_virus_1387.jpeg,chest_xray_dataset\train\PNEUMONIA\person759_virus_1387.jpeg,1064,624,L,c114c049e82b273525530b475f87226d,person759,viral
train,PNEUMONIA,person75_bacteria_364.jpeg,chest_xray_dataset\train\PNEUMONIA\person75_bacteria_364.jpeg,1000,808,L,476706cf545d007cdfe1b627387ff693,person75,bacterial
train,PNEUMONIA,person75_bacteria_365.jpeg,chest_xray_dataset\train\PNEUMONIA\person75_bacteria_365.jpeg,1080,728,L,622e424315a4a906050806454e9334e3,person75,bacterial
train,PNEUMONIA,person75_bacteria_366.jpeg,chest_xray_dataset\train\PNEUMONIA\person75_bacteria_366.jpeg,1016,760,L,723f3fd442001c4d7bd6f08ad39c45c0,person75,bacterial
train,PNEUMONIA,person75_bacteria_367.jpeg,chest_xray_dataset\train\PNEUMONIA\person75_bacteria_367.jpeg,936,600,L,3f08f92ce16e50122afd323138706686,person75,bacterial
train,PNEUMONIA,person75_bacteria_368.jpeg,chest_xray_dataset\train\PNEUMONIA\person75_bacteria_368.jpeg,1056,696,L,d71ea7de729f1dcd0c6df61df7ed10c4,person75,bacterial
train,PNEUMONIA,person75_bacteria_369.jpeg,chest_xray_dataset\train\PNEUMONIA\person75_bacteria_369.jpeg,1106,731,L,27204acdce549e8845e8b0d5b8896364,person75,bacterial
train,PNEUMONIA,person760_bacteria_2664.jpeg,chest_xray_dataset\train\PNEUMONIA\person760_bacteria_2664.jpeg,856,648,L,caf4db6c0630c1129ddfae04efcd5123,person760,bacterial
train,PNEUMONIA,person760_virus_1388.jpeg,chest_xray_dataset\train\PNEUMONIA\person760_virus_1388.jpeg,877,513,RGB,aa17db3bc0b451c142ec8f5c2acda366,person760,viral
train,PNEUMONIA,person761_bacteria_2665.jpeg,chest_xray_dataset\train\PNEUMONIA\person761_bacteria_2665.jpeg,936,624,L,7b5cbfbda8590e7a1a8ee18c17de818c,person761,bacterial
train,PNEUMONIA,person761_virus_1389.jpeg,chest_xray_dataset\train\PNEUMONIA\person761_virus_1389.jpeg,1016,616,L,63e866579d9aaa48902cbe94ad3cda16,person761,viral
train,PNEUMONIA,person762_virus_1390.jpeg,chest_xray_dataset\train\PNEUMONIA\person762_virus_1390.jpeg,1744,1312,L,ef92c831de08ea54e01dbd294812fc11,person762,viral
train,PNEUMONIA,person763_bacteria_2667.jpeg,chest_xray_dataset\train\PNEUMONIA\person763_bacteria_2667.jpeg,968,672,L,da7b5f9b8614ffef7b84d7e1c200ad92,person763,bacterial
train,PNEUMONIA,person763_virus_1391.jpeg,chest_xray_dataset\train\PNEUMONIA\person763_virus_1391.jpeg,840,548,RGB,b6b10464c86209d9849fd4bd1192bf75,person763,viral
train,PNEUMONIA,person764_bacteria_2668.jpeg,chest_xray_dataset\train\PNEUMONIA\person764_bacteria_2668.jpeg,1016,736,L,8f2c77682ebd0031aa260a0bd46d01ca,person764,bacterial
train,PNEUMONIA,person764_virus_1392.jpeg,chest_xray_dataset\train\PNEUMONIA\person764_virus_1392.jpeg,795,427,RGB,d28c140437e36c280edf846b7aa874b6,person764,viral
train,PNEUMONIA,person765_bacteria_2669.jpeg,chest_xray_dataset\train\PNEUMONIA\person765_bacteria_2669.jpeg,2050,1497,L,c22921c53c5b94be8fc79181ca9cfe4c,person765,bacterial
train,PNEUMONIA,person765_virus_1393.jpeg,chest_xray_dataset\train\PNEUMONIA\person765_virus_1393.jpeg,1352,817,L,a600f57eadba3d32699730c65c36a6e3,person765,viral
train,PNEUMONIA,person766_bacteria_2670.jpeg,chest_xray_dataset\train\PNEUMONIA\person766_bacteria_2670.jpeg,920,544,L,9331791cafe6c475936ea32d210bb401,person766,bacterial
train,PNEUMONIA,person767_bacteria_2671.jpeg,chest_xray_dataset\train\PNEUMONIA\person767_bacteria_2671.jpeg,1008,592,L,b60cb335236bfb19dc840046b84883f9,person767,bacterial
train,PNEUMONIA,person768_bacteria_2672.jpeg,chest_xray_dataset\train\PNEUMONIA\person768_bacteria_2672.jpeg,912,520,L,f4cdb9ee13a028f3894d24a031688a7e,person768,bacterial
train,PNEUMONIA,person768_virus_1396.jpeg,chest_xray_dataset\train\PNEUMONIA\person768_virus_1396.jpeg,854,543,RGB,2f62707b27a6d7d67649f40fe1e60007,person768,viral
train,PNEUMONIA,person769_bacteria_2673.jpeg,chest_xray_dataset\train\PNEUMONIA\person769_bacteria_2673.jpeg,912,640,L,08ed32d303a853107036e3943dc40bbb,person769,bacterial
train,PNEUMONIA,person76_bacteria_370.jpeg,chest_xray_dataset\train\PNEUMONIA\person76_bacteria_370.jpeg,1360,984,L,d6c4670e883a6f506e0879c0644149b1,person76,bacterial
train,PNEUMONIA,person76_bacteria_371.jpeg,chest_xray_dataset\train\PNEUMONIA\person76_bacteria_371.jpeg,1240,1048,L,170170bff85861095ac6759408c77475,person76,bacterial
train,PNEUMONIA,person76_bacteria_372.jpeg,chest_xray_dataset\train\PNEUMONIA\person76_bacteria_372.jpeg,1458,1080,L,1ea392d6ace7e36840e8698bb726a5dd,person76,bacterial
train,PNEUMONIA,person770_bacteria_2674.jpeg,chest_xray_dataset\train\PNEUMONIA\person770_bacteria_2674.jpeg,944,640,L,d28e28683c08fb8b7fd78cbeb7b3c957,person770,bacterial
train,PNEUMONIA,person770_virus_1398.jpeg,chest_xray_dataset\train\PNEUMONIA\person770_virus_1398.jpeg,842,496,RGB,93959caa64845a9c6489747f9556decb,person770,viral
train,PNEUMONIA,person771_bacteria_2675.jpeg,chest_xray_dataset\train\PNEUMONIA\person771_bacteria_2675.jpeg,992,552,L,7bfad5c60f3b8110ec6cc67008537324,person771,bacterial
train,PNEUMONIA,person771_virus_1399.jpeg,chest_xray_dataset\train\PNEUMONIA\person771_virus_1399.jpeg,1240,552,L,b31c1865abdd63eaeee28284b7c84d6c,person771,viral
train,PNEUMONIA,person772_virus_1401.jpeg,chest_xray_dataset\train\PNEUMONIA\person772_virus_1401.jpeg,1000,592,L,88e30557867858a9048cff9be57bc653,person772,viral
train,PNEUMONIA,person773_virus_1402.jpeg,chest_xray_dataset\train\PNEUMONIA\person773_virus_1402.jpeg,952,480,L,aff392e80feab50dd1f053dc5b49426f,person773,viral
train,PNEUMONIA,person774_bacteria_2678.jpeg,chest_xray_dataset\train\PNEUMONIA\person774_bacteria_2678.jpeg,1088,712,L,c80f5f2546ec7f98cddb805c94759129,person774,bacterial
train,PNEUMONIA,person774_virus_1403.jpeg,chest_xray_dataset\train\PNEUMONIA\person774_virus_1403.jpeg,840,584,L,811b53a2bed8d0314af7be5480e21d86,person774,viral
train,PNEUMONIA,person775_bacteria_2679.jpeg,chest_xray_dataset\train\PNEUMONIA\person775_bacteria_2679.jpeg,1216,728,L,093a75332d648ea681e0f98b13740dd9,person775,bacterial
train,PNEUMONIA,person775_virus_1404.jpeg,chest_xray_dataset\train\PNEUMONIA\person775_virus_1404.jpeg,856,568,L,9169d274e8ad14fe4982af23ea0823c5,person775,viral
train,PNEUMONIA,person776_bacteria_2680.jpeg,chest_xray_dataset\train\PNEUMONIA\person776_bacteria_2680.jpeg,968,600,L,7ef61f9953270aae7b6bc3a3b34f6fbf,person776,bacterial
train,PNEUMONIA,person776_virus_1405.jpeg,chest_xray_dataset\train\PNEUMONIA\person776_virus_1405.jpeg,1776,1591,L,674989646fb566332ee09cb29b851e08,person776,viral
train,PNEUMONIA,person778_bacteria_2682.jpeg,chest_xray_dataset\train\PNEUMONIA\person778_bacteria_2682.jpeg,1224,656,L,94774e419e3b2113a8bec5fdf9b3d6c1,person778,bacterial
train,PNEUMONIA,person778_virus_1408.jpeg,chest_xray_dataset\train\PNEUMONIA\person778_virus_1408.jpeg,896,512,L,2de998474d1b6875c3a69c0c91e76c73,person778,viral
train,PNEUMONIA,person779_bacteria_2683.jpeg,chest_xray_dataset\train\PNEUMONIA\person779_bacteria_2683.jpeg,1144,793,L,455aa241a1cadcc32b2d257c0c150a1a,person779,bacterial
train,PNEUMONIA,person779_virus_1409.jpeg,chest_xray_dataset\train\PNEUMONIA\person779_virus_1409.jpeg,861,626,RGB,1fec00a8814094ca82b9a4572ef80230,person779,viral
train,PNEUMONIA,person779_virus_1410.jpeg,chest_xray_dataset\train\PNEUMONIA\person779_virus_1410.jpeg,752,576,L,7b4cfe430ae87b596ac9c0f7f5137563,person779,viral
train,PNEUMONIA,person77_bacteria_374.jpeg,chest_xray_dataset\train\PNEUMONIA\person77_bacteria_374.jpeg,1008,848,L,9f918fa1896fab674f46902ed2c50ea5,person77,bacterial
train,PNEUMONIA,person77_bacteria_375.jpeg,chest_xray_dataset\train\PNEUMONIA\person77_bacteria_375.jpeg,1224,704,L,326558bcf04f685b000ec7620edab6a8,person77,bacterial
train,PNEUMONIA,person77_bacteria_376.jpeg,chest_xray_dataset\train\PNEUMONIA\person77_bacteria_376.jpeg,1024,872,L,5697c64d844781e5d998cdb458ad40ae,person77,bacterial
train,PNEUMONIA,person77_bacteria_377.jpeg,chest_xray_dataset\train\PNEUMONIA\person77_bacteria_377.jpeg,1156,820,L,1557c9c66815573f3747bb37aeb0500f,person77,bacterial
train,PNEUMONIA,person780_bacteria_2684.jpeg,chest_xray_dataset\train\PNEUMONIA\person780_bacteria_2684.jpeg,1453,1073,L,8aa25841d8bb902535c123b0f69038c1,person780,bacterial
train,PNEUMONIA,person780_virus_1411.jpeg,chest_xray_dataset\train\PNEUMONIA\person780_virus_1411.jpeg,816,512,L,6e727eaab0d6d86ac885479df9d898e9,person780,viral
train,PNEUMONIA,person781_virus_1412.jpeg,chest_xray_dataset\train\PNEUMONIA\person781_virus_1412.jpeg,2258,2109,L,bf97730435e18dc7eeb4d3a4f48636ba,person781,viral
train,PNEUMONIA,person782_bacteria_2686.jpeg,chest_xray_dataset\train\PNEUMONIA\person782_bacteria_2686.jpeg,1312,1144,L,a63ac9f503945935ddd4974d76fb8b8c,person782,bacterial
train,PNEUMONIA,person783_bacteria_2687.jpeg,chest_xray_dataset\train\PNEUMONIA\person783_bacteria_2687.jpeg,1431,1044,L,6caf5d358be67187a1cf9d187a8e9473,person783,bacterial
train,PNEUMONIA,person783_virus_1414.jpeg,chest_xray_dataset\train\PNEUMONIA\person783_virus_1414.jpeg,912,536,L,d53ebcae83c17c712e4e9b46f754a426,person783,viral
train,PNEUMONIA,person785_bacteria_2689.jpeg,chest_xray_dataset\train\PNEUMONIA\person785_bacteria_2689.jpeg,1080,720,L,24c985f79d99bed0e6126ee2dcae68e7,person785,bacterial
train,PNEUMONIA,person786_bacteria_2690.jpeg,chest_xray_dataset\train\PNEUMONIA\person786_bacteria_2690.jpeg,1000,816,L,943ece1a33e1db35d85cd8177f367b65,person786,bacterial
train,PNEUMONIA,person787_bacteria_2691.jpeg,chest_xray_dataset\train\PNEUMONIA\person787_bacteria_2691.jpeg,1546,1094,L,227b2b992307d50d9cfbf2b2db745c9a,person787,bacterial
train,PNEUMONIA,person788_virus_1419.jpeg,chest_xray_dataset\train\PNEUMONIA\person788_virus_1419.jpeg,1940,1469,L,6e7a987cd7be91fe2552f1b235184e10,person788,viral
train,PNEUMONIA,person789_bacteria_2694.jpeg,chest_xray_dataset\train\PNEUMONIA\person789_bacteria_2694.jpeg,1080,584,L,32270ce3ab6b8348d58b3af779567c6d,person789,bacterial
train,PNEUMONIA,person789_virus_1420.jpeg,chest_xray_dataset\train\PNEUMONIA\person789_virus_1420.jpeg,1224,736,L,6da1968de25b834a04cda3b7009b83ef,person789,viral
train,PNEUMONIA,person790_virus_1421.jpeg,chest_xray_dataset\train\PNEUMONIA\person790_virus_1421.jpeg,1658,1145,L,4940b07aab17450b9682330631f33e17,person790,viral
train,PNEUMONIA,person791_virus_1422.jpeg,chest_xray_dataset\train\PNEUMONIA\person791_virus_1422.jpeg,1468,1010,L,b3f287c821377278177a070f9790e473,person791,viral
train,PNEUMONIA,person793_virus_1424.jpeg,chest_xray_dataset\train\PNEUMONIA\person793_virus_1424.jpeg,1144,848,L,8573c8a955c497b242ce54937360af49,person793,viral
train,PNEUMONIA,person794_bacteria_2700.jpeg,chest_xray_dataset\train\PNEUMONIA\person794_bacteria_2700.jpeg,1244,959,L,c57b2c5a81106dbcd3ba13d7fa568257,person794,bacterial
train,PNEUMONIA,person795_virus_1427.jpeg,chest_xray_dataset\train\PNEUMONIA\person795_virus_1427.jpeg,878,584,RGB,6bf0a96c2f9be8a738156b0aebbf4b51,person795,viral
train,PNEUMONIA,person796_bacteria_2702.jpeg,chest_xray_dataset\train\PNEUMONIA\person796_bacteria_2702.jpeg,1008,576,L,2d8ded95422cde3d7a7ce4ccba6b0df6,person796,bacterial
train,PNEUMONIA,person796_virus_1428.jpeg,chest_xray_dataset\train\PNEUMONIA\person796_virus_1428.jpeg,1072,752,L,6b5dd5881e36c0794e2c1f431bfeb069,person796,viral
train,PNEUMONIA,person797_virus_1429.jpeg,chest_xray_dataset\train\PNEUMONIA\person797_virus_1429.jpeg,920,512,L,b9098e319ec37337259c2523f6ea9cbc,person797,viral
train,PNEUMONIA,person798_virus_1430.jpeg,chest_xray_dataset\train\PNEUMONIA\person798_virus_1430.jpeg,1294,902,L,e9eefa5b36d7f3a02429c52ca8ad07db,person798,viral
train,PNEUMONIA,person799_bacteria_2705.jpeg,chest_xray_dataset\train\PNEUMONIA\person799_bacteria_2705.jpeg,1248,944,L,d4e2f801b99ca56252979ccc17cc4e76,person799,bacterial
train,PNEUMONIA,person799_virus_1431.jpeg,chest_xray_dataset\train\PNEUMONIA\person799_virus_1431.jpeg,2016,2184,L,a7d89f7adfcde5691d30be14bbabc494,person799,viral
train,PNEUMONIA,person7_bacteria_24.jpeg,chest_xray_dataset\train\PNEUMONIA\person7_bacteria_24.jpeg,1224,896,L,7ad08b8690e97feaef1d4b2c228b93ed,person7,bacterial
train,PNEUMONIA,person7_bacteria_25.jpeg,chest_xray_dataset\train\PNEUMONIA\person7_bacteria_25.jpeg,932,588,RGB,a5cd6531bd14b9437a511c02378a3008,person7,bacterial
train,PNEUMONIA,person7_bacteria_28.jpeg,chest_xray_dataset\train\PNEUMONIA\person7_bacteria_28.jpeg,1033,697,RGB,e879fb9202118707a8f0f8fb18e98364,person7,bacterial
train,PNEUMONIA,person7_bacteria_29.jpeg,chest_xray_dataset\train\PNEUMONIA\person7_bacteria_29.jpeg,1200,824,L,e659123dbecd23ff59ebd7fe4d5a9864,person7,bacterial
train,PNEUMONIA,person800_bacteria_2706.jpeg,chest_xray_dataset\train\PNEUMONIA\person800_bacteria_2706.jpeg,985,621,RGB,195cdfec5d3ef2127de55205198d46bb,person800,bacterial
train,PNEUMONIA,person801_virus_1434.jpeg,chest_xray_dataset\train\PNEUMONIA\person801_virus_1434.jpeg,1384,1021,L,785489e00831ef02a05d35a3c3180a8e,person801,viral
train,PNEUMONIA,person802_bacteria_2708.jpeg,chest_xray_dataset\train\PNEUMONIA\person802_bacteria_2708.jpeg,1260,971,L,a6500e9ba2d29dfc86f7dc3a0ae37bbe,person802,bacterial
train,PNEUMONIA,person803_bacteria_2710.jpeg,chest_xray_dataset\train\PNEUMONIA\person803_bacteria_2710.jpeg,745,467,RGB,571736c72d1fce3e768524d491d6a6ec,person803,bacterial
train,PNEUMONIA,person803_virus_1436.jpeg,chest_xray_dataset\train\PNEUMONIA\person803_virus_1436.jpeg,1296,847,L,5c4f759f96969d877d39c513d4832738,person803,viral
train,PNEUMONIA,person804_bacteria_2711.jpeg,chest_xray_dataset\train\PNEUMONIA\person804_bacteria_2711.jpeg,1064,504,L,bd41bc48468a8ab478940579cb9452f6,person804,bacterial
train,PNEUMONIA,person805_bacteria_2712.jpeg,chest_xray_dataset\train\PNEUMONIA\person805_bacteria_2712.jpeg,1134,731,L,8b268535c0a79a9b67f3f1d406db8dfd,person805,bacterial
train,PNEUMONIA,person806_virus_1439.jpeg,chest_xray_dataset\train\PNEUMONIA\person806_virus_1439.jpeg,1416,1344,L,513b029496b615c925e13c7e2b3e4b8c,person806,viral
train,PNEUMONIA,person806_virus_1440.jpeg,chest_xray_dataset\train\PNEUMONIA\person806_virus_1440.jpeg,1216,1152,L,5d91b3fe9d58d0c36332c7b4da6ca81c,person806,viral
train,PNEUMONIA,person807_virus_1441.jpeg,chest_xray_dataset\train\PNEUMONIA\person807_virus_1441.jpeg,1672,1352,L,788bad6929b9e86bce82c6bd0a712776,person807,viral
train,PNEUMONIA,person808_bacteria_2716.jpeg,chest_xray_dataset\train\PNEUMONIA\person808_bacteria_2716.jpeg,1132,821,L,9e1ebd844b26b22b5182276b6041b643,person808,bacterial
train,PNEUMONIA,person808_virus_1442.jpeg,chest_xray_dataset\train\PNEUMONIA\person808_virus_1442.jpeg,1746,1523,L,951f15ca69b750c89bac43c3dbfbf680,person808,viral
train,PNEUMONIA,person809_bacteria_2717.jpeg,chest_xray_dataset\train\PNEUMONIA\person809_bacteria_2717.jpeg,1224,928,L,8843ef9d85fe5e42ab29fa245b11b57f,person809,bacterial
train,PNEUMONIA,person809_bacteria_2718.jpeg,chest_xray_dataset\train\PNEUMONIA\person809_bacteria_2718.jpeg,1008,688,L,ca79f24e78a3730dc312618bce851ab5,person809,bacterial
train,PNEUMONIA,person80_virus_150.jpeg,chest_xray_dataset\train\PNEUMONIA\person80_virus_150.jpeg,1248,880,L,fa065eced356590828ecd80f28204b02,person80,viral
train,PNEUMONIA,person810_bacteria_2719.jpeg,chest_xray_dataset\train\PNEUMONIA\person810_bacteria_2719.jpeg,872,608,L,eeaca6c13082def89f2e20993b2fc6a3,person810,bacterial
train,PNEUMONIA,person810_virus_1445.jpeg,chest_xray_dataset\train\PNEUMONIA\person810_virus_1445.jpeg,2000,1688,L,ffb08b36b49d90255417f9856f04a0e8,person810,viral
train,PNEUMONIA,person810_virus_1446.jpeg,chest_xray_dataset\train\PNEUMONIA\person810_virus_1446.jpeg,1824,1632,L,f69fd85f93daa64a6fbf1ffe6a4a70e1,person810,viral
train,PNEUMONIA,person811_bacteria_2721.jpeg,chest_xray_dataset\train\PNEUMONIA\person811_bacteria_2721.jpeg,1558,933,L,1cf5c5e260541465a12bfdbcef98bc74,person811,bacterial
train,PNEUMONIA,person811_virus_1447.jpeg,chest_xray_dataset\train\PNEUMONIA\person811_virus_1447.jpeg,1376,999,L,3560e9879b94ba69c3bb998a321c77b3,person811,viral
train,PNEUMONIA,person813_bacteria_2723.jpeg,chest_xray_dataset\train\PNEUMONIA\person813_bacteria_2723.jpeg,968,499,RGB,4536355110a2c3ef4a5878a06450691c,person813,bacterial
train,PNEUMONIA,person813_bacteria_2724.jpeg,chest_xray_dataset\train\PNEUMONIA\person813_bacteria_2724.jpeg,1080,600,L,2b2dc4cf1bb91a50b5cadd37155eb1d7,person813,bacterial
train,PNEUMONIA,person813_virus_1449.jpeg,chest_xray_dataset\train\PNEUMONIA\person813_virus_1449.jpeg,1911,1806,L,d9c6321315adf86e6c9efa543bba8934,person813,viral
train,PNEUMONIA,person814_bacteria_2725.jpeg,chest_xray_dataset\train\PNEUMONIA\person814_bacteria_2725.jpeg,1176,664,L,36ee8407befe2b26474217e6c41fc14b,person814,bacterial
train,PNEUMONIA,person815_bacteria_2726.jpeg,chest_xray_dataset\train\PNEUMONIA\person815_bacteria_2726.jpeg,1400,1052,L,c173ab0e8d63d168623de5271f78d2fb,person815,bacterial
train,PNEUMONIA,person816_bacteria_2727.jpeg,chest_xray_dataset\train\PNEUMONIA\person816_bacteria_2727.jpeg,1184,864,L,e497a7491350585d54046ae5cd2f309e,person816,bacterial
train,PNEUMONIA,person817_bacteria_2728.jpeg,chest_xray_dataset\train\PNEUMONIA\person817_bacteria_2728.jpeg,700,463,RGB,e15936e51abe124e4e0e289afab40644,person817,bacterial
train,PNEUMONIA,person818_bacteria_2729.jpeg,chest_xray_dataset\train\PNEUMONIA\person818_bacteria_2729.jpeg,1072,816,L,9a5ffac7889b1d80a73dad97109b98d9,person818,bacterial
train,PNEUMONIA,person819_bacteria_2730.jpeg,chest_xray_dataset\train\PNEUMONIA\person819_bacteria_2730.jpeg,864,528,L,f99402690d6d7c4a030430e00cb1d1b3,person819,bacterial
train,PNEUMONIA,person819_virus_1455.jpeg,chest_xray_dataset\train\PNEUMONIA\person819_virus_1455.jpeg,1072,603,RGB,d74d3de2ecd2c4830d6390bdff159efc,person819,viral
train,PNEUMONIA,person81_virus_152.jpeg,chest_xray_dataset\train\PNEUMONIA\person81_virus_152.jpeg,1520,984,L,6a98685163e50984bee7b3c8549b90e1,person81,viral
train,PNEUMONIA,person81_virus_153.jpeg,chest_xray_dataset\train\PNEUMONIA\person81_virus_153.jpeg,1472,1048,L,e76fc174d65f58fe99250ba10d617bb0,person81,viral
train,PNEUMONIA,person820_bacteria_2731.jpeg,chest_xray_dataset\train\PNEUMONIA\person820_bacteria_2731.jpeg,1128,752,L,7c9cdc9a29b63bcfd30560ecfdb200bd,person820,bacterial
train,PNEUMONIA,person820_virus_1456.jpeg,chest_xray_dataset\train\PNEUMONIA\person820_virus_1456.jpeg,1716,1175,L,06c09c0f58644426bcd8339c179da7de,person820,viral
train,PNEUMONIA,person823_virus_1459.jpeg,chest_xray_dataset\train\PNEUMONIA\person823_virus_1459.jpeg,920,472,L,2dc312eeb5b11c76c83905683a68bb67,person823,viral
train,PNEUMONIA,person825_bacteria_2736.jpeg,chest_xray_dataset\train\PNEUMONIA\person825_bacteria_2736.jpeg,888,488,L,4d26deb10892e1de5202f420d10e37bf,person825,bacterial
train,PNEUMONIA,person826_bacteria_2737.jpeg,chest_xray_dataset\train\PNEUMONIA\person826_bacteria_2737.jpeg,1152,752,L,59fc2bcfccc30e635f47301ae6c0bf2e,person826,bacterial
train,PNEUMONIA,person826_virus_1462.jpeg,chest_xray_dataset\train\PNEUMONIA\person826_virus_1462.jpeg,843,484,RGB,eb556307123a84913632c344d9464a37,person826,viral
train,PNEUMONIA,person827_bacteria_2738.jpeg,chest_xray_dataset\train\PNEUMONIA\person827_bacteria_2738.jpeg,1008,632,L,ef367177381ef8ce6b894a1c0a32f406,person827,bacterial
train,PNEUMONIA,person829_bacteria_2740.jpeg,chest_xray_dataset\train\PNEUMONIA\person829_bacteria_2740.jpeg,1048,704,L,a90a29dc941095741742e71e99f17af1,person829,bacterial
train,PNEUMONIA,person82_virus_154.jpeg,chest_xray_dataset\train\PNEUMONIA\person82_virus_154.jpeg,1400,896,L,7c2a3fb9a12bdc44dbb758c0f7265930,person82,viral
train,PNEUMONIA,person82_virus_155.jpeg,chest_xray_dataset\train\PNEUMONIA\person82_virus_155.jpeg,1328,888,L,f6bbe08026f66d4fd44ffca3b95f64d6,person82,viral
train,PNEUMONIA,person830_bacteria_2741.jpeg,chest_xray_dataset\train\PNEUMONIA\person830_bacteria_2741.jpeg,1040,664,L,5051bdc7efe93783efb2bd75ca135277,person830,bacterial
train,PNEUMONIA,person830_virus_1466.jpeg,chest_xray_dataset\train\PNEUMONIA\person830_virus_1466.jpeg,1160,752,L,5d6f70d3cc64e52c6c96c293a3dbfbc6,person830,viral
train,PNEUMONIA,person831_bacteria_2742.jpeg,chest_xray_dataset\train\PNEUMONIA\person831_bacteria_2742.jpeg,896,528,L,ef33a401c85d4996b54787fe4b47cb31,person831,bacterial
train,PNEUMONIA,person832_bacteria_2743.jpeg,chest_xray_dataset\train\PNEUMONIA\person832_bacteria_2743.jpeg,904,624,L,5dea376157774f143dbbbb2bda204c6c,person832,bacterial
train,PNEUMONIA,person832_virus_1468.jpeg,chest_xray_dataset\train\PNEUMONIA\person832_virus_1468.jpeg,801,541,RGB,1bf525041a13a74dd53a3d1b0d17997d,person832,viral
train,PNEUMONIA,person833_virus_1469.jpeg,chest_xray_dataset\train\PNEUMONIA\person833_virus_1469.jpeg,1716,1222,L,36769b4043f73cf97822826d232e503d,person833,viral
train,PNEUMONIA,person834_bacteria_2747.jpeg,chest_xray_dataset\train\PNEUMONIA\person834_bacteria_2747.jpeg,1000,560,L,8b643949f1cb8573042b036bd097531c,person834,bacterial
train,PNEUMONIA,person834_bacteria_2748.jpeg,chest_xray_dataset\train\PNEUMONIA\person834_bacteria_2748.jpeg,1000,560,L,8b643949f1cb8573042b036bd097531c,person834,bacterial
train,PNEUMONIA,person835_bacteria_2749.jpeg,chest_xray_dataset\train\PNEUMONIA\person835_bacteria_2749.jpeg,896,480,L,a70b426a9835aa7651a0b9b4b1af9c15,person835,bacterial
train,PNEUMONIA,person835_bacteria_2750.jpeg,chest_xray_dataset\train\PNEUMONIA\person835_bacteria_2750.jpeg,928,392,L,ac97ba6be68535f4bbd5a36335aedb3b,person835,bacterial
train,PNEUMONIA,person835_virus_1472.jpeg,chest_xray_dataset\train\PNEUMONIA\person835_virus_1472.jpeg,1664,1136,L,5f43d595b5a3eb1dcd6e42e19afe5f70,person835,viral
train,PNEUMONIA,person836_bacteria_2752.jpeg,chest_xray_dataset\train\PNEUMONIA\person836_bacteria_2752.jpeg,1160,648,L,e0f13f0b81c57d8eea70479e8169df06,person836,bacterial
train,PNEUMONIA,person836_virus_1473.jpeg,chest_xray_dataset\train\PNEUMONIA\person836_virus_1473.jpeg,1752,1192,L,c65d5847cb3bd43d795b855e5dbb271b,person836,viral
train,PNEUMONIA,person837_bacteria_2753.jpeg,chest_xray_dataset\train\PNEUMONIA\person837_bacteria_2753.jpeg,1152,784,L,f13e5f829f486b6645272fac17a9d132,person837,bacterial
train,PNEUMONIA,person837_bacteria_2754.jpeg,chest_xray_dataset\train\PNEUMONIA\person837_bacteria_2754.jpeg,904,568,L,976bbb9110ff13e3ed6a511a26c5099f,person837,bacterial
train,PNEUMONIA,person837_virus_1475.jpeg,chest_xray_dataset\train\PNEUMONIA\person837_virus_1475.jpeg,1656,1320,L,5d39e4130ce40a813607f3622036f3b0,person837,viral
train,PNEUMONIA,person838_virus_1476.jpeg,chest_xray_dataset\train\PNEUMONIA\person838_virus_1476.jpeg,1000,664,L,e3ed55a2403ea7fce0dda9642223d222,person838,viral
train,PNEUMONIA,person839_bacteria_2757.jpeg,chest_xray_dataset\train\PNEUMONIA\person839_bacteria_2757.jpeg,760,440,L,19d4f8192b8d3abb849adf2cba2bd15d,person839,bacterial
train,PNEUMONIA,person83_virus_156.jpeg,chest_xray_dataset\train\PNEUMONIA\person83_virus_156.jpeg,1504,720,L,cb27d17c5179936fc258a047b4b5d579,person83,viral
train,PNEUMONIA,person840_bacteria_2758.jpeg,chest_xray_dataset\train\PNEUMONIA\person840_bacteria_2758.jpeg,1080,552,L,c7e73de965dbcd1755ad0628adba6227,person840,bacterial
train,PNEUMONIA,person840_bacteria_2759.jpeg,chest_xray_dataset\train\PNEUMONIA\person840_bacteria_2759.jpeg,992,544,L,267e7628a7eb72dab4d5ad5afa5cf73f,person840,bacterial
train,PNEUMONIA,person841_bacteria_2760.jpeg,chest_xray_dataset\train\PNEUMONIA\person841_bacteria_2760.jpeg,1024,616,L,da1467dc47a16c823e6e76adf27123db,person841,bacterial
train,PNEUMONIA,person841_bacteria_2761.jpeg,chest_xray_dataset\train\PNEUMONIA\person841_bacteria_2761.jpeg,1008,768,L,db47dcacb39022844b5ee3c99721e2ea,person841,bacterial
train,PNEUMONIA,person841_virus_1481.jpeg,chest_xray_dataset\train\PNEUMONIA\person841_virus_1481.jpeg,1284,878,L,403793ab71d425389a8d54fd32244394,person841,viral
train,PNEUMONIA,person842_bacteria_2762.jpeg,chest_xray_dataset\train\PNEUMONIA\person842_bacteria_2762.jpeg,1104,752,L,3c0af266a018a5087c9143260c981dde,person842,bacterial
train,PNEUMONIA,person842_virus_1483.jpeg,chest_xray_dataset\train\PNEUMONIA\person842_virus_1483.jpeg,1616,1288,L,f57c295784d5dd4765fd329f413dae11,person842,viral
train,PNEUMONIA,person843_bacteria_2763.jpeg,chest_xray_dataset\train\PNEUMONIA\person843_bacteria_2763.jpeg,936,688,L,a3804b72f03ca69f4e2cff67f65e7092,person843,bacterial
train,PNEUMONIA,person843_virus_1485.jpeg,chest_xray_dataset\train\PNEUMONIA\person843_virus_1485.jpeg,1432,944,L,2971b2db2acdf1cd5479019418a1e181,person843,viral
train,PNEUMONIA,person844_virus_1487.jpeg,chest_xray_dataset\train\PNEUMONIA\person844_virus_1487.jpeg,1192,789,L,455e5377725dc9a053cd06e661347421,person844,viral
train,PNEUMONIA,person845_virus_1489.jpeg,chest_xray_dataset\train\PNEUMONIA\person845_virus_1489.jpeg,1448,1072,L,001a3594668f00099e61a491ea0655dc,person845,viral
train,PNEUMONIA,person846_bacteria_2766.jpeg,chest_xray_dataset\train\PNEUMONIA\person846_bacteria_2766.jpeg,880,472,L,97ce838d58c51786769e75a725245db2,person846,bacterial
train,PNEUMONIA,person846_virus_1491.jpeg,chest_xray_dataset\train\PNEUMONIA\person846_virus_1491.jpeg,1998,1361,L,de8bff05feb4d768cf0b92981a73561e,person846,viral
train,PNEUMONIA,person847_bacteria_2767.jpeg,chest_xray_dataset\train\PNEUMONIA\person847_bacteria_2767.jpeg,952,600,L,0ffc2f03b491e077193b8a97dae61475,person847,bacterial
train,PNEUMONIA,person847_virus_1492.jpeg,chest_xray_dataset\train\PNEUMONIA\person847_virus_1492.jpeg,1808,1432,L,ed69e031e5a64a53592e31ed9ce576ba,person847,viral
train,PNEUMONIA,person848_bacteria_2769.jpeg,chest_xray_dataset\train\PNEUMONIA\person848_bacteria_2769.jpeg,927,523,RGB,60fbcba04cad4ae7652fde8b0dd1d7c0,person848,bacterial
train,PNEUMONIA,person848_virus_1493.jpeg,chest_xray_dataset\train\PNEUMONIA\person848_virus_1493.jpeg,1376,800,L,6f8dd22f208d5d07c4d023c060a4de58,person848,viral
train,PNEUMONIA,person849_bacteria_2770.jpeg,chest_xray_dataset\train\PNEUMONIA\person849_bacteria_2770.jpeg,952,544,L,ba85a34c6a33376a7a564169f45f73f1,person849,bacterial
train,PNEUMONIA,person849_virus_1494.jpeg,chest_xray_dataset\train\PNEUMONIA\person849_virus_1494.jpeg,1376,792,L,d46304ca0c5c2477d58be9e6c59e20c2,person849,viral
train,PNEUMONIA,person84_virus_157.jpeg,chest_xray_dataset\train\PNEUMONIA\person84_virus_157.jpeg,1264,704,L,8af08fc205094795c2ea82542d6a7e77,person84,viral
train,PNEUMONIA,person850_bacteria_2771.jpeg,chest_xray_dataset\train\PNEUMONIA\person850_bacteria_2771.jpeg,1152,672,L,b12e00c1020b3028e72843d0212ecea3,person850,bacterial
train,PNEUMONIA,person851_virus_1496.jpeg,chest_xray_dataset\train\PNEUMONIA\person851_virus_1496.jpeg,1432,1000,L,719d1eda2d5fcadb7f00248053bdcde3,person851,viral
train,PNEUMONIA,person852_virus_1497.jpeg,chest_xray_dataset\train\PNEUMONIA\person852_virus_1497.jpeg,1168,1000,L,c13acb3e02fc1285d4d9d5686525622d,person852,viral
train,PNEUMONIA,person853_bacteria_2774.jpeg,chest_xray_dataset\train\PNEUMONIA\person853_bacteria_2774.jpeg,944,568,L,f202ed1f2480c6798544cd5a69a6bd1a,person853,bacterial
train,PNEUMONIA,person853_bacteria_2775.jpeg,chest_xray_dataset\train\PNEUMONIA\person853_bacteria_2775.jpeg,920,520,L,f96b9b6ec4fc7b790453c66767d88f7e,person853,bacterial
train,PNEUMONIA,person853_virus_1498.jpeg,chest_xray_dataset\train\PNEUMONIA\person853_virus_1498.jpeg,1208,776,L,1a095e26bbac64bb3d441700db7f568c,person853,viral
train,PNEUMONIA,person854_bacteria_2776.jpeg,chest_xray_dataset\train\PNEUMONIA\person854_bacteria_2776.jpeg,824,584,L,472ba601eabca47eb0095c3cab99481c,person854,bacterial
train,PNEUMONIA,person855_bacteria_2777.jpeg,chest_xray_dataset\train\PNEUMONIA\person855_bacteria_2777.jpeg,904,672,L,39c77ae66efbbf086746fa85c4b4ffb8,person855,bacterial
train,PNEUMONIA,person855_virus_1500.jpeg,chest_xray_dataset\train\PNEUMONIA\person855_virus_1500.jpeg,1432,944,L,820f2cd7c367738ad44cf02e2689b120,person855,viral
train,PNEUMONIA,person858_bacteria_2780.jpeg,chest_xray_dataset\train\PNEUMONIA\person858_bacteria_2780.jpeg,1072,744,L,08e74148ea7d39f1feedbcde5c821459,person858,bacterial
train,PNEUMONIA,person859_virus_1504.jpeg,chest_xray_dataset\train\PNEUMONIA\person859_virus_1504.jpeg,1288,944,L,55b0d67720541b4eed61962809432a9e,person859,viral
train,PNEUMONIA,person860_virus_1505.jpeg,chest_xray_dataset\train\PNEUMONIA\person860_virus_1505.jpeg,1000,664,L,c10a41719031ced32bf235d29bac9915,person860,viral
train,PNEUMONIA,person861_virus_1506.jpeg,chest_xray_dataset\train\PNEUMONIA\person861_virus_1506.jpeg,1096,536,L,890d1390598bacc04d81f5b42dd942ec,person861,viral
train,PNEUMONIA,person862_bacteria_2784.jpeg,chest_xray_dataset\train\PNEUMONIA\person862_bacteria_2784.jpeg,992,832,L,d06107c12e1e96b885e359a736a4fc66,person862,bacterial
train,PNEUMONIA,person862_virus_1507.jpeg,chest_xray_dataset\train\PNEUMONIA\person862_virus_1507.jpeg,1336,1056,L,f815756809a427fac88307cacdae756f,person862,viral
train,PNEUMONIA,person863_bacteria_2785.jpeg,chest_xray_dataset\train\PNEUMONIA\person863_bacteria_2785.jpeg,1000,664,L,59a49c9b18200304025c755291043c78,person863,bacterial
train,PNEUMONIA,person863_virus_1508.jpeg,chest_xray_dataset\train\PNEUMONIA\person863_virus_1508.jpeg,1456,1072,L,d4e0978b479dd739b64fba53cdc9cf19,person863,viral
train,PNEUMONIA,person864_virus_1509.jpeg,chest_xray_dataset\train\PNEUMONIA\person864_virus_1509.jpeg,1272,936,L,2b999afa6b9deb6f5b1f1de2e42f2c8a,person864,viral
train,PNEUMONIA,person866_bacteria_2788.jpeg,chest_xray_dataset\train\PNEUMONIA\person866_bacteria_2788.jpeg,904,536,L,bc4ff21bd687bce360044c0f71da8d7c,person866,bacterial
train,PNEUMONIA,person866_virus_1511.jpeg,chest_xray_dataset\train\PNEUMONIA\person866_virus_1511.jpeg,1608,1096,L,7c6429039b9469be3f39c353d0f7acad,person866,viral
train,PNEUMONIA,person867_bacteria_2789.jpeg,chest_xray_dataset\train\PNEUMONIA\person867_bacteria_2789.jpeg,1104,832,L,f688751e05f6b2a90fc26586bdd4e2c5,person867,bacterial
train,PNEUMONIA,person867_virus_1512.jpeg,chest_xray_dataset\train\PNEUMONIA\person867_virus_1512.jpeg,1672,1184,L,9bd5c50a1ce2f5cd929d362b88cc01d8,person867,viral
train,PNEUMONIA,person868_virus_1513.jpeg,chest_xray_dataset\train\PNEUMONIA\person868_virus_1513.jpeg,984,656,L,e11a99aea8688a6b0813c7d67ab4f853,person868,viral
train,PNEUMONIA,person868_virus_1514.jpeg,chest_xray_dataset\train\PNEUMONIA\person868_virus_1514.jpeg,992,616,L,be6080e37f8f648ebe26bdac096f8c8d,person868,viral
train,PNEUMONIA,person86_virus_159.jpeg,chest_xray_dataset\train\PNEUMONIA\person86_virus_159.jpeg,1758,1249,L,bd32459e57bcb2623e73b9cf528be6c3,person86,viral
train,PNEUMONIA,person870_bacteria_2792.jpeg,chest_xray_dataset\train\PNEUMONIA\person870_bacteria_2792.jpeg,1032,640,L,872af214e5e2ac0e540ca8d4a56860f0,person870,bacterial
train,PNEUMONIA,person870_virus_1516.jpeg,chest_xray_dataset\train\PNEUMONIA\person870_virus_1516.jpeg,1448,856,L,c2c20a2f26cc1442d8e7729c0f944ead,person870,viral
train,PNEUMONIA,person871_bacteria_2793.jpeg,chest_xray_dataset\train\PNEUMONIA\person871_bacteria_2793.jpeg,1156,747,L,2798bafbb9719a69cf32c13faac452d0,person871,bacterial
train,PNEUMONIA,person871_virus_1517.jpeg,chest_xray_dataset\train\PNEUMONIA\person871_virus_1517.jpeg,1528,840,L,28458b0d2636ad9ee48cdccde5d1aa07,person871,viral
train,PNEUMONIA,person872_bacteria_2795.jpeg,chest_xray_dataset\train\PNEUMONIA\person872_bacteria_2795.jpeg,1008,696,L,0459ff039d2f3ec90c86566392da977a,person872,bacterial
train,PNEUMONIA,person873_bacteria_2796.jpeg,chest_xray_dataset\train\PNEUMONIA\person873_bacteria_2796.jpeg,912,552,L,d0eb7dcbb40b36d4c03289a1be79a78e,person873,bacterial
train,PNEUMONIA,person874_bacteria_2797.jpeg,chest_xray_dataset\train\PNEUMONIA\person874_bacteria_2797.jpeg,1016,744,L,5d5591fa45f8a3bf66c5e9bc1971918e,person874,bacterial
train,PNEUMONIA,person875_bacteria_2798.jpeg,chest_xray_dataset\train\PNEUMONIA\person875_bacteria_2798.jpeg,928,584,L,cd0ac6e6945b9f0e532c00658ec4665e,person875,bacterial
train,PNEUMONIA,person876_bacteria_2799.jpeg,chest_xray_dataset\train\PNEUMONIA\person876_bacteria_2799.jpeg,1096,672,L,334fef47b828708c7adc26a3e6391344,person876,bacterial
train,PNEUMONIA,person877_bacteria_2800.jpeg,chest_xray_dataset\train\PNEUMONIA\person877_bacteria_2800.jpeg,1056,664,L,e5192168fdc80a85305331b681ad251d,person877,bacterial
train,PNEUMONIA,person877_virus_1525.jpeg,chest_xray_dataset\train\PNEUMONIA\person877_virus_1525.jpeg,1216,672,L,4aafa2b8801471897135dd43c0684d98,person877,viral
train,PNEUMONIA,person878_bacteria_2801.jpeg,chest_xray_dataset\train\PNEUMONIA\person878_bacteria_2801.jpeg,1692,1295,L,bb7138fd5c2dbbb6efa473799468fb70,person878,bacterial
train,PNEUMONIA,person878_virus_1526.jpeg,chest_xray_dataset\train\PNEUMONIA\person878_virus_1526.jpeg,1216,744,L,c7164d6b365d258cb3d07926c6783876,person878,viral
train,PNEUMONIA,person87_virus_160.jpeg,chest_xray_dataset\train\PNEUMONIA\person87_virus_160.jpeg,1636,1130,L,8a7b116452e07fff4e1cfa3b6acc555f,person87,viral
train,PNEUMONIA,person880_bacteria_2804.jpeg,chest_xray_dataset\train\PNEUMONIA\person880_bacteria_2804.jpeg,1024,664,L,37e944d21ffe052ec41739c3c445b9f7,person880,bacterial
train,PNEUMONIA,person880_virus_1529.jpeg,chest_xray_dataset\train\PNEUMONIA\person880_virus_1529.jpeg,1416,912,L,b8249f6861af5fa0263b5bb9d86bb936,person880,viral
train,PNEUMONIA,person881_bacteria_2805.jpeg,chest_xray_dataset\train\PNEUMONIA\person881_bacteria_2805.jpeg,1048,544,L,99e4262a2fcd37381d3bc4b6ad1d220e,person881,bacterial
train,PNEUMONIA,person881_virus_1531.jpeg,chest_xray_dataset\train\PNEUMONIA\person881_virus_1531.jpeg,1168,760,L,1456d5de52cdc211253f63f237eedb3b,person881,viral
train,PNEUMONIA,person882_bacteria_2806.jpeg,chest_xray_dataset\train\PNEUMONIA\person882_bacteria_2806.jpeg,1000,568,L,f7bda9807f42e2114f56fb99039bf5ec,person882,bacterial
train,PNEUMONIA,person883_bacteria_2807.jpeg,chest_xray_dataset\train\PNEUMONIA\person883_bacteria_2807.jpeg,1008,584,L,586d410007a1fcc56f710a8408b36f4f,person883,bacterial
train,PNEUMONIA,person883_virus_1533.jpeg,chest_xray_dataset\train\PNEUMONIA\person883_virus_1533.jpeg,1104,592,L,324d48d7177985379952b0d89a7f4ade,person883,viral
train,PNEUMONIA,person884_bacteria_2808.jpeg,chest_xray_dataset\train\PNEUMONIA\person884_bacteria_2808.jpeg,1306,762,L,3f2f52cce173ce57ca4dd3a8738b2334,person884,bacterial
train,PNEUMONIA,person884_virus_1534.jpeg,chest_xray_dataset\train\PNEUMONIA\person884_virus_1534.jpeg,1256,824,L,8837ca906079f6ecfc05164163a3dc0c,person884,viral
train,PNEUMONIA,person885_bacteria_2809.jpeg,chest_xray_dataset\train\PNEUMONIA\person885_bacteria_2809.jpeg,1256,720,L,ef0ff0e253f696b3510cad3c2902c45e,person885,bacterial
train,PNEUMONIA,person886_bacteria_2810.jpeg,chest_xray_dataset\train\PNEUMONIA\person886_bacteria_2810.jpeg,1372,817,L,648cfa0930e868c72d7acffc37d292bb,person886,bacterial
train,PNEUMONIA,person886_virus_1536.jpeg,chest_xray_dataset\train\PNEUMONIA\person886_virus_1536.jpeg,1656,1368,L,d011ceebda3e38c371f27e5130216bd6,person886,viral
train,PNEUMONIA,person887_bacteria_2811.jpeg,chest_xray_dataset\train\PNEUMONIA\person887_bacteria_2811.jpeg,942,571,L,654d8e9faa74d4115902011b2186026e,person887,bacterial
train,PNEUMONIA,person888_bacteria_2812.jpeg,chest_xray_dataset\train\PNEUMONIA\person888_bacteria_2812.jpeg,527,219,RGB,93700169ba48d98c638640d9c1f96806,person888,bacterial
train,PNEUMONIA,person888_virus_1538.jpeg,chest_xray_dataset\train\PNEUMONIA\person888_virus_1538.jpeg,1392,832,L,ea1233e141ad7f3d94f44a9dfd953050,person888,viral
train,PNEUMONIA,person889_bacteria_2813.jpeg,chest_xray_dataset\train\PNEUMONIA\person889_bacteria_2813.jpeg,856,536,L,c3028162a2ec1e337555600b8181fb36,person889,bacterial
train,PNEUMONIA,person88_virus_161.jpeg,chest_xray_dataset\train\PNEUMONIA\person88_virus_161.jpeg,1328,976,L,c5d45c85fb78f6efd2583ba240b9029f,person88,viral
train,PNEUMONIA,person88_virus_163.jpeg,chest_xray_dataset\train\PNEUMONIA\person88_virus_163.jpeg,1472,1176,L,0dd922358b19b582738372a229c5a41a,person88,viral
train,PNEUMONIA,person88_virus_164.jpeg,chest_xray_dataset\train\PNEUMONIA\person88_virus_164.jpeg,1432,1176,L,6f35a4f20ae625dd2c6e32756beac6d2,person88,viral
train,PNEUMONIA,person88_virus_165.jpeg,chest_xray_dataset\train\PNEUMONIA\person88_virus_165.jpeg,1520,1176,L,e16286fdda33b98d2d399a6b09f702db,person88,viral
train,PNEUMONIA,person88_virus_166.jpeg,chest_xray_dataset\train\PNEUMONIA\person88_virus_166.jpeg,1512,1008,L,c28303f694004eecd37d7cdfdfa4f52a,person88,viral
train,PNEUMONIA,person88_virus_167.jpeg,chest_xray_dataset\train\PNEUMONIA\person88_virus_167.jpeg,1344,1216,L,826ec7498be9d9f5ea3f79ec14967ca0,person88,viral
train,PNEUMONIA,person890_bacteria_2814.jpeg,chest_xray_dataset\train\PNEUMONIA\person890_bacteria_2814.jpeg,1016,608,L,0653b913fab42a5a8d2ee8c97502a551,person890,bacterial
train,PNEUMONIA,person890_virus_1540.jpeg,chest_xray_dataset\train\PNEUMONIA\person890_virus_1540.jpeg,1768,1072,L,aaa8273d2c5528cef34b4bf4ccb2c9a6,person890,viral
train,PNEUMONIA,person891_virus_1541.jpeg,chest_xray_dataset\train\PNEUMONIA\person891_virus_1541.jpeg,1048,632,L,37f5f3b259c2526468233d661ccb4bf7,person891,viral
train,PNEUMONIA,person892_bacteria_2817.jpeg,chest_xray_dataset\train\PNEUMONIA\person892_bacteria_2817.jpeg,1080,784,L,fa9d093e527c8e646712598fee2709f6,person892,bacterial
train,PNEUMONIA,person893_bacteria_2818.jpeg,chest_xray_dataset\train\PNEUMONIA\person893_bacteria_2818.jpeg,1000,560,L,5e06ae924dab46f7e5526f498ff0f545,person893,bacterial
train,PNEUMONIA,person894_bacteria_2819.jpeg,chest_xray_dataset\train\PNEUMONIA\person894_bacteria_2819.jpeg,747,464,RGB,aa2e873e43920f71e88b5ba10cb51f8a,person894,bacterial
train,PNEUMONIA,person894_virus_1546.jpeg,chest_xray_dataset\train\PNEUMONIA\person894_virus_1546.jpeg,1368,928,L,6d065605d5e72f333c00f4fa16550256,person894,viral
train,PNEUMONIA,person895_bacteria_2820.jpeg,chest_xray_dataset\train\PNEUMONIA\person895_bacteria_2820.jpeg,1000,744,L,2dd333e0c2d469b0bbaab00395084e8c,person895,bacterial
train,PNEUMONIA,person895_virus_1547.jpeg,chest_xray_dataset\train\PNEUMONIA\person895_virus_1547.jpeg,1608,1104,L,767f5fe4d79457ef9985b59b97d06f43,person895,viral
train,PNEUMONIA,person896_bacteria_2821.jpeg,chest_xray_dataset\train\PNEUMONIA\person896_bacteria_2821.jpeg,952,696,L,049c7a03281a6bf0473f1f66bf2bded2,person896,bacterial
train,PNEUMONIA,person896_virus_1548.jpeg,chest_xray_dataset\train\PNEUMONIA\person896_virus_1548.jpeg,1000,624,L,1556357d64570bb3d8fd7289470c3422,person896,viral
train,PNEUMONIA,person897_bacteria_2822.jpeg,chest_xray_dataset\train\PNEUMONIA\person897_bacteria_2822.jpeg,1008,704,L,b7375c5dcc63d292808f576bb5dd013c,person897,bacterial
train,PNEUMONIA,person898_bacteria_2823.jpeg,chest_xray_dataset\train\PNEUMONIA\person898_bacteria_2823.jpeg,912,520,L,9e2e024cd2caa9cf7e122e59401b7a1e,person898,bacterial
train,PNEUMONIA,person898_virus_1552.jpeg,chest_xray_dataset\train\PNEUMONIA\person898_virus_1552.jpeg,1384,944,L,0af91cc7a41d4ce0b73c04e3675452df,person898,viral
train,PNEUMONIA,person899_virus_1553.jpeg,chest_xray_dataset\train\PNEUMONIA\person899_virus_1553.jpeg,1456,912,L,1011873fa747da26cf54afd14f085d1f,person899,viral
train,PNEUMONIA,person89_virus_168.jpeg,chest_xray_dataset\train\PNEUMONIA\person89_virus_168.jpeg,1508,1133,L,8d40345ec22892025c1907d16c5048de,person89,viral
train,PNEUMONIA,person8_bacteria_37.jpeg,chest_xray_dataset\train\PNEUMONIA\person8_bacteria_37.jpeg,1790,1326,L,36f4604fb8614454bc9f15b9bf987545,person8,bacterial
train,PNEUMONIA,person900_virus_1554.jpeg,chest_xray_dataset\train\PNEUMONIA\person900_virus_1554.jpeg,1208,720,L,6531524455d176be914194e54866c814,person900,viral
train,PNEUMONIA,person901_virus_1555.jpeg,chest_xray_dataset\train\PNEUMONIA\person901_virus_1555.jpeg,1272,792,L,d8d5e2e47a127d889e0ba89e4a05d139,person901,viral
train,PNEUMONIA,person902_bacteria_2827.jpeg,chest_xray_dataset\train\PNEUMONIA\person902_bacteria_2827.jpeg,1160,800,L,f1925f33b0ab6bb119824e7cf8916a33,person902,bacterial
train,PNEUMONIA,person903_bacteria_2828.jpeg,chest_xray_dataset\train\PNEUMONIA\person903_bacteria_2828.jpeg,1208,920,L,6d349fc091da4ff7de82275a96d3b75f,person903,bacterial
train,PNEUMONIA,person904_bacteria_2829.jpeg,chest_xray_dataset\train\PNEUMONIA\person904_bacteria_2829.jpeg,508,218,RGB,56eb9f103c676ced9a0884c410b113f5,person904,bacterial
train,PNEUMONIA,person905_bacteria_2830.jpeg,chest_xray_dataset\train\PNEUMONIA\person905_bacteria_2830.jpeg,721,349,RGB,1c5207c13b5a79659748667cac45faeb,person905,bacterial
train,PNEUMONIA,person905_virus_1561.jpeg,chest_xray_dataset\train\PNEUMONIA\person905_virus_1561.jpeg,1056,552,L,9dff669d1ebb81fcbf569da28cb6642e,person905,viral
train,PNEUMONIA,person906_bacteria_2831.jpeg,chest_xray_dataset\train\PNEUMONIA\person906_bacteria_2831.jpeg,1064,712,L,92cb3d21ae5ac433af82f7e88fd2bc8b,person906,bacterial
train,PNEUMONIA,person906_virus_1562.jpeg,chest_xray_dataset\train\PNEUMONIA\person906_virus_1562.jpeg,723,507,RGB,60495a09ca8f8296e730dc24b6cc5ae4,person906,viral
train,PNEUMONIA,person907_bacteria_2832.jpeg,chest_xray_dataset\train\PNEUMONIA\person907_bacteria_2832.jpeg,824,528,L,f82e4655e90fd4736067a4338880910e,person907,bacterial
train,PNEUMONIA,person907_virus_1563.jpeg,chest_xray_dataset\train\PNEUMONIA\person907_virus_1563.jpeg,1208,704,L,2bcdbb55ba541a231209714d0875858d,person907,viral
train,PNEUMONIA,person908_virus_1564.jpeg,chest_xray_dataset\train\PNEUMONIA\person908_virus_1564.jpeg,1408,960,L,db3f8091b5d2ee1a8352ae785b6207d1,person908,viral
train,PNEUMONIA,person909_bacteria_2834.jpeg,chest_xray_dataset\train\PNEUMONIA\person909_bacteria_2834.jpeg,832,520,L,83ee29f2c07c0df4dfadd368213513b7,person909,bacterial
train,PNEUMONIA,person909_virus_1565.jpeg,chest_xray_dataset\train\PNEUMONIA\person909_virus_1565.jpeg,765,375,RGB,a1d95d91a8699e7cf7a2620522e28de4,person909,viral
train,PNEUMONIA,person90_virus_169.jpeg,chest_xray_dataset\train\PNEUMONIA\person90_virus_169.jpeg,1240,1072,L,6cbe42adbcd1303866f69f01d412064f,person90,viral
train,PNEUMONIA,person90_virus_170.jpeg,chest_xray_dataset\train\PNEUMONIA\person90_virus_170.jpeg,1224,768,L,ea4e70a268fba6d2cf459720b94e19f0,person90,viral
train,PNEUMONIA,person911_bacteria_2836.jpeg,chest_xray_dataset\train\PNEUMONIA\person911_bacteria_2836.jpeg,1024,816,L,f66fe96d7466ce3b755bc84688873b6d,person911,bacterial
train,PNEUMONIA,person911_virus_1567.jpeg,chest_xray_dataset\train\PNEUMONIA\person911_virus_1567.jpeg,1168,776,L,079a1b737a2d03ffe72878b19543d4fb,person911,viral
train,PNEUMONIA,person912_bacteria_2837.jpeg,chest_xray_dataset\train\PNEUMONIA\person912_bacteria_2837.jpeg,1056,784,L,10596f0f929e32062640fbf9e9476e0e,person912,bacterial
train,PNEUMONIA,person913_bacteria_2838.jpeg,chest_xray_dataset\train\PNEUMONIA\person913_bacteria_2838.jpeg,743,453,RGB,64991d578240734a718cf1b95fe4e521,person913,bacterial
train,PNEUMONIA,person913_virus_1570.jpeg,chest_xray_dataset\train\PNEUMONIA\person913_virus_1570.jpeg,1112,672,L,2bb584ec1e6f66c33c45d9814c1c4508,person913,viral
train,PNEUMONIA,person914_bacteria_2839.jpeg,chest_xray_dataset\train\PNEUMONIA\person914_bacteria_2839.jpeg,1176,696,L,cc248f8624c8fd78d02c4244e19ba4ad,person914,bacterial
train,PNEUMONIA,person914_virus_1571.jpeg,chest_xray_dataset\train\PNEUMONIA\person914_virus_1571.jpeg,1440,800,L,0d35f114c4cd55f6f4bbbfa84a84d803,person914,viral
train,PNEUMONIA,person915_virus_1572.jpeg,chest_xray_dataset\train\PNEUMONIA\person915_virus_1572.jpeg,1608,1056,L,92c903b5e77c3b8cd1f0adfc6c95b62c,person915,viral
train,PNEUMONIA,person916_bacteria_2841.jpeg,chest_xray_dataset\train\PNEUMONIA\person916_bacteria_2841.jpeg,1368,768,L,677192097e093923a2dcd177e76654d3,person916,bacterial
train,PNEUMONIA,person917_bacteria_2842.jpeg,chest_xray_dataset\train\PNEUMONIA\person917_bacteria_2842.jpeg,1272,664,L,fb47fc060d6dc1716acfff51c4bb6f97,person917,bacterial
train,PNEUMONIA,person918_bacteria_2843.jpeg,chest_xray_dataset\train\PNEUMONIA\person918_bacteria_2843.jpeg,1008,640,L,77f64ceaebccb47a9c6d2cbb4ce19843,person918,bacterial
train,PNEUMONIA,person918_virus_1575.jpeg,chest_xray_dataset\train\PNEUMONIA\person918_virus_1575.jpeg,830,496,RGB,e08f375633173b16c9ecca246cb805ce,person918,viral
train,PNEUMONIA,person919_bacteria_2844.jpeg,chest_xray_dataset\train\PNEUMONIA\person919_bacteria_2844.jpeg,1342,1110,L,854b3c3599f996904260637bf4bb33f9,person919,bacterial
train,PNEUMONIA,person919_virus_1576.jpeg,chest_xray_dataset\train\PNEUMONIA\person919_virus_1576.jpeg,1408,720,L,faf11f0fa4901e6b85822035cff335bc,person919,viral
train,PNEUMONIA,person920_bacteria_2845.jpeg,chest_xray_dataset\train\PNEUMONIA\person920_bacteria_2845.jpeg,1260,843,L,81a7f5f95e3e958c585f94624dc13f9a,person920,bacterial
train,PNEUMONIA,person920_virus_1577.jpeg,chest_xray_dataset\train\PNEUMONIA\person920_virus_1577.jpeg,886,570,RGB,fb04108a9fe12324d5538f22cabb52a4,person920,viral
train,PNEUMONIA,person921_bacteria_2846.jpeg,chest_xray_dataset\train\PNEUMONIA\person921_bacteria_2846.jpeg,1080,672,L,e67973087aca1caa80672e0d4625adb1,person921,bacterial
train,PNEUMONIA,person921_virus_1578.jpeg,chest_xray_dataset\train\PNEUMONIA\person921_virus_1578.jpeg,732,458,RGB,8a8e1fa2b19cfe99920f59849ef3540f,person921,viral
train,PNEUMONIA,person922_bacteria_2847.jpeg,chest_xray_dataset\train\PNEUMONIA\person922_bacteria_2847.jpeg,1048,752,L,67210456e45d715f21160d8c1ce40d30,person922,bacterial
train,PNEUMONIA,person923_bacteria_2848.jpeg,chest_xray_dataset\train\PNEUMONIA\person923_bacteria_2848.jpeg,580,294,RGB,b1a21d768c0ad0eefc0a0a0a2e2c886e,person923,bacterial
train,PNEUMONIA,person924_bacteria_2849.jpeg,chest_xray_dataset\train\PNEUMONIA\person924_bacteria_2849.jpeg,920,752,L,1287ba8d342d71a315e95e549b773a28,person924,bacterial
train,PNEUMONIA,person924_virus_1581.jpeg,chest_xray_dataset\train\PNEUMONIA\person924_virus_1581.jpeg,1896,1056,L,9e74bac5fa17c0f1bda8daaf4317bd9f,person924,viral
train,PNEUMONIA,person925_bacteria_2850.jpeg,chest_xray_dataset\train\PNEUMONIA\person925_bacteria_2850.jpeg,1096,896,L,15063f2ac949e061a43f4a4a72f6ddb7,person925,bacterial
train,PNEUMONIA,person925_virus_1582.jpeg,chest_xray_dataset\train\PNEUMONIA\person925_virus_1582.jpeg,1264,792,L,d0af787a4e8b81f6231a150bf118b593,person925,viral
train,PNEUMONIA,person926_virus_1583.jpeg,chest_xray_dataset\train\PNEUMONIA\person926_virus_1583.jpeg,1312,872,L,b84cc635a75c7be65b6b676bd1d0e448,person926,viral
train,PNEUMONIA,person927_bacteria_2852.jpeg,chest_xray_dataset\train\PNEUMONIA\person927_bacteria_2852.jpeg,976,584,L,9c8bfc5778b50637016192b5f83f091b,person927,bacterial
train,PNEUMONIA,person927_virus_1584.jpeg,chest_xray_dataset\train\PNEUMONIA\person927_virus_1584.jpeg,1256,904,L,76f119d1ffb5bd35f9f1959d71c8b04b,person927,viral
train,PNEUMONIA,person928_virus_1586.jpeg,chest_xray_dataset\train\PNEUMONIA\person928_virus_1586.jpeg,896,664,L,bc453a5716d2606dd18f2fa4330ec8f0,person928,viral
train,PNEUMONIA,person929_bacteria_2854.jpeg,chest_xray_dataset\train\PNEUMONIA\person929_bacteria_2854.jpeg,1028,685,L,afd328865a2a3938c2e6a79328ba0fa8,person929,bacterial
train,PNEUMONIA,person929_virus_1588.jpeg,chest_xray_dataset\train\PNEUMONIA\person929_virus_1588.jpeg,1944,1576,L,1bc157668bfbb83f897cf5c79feba8cc,person929,viral
train,PNEUMONIA,person929_virus_1589.jpeg,chest_xray_dataset\train\PNEUMONIA\person929_virus_1589.jpeg,1828,1640,L,ddbf7373a869c013c31393e2c5a6d932,person929,viral
train,PNEUMONIA,person92_virus_174.jpeg,chest_xray_dataset\train\PNEUMONIA\person92_virus_174.jpeg,1040,528,L,48b19fe26e473dec6aac82fc23e65272,person92,viral
train,PNEUMONIA,person930_bacteria_2855.jpeg,chest_xray_dataset\train\PNEUMONIA\person930_bacteria_2855.jpeg,944,648,L,f95843c6ba94ef6a92600f9db4247179,person930,bacterial
train,PNEUMONIA,person931_bacteria_2856.jpeg,chest_xray_dataset\train\PNEUMONIA\person931_bacteria_2856.jpeg,984,712,L,bc7c054d8d2c06020d5035aab7a55cf7,person931,bacterial
train,PNEUMONIA,person931_virus_1592.jpeg,chest_xray_dataset\train\PNEUMONIA\person931_virus_1592.jpeg,1264,888,L,751ad4b52047ae547185c30ca2834ef5,person931,viral
train,PNEUMONIA,person932_virus_1593.jpeg,chest_xray_dataset\train\PNEUMONIA\person932_virus_1593.jpeg,1024,648,L,042011a620ae510caaa88be466d84629,person932,viral
train,PNEUMONIA,person933_bacteria_2858.jpeg,chest_xray_dataset\train\PNEUMONIA\person933_bacteria_2858.jpeg,1152,816,L,f4b576428b872364961908af37d7eaf3,person933,bacterial
train,PNEUMONIA,person933_virus_1594.jpeg,chest_xray_dataset\train\PNEUMONIA\person933_virus_1594.jpeg,1408,1168,L,4f115030e951c677d5c3d678e6e89623,person933,viral
train,PNEUMONIA,person934_bacteria_2859.jpeg,chest_xray_dataset\train\PNEUMONIA\person934_bacteria_2859.jpeg,1152,704,L,9fc22c13a86cd8898c24c38981732322,person934,bacterial
train,PNEUMONIA,person934_virus_1595.jpeg,chest_xray_dataset\train\PNEUMONIA\person934_virus_1595.jpeg,821,490,RGB,1bedc08ecf777560a36b4ea8183a247e,person934,viral
train,PNEUMONIA,person935_virus_1597.jpeg,chest_xray_dataset\train\PNEUMONIA\person935_virus_1597.jpeg,1288,728,L,8f66c6b49122bf3d39730b70a1ee2e07,person935,viral
train,PNEUMONIA,person936_bacteria_2861.jpeg,chest_xray_dataset\train\PNEUMONIA\person936_bacteria_2861.jpeg,1256,872,L,f8d1f33574a0c9f849d805b3f0c5602e,person936,bacterial
train,PNEUMONIA,person936_virus_1598.jpeg,chest_xray_dataset\train\PNEUMONIA\person936_virus_1598.jpeg,1128,768,L,10e071cd7d43e8868c85863eccfc6f2f,person936,viral
train,PNEUMONIA,person937_bacteria_2862.jpeg,chest_xray_dataset\train\PNEUMONIA\person937_bacteria_2862.jpeg,1072,672,L,d8b571cd63ae3178826fd55c68cc33b7,person937,bacterial
train,PNEUMONIA,person937_virus_1599.jpeg,chest_xray_dataset\train\PNEUMONIA\person937_virus_1599.jpeg,1208,856,L,7600a6c9d1ed451d1ef96d28610b5fb4,person937,viral
train,PNEUMONIA,person938_bacteria_2863.jpeg,chest_xray_dataset\train\PNEUMONIA\person938_bacteria_2863.jpeg,920,672,L,b84dc7a05171752316e78ef7999a4aa9,person938,bacterial
train,PNEUMONIA,person938_virus_1600.jpeg,chest_xray_dataset\train\PNEUMONIA\person938_virus_1600.jpeg,716,444,RGB,0b302c821982e00c5efd8bdad12b0932,person938,viral
train,PNEUMONIA,person939_bacteria_2864.jpeg,chest_xray_dataset\train\PNEUMONIA\person939_bacteria_2864.jpeg,944,704,L,7614fc648d080b51d87a81bf2cac899b,person939,bacterial
train,PNEUMONIA,person93_virus_175.jpeg,chest_xray_dataset\train\PNEUMONIA\person93_virus_175.jpeg,1120,592,L,18b4edebb7e5a0f8e88c0ee14efbb940,person93,viral
train,PNEUMONIA,person940_bacteria_2865.jpeg,chest_xray_dataset\train\PNEUMONIA\person940_bacteria_2865.jpeg,896,656,L,ea2507cd6c0fe854b06e94c63cdd2dc0,person940,bacterial
train,PNEUMONIA,person940_virus_1602.jpeg,chest_xray_dataset\train\PNEUMONIA\person940_virus_1602.jpeg,1504,992,L,3975ccef31840735f2430e86f9b29345,person940,viral
train,PNEUMONIA,person940_virus_1604.jpeg,chest_xray_dataset\train\PNEUMONIA\person940_virus_1604.jpeg,778,631,RGB,970fe0ce27caa1509fe351903793bc20,person940,viral
train,PNEUMONIA,person940_virus_1605.jpeg,chest_xray_dataset\train\PNEUMONIA\person940_virus_1605.jpeg,1504,1064,L,4ec52701ab783b993a05a99c48f0aecb,person940,viral
train,PNEUMONIA,person940_virus_1607.jpeg,chest_xray_dataset\train\PNEUMONIA\person940_virus_1607.jpeg,1384,1072,L,a9db2d2081f7713a636093c2c9492001,person940,viral
train,PNEUMONIA,person940_virus_1609.jpeg,chest_xray_dataset\train\PNEUMONIA\person940_virus_1609.jpeg,923,604,RGB,e205906ecc82ef6c854f37575fd6712f,person940,viral
train,PNEUMONIA,person941_virus_1610.jpeg,chest_xray_dataset\train\PNEUMONIA\person941_virus_1610.jpeg,1688,1120,L,46609fd768f8f57c2e3d8872c35468e0,person941,viral
train,PNEUMONIA,person942_bacteria_2867.jpeg,chest_xray_dataset\train\PNEUMONIA\person942_bacteria_2867.jpeg,679,304,RGB,61abaa506fa6cc254c0500d75426d7c0,person942,bacterial
train,PNEUMONIA,person942_virus_1611.jpeg,chest_xray_dataset\train\PNEUMONIA\person942_virus_1611.jpeg,1592,1120,L,18c03173b98784ef18631d9768d6fa9c,person942,viral
train,PNEUMONIA,person943_bacteria_2868.jpeg,chest_xray_dataset\train\PNEUMONIA\person943_bacteria_2868.jpeg,1446,1087,L,77e317849c511dfe900250692d7f9d51,person943,bacterial
train,PNEUMONIA,person944_bacteria_2869.jpeg,chest_xray_dataset\train\PNEUMONIA\person944_bacteria_2869.jpeg,992,760,L,692f54c054fb52da4e9e75b44f459acf,person944,bacterial
train,PNEUMONIA,person945_bacteria_2870.jpeg,chest_xray_dataset\train\PNEUMONIA\person945_bacteria_2870.jpeg,968,656,L,fa82737784effd0f3c1dd180eff7319f,person945,bacterial
train,PNEUMONIA,person945_virus_1616.jpeg,chest_xray_dataset\train\PNEUMONIA\person945_virus_1616.jpeg,1312,752,L,cfc392d6f409b41c6c5bb5f9eadb7f2d,person945,viral
train,PNEUMONIA,person946_bacteria_2871.jpeg,chest_xray_dataset\train\PNEUMONIA\person946_bacteria_2871.jpeg,1284,762,L,b358b05b07df607bf6646d319dba9ea8,person946,bacterial
train,PNEUMONIA,person947_bacteria_2872.jpeg,chest_xray_dataset\train\PNEUMONIA\person947_bacteria_2872.jpeg,968,560,L,f37c0c952d67424ce2160a1eff5fdf6f,person947,bacterial
train,PNEUMONIA,person947_virus_1618.jpeg,chest_xray_dataset\train\PNEUMONIA\person947_virus_1618.jpeg,1808,1280,L,40fbc24efc19c17cae90af12db44df79,person947,viral
train,PNEUMONIA,person949_bacteria_2874.jpeg,chest_xray_dataset\train\PNEUMONIA\person949_bacteria_2874.jpeg,960,616,L,021f7259d06b4f39049f7b61ecdc188e,person949,bacterial
train,PNEUMONIA,person949_virus_1620.jpeg,chest_xray_dataset\train\PNEUMONIA\person949_virus_1620.jpeg,1640,1160,L,054cc47f6fa2ce256442ed15bc8a9d92,person949,viral
train,PNEUMONIA,person94_virus_176.jpeg,chest_xray_dataset\train\PNEUMONIA\person94_virus_176.jpeg,1472,1091,L,34eb6439cff9b5d1c703c99c6a6f47cb,person94,viral
train,PNEUMONIA,person950_virus_1621.jpeg,chest_xray_dataset\train\PNEUMONIA\person950_virus_1621.jpeg,1048,616,L,7a63b93c97d7f2046fdb6cce709a2e43,person950,viral
train,PNEUMONIA,person951_bacteria_2876.jpeg,chest_xray_dataset\train\PNEUMONIA\person951_bacteria_2876.jpeg,904,544,L,277a3b82efca76393220c95f98a146ee,person951,bacterial
train,PNEUMONIA,person951_virus_1622.jpeg,chest_xray_dataset\train\PNEUMONIA\person951_virus_1622.jpeg,1248,856,L,61521485c6a225a02f58d5766178f75f,person951,viral
train,PNEUMONIA,person952_bacteria_2877.jpeg,chest_xray_dataset\train\PNEUMONIA\person952_bacteria_2877.jpeg,1080,632,L,4c03b356f2593e46c83d3bee236e3286,person952,bacterial
train,PNEUMONIA,person952_virus_1623.jpeg,chest_xray_dataset\train\PNEUMONIA\person952_virus_1623.jpeg,984,456,L,03a8a8b8543b6e8772465f74b2b50508,person952,viral
train,PNEUMONIA,person953_bacteria_2878.jpeg,chest_xray_dataset\train\PNEUMONIA\person953_bacteria_2878.jpeg,1104,744,L,6e60ef94f1c6dd0d731c911f9d86b090,person953,bacterial
train,PNEUMONIA,person954_bacteria_2879.jpeg,chest_xray_dataset\train\PNEUMONIA\person954_bacteria_2879.jpeg,1056,920,L,52b96eee895f509eb0f153f674bf2682,person954,bacterial
train,PNEUMONIA,person954_virus_1626.jpeg,chest_xray_dataset\train\PNEUMONIA\person954_virus_1626.jpeg,1076,630,RGB,1daf66c649dd9f2ed3506c9783a90463,person954,viral
train,PNEUMONIA,person955_bacteria_2880.jpeg,chest_xray_dataset\train\PNEUMONIA\person955_bacteria_2880.jpeg,1024,744,L,dbcae18dd5f4d0b199723a607a0476f5,person955,bacterial
train,PNEUMONIA,person955_virus_1627.jpeg,chest_xray_dataset\train\PNEUMONIA\person955_virus_1627.jpeg,1080,688,L,c3f567e999ba539a20953141b928b91f,person955,viral
train,PNEUMONIA,person956_bacteria_2881.jpeg,chest_xray_dataset\train\PNEUMONIA\person956_bacteria_2881.jpeg,848,624,L,d2b65883dd48f30c301c360be6f3a798,person956,bacterial
train,PNEUMONIA,person956_virus_1628.jpeg,chest_xray_dataset\train\PNEUMONIA\person956_virus_1628.jpeg,1320,816,L,d494a95eb09a7a5f181c98c12e901fe0,person956,viral
train,PNEUMONIA,person957_bacteria_2882.jpeg,chest_xray_dataset\train\PNEUMONIA\person957_bacteria_2882.jpeg,904,792,L,017508f7f86dd89939c107389d10271b,person957,bacterial
train,PNEUMONIA,person957_virus_1629.jpeg,chest_xray_dataset\train\PNEUMONIA\person957_virus_1629.jpeg,1152,728,L,be8e8d6a841585283570d5315bb870fe,person957,viral
train,PNEUMONIA,person958_bacteria_2883.jpeg,chest_xray_dataset\train\PNEUMONIA\person958_bacteria_2883.jpeg,960,688,L,2bea504f6083c18ca3a1165b4cc68880,person958,bacterial
train,PNEUMONIA,person958_virus_1630.jpeg,chest_xray_dataset\train\PNEUMONIA\person958_virus_1630.jpeg,1528,1080,L,badf970d2dcfe33072c643141dc45eb5,person958,viral
train,PNEUMONIA,person959_bacteria_2884.jpeg,chest_xray_dataset\train\PNEUMONIA\person959_bacteria_2884.jpeg,1488,1288,L,c3a574840f38da7314bb390e7b38ef6a,person959,bacterial
train,PNEUMONIA,person95_virus_177.jpeg,chest_xray_dataset\train\PNEUMONIA\person95_virus_177.jpeg,1562,998,L,5e31e45d8fc930053c7e7f3025e5d107,person95,viral
train,PNEUMONIA,person960_bacteria_2885.jpeg,chest_xray_dataset\train\PNEUMONIA\person960_bacteria_2885.jpeg,992,592,L,4666b43d8ef384b7076e59cef1a2eda8,person960,bacterial
train,PNEUMONIA,person960_virus_1633.jpeg,chest_xray_dataset\train\PNEUMONIA\person960_virus_1633.jpeg,1376,1048,L,980d70c6a31d3635c7c6d8e460929fd1,person960,viral
train,PNEUMONIA,person961_bacteria_2886.jpeg,chest_xray_dataset\train\PNEUMONIA\person961_bacteria_2886.jpeg,992,752,L,083a2793d85b796d8ba879091ff98c81,person961,bacterial
train,PNEUMONIA,person961_virus_1634.jpeg,chest_xray_dataset\train\PNEUMONIA\person961_virus_1634.jpeg,1576,792,L,f71ae2c2fa8218d3fee491a9f2ad84cf,person961,viral
train,PNEUMONIA,person962_bacteria_2887.jpeg,chest_xray_dataset\train\PNEUMONIA\person962_bacteria_2887.jpeg,1056,752,L,c79ae39b13fa99378c4904dd96d54408,person962,bacterial
train,PNEUMONIA,person962_virus_1635.jpeg,chest_xray_dataset\train\PNEUMONIA\person962_virus_1635.jpeg,1456,928,L,4f77bf757679d96dd1cc1ae458d5ff49,person962,viral
train,PNEUMONIA,person963_bacteria_2888.jpeg,chest_xray_dataset\train\PNEUMONIA\person963_bacteria_2888.jpeg,1384,1376,L,0f27e116f9223ef6461a52060b21d103,person963,bacterial
train,PNEUMONIA,person963_virus_1636.jpeg,chest_xray_dataset\train\PNEUMONIA\person963_virus_1636.jpeg,756,544,RGB,19d1e42b1efbca271d9e75b287f83746,person963,viral
train,PNEUMONIA,person964_bacteria_2889.jpeg,chest_xray_dataset\train\PNEUMONIA\person964_bacteria_2889.jpeg,711,353,RGB,be5c8b5b0a74467bbe2a62a0444405ea,person964,bacterial
train,PNEUMONIA,person964_virus_1637.jpeg,chest_xray_dataset\train\PNEUMONIA\person964_virus_1637.jpeg,1152,536,L,d927d005f94167506e47a90119d52dab,person964,viral
train,PNEUMONIA,person965_bacteria_2890.jpeg,chest_xray_dataset\train\PNEUMONIA\person965_bacteria_2890.jpeg,968,832,L,f89a8864860a3d69128e587eedd7dea8,person965,bacterial
train,PNEUMONIA,person965_virus_1638.jpeg,chest_xray_dataset\train\PNEUMONIA\person965_virus_1638.jpeg,870,591,RGB,83f3109e2d19473d7a77e01e9b2b98c0,person965,viral
train,PNEUMONIA,person966_bacteria_2891.jpeg,chest_xray_dataset\train\PNEUMONIA\person966_bacteria_2891.jpeg,843,507,RGB,0e8b9c54aa6f8854c96c30439719e680,person966,bacterial
train,PNEUMONIA,person966_virus_1639.jpeg,chest_xray_dataset\train\PNEUMONIA\person966_virus_1639.jpeg,1016,760,L,a8e55f5d11c85b96f8b6e58c3a72810f,person966,viral
train,PNEUMONIA,person967_bacteria_2892.jpeg,chest_xray_dataset\train\PNEUMONIA\person967_bacteria_2892.jpeg,1006,855,L,b66b3ecfc0221cc2cc52599a113baf0b,person967,bacterial
train,PNEUMONIA,person967_virus_1640.jpeg,chest_xray_dataset\train\PNEUMONIA\person967_virus_1640.jpeg,1288,712,L,2ff910aaaac867bbc2bf4274abad3018,person967,viral
train,PNEUMONIA,person968_bacteria_2893.jpeg,chest_xray_dataset\train\PNEUMONIA\person968_bacteria_2893.jpeg,1210,817,L,c8e6cb1430ae08b92a5e2f820f841686,person968,bacterial
train,PNEUMONIA,person968_virus_1642.jpeg,chest_xray_dataset\train\PNEUMONIA\person968_virus_1642.jpeg,1264,840,L,dbd63e93e2ef4db19eb56d4fe8d7319d,person968,viral
train,PNEUMONIA,person969_bacteria_2894.jpeg,chest_xray_dataset\train\PNEUMONIA\person969_bacteria_2894.jpeg,1202,643,L,8fc72505338352a4c0d52b52662b5a12,person969,bacterial
train,PNEUMONIA,person969_virus_1643.jpeg,chest_xray_dataset\train\PNEUMONIA\person969_virus_1643.jpeg,1080,768,L,6922a7f9c6b9b601731a69168b70906c,person969,viral
train,PNEUMONIA,person96_virus_178.jpeg,chest_xray_dataset\train\PNEUMONIA\person96_virus_178.jpeg,1480,1144,L,474f3f7aace630ed9fd99ab82bb502d7,person96,viral
train,PNEUMONIA,person96_virus_179.jpeg,chest_xray_dataset\train\PNEUMONIA\person96_virus_179.jpeg,1624,1304,L,b1e0a466206bcb681a65c1f04aff345d,person96,viral
train,PNEUMONIA,person970_bacteria_2895.jpeg,chest_xray_dataset\train\PNEUMONIA\person970_bacteria_2895.jpeg,1006,674,L,76322016e85383995f69fed95f3f47a4,person970,bacterial
train,PNEUMONIA,person970_virus_1644.jpeg,chest_xray_dataset\train\PNEUMONIA\person970_virus_1644.jpeg,1160,768,L,ca55dc3dec992dcc44f54b7c9dca7e89,person970,viral
train,PNEUMONIA,person971_bacteria_2896.jpeg,chest_xray_dataset\train\PNEUMONIA\person971_bacteria_2896.jpeg,1496,1304,L,168421b9c68aa3a5301aa62b9f0d0aa7,person971,bacterial
train,PNEUMONIA,person972_bacteria_2897.jpeg,chest_xray_dataset\train\PNEUMONIA\person972_bacteria_2897.jpeg,1805,1044,L,a5bbc9ade79c617d83b85503d13bd482,person972,bacterial
train,PNEUMONIA,person972_virus_1646.jpeg,chest_xray_dataset\train\PNEUMONIA\person972_virus_1646.jpeg,1632,1008,L,2ff89ab91dcdda4a94b1fb7ee817c9e9,person972,viral
train,PNEUMONIA,person973_virus_1647.jpeg,chest_xray_dataset\train\PNEUMONIA\person973_virus_1647.jpeg,1224,872,L,6324258d9e1256a03ae9d1d429838f03,person973,viral
train,PNEUMONIA,person974_bacteria_2899.jpeg,chest_xray_dataset\train\PNEUMONIA\person974_bacteria_2899.jpeg,1456,1232,L,8cc74551fc6442ee2f053b6f54f00919,person974,bacterial
train,PNEUMONIA,person974_virus_1649.jpeg,chest_xray_dataset\train\PNEUMONIA\person974_virus_1649.jpeg,968,536,L,e2c03900d6298879dda31be4d3dee015,person974,viral
train,PNEUMONIA,person975_virus_1650.jpeg,chest_xray_dataset\train\PNEUMONIA\person975_virus_1650.jpeg,1384,1088,L,6530a6e4cc6c51aeb6e0169a6a5b9293,person975,viral
train,PNEUMONIA,person976_bacteria_2901.jpeg,chest_xray_dataset\train\PNEUMONIA\person976_bacteria_2901.jpeg,1320,896,L,ba2338480172d4bf02a795c9851ac3a6,person976,bacterial
train,PNEUMONIA,person976_virus_1651.jpeg,chest_xray_dataset\train\PNEUMONIA\person976_virus_1651.jpeg,960,576,L,f905a875dda998cb04781775e342dcc1,person976,viral
train,PNEUMONIA,person977_bacteria_2902.jpeg,chest_xray_dataset\train\PNEUMONIA\person977_bacteria_2902.jpeg,1418,1059,L,8e0241b6567096ed8e9553ca025cc0a4,person977,bacterial
train,PNEUMONIA,person977_virus_1652.jpeg,chest_xray_dataset\train\PNEUMONIA\person977_virus_1652.jpeg,768,552,RGB,e94fa94df2905ee64fa875305ca647a8,person977,viral
train,PNEUMONIA,person978_bacteria_2904.jpeg,chest_xray_dataset\train\PNEUMONIA\person978_bacteria_2904.jpeg,1488,1312,L,8a5901118ca46e96d7106fed7c8cab75,person978,bacterial
train,PNEUMONIA,person978_virus_1653.jpeg,chest_xray_dataset\train\PNEUMONIA\person978_virus_1653.jpeg,1040,688,L,85cca1237f8713495cf085bb91b070f0,person978,viral
train,PNEUMONIA,person979_bacteria_2905.jpeg,chest_xray_dataset\train\PNEUMONIA\person979_bacteria_2905.jpeg,1604,1044,L,26523bdbdcd52cd5773baaebeb916772,person979,bacterial
train,PNEUMONIA,person979_virus_1654.jpeg,chest_xray_dataset\train\PNEUMONIA\person979_virus_1654.jpeg,1312,888,L,691fea3e4729f54f232917671fe93a5f,person979,viral
train,PNEUMONIA,person97_virus_180.jpeg,chest_xray_dataset\train\PNEUMONIA\person97_virus_180.jpeg,1184,880,L,46d1a4a1f9fcefced8a9a797f44b2a3e,person97,viral
train,PNEUMONIA,person97_virus_181.jpeg,chest_xray_dataset\train\PNEUMONIA\person97_virus_181.jpeg,1056,808,L,95ac5137612156b27aa7518ed9bf62ff,person97,viral
train,PNEUMONIA,person980_bacteria_2906.jpeg,chest_xray_dataset\train\PNEUMONIA\person980_bacteria_2906.jpeg,1214,937,L,8451826c78b04c695754084e76af195a,person980,bacterial
train,PNEUMONIA,person980_virus_1655.jpeg,chest_xray_dataset\train\PNEUMONIA\person980_virus_1655.jpeg,754,411,RGB,296bd09f59ba635f87e16ae80848ef58,person980,viral
train,PNEUMONIA,person981_bacteria_2907.jpeg,chest_xray_dataset\train\PNEUMONIA\person981_bacteria_2907.jpeg,1384,1312,L,16acff9fbc6b0896a10db59166c2c461,person981,bacterial
train,PNEUMONIA,person981_bacteria_2908.jpeg,chest_xray_dataset\train\PNEUMONIA\person981_bacteria_2908.jpeg,1328,1192,L,2b74f45ffd53bfdd980faaa1c54fd0c2,person981,bacterial
train,PNEUMONIA,person981_virus_1657.jpeg,chest_xray_dataset\train\PNEUMONIA\person981_virus_1657.jpeg,984,552,L,1d332cf67333a2feaa9bd5fa6e9679c6,person981,viral
train,PNEUMONIA,person982_bacteria_2909.jpeg,chest_xray_dataset\train\PNEUMONIA\person982_bacteria_2909.jpeg,1288,768,L,479a3b3af12a39d117498fa6b3de7290,person982,bacterial
train,PNEUMONIA,person982_virus_1658.jpeg,chest_xray_dataset\train\PNEUMONIA\person982_virus_1658.jpeg,1584,1352,L,73a5c071c1d16219e1849b423e9d90ec,person982,viral
train,PNEUMONIA,person983_bacteria_2910.jpeg,chest_xray_dataset\train\PNEUMONIA\person983_bacteria_2910.jpeg,1138,677,L,823811cf8430e3a9b6dbb2a863d9156d,person983,bacterial
train,PNEUMONIA,person983_virus_1660.jpeg,chest_xray_dataset\train\PNEUMONIA\person983_virus_1660.jpeg,1464,872,L,adaa4016000466ceb75cc4d4d1128d1d,person983,viral
train,PNEUMONIA,person984_bacteria_2911.jpeg,chest_xray_dataset\train\PNEUMONIA\person984_bacteria_2911.jpeg,1264,1248,L,b0433a2743f21fca4893d2e632c2b636,person984,bacterial
train,PNEUMONIA,person985_bacteria_2912.jpeg,chest_xray_dataset\train\PNEUMONIA\person985_bacteria_2912.jpeg,1080,736,L,9f4de0567b2bec7a212dfd1336365949,person985,bacterial
train,PNEUMONIA,person986_bacteria_2913.jpeg,chest_xray_dataset\train\PNEUMONIA\person986_bacteria_2913.jpeg,1152,1032,L,df4b16e459085664a8de5ce63ed63499,person986,bacterial
train,PNEUMONIA,person987_bacteria_2914.jpeg,chest_xray_dataset\train\PNEUMONIA\person987_bacteria_2914.jpeg,1000,752,L,156a80598635f1776b2f8f1d64dc8aad,person987,bacterial
train,PNEUMONIA,person988_bacteria_2915.jpeg,chest_xray_dataset\train\PNEUMONIA\person988_bacteria_2915.jpeg,1136,713,L,a7d4aa203bc8ec69857d9d7a238acd6c,person988,bacterial
train,PNEUMONIA,person988_virus_1666.jpeg,chest_xray_dataset\train\PNEUMONIA\person988_virus_1666.jpeg,1288,840,L,ac37a57ceea37f649df1ea327772f367,person988,viral
train,PNEUMONIA,person989_virus_1667.jpeg,chest_xray_dataset\train\PNEUMONIA\person989_virus_1667.jpeg,1480,840,L,e3cd4cb5bcc950fa9c642e55935e4a8a,person989,viral
train,PNEUMONIA,person98_virus_182.jpeg,chest_xray_dataset\train\PNEUMONIA\person98_virus_182.jpeg,1536,984,L,8af0d55c74a34c030d9d5929b0a5929c,person98,viral
train,PNEUMONIA,person990_bacteria_2917.jpeg,chest_xray_dataset\train\PNEUMONIA\person990_bacteria_2917.jpeg,1314,940,L,cfee8ece6c4748d73a22ec3edf868c44,person990,bacterial
train,PNEUMONIA,person991_bacteria_2918.jpeg,chest_xray_dataset\train\PNEUMONIA\person991_bacteria_2918.jpeg,1072,888,L,f72a023b207ccc3e65138e1efea659a8,person991,bacterial
train,PNEUMONIA,person991_virus_1669.jpeg,chest_xray_dataset\train\PNEUMONIA\person991_virus_1669.jpeg,1312,800,L,e2719f1d9ec64c0ed96fc4c14045e302,person991,viral
train,PNEUMONIA,person992_bacteria_2919.jpeg,chest_xray_dataset\train\PNEUMONIA\person992_bacteria_2919.jpeg,1128,752,L,a47a78963e9e5a0de45c815c974325bd,person992,bacterial
train,PNEUMONIA,person992_bacteria_2920.jpeg,chest_xray_dataset\train\PNEUMONIA\person992_bacteria_2920.jpeg,795,491,RGB,4c94079c62232b6a4e84c878de0ecc91,person992,bacterial
train,PNEUMONIA,person992_virus_1670.jpeg,chest_xray_dataset\train\PNEUMONIA\person992_virus_1670.jpeg,1160,560,L,e9a53931a6e7511bf359fdd8ce295e62,person992,viral
train,PNEUMONIA,person993_bacteria_2921.jpeg,chest_xray_dataset\train\PNEUMONIA\person993_bacteria_2921.jpeg,1184,792,L,c207b534cac22483154effe826be63a3,person993,bacterial
train,PNEUMONIA,person993_virus_1671.jpeg,chest_xray_dataset\train\PNEUMONIA\person993_virus_1671.jpeg,1184,688,L,8046cb9431975eec873e9a07c6d61a4e,person993,viral
train,PNEUMONIA,person994_bacteria_2922.jpeg,chest_xray_dataset\train\PNEUMONIA\person994_bacteria_2922.jpeg,1304,1408,L,3d121cb369f7ebd96f53781d870e1831,person994,bacterial
train,PNEUMONIA,person994_virus_1672.jpeg,chest_xray_dataset\train\PNEUMONIA\person994_virus_1672.jpeg,697,449,RGB,03d78b2b7b42ea59cd5e7d7e2a7bc294,person994,viral
train,PNEUMONIA,person995_bacteria_2923.jpeg,chest_xray_dataset\train\PNEUMONIA\person995_bacteria_2923.jpeg,1032,744,L,f9a4b8a195a7d880ded631649ade1e5f,person995,bacterial
train,PNEUMONIA,person995_virus_1676.jpeg,chest_xray_dataset\train\PNEUMONIA\person995_virus_1676.jpeg,1072,720,L,e1ef58b88803b65444dc82b3640905d0,person995,viral
train,PNEUMONIA,person996_bacteria_2924.jpeg,chest_xray_dataset\train\PNEUMONIA\person996_bacteria_2924.jpeg,1294,1018,L,2ac2be60d0fc03fc42d307774ec42f37,person996,bacterial
train,PNEUMONIA,person996_virus_1677.jpeg,chest_xray_dataset\train\PNEUMONIA\person996_virus_1677.jpeg,708,292,RGB,4d7dab6867308dcc06aa5e50317497c1,person996,viral
train,PNEUMONIA,person997_bacteria_2926.jpeg,chest_xray_dataset\train\PNEUMONIA\person997_bacteria_2926.jpeg,1072,736,L,53e649dcff595325113c4476946c0efd,person997,bacterial
train,PNEUMONIA,person997_virus_1678.jpeg,chest_xray_dataset\train\PNEUMONIA\person997_virus_1678.jpeg,984,512,L,c2da102b4da64100015c72084e927ba0,person997,viral
train,PNEUMONIA,person998_bacteria_2927.jpeg,chest_xray_dataset\train\PNEUMONIA\person998_bacteria_2927.jpeg,1432,1152,L,504ecec2bf74f9909bb86fa202de979d,person998,bacterial
train,PNEUMONIA,person998_bacteria_2928.jpeg,chest_xray_dataset\train\PNEUMONIA\person998_bacteria_2928.jpeg,1232,1096,L,dda38089c4d08fa9a507d2ca328e62ff,person998,bacterial
train,PNEUMONIA,person99_virus_183.jpeg,chest_xray_dataset\train\PNEUMONIA\person99_virus_183.jpeg,1414,882,L,1c004441620c6bb80ae265c2babe2da9,person99,viral
train,PNEUMONIA,person9_bacteria_38.jpeg,chest_xray_dataset\train\PNEUMONIA\person9_bacteria_38.jpeg,1256,696,L,968930f6fde3f619a6904385564e3d82,person9,bacterial
train,PNEUMONIA,person9_bacteria_39.jpeg,chest_xray_dataset\train\PNEUMONIA\person9_bacteria_39.jpeg,1152,856,L,7cee8ebe4f9450e588cddb5d848b3bc6,person9,bacterial
train,PNEUMONIA,person9_bacteria_40.jpeg,chest_xray_dataset\train\PNEUMONIA\person9_bacteria_40.jpeg,1248,728,L,4c457b457abd63df09c13ea4a4ba39c8,person9,bacterial
train,PNEUMONIA,person9_bacteria_41.jpeg,chest_xray_dataset\train\PNEUMONIA\person9_bacteria_41.jpeg,1176,784,L,a190abe268a3214aec7f95e4892228c9,person9,bacterial
val,NORMAL,NORMAL2-IM-1427-0001.jpeg,chest_xray_dataset\val\NORMAL\NORMAL2-IM-1427-0001.jpeg,1776,1416,L,a7d65d30ba7a639a017aa7d2c6fdc28a,NORMAL2-IM-1427,
val,NORMAL,NORMAL2-IM-1430-0001.jpeg,chest_xray_dataset\val\NORMAL\NORMAL2-IM-1430-0001.jpeg,1272,1040,L,bd8fa40c06dc7af76a3152e74aa2df65,NORMAL2-IM-1430,
val,NORMAL,NORMAL2-IM-1431-0001.jpeg,chest_xray_dataset\val\NORMAL\NORMAL2-IM-1431-0001.jpeg,1736,1416,L,ef481bc4dfdeaca924ae8515562558d0,NORMAL2-IM-1431,
val,NORMAL,NORMAL2-IM-1436-0001.jpeg,chest_xray_dataset\val\NORMAL\NORMAL2-IM-1436-0001.jpeg,1288,928,L,41edb3e856fc0f24520c5f90dc759788,NORMAL2-IM-1436,
val,NORMAL,NORMAL2-IM-1437-0001.jpeg,chest_xray_dataset\val\NORMAL\NORMAL2-IM-1437-0001.jpeg,1240,1104,L,6726a94357baccc478fe6811bb7fdcea,NORMAL2-IM-1437,
val,NORMAL,NORMAL2-IM-1438-0001.jpeg,chest_xray_dataset\val\NORMAL\NORMAL2-IM-1438-0001.jpeg,1328,1104,L,78ec23207f3f763ce2e2a02d4d14ea45,NORMAL2-IM-1438,
val,NORMAL,NORMAL2-IM-1440-0001.jpeg,chest_xray_dataset\val\NORMAL\NORMAL2-IM-1440-0001.jpeg,1632,1225,L,893eba9f80c3df961de6e78ae6bbd52e,NORMAL2-IM-1440,
val,NORMAL,NORMAL2-IM-1442-0001.jpeg,chest_xray_dataset\val\NORMAL\NORMAL2-IM-1442-0001.jpeg,1564,1302,L,48b2132d2f3048ca409fa35fe75afa51,NORMAL2-IM-1442,
val,PNEUMONIA,person1946_bacteria_4874.jpeg,chest_xray_dataset\val\PNEUMONIA\person1946_bacteria_4874.jpeg,968,592,L,ea8d5e72b46814e9887afe4f5a67e226,person1946,bacterial
val,PNEUMONIA,person1946_bacteria_4875.jpeg,chest_xray_dataset\val\PNEUMONIA\person1946_bacteria_4875.jpeg,1072,712,L,1f42a336b0048e8a4b39adeb452e1a1b,person1946,bacterial
val,PNEUMONIA,person1947_bacteria_4876.jpeg,chest_xray_dataset\val\PNEUMONIA\person1947_bacteria_4876.jpeg,1152,664,L,298b6b335c4c4bc67eb5803a9d2b6e6e,person1947,bacterial
val,PNEUMONIA,person1949_bacteria_4880.jpeg,chest_xray_dataset\val\PNEUMONIA\person1949_bacteria_4880.jpeg,1416,944,L,7c43647e7883dc382e4fdcf9519eb620,person1949,bacterial
val,PNEUMONIA,person1950_bacteria_4881.jpeg,chest_xray_dataset\val\PNEUMONIA\person1950_bacteria_4881.jpeg,1256,864,L,03d5127c43f7ef89c2f4b7fc4a9077b6,person1950,bacterial
val,PNEUMONIA,person1951_bacteria_4882.jpeg,chest_xray_dataset\val\PNEUMONIA\person1951_bacteria_4882.jpeg,1016,656,L,3c882c75d23846a991006d3e5537410f,person1951,bacterial
val,PNEUMONIA,person1952_bacteria_4883.jpeg,chest_xray_dataset\val\PNEUMONIA\person1952_bacteria_4883.jpeg,1192,952,L,0ad69333b90345d3d3ee9b8d888ae2c2,person1952,bacterial
val,PNEUMONIA,person1954_bacteria_4886.jpeg,chest_xray_dataset\val\PNEUMONIA\person1954_bacteria_4886.jpeg,1664,1128,L,1cb589aa7712cc3a23c919cdc5e3c233,person1954,bacterial
test,NORMAL,IM-0001-0001.jpeg,chest_xray_dataset\test\NORMAL\IM-0001-0001.jpeg,1857,1317,L,6535e4c9b865af758eb077d28864c334,IM-0001,
test,NORMAL,IM-0003-0001.jpeg,chest_xray_dataset\test\NORMAL\IM-0003-0001.jpeg,2111,1509,L,b0936ea9277e1dec13fa09f3dbe1499c,IM-0003,
test,NORMAL,IM-0005-0001.jpeg,chest_xray_dataset\test\NORMAL\IM-0005-0001.jpeg,2031,1837,L,1bdca139c77d5997f873e9e078d8f047,IM-0005,
test,NORMAL,IM-0006-0001.jpeg,chest_xray_dataset\test\NORMAL\IM-0006-0001.jpeg,1663,1326,L,5f4216bba00f1db48677e70c74332b09,IM-0006,
test,NORMAL,IM-0007-0001.jpeg,chest_xray_dataset\test\NORMAL\IM-0007-0001.jpeg,2053,1818,L,2f0982422666632a3411cccadbbad64d,IM-0007,
test,NORMAL,IM-0009-0001.jpeg,chest_xray_dataset\test\NORMAL\IM-0009-0001.jpeg,1852,1443,L,dc4ec70ef2333add18babab279427b64,IM-0009,
test,NORMAL,IM-0010-0001.jpeg,chest_xray_dataset\test\NORMAL\IM-0010-0001.jpeg,1873,1478,L,4995f55fbddc3330ae1472f4bb2f84ee,IM-0010,
test,NORMAL,IM-0011-0001-0001.jpeg,chest_xray_dataset\test\NORMAL\IM-0011-0001-0001.jpeg,2144,1916,L,f165074a087cc9ef0d9fc88377308ae5,IM-0011,
test,NORMAL,IM-0011-0001-0002.jpeg,chest_xray_dataset\test\NORMAL\IM-0011-0001-0002.jpeg,2214,1945,L,9a763902dd041590b5c9f29d3d877bf9,IM-0011,
test,NORMAL,IM-0011-0001.jpeg,chest_xray_dataset\test\NORMAL\IM-0011-0001.jpeg,1863,1785,L,5101bf9dd465c2c0c9e670829be35794,IM-0011,
test,NORMAL,IM-0013-0001.jpeg,chest_xray_dataset\test\NORMAL\IM-0013-0001.jpeg,2444,2155,L,e83c57771871cfbc8d94bb2aef45cabc,IM-0013,
test,NORMAL,IM-0015-0001.jpeg,chest_xray_dataset\test\NORMAL\IM-0015-0001.jpeg,1803,1238,L,0b73e84f0b8c5bd309abf23d89ee6da6,IM-0015,
test,NORMAL,IM-0016-0001.jpeg,chest_xray_dataset\test\NORMAL\IM-0016-0001.jpeg,2498,2057,L,e3d295e2b87665841f449d802ccfdb96,IM-0016,
test,NORMAL,IM-0017-0001.jpeg,chest_xray_dataset\test\NORMAL\IM-0017-0001.jpeg,1984,1559,L,cbdfa4f5c92e7b61306c83c22f19e5cb,IM-0017,
test,NORMAL,IM-0019-0001.jpeg,chest_xray_dataset\test\NORMAL\IM-0019-0001.jpeg,1917,1432,L,666d6dd0be4c6615ea20e39fc9128fe6,IM-0019,
test,NORMAL,IM-0021-0001.jpeg,chest_xray_dataset\test\NORMAL\IM-0021-0001.jpeg,2624,1893,L,295fd868e9eadae937fd3b199e71cd09,IM-0021,
test,NORMAL,IM-0022-0001.jpeg,chest_xray_dataset\test\NORMAL\IM-0022-0001.jpeg,1300,617,L,7b4400050f977d2c1781cf355844c41e,IM-0022,
test,NORMAL,IM-0023-0001.jpeg,chest_xray_dataset\test\NORMAL\IM-0023-0001.jpeg,2022,1384,L,6da269a45bbad32c1aa111bfd3f6f7bc,IM-0023,
test,NORMAL,IM-0025-0001.jpeg,chest_xray_dataset\test\NORMAL\IM-0025-0001.jpeg,2720,2458,L,7327b200f7db31bb93d4cb6a83e327ca,IM-0025,
test,NORMAL,IM-0027-0001.jpeg,chest_xray_dataset\test\NORMAL\IM-0027-0001.jpeg,2271,1827,L,99054d134eb86fea472335a94f4c6483,IM-0027,
test,NORMAL,IM-0028-0001.jpeg,chest_xray_dataset\test\NORMAL\IM-0028-0001.jpeg,2522,2124,L,91cf5384629ef626110b9deb1c34d2d7,IM-0028,
test,NORMAL,IM-0029-0001.jpeg,chest_xray_dataset\test\NORMAL\IM-0029-0001.jpeg,2343,2139,L,be7c1673a33888ff28b042f948806731,IM-0029,
test,NORMAL,IM-0030-0001.jpeg,chest_xray_dataset\test\NORMAL\IM-0030-0001.jpeg,1647,1314,L,e79a830dd3018d3c1ea7c521ac2e1626,IM-0030,
test,NORMAL,IM-0031-0001.jpeg,chest_xray_dataset\test\NORMAL\IM-0031-0001.jpeg,1949,1632,L,fcb6c4dbe081c0a49e4d785d93b9ffc2,IM-0031,
test,NORMAL,IM-0033-0001-0001.jpeg,chest_xray_dataset\test\NORMAL\IM-0033-0001-0001.jpeg,2170,1953,L,e71a81d017feadd4f3507b9fa10309b1,IM-0033,
test,NORMAL,IM-0033-0001-0002.jpeg,chest_xray_dataset\test\NORMAL\IM-0033-0001-0002.jpeg,2024,1836,L,68085974175c5771365be979642692fb,IM-0033,
test,NORMAL,IM-0033-0001.jpeg,chest_xray_dataset\test\NORMAL\IM-0033-0001.jpeg,1658,1534,L,ba684b83155fb4a5bf7c4d28872c0775,IM-0033,
test,NORMAL,IM-0035-0001.jpeg,chest_xray_dataset\test\NORMAL\IM-0035-0001.jpeg,2480,2329,L,715c6acb289d98e8ed02a4e7c4744ef5,IM-0035,
test,NORMAL,IM-0036-0001.jpeg,chest_xray_dataset\test\NORMAL\IM-0036-0001.jpeg,2096,1709,L,5c07dd395fcde187a86d652f9ba255fd,IM-0036,
test,NORMAL,IM-0037-0001.jpeg,chest_xray_dataset\test\NORMAL\IM-0037-0001.jpeg,1741,1504,L,924ad1b3311b9824ffc83db53f63a9f1,IM-0037,
test,NORMAL,IM-0039-0001.jpeg,chest_xray_dataset\test\NORMAL\IM-0039-0001.jpeg,2153,1793,L,6dbbf668a3abc7fa917e436968b0aeb8,IM-0039,
test,NORMAL,IM-0041-0001.jpeg,chest_xray_dataset\test\NORMAL\IM-0041-0001.jpeg,2022,2071,L,9948fa5dd10757ad4363ffd12684bcd6,IM-0041,
test,NORMAL,IM-0043-0001.jpeg,chest_xray_dataset\test\NORMAL\IM-0043-0001.jpeg,2297,2032,L,14d85fe325c4bba070b201a0511ab624,IM-0043,
test,NORMAL,IM-0045-0001.jpeg,chest_xray_dataset\test\NORMAL\IM-0045-0001.jpeg,2746,2382,L,d6fe15ea78608e836384a97afd61f28f,IM-0045,
test,NORMAL,IM-0046-0001.jpeg,chest_xray_dataset\test\NORMAL\IM-0046-0001.jpeg,2001,1725,L,070a0483e74e1796922cda9d243850e3,IM-0046,
test,NORMAL,IM-0049-0001.jpeg,chest_xray_dataset\test\NORMAL\IM-0049-0001.jpeg,1762,1060,L,633e73c4c92f99c0391d7de1d2b7baf2,IM-0049,
test,NORMAL,IM-0050-0001.jpeg,chest_xray_dataset\test\NORMAL\IM-0050-0001.jpeg,2752,1882,L,3684aec9459bc74d53bb3e4e8f7afcbe,IM-0050,
test,NORMAL,IM-0059-0001.jpeg,chest_xray_dataset\test\NORMAL\IM-0059-0001.jpeg,1616,1041,L,e7b1cb3eb48019f0ac510059d2ba2abc,IM-0059,
test,NORMAL,IM-0061-0001.jpeg,chest_xray_dataset\test\NORMAL\IM-0061-0001.jpeg,1754,1318,L,be3cd2880c946b8706a679e38fd268d4,IM-0061,
test,NORMAL,IM-0063-0001.jpeg,chest_xray_dataset\test\NORMAL\IM-0063-0001.jpeg,2034,1761,L,a7f5688ae7768ed8e749b0569719e018,IM-0063,
test,NORMAL,IM-0065-0001.jpeg,chest_xray_dataset\test\NORMAL\IM-0065-0001.jpeg,1562,1021,L,cec98e43689d55114fbf81ba88706e28,IM-0065,
test,NORMAL,IM-0067-0001.jpeg,chest_xray_dataset\test\NORMAL\IM-0067-0001.jpeg,1572,1125,L,5621502f391541d454cf63e4a13bf169,IM-0067,
test,NORMAL,IM-0069-0001.jpeg,chest_xray_dataset\test\NORMAL\IM-0069-0001.jpeg,1974,1226,L,57c4e20ee7f74d21f90e9c51675509a3,IM-0069,
test,NORMAL,IM-0070-0001.jpeg,chest_xray_dataset\test\NORMAL\IM-0070-0001.jpeg,2034,1392,L,6ac1a60e35ac905675f1ffabf29bcccb,IM-0070,
test,NORMAL,IM-0071-0001.jpeg,chest_xray_dataset\test\NORMAL\IM-0071-0001.jpeg,2060,1558,L,429fba03e1b377a1e33b7083dc2b2d42,IM-0071,
test,NORMAL,IM-0073-0001.jpeg,chest_xray_dataset\test\NORMAL\IM-0073-0001.jpeg,1322,650,L,5b35a337185279c4f7dff09e390619fb,IM-0073,
test,NORMAL,IM-0075-0001.jpeg,chest_xray_dataset\test\NORMAL\IM-0075-0001.jpeg,1786,1068,L,af90d929ae696a8056615bd8f32ac5b0,IM-0075,
test,NORMAL,IM-0077-0001.jpeg,chest_xray_dataset\test\NORMAL\IM-0077-0001.jpeg,1740,1246,L,5d2698ce3483d0e05a1a0d6e989b8dd6,IM-0077,
test,NORMAL,IM-0079-0001.jpeg,chest_xray_dataset\test\NORMAL\IM-0079-0001.jpeg,1774,1230,L,d7f07634daba91f5d3743edb935440a3,IM-0079,
test,NORMAL,IM-0081-0001.jpeg,chest_xray_dataset\test\NORMAL\IM-0081-0001.jpeg,1260,767,L,c62f006303dff92e90c35f8f60b0b966,IM-0081,
test,NORMAL,IM-0083-0001.jpeg,chest_xray_dataset\test\NORMAL\IM-0083-0001.jpeg,1240,925,L,1b74d398d69043d6b0103f1716e173db,IM-0083,
test,NORMAL,IM-0084-0001.jpeg,chest_xray_dataset\test\NORMAL\IM-0084-0001.jpeg,1754,1187,L,6cee07f7db37817f042cda57c95254b4,IM-0084,
test,NORMAL,IM-0085-0001.jpeg,chest_xray_dataset\test\NORMAL\IM-0085-0001.jpeg,1558,1014,L,7a9a34cb5472e838aca5847f1e9b484c,IM-0085,
test,NORMAL,IM-0086-0001.jpeg,chest_xray_dataset\test\NORMAL\IM-0086-0001.jpeg,2006,1461,L,aa091a768371f685db4920ee2e982d69,IM-0086,
test,NORMAL,IM-0087-0001.jpeg,chest_xray_dataset\test\NORMAL\IM-0087-0001.jpeg,1890,1357,L,d819b8b0eb433919b55f07e74ef03d36,IM-0087,
test,NORMAL,IM-0089-0001.jpeg,chest_xray_dataset\test\NORMAL\IM-0089-0001.jpeg,2426,2076,L,ffef317becc3f23a2cb612f4c789e6e6,IM-0089,
test,NORMAL,IM-0091-0001.jpeg,chest_xray_dataset\test\NORMAL\IM-0091-0001.jpeg,1754,1036,L,64752335f25a52ce183e59456b403ed9,IM-0091,
test,NORMAL,IM-0093-0001.jpeg,chest_xray_dataset\test\NORMAL\IM-0093-0001.jpeg,1788,1282,L,53e1a67ffa47334b87ce9b437198a297,IM-0093,
test,NORMAL,IM-0095-0001.jpeg,chest_xray_dataset\test\NORMAL\IM-0095-0001.jpeg,1866,1311,L,bda028740c3bfe4d8ab4fe06df8f811a,IM-0095,
test,NORMAL,IM-0097-0001.jpeg,chest_xray_dataset\test\NORMAL\IM-0097-0001.jpeg,1558,925,L,378435f2ad30f034ef00ea227e746135,IM-0097,
test,NORMAL,IM-0099-0001.jpeg,chest_xray_dataset\test\NORMAL\IM-0099-0001.jpeg,1862,1326,L,72b7ae0919539b7f99ea74a6e64b7d32,IM-0099,
test,NORMAL,IM-0101-0001.jpeg,chest_xray_dataset\test\NORMAL\IM-0101-0001.jpeg,1460,906,L,13c8cbde185e0521bdd7fc11d3a585b3,IM-0101,
test,NORMAL,IM-0102-0001.jpeg,chest_xray_dataset\test\NORMAL\IM-0102-0001.jpeg,1472,863,L,9c104d4db62ec1ea40c31a0ce27accc9,IM-0102,
test,NORMAL,IM-0103-0001.jpeg,chest_xray_dataset\test\NORMAL\IM-0103-0001.jpeg,1970,2085,L,0283faf919582be6ebc8e628d8a9201a,IM-0103,
test,NORMAL,IM-0105-0001.jpeg,chest_xray_dataset\test\NORMAL\IM-0105-0001.jpeg,2022,1299,L,fc249eb837c049e58ab20b10b86ae3b1,IM-0105,
test,NORMAL,IM-0107-0001.jpeg,chest_xray_dataset\test\NORMAL\IM-0107-0001.jpeg,1824,1125,L,0d67be03186c6a9f8d0e783f512289a3,IM-0107,
test,NORMAL,IM-0109-0001.jpeg,chest_xray_dataset\test\NORMAL\IM-0109-0001.jpeg,1802,1110,L,2892f999f9d4db1779e66439a74316de,IM-0109,
test,NORMAL,IM-0110-0001.jpeg,chest_xray_dataset\test\NORMAL\IM-0110-0001.jpeg,1542,871,L,4e65b93fe4f1698343c57749932b35f9,IM-0110,
test,NORMAL,IM-0111-0001.jpeg,chest_xray_dataset\test\NORMAL\IM-0111-0001.jpeg,1910,1303,L,44d638da4ed5190b276896f805e5ff71,IM-0111,
test,NORMAL,NORMAL2-IM-0007-0001.jpeg,chest_xray_dataset\test\NORMAL\NORMAL2-IM-0007-0001.jpeg,2165,1907,L,9212538ac4323b5611523fe7e461873b,NORMAL2-IM-0007,
test,NORMAL,NORMAL2-IM-0012-0001.jpeg,chest_xray_dataset\test\NORMAL\NORMAL2-IM-0012-0001.jpeg,1784,1440,L,9253645eea22cdd29dacd3bb9e4ebb88,NORMAL2-IM-0012,
test,NORMAL,NORMAL2-IM-0013-0001.jpeg,chest_xray_dataset\test\NORMAL\NORMAL2-IM-0013-0001.jpeg,2165,1749,L,e30d6a4e6f90c195e4128c1b5e51715a,NORMAL2-IM-0013,
test,NORMAL,NORMAL2-IM-0019-0001.jpeg,chest_xray_dataset\test\NORMAL\NORMAL2-IM-0019-0001.jpeg,2043,2087,L,5ee89f5a79039fe655a166a4d4f93bf1,NORMAL2-IM-0019,
test,NORMAL,NORMAL2-IM-0023-0001.jpeg,chest_xray_dataset\test\NORMAL\NORMAL2-IM-0023-0001.jpeg,2071,1296,L,17d9ce5906ba296b5142bb904b5c8a55,NORMAL2-IM-0023,
test,NORMAL,NORMAL2-IM-0027-0001.jpeg,chest_xray_dataset\test\NORMAL\NORMAL2-IM-0027-0001.jpeg,1856,1418,L,2fc9d4422c6d7fd611d99216baeb4c84,NORMAL2-IM-0027,
test,NORMAL,NORMAL2-IM-0028-0001.jpeg,chest_xray_dataset\test\NORMAL\NORMAL2-IM-0028-0001.jpeg,2381,1965,L,20e72dfbca76c158bc6cf18b5a5784ba,NORMAL2-IM-0028,
test,NORMAL,NORMAL2-IM-0029-0001.jpeg,chest_xray_dataset\test\NORMAL\NORMAL2-IM-0029-0001.jpeg,1928,1756,L,2d089d6f2f370e1d17b79c5f1aef1238,NORMAL2-IM-0029,
test,NORMAL,NORMAL2-IM-0030-0001.jpeg,chest_xray_dataset\test\NORMAL\NORMAL2-IM-0030-0001.jpeg,2517,2713,L,3b77ad1d38224fe3df5286f09ed75128,NORMAL2-IM-0030,
test,NORMAL,NORMAL2-IM-0033-0001.jpeg,chest_xray_dataset\test\NORMAL\NORMAL2-IM-0033-0001.jpeg,2431,2195,L,2446a291f600a48f67913f44f3ca3d52,NORMAL2-IM-0033,
test,NORMAL,NORMAL2-IM-0035-0001.jpeg,chest_xray_dataset\test\NORMAL\NORMAL2-IM-0035-0001.jpeg,1762,1224,L,497023a9bddafcce0261d743f484efae,NORMAL2-IM-0035,
test,NORMAL,NORMAL2-IM-0041-0001.jpeg,chest_xray_dataset\test\NORMAL\NORMAL2-IM-0041-0001.jpeg,2187,1332,L,50f62316c920b002a69e3672d3266eaf,NORMAL2-IM-0041,
test,NORMAL,NORMAL2-IM-0045-0001.jpeg,chest_xray_dataset\test\NORMAL\NORMAL2-IM-0045-0001.jpeg,1733,1044,L,51c576f29c17cf52fd9975a781fde388,NORMAL2-IM-0045,
test,NORMAL,NORMAL2-IM-0051-0001.jpeg,chest_xray_dataset\test\NORMAL\NORMAL2-IM-0051-0001.jpeg,2028,1742,L,7d02f9a8866f99b081e8e940e8ec1361,NORMAL2-IM-0051,
test,NORMAL,NORMAL2-IM-0052-0001.jpeg,chest_xray_dataset\test\NORMAL\NORMAL2-IM-0052-0001.jpeg,2446,2224,L,607e2a390cb788e7a9c4f76154a3d2c2,NORMAL2-IM-0052,
test,NORMAL,NORMAL2-IM-0058-0001.jpeg,chest_xray_dataset\test\NORMAL\NORMAL2-IM-0058-0001.jpeg,1683,1361,L,e4b956809cfc6906bf33705a9d6f3b6f,NORMAL2-IM-0058,
test,NORMAL,NORMAL2-IM-0059-0001.jpeg,chest_xray_dataset\test\NORMAL\NORMAL2-IM-0059-0001.jpeg,2244,2030,L,bb9b444d1ed47d9548dbf8f6b08e4d86,NORMAL2-IM-0059,
test,NORMAL,NORMAL2-IM-0060-0001.jpeg,chest_xray_dataset\test\NORMAL\NORMAL2-IM-0060-0001.jpeg,2323,1893,L,df33bd227308ac6ce510bd0915dac76f,NORMAL2-IM-0060,
test,NORMAL,NORMAL2-IM-0066-0001.jpeg,chest_xray_dataset\test\NORMAL\NORMAL2-IM-0066-0001.jpeg,2194,2094,L,71bed952453aab9b68c37b12a7dfa231,NORMAL2-IM-0066,
test,NORMAL,NORMAL2-IM-0072-0001.jpeg,chest_xray_dataset\test\NORMAL\NORMAL2-IM-0072-0001.jpeg,1992,1620,L,880256af1211407aacb924d3ad2a3700,NORMAL2-IM-0072,
test,NORMAL,NORMAL2-IM-0073-0001.jpeg,chest_xray_dataset\test\NORMAL\NORMAL2-IM-0073-0001.jpeg,2496,2296,L,0ac56e35dd7255a7aca5c8e6d7486b81,NORMAL2-IM-0073,
test,NORMAL,NORMAL2-IM-0079-0001.jpeg,chest_xray_dataset\test\NORMAL\NORMAL2-IM-0079-0001.jpeg,2345,1936,L,cc44da8c5bafa796b391bad5b7341fbc,NORMAL2-IM-0079,
test,NORMAL,NORMAL2-IM-0081-0001.jpeg,chest_xray_dataset\test\NORMAL\NORMAL2-IM-0081-0001.jpeg,2517,2310,L,5059b89d51db46ab203f731fafa3dcb1,NORMAL2-IM-0081,
test,NORMAL,NORMAL2-IM-0086-0001.jpeg,chest_xray_dataset\test\NORMAL\NORMAL2-IM-0086-0001.jpeg,2474,2224,L,f70ea2466135489ebacdb768ada706d8,NORMAL2-IM-0086,
test,NORMAL,NORMAL2-IM-0092-0001.jpeg,chest_xray_dataset\test\NORMAL\NORMAL2-IM-0092-0001.jpeg,2143,1576,L,f73c3e0f3e82ccbd5997b84ded5dad23,NORMAL2-IM-0092,
test,NORMAL,NORMAL2-IM-0095-0001.jpeg,chest_xray_dataset\test\NORMAL\NORMAL2-IM-0095-0001.jpeg,2517,1979,L,f9528b244ccd49f3d89ead90ba09c520,NORMAL2-IM-0095,
test,NORMAL,NORMAL2-IM-0096-0001.jpeg,chest_xray_dataset\test\NORMAL\NORMAL2-IM-0096-0001.jpeg,2517,1979,L,f9528b244ccd49f3d89ead90ba09c520,NORMAL2-IM-0096,
test,NORMAL,NORMAL2-IM-0098-0001.jpeg,chest_xray_dataset\test\NORMAL\NORMAL2-IM-0098-0001.jpeg,1266,1044,L,3bf0f036c3b44adfe4c0846de90fb839,NORMAL2-IM-0098,
test,NORMAL,NORMAL2-IM-0102-0001.jpeg,chest_xray_dataset\test\NORMAL\NORMAL2-IM-0102-0001.jpeg,2366,2152,L,c478b8050e88e6da5358446cdd7a62a9,NORMAL2-IM-0102,
test,NORMAL,NORMAL2-IM-0105-0001.jpeg,chest_xray_dataset\test\NORMAL\NORMAL2-IM-0105-0001.jpeg,2352,2166,L,181693a9363b57f00e57a0a754e991d7,NORMAL2-IM-0105,
test,NORMAL,NORMAL2-IM-0107-0001.jpeg,chest_xray_dataset\test\NORMAL\NORMAL2-IM-0107-0001.jpeg,1741,1706,L,4d4d841d62aeedc21f441d2b350b7608,NORMAL2-IM-0107,
test,NORMAL,NORMAL2-IM-0110-0001.jpeg,chest_xray_dataset\test\NORMAL\NORMAL2-IM-0110-0001.jpeg,2251,1828,L,df187306231ca8c72611135c56d44fed,NORMAL2-IM-0110,
test,NORMAL,NORMAL2-IM-0111-0001.jpeg,chest_xray_dataset\test\NORMAL\NORMAL2-IM-0111-0001.jpeg,2035,1526,L,bd15dd558c0e2a663b6904b5138d0486,NORMAL2-IM-0111,
test,NORMAL,NORMAL2-IM-0112-0001.jpeg,chest_xray_dataset\test\NORMAL\NORMAL2-IM-0112-0001.jpeg,2266,1843,L,0ffe5d1c513f37e50e0260d1ea581430,NORMAL2-IM-0112,
test,NORMAL,NORMAL2-IM-0117-0001.jpeg,chest_xray_dataset\test\NORMAL\NORMAL2-IM-0117-0001.jpeg,1971,1526,L,575f3de9576adfac9555d52bc8137ee8,NORMAL2-IM-0117,
test,NORMAL,NORMAL2-IM-0120-0001.jpeg,chest_xray_dataset\test\NORMAL\NORMAL2-IM-0120-0001.jpeg,2093,1764,L,20efbf3bca13e93c83c839c2cc4f3847,NORMAL2-IM-0120,
test,NORMAL,NORMAL2-IM-0123-0001.jpeg,chest_xray_dataset\test\NORMAL\NORMAL2-IM-0123-0001.jpeg,2043,1217,L,0fb1655af4d281ece1664a841c913185,NORMAL2-IM-0123,
test,NORMAL,NORMAL2-IM-0129-0001.jpeg,chest_xray_dataset\test\NORMAL\NORMAL2-IM-0129-0001.jpeg,2302,1663,L,bfa12995a2180e709e8721c0cae1fe4a,NORMAL2-IM-0129,
test,NORMAL,NORMAL2-IM-0130-0001.jpeg,chest_xray_dataset\test\NORMAL\NORMAL2-IM-0130-0001.jpeg,1827,1641,L,df183f068c0922781a2e114e9987a5be,NORMAL2-IM-0130,
test,NORMAL,NORMAL2-IM-0131-0001.jpeg,chest_xray_dataset\test\NORMAL\NORMAL2-IM-0131-0001.jpeg,1784,1389,L,10bef07a41356044088d65f161b6a5bf,NORMAL2-IM-0131,
test,NORMAL,NORMAL2-IM-0132-0001.jpeg,chest_xray_dataset\test\NORMAL\NORMAL2-IM-0132-0001.jpeg,2115,1792,L,7f8a7d2fc1ddb891c8c5e170b30978be,NORMAL2-IM-0132,
test,NORMAL,NORMAL2-IM-0135-0001.jpeg,chest_xray_dataset\test\NORMAL\NORMAL2-IM-0135-0001.jpeg,2136,1713,L,bd1f5dcdc9ba1b253bde0ba4b7317f30,NORMAL2-IM-0135,
test,NORMAL,NORMAL2-IM-0139-0001.jpeg,chest_xray_dataset\test\NORMAL\NORMAL2-IM-0139-0001.jpeg,2014,1375,L,c46e1363231173bad816ac8160a0fa9a,NORMAL2-IM-0139,
test,NORMAL,NORMAL2-IM-0141-0001.jpeg,chest_xray_dataset\test\NORMAL\NORMAL2-IM-0141-0001.jpeg,1712,1519,L,9b5d46a00d91ac52e03e7792a08501b1,NORMAL2-IM-0141,
test,NORMAL,NORMAL2-IM-0145-0001.jpeg,chest_xray_dataset\test\NORMAL\NORMAL2-IM-0145-0001.jpeg,1726,1505,L,4b17d2bb1600f3c0c6bf9fd0bc3b09ec,NORMAL2-IM-0145,
test,NORMAL,NORMAL2-IM-0146-0001.jpeg,chest_xray_dataset\test\NORMAL\NORMAL2-IM-0146-0001.jpeg,1827,1375,L,1a1fb92f788fc1744195215f58d9dacf,NORMAL2-IM-0146,
test,NORMAL,NORMAL2-IM-0150-0001.jpeg,chest_xray_dataset\test\NORMAL\NORMAL2-IM-0150-0001.jpeg,1611,1454,L,daa0d6aec91294035142fc393bbfa8cd,NORMAL2-IM-0150,
test,NORMAL,NORMAL2-IM-0171-0001.jpeg,chest_xray_dataset\test\NORMAL\NORMAL2-IM-0171-0001.jpeg,1752,1224,L,23dd8240e8930d779c018f2e335c8e5e,NORMAL2-IM-0171,
test,NORMAL,NORMAL2-IM-0173-0001-0001.jpeg,chest_xray_dataset\test\NORMAL\NORMAL2-IM-0173-0001-0001.jpeg,1304,952,L,f430f3359bdb6b06ebce9008f7d98b7d,NORMAL2-IM-0173,
test,NORMAL,NORMAL2-IM-0173-0001-0002.jpeg,chest_xray_dataset\test\NORMAL\NORMAL2-IM-0173-0001-0002.jpeg,1304,952,L,f430f3359bdb6b06ebce9008f7d98b7d,NORMAL2-IM-0173,
test,NORMAL,NORMAL2-IM-0195-0001.jpeg,chest_xray_dataset\test\NORMAL\NORMAL2-IM-0195-0001.jpeg,1432,1016,L,27246ec7e42bcf956a7023848edfcb19,NORMAL2-IM-0195,
test,NORMAL,NORMAL2-IM-0196-0001.jpeg,chest_xray_dataset\test\NORMAL\NORMAL2-IM-0196-0001.jpeg,1720,1568,L,332406d2719c6aa64cb67586906c03d0,NORMAL2-IM-0196,
test,NORMAL,NORMAL2-IM-0198-0001.jpeg,chest_xray_dataset\test\NORMAL\NORMAL2-IM-0198-0001.jpeg,1960,1688,L,ba2f4c91d4e1c1de4745dbc8de875703,NORMAL2-IM-0198,
test,NORMAL,NORMAL2-IM-0199-0001.jpeg,chest_xray_dataset\test\NORMAL\NORMAL2-IM-0199-0001.jpeg,1584,1168,L,385d5c2e38741300fe30e0c75d445c41,NORMAL2-IM-0199,
test,NORMAL,NORMAL2-IM-0201-0001.jpeg,chest_xray_dataset\test\NORMAL\NORMAL2-IM-0201-0001.jpeg,1800,1456,L,1c264502be46f671333f8cdde6b49e40,NORMAL2-IM-0201,
test,NORMAL,NORMAL2-IM-0206-0001.jpeg,chest_xray_dataset\test\NORMAL\NORMAL2-IM-0206-0001.jpeg,1536,1064,L,48a4f140c41540528dafb85beb9041f9,NORMAL2-IM-0206,
test,NORMAL,NORMAL2-IM-0207-0001.jpeg,chest_xray_dataset\test\NORMAL\NORMAL2-IM-0207-0001.jpeg,1454,1079,L,18e91e525bc421fb100c0e3ca2a7964a,NORMAL2-IM-0207,
test,NORMAL,NORMAL2-IM-0210-0001.jpeg,chest_xray_dataset\test\NORMAL\NORMAL2-IM-0210-0001.jpeg,1680,984,L,9f98741081c8582c64984042235ae49e,NORMAL2-IM-0210,
test,NORMAL,NORMAL2-IM-0213-0001.jpeg,chest_xray_dataset\test\NORMAL\NORMAL2-IM-0213-0001.jpeg,1952,1600,L,09486db752784904420c21a947774e7a,NORMAL2-IM-0213,
test,NORMAL,NORMAL2-IM-0217-0001.jpeg,chest_xray_dataset\test\NORMAL\NORMAL2-IM-0217-0001.jpeg,1408,1040,L,e35dfd37b0cc8c0235b608b39cda16fb,NORMAL2-IM-0217,
test,NORMAL,NORMAL2-IM-0219-0001.jpeg,chest_xray_dataset\test\NORMAL\NORMAL2-IM-0219-0001.jpeg,1248,680,L,b2e97f415318e079004188b6e76a2160,NORMAL2-IM-0219,
test,NORMAL,NORMAL2-IM-0221-0001.jpeg,chest_xray_dataset\test\NORMAL\NORMAL2-IM-0221-0001.jpeg,1336,936,L,3a8025aecc36ca9ed030db48e1a7b512,NORMAL2-IM-0221,
test,NORMAL,NORMAL2-IM-0222-0001.jpeg,chest_xray_dataset\test\NORMAL\NORMAL2-IM-0222-0001.jpeg,1504,1056,L,194ab8e4b6de3970c5ed032cb8bfdadb,NORMAL2-IM-0222,
test,NORMAL,NORMAL2-IM-0229-0001.jpeg,chest_xray_dataset\test\NORMAL\NORMAL2-IM-0229-0001.jpeg,1488,1168,L,1e5c7872ce7620c01a3ba8f485a0a8e9,NORMAL2-IM-0229,
test,NORMAL,NORMAL2-IM-0232-0001.jpeg,chest_xray_dataset\test\NORMAL\NORMAL2-IM-0232-0001.jpeg,1392,912,L,a3bd0b6a15b2981ab8c3b70f44613100,NORMAL2-IM-0232,
test,NORMAL,NORMAL2-IM-0233-0001.jpeg,chest_xray_dataset\test\NORMAL\NORMAL2-IM-0233-0001.jpeg,1560,1008,L,683ea40ee8eda847df77021caef4b178,NORMAL2-IM-0233,
test,NORMAL,NORMAL2-IM-0237-0001.jpeg,chest_xray_dataset\test\NORMAL\NORMAL2-IM-0237-0001.jpeg,1392,1168,L,6f4d822fcd9ce4dada6d368acc91320f,NORMAL2-IM-0237,
test,NORMAL,NORMAL2-IM-0238-0001.jpeg,chest_xray_dataset\test\NORMAL\NORMAL2-IM-0238-0001.jpeg,1440,1064,L,d8606f79a8baac269a2dcf07fec6e59a,NORMAL2-IM-0238,
test,NORMAL,NORMAL2-IM-0241-0001.jpeg,chest_xray_dataset\test\NORMAL\NORMAL2-IM-0241-0001.jpeg,1248,880,L,23cea0d6bf3ecba1893650f95294739e,NORMAL2-IM-0241,
test,NORMAL,NORMAL2-IM-0246-0001-0001.jpeg,chest_xray_dataset\test\NORMAL\NORMAL2-IM-0246-0001-0001.jpeg,1168,824,L,05c43c853e8209bf0423f73a6f0a8c58,NORMAL2-IM-0246,
test,NORMAL,NORMAL2-IM-0246-0001-0002.jpeg,chest_xray_dataset\test\NORMAL\NORMAL2-IM-0246-0001-0002.jpeg,1168,824,L,05c43c853e8209bf0423f73a6f0a8c58,NORMAL2-IM-0246,
test,NORMAL,NORMAL2-IM-0246-0001.jpeg,chest_xray_dataset\test\NORMAL\NORMAL2-IM-0246-0001.jpeg,1368,904,L,ea92cb4965f9a4a53173ee14cb6c4fa2,NORMAL2-IM-0246,
test,NORMAL,NORMAL2-IM-0249-0001.jpeg,chest_xray_dataset\test\NORMAL\NORMAL2-IM-0249-0001.jpeg,1426,832,L,1a1425afdc30e9ef18b2653dbf315fc3,NORMAL2-IM-0249,
test,NORMAL,NORMAL2-IM-0251-0001.jpeg,chest_xray_dataset\test\NORMAL\NORMAL2-IM-0251-0001.jpeg,1744,1168,L,9d5acf018439b4b5d8fc39f653c4350b,NORMAL2-IM-0251,
test,NORMAL,NORMAL2-IM-0252-0001.jpeg,chest_xray_dataset\test\NORMAL\NORMAL2-IM-0252-0001.jpeg,1264,832,L,9e9ced82ad90fe7903ee9478f63cc9da,NORMAL2-IM-0252,
test,NORMAL,NORMAL2-IM-0256-0001.jpeg,chest_xray_dataset\test\NORMAL\NORMAL2-IM-0256-0001.jpeg,984,496,L,13d8604137de5b7e162dc5443c1d8bb1,NORMAL2-IM-0256,
test,NORMAL,NORMAL2-IM-0259-0001.jpeg,chest_xray_dataset\test\NORMAL\NORMAL2-IM-0259-0001.jpeg,1448,1136,L,16266bb105c52b01907cbd84459c2e68,NORMAL2-IM-0259,
test,NORMAL,NORMAL2-IM-0267-0001.jpeg,chest_xray_dataset\test\NORMAL\NORMAL2-IM-0267-0001.jpeg,1560,1016,L,d83405d5b3f643ee34905405787bdefc,NORMAL2-IM-0267,
test,NORMAL,NORMAL2-IM-0271-0001.jpeg,chest_xray_dataset\test\NORMAL\NORMAL2-IM-0271-0001.jpeg,1564,1010,L,0291e477124b3a29958707ab2b2e5b2a,NORMAL2-IM-0271,
test,NORMAL,NORMAL2-IM-0272-0001.jpeg,chest_xray_dataset\test\NORMAL\NORMAL2-IM-0272-0001.jpeg,1340,917,L,dbb3f6b9c473f6bd6295e2e8b3b8e79e,NORMAL2-IM-0272,
test,NORMAL,NORMAL2-IM-0273-0001.jpeg,chest_xray_dataset\test\NORMAL\NORMAL2-IM-0273-0001.jpeg,1720,1303,L,a677fdcc08b9cc065c8f1978311e25c2,NORMAL2-IM-0273,
test,NORMAL,NORMAL2-IM-0274-0001.jpeg,chest_xray_dataset\test\NORMAL\NORMAL2-IM-0274-0001.jpeg,1646,1214,L,405c2ee0f74ee3c0e782a7283ba0f3df,NORMAL2-IM-0274,
test,NORMAL,NORMAL2-IM-0275-0001.jpeg,chest_xray_dataset\test\NORMAL\NORMAL2-IM-0275-0001.jpeg,1748,1079,L,7b6eb9c3f542332ddf58f109ee880d8b,NORMAL2-IM-0275,
test,NORMAL,NORMAL2-IM-0276-0001.jpeg,chest_xray_dataset\test\NORMAL\NORMAL2-IM-0276-0001.jpeg,1604,1334,L,9e52a589e9be7613a1b92800c72c3e31,NORMAL2-IM-0276,
test,NORMAL,NORMAL2-IM-0277-0001.jpeg,chest_xray_dataset\test\NORMAL\NORMAL2-IM-0277-0001.jpeg,1754,1377,L,ceb4e381b5cb98d67cb76e6783286090,NORMAL2-IM-0277,
test,NORMAL,NORMAL2-IM-0278-0001.jpeg,chest_xray_dataset\test\NORMAL\NORMAL2-IM-0278-0001.jpeg,1700,1113,L,8a617ef216a7b41065012fc5524a04b7,NORMAL2-IM-0278,
test,NORMAL,NORMAL2-IM-0279-0001.jpeg,chest_xray_dataset\test\NORMAL\NORMAL2-IM-0279-0001.jpeg,1376,1040,L,7e34224b63ced727f5e6d443791b1c51,NORMAL2-IM-0279,
test,NORMAL,NORMAL2-IM-0280-0001.jpeg,chest_xray_dataset\test\NORMAL\NORMAL2-IM-0280-0001.jpeg,1460,1071,L,7e889208c162263835429943a5f1fce3,NORMAL2-IM-0280,
test,NORMAL,NORMAL2-IM-0281-0001.jpeg,chest_xray_dataset\test\NORMAL\NORMAL2-IM-0281-0001.jpeg,2040,1619,L,cc9bd541ddcd2a26971011521ac549b0,NORMAL2-IM-0281,
test,NORMAL,NORMAL2-IM-0282-0001.jpeg,chest_xray_dataset\test\NORMAL\NORMAL2-IM-0282-0001.jpeg,2667,2280,L,d205c7a9e7b6c769be16068cb89dab31,NORMAL2-IM-0282,
test,NORMAL,NORMAL2-IM-0283-0001.jpeg,chest_xray_dataset\test\NORMAL\NORMAL2-IM-0283-0001.jpeg,1400,882,L,6d9d50207dd2d54d8b790246e9b29793,NORMAL2-IM-0283,
test,NORMAL,NORMAL2-IM-0285-0001.jpeg,chest_xray_dataset\test\NORMAL\NORMAL2-IM-0285-0001.jpeg,1456,839,L,04f6bc0af3a1c4103b91d203a52652b8,NORMAL2-IM-0285,
test,NORMAL,NORMAL2-IM-0286-0001.jpeg,chest_xray_dataset\test\NORMAL\NORMAL2-IM-0286-0001.jpeg,1692,1214,L,bdde22e48bda55636ae796c68fe5bcc1,NORMAL2-IM-0286,
test,NORMAL,NORMAL2-IM-0287-0001.jpeg,chest_xray_dataset\test\NORMAL\NORMAL2-IM-0287-0001.jpeg,1785,1585,L,c82f5c5b4845cbeee3717da5269e995b,NORMAL2-IM-0287,
test,NORMAL,NORMAL2-IM-0288-0001.jpeg,chest_xray_dataset\test\NORMAL\NORMAL2-IM-0288-0001.jpeg,1348,812,L,9543cfcd1e1da20236b1cfd92d9e95d6,NORMAL2-IM-0288,
test,NORMAL,NORMAL2-IM-0289-0001.jpeg,chest_xray_dataset\test\NORMAL\NORMAL2-IM-0289-0001.jpeg,1894,1597,L,d011491bee00ec926fd56d373a30d616,NORMAL2-IM-0289,
test,NORMAL,NORMAL2-IM-0290-0001.jpeg,chest_xray_dataset\test\NORMAL\NORMAL2-IM-0290-0001.jpeg,1396,897,L,5ab15832c97cd50bed33bb8702ad2ac4,NORMAL2-IM-0290,
test,NORMAL,NORMAL2-IM-0292-0001.jpeg,chest_xray_dataset\test\NORMAL\NORMAL2-IM-0292-0001.jpeg,2380,2074,L,d5e5a4e2f8b2635a594c091ec90b157f,NORMAL2-IM-0292,
test,NORMAL,NORMAL2-IM-0294-0001.jpeg,chest_xray_dataset\test\NORMAL\NORMAL2-IM-0294-0001.jpeg,1530,994,L,23328cde81d7a722e2964ee5cf53c7dc,NORMAL2-IM-0294,
test,NORMAL,NORMAL2-IM-0297-0001.jpeg,chest_xray_dataset\test\NORMAL\NORMAL2-IM-0297-0001.jpeg,1890,1334,L,c1c99066f440d134a88a007cc5a1d9d0,NORMAL2-IM-0297,
test,NORMAL,NORMAL2-IM-0300-0001.jpeg,chest_xray_dataset\test\NORMAL\NORMAL2-IM-0300-0001.jpeg,1508,1260,L,67ac976674dbecb4d9e03e2eb70e2bd0,NORMAL2-IM-0300,
test,NORMAL,NORMAL2-IM-0301-0001.jpeg,chest_xray_dataset\test\NORMAL\NORMAL2-IM-0301-0001.jpeg,1816,1157,L,3de8c160a95847d769d48bd78035946a,NORMAL2-IM-0301,
test,NORMAL,NORMAL2-IM-0302-0001.jpeg,chest_xray_dataset\test\NORMAL\NORMAL2-IM-0302-0001.jpeg,1596,1087,L,162ac055b12c8fb94071785ef6663a8c,NORMAL2-IM-0302,
test,NORMAL,NORMAL2-IM-0303-0001.jpeg,chest_xray_dataset\test\NORMAL\NORMAL2-IM-0303-0001.jpeg,1504,948,L,d63456d6f6137290ff7e7d7ebe1db689,NORMAL2-IM-0303,
test,NORMAL,NORMAL2-IM-0304-0001.jpeg,chest_xray_dataset\test\NORMAL\NORMAL2-IM-0304-0001.jpeg,1532,986,L,27385bf4ab07e57165c20387c0091f1b,NORMAL2-IM-0304,
test,NORMAL,NORMAL2-IM-0305-0001.jpeg,chest_xray_dataset\test\NORMAL\NORMAL2-IM-0305-0001.jpeg,1612,1179,L,84ae0f35a868b28dcef492bd9b971a3c,NORMAL2-IM-0305,
test,NORMAL,NORMAL2-IM-0307-0001.jpeg,chest_xray_dataset\test\NORMAL\NORMAL2-IM-0307-0001.jpeg,1816,1435,L,99ac37ad7f1b170422f5b41d68f9d2d6,NORMAL2-IM-0307,
test,NORMAL,NORMAL2-IM-0309-0001.jpeg,chest_xray_dataset\test\NORMAL\NORMAL2-IM-0309-0001.jpeg,1724,1442,L,e574bd8a54f8dba603ebe97c2ebfa73c,NORMAL2-IM-0309,
test,NORMAL,NORMAL2-IM-0310-0001.jpeg,chest_xray_dataset\test\NORMAL\NORMAL2-IM-0310-0001.jpeg,1646,1346,L,8a6d5fd75289247bb66b96f9cd97e7ce,NORMAL2-IM-0310,
test,NORMAL,NORMAL2-IM-0311-0001.jpeg,chest_xray_dataset\test\NORMAL\NORMAL2-IM-0311-0001.jpeg,1844,1504,L,104f11c6cb22e252f0f507bc44fd5e20,NORMAL2-IM-0311,
test,NORMAL,NORMAL2-IM-0312-0001.jpeg,chest_xray_dataset\test\NORMAL\NORMAL2-IM-0312-0001.jpeg,2028,1538,L,b5d87cc276187bf11d4c69b5d9dd710d,NORMAL2-IM-0312,
test,NORMAL,NORMAL2-IM-0313-0001.jpeg,chest_xray_dataset\test\NORMAL\NORMAL2-IM-0313-0001.jpeg,1620,1110,L,9365af06fd6b5e040f54e831295f5d0d,NORMAL2-IM-0313,
test,NORMAL,NORMAL2-IM-0315-0001.jpeg,chest_xray_dataset\test\NORMAL\NORMAL2-IM-0315-0001.jpeg,1442,770,L,c36c8e1e8524e558d34fc3fccd055fee,NORMAL2-IM-0315,
test,NORMAL,NORMAL2-IM-0316-0001.jpeg,chest_xray_dataset\test\NORMAL\NORMAL2-IM-0316-0001.jpeg,1464,925,L,4b963748575bb1bcdb41898a4f03b6f2,NORMAL2-IM-0316,
test,NORMAL,NORMAL2-IM-0317-0001.jpeg,chest_xray_dataset\test\NORMAL\NORMAL2-IM-0317-0001.jpeg,1624,1187,L,1adac474dad478d625116def8433eebb,NORMAL2-IM-0317,
test,NORMAL,NORMAL2-IM-0319-0001.jpeg,chest_xray_dataset\test\NORMAL\NORMAL2-IM-0319-0001.jpeg,1678,1195,L,acbe99a480726812546b87e2a5ed7438,NORMAL2-IM-0319,
test,NORMAL,NORMAL2-IM-0321-0001.jpeg,chest_xray_dataset\test\NORMAL\NORMAL2-IM-0321-0001.jpeg,2026,1412,L,88c8fe2798de570a4d6cd5d35e89a55e,NORMAL2-IM-0321,
test,NORMAL,NORMAL2-IM-0322-0001.jpeg,chest_xray_dataset\test\NORMAL\NORMAL2-IM-0322-0001.jpeg,1256,813,L,799af58214571a7f6fb71fa567c8e50b,NORMAL2-IM-0322,
test,NORMAL,NORMAL2-IM-0323-0001.jpeg,chest_xray_dataset\test\NORMAL\NORMAL2-IM-0323-0001.jpeg,1796,1372,L,aabe2371cc0e2b951bea379547ee1121,NORMAL2-IM-0323,
test,NORMAL,NORMAL2-IM-0325-0001.jpeg,chest_xray_dataset\test\NORMAL\NORMAL2-IM-0325-0001.jpeg,1612,1164,L,3b30e2c9f52183698df3a16aa6a99b69,NORMAL2-IM-0325,
test,NORMAL,NORMAL2-IM-0326-0001.jpeg,chest_xray_dataset\test\NORMAL\NORMAL2-IM-0326-0001.jpeg,1522,1183,L,6c444dc3c8ee771d15d69198ed945cfd,NORMAL2-IM-0326,
test,NORMAL,NORMAL2-IM-0327-0001.jpeg,chest_xray_dataset\test\NORMAL\NORMAL2-IM-0327-0001.jpeg,1384,824,L,656c2714568499cdb4920b412eb61a45,NORMAL2-IM-0327,
test,NORMAL,NORMAL2-IM-0328-0001.jpeg,chest_xray_dataset\test\NORMAL\NORMAL2-IM-0328-0001.jpeg,1338,967,L,5a5219a11b669bddb73df08c6ecaa01c,NORMAL2-IM-0328,
test,NORMAL,NORMAL2-IM-0329-0001.jpeg,chest_xray_dataset\test\NORMAL\NORMAL2-IM-0329-0001.jpeg,2216,1953,L,9c4c1ed0d3f23fb4d169e79f8f26e444,NORMAL2-IM-0329,
test,NORMAL,NORMAL2-IM-0330-0001.jpeg,chest_xray_dataset\test\NORMAL\NORMAL2-IM-0330-0001.jpeg,1226,747,L,3160359ca6f432090a59a6aa24262885,NORMAL2-IM-0330,
test,NORMAL,NORMAL2-IM-0331-0001.jpeg,chest_xray_dataset\test\NORMAL\NORMAL2-IM-0331-0001.jpeg,1674,1064,L,70d8edd3a47b13f6a24b8330c8b44b73,NORMAL2-IM-0331,
test,NORMAL,NORMAL2-IM-0332-0001.jpeg,chest_xray_dataset\test\NORMAL\NORMAL2-IM-0332-0001.jpeg,1802,1226,L,847beb1201399c8e0d821888057024ff,NORMAL2-IM-0332,
test,NORMAL,NORMAL2-IM-0333-0001.jpeg,chest_xray_dataset\test\NORMAL\NORMAL2-IM-0333-0001.jpeg,2226,1731,L,20762a2cfe78552c41b30aa285a1c509,NORMAL2-IM-0333,
test,NORMAL,NORMAL2-IM-0335-0001.jpeg,chest_xray_dataset\test\NORMAL\NORMAL2-IM-0335-0001.jpeg,1300,821,L,7eec1edf439c0237a757aa5d2b4e0cff,NORMAL2-IM-0335,
test,NORMAL,NORMAL2-IM-0336-0001.jpeg,chest_xray_dataset\test\NORMAL\NORMAL2-IM-0336-0001.jpeg,1612,941,L,552715092f5bf51595700d047bf0a394,NORMAL2-IM-0336,
test,NORMAL,NORMAL2-IM-0337-0001.jpeg,chest_xray_dataset\test\NORMAL\NORMAL2-IM-0337-0001.jpeg,1766,1349,L,d20fd7c746c23be2eafb11952b209b7a,NORMAL2-IM-0337,
test,NORMAL,NORMAL2-IM-0338-0001.jpeg,chest_xray_dataset\test\NORMAL\NORMAL2-IM-0338-0001.jpeg,1450,890,L,f7108e7e8db60d2cee61ba7cdb26cca3,NORMAL2-IM-0338,
test,NORMAL,NORMAL2-IM-0339-0001.jpeg,chest_xray_dataset\test\NORMAL\NORMAL2-IM-0339-0001.jpeg,1898,1403,L,ace9d71c560faf670cd48e06ed8e6e93,NORMAL2-IM-0339,
test,NORMAL,NORMAL2-IM-0340-0001.jpeg,chest_xray_dataset\test\NORMAL\NORMAL2-IM-0340-0001.jpeg,1292,751,L,115056b9be7083b2cc6fd47730520f0c,NORMAL2-IM-0340,
test,NORMAL,NORMAL2-IM-0341-0001.jpeg,chest_xray_dataset\test\NORMAL\NORMAL2-IM-0341-0001.jpeg,1670,1319,L,422da49c879a0693a6c2b9e1a1673d20,NORMAL2-IM-0341,
test,NORMAL,NORMAL2-IM-0343-0001.jpeg,chest_xray_dataset\test\NORMAL\NORMAL2-IM-0343-0001.jpeg,1778,1168,L,d7cff6eda53a7fea670af5cd958325b5,NORMAL2-IM-0343,
test,NORMAL,NORMAL2-IM-0345-0001.jpeg,chest_xray_dataset\test\NORMAL\NORMAL2-IM-0345-0001.jpeg,1538,1202,L,94dd57707a82c0e959dd175f0a508ff7,NORMAL2-IM-0345,
test,NORMAL,NORMAL2-IM-0346-0001.jpeg,chest_xray_dataset\test\NORMAL\NORMAL2-IM-0346-0001.jpeg,1288,917,L,4122b5fa28351d92f71c272a4e43f5a8,NORMAL2-IM-0346,
test,NORMAL,NORMAL2-IM-0347-0001.jpeg,chest_xray_dataset\test\NORMAL\NORMAL2-IM-0347-0001.jpeg,1542,963,L,0477427c7836023c3ff6efaf3401f0ef,NORMAL2-IM-0347,
test,NORMAL,NORMAL2-IM-0348-0001.jpeg,chest_xray_dataset\test\NORMAL\NORMAL2-IM-0348-0001.jpeg,1762,1249,L,7ab44ac49aaf05ba27e4b74f579dcb2e,NORMAL2-IM-0348,
test,NORMAL,NORMAL2-IM-0349-0001.jpeg,chest_xray_dataset\test\NORMAL\NORMAL2-IM-0349-0001.jpeg,1214,662,L,d7a6274d773dd090c6147767d7cbcc39,NORMAL2-IM-0349,
test,NORMAL,NORMAL2-IM-0350-0001.jpeg,chest_xray_dataset\test\NORMAL\NORMAL2-IM-0350-0001.jpeg,1570,1164,L,9b4aa3f704a607a53a79d64a04edb1d4,NORMAL2-IM-0350,
test,NORMAL,NORMAL2-IM-0351-0001.jpeg,chest_xray_dataset\test\NORMAL\NORMAL2-IM-0351-0001.jpeg,1550,1033,L,560fa8b7c3d531d6b65626a05fec4397,NORMAL2-IM-0351,
test,NORMAL,NORMAL2-IM-0352-0001.jpeg,chest_xray_dataset\test\NORMAL\NORMAL2-IM-0352-0001.jpeg,1638,1323,L,388055a6a1222f11161a389a53990ccb,NORMAL2-IM-0352,
test,NORMAL,NORMAL2-IM-0353-0001.jpeg,chest_xray_dataset\test\NORMAL\NORMAL2-IM-0353-0001.jpeg,1782,1434,L,dd6b8e45db4705df07ddbfecc27c2a88,NORMAL2-IM-0353,
test,NORMAL,NORMAL2-IM-0354-0001.jpeg,chest_xray_dataset\test\NORMAL\NORMAL2-IM-0354-0001.jpeg,1470,1072,L,d2c8eb2042730c0c2391fbce8cce1a8a,NORMAL2-IM-0354,
test,NORMAL,NORMAL2-IM-0357-0001.jpeg,chest_xray_dataset\test\NORMAL\NORMAL2-IM-0357-0001.jpeg,1936,1554,L,9f70ecb56fae648298ee19d27278aaf7,NORMAL2-IM-0357,
test,NORMAL,NORMAL2-IM-0359-0001.jpeg,chest_xray_dataset\test\NORMAL\NORMAL2-IM-0359-0001.jpeg,1450,1149,L,de8aa9e001c2feea7001bde85e58bbb7,NORMAL2-IM-0359,
test,NORMAL,NORMAL2-IM-0360-0001.jpeg,chest_xray_dataset\test\NORMAL\NORMAL2-IM-0360-0001.jpeg,1094,898,L,c9eab4944708fed955f3cd91133b374d,NORMAL2-IM-0360,
test,NORMAL,NORMAL2-IM-0361-0001.jpeg,chest_xray_dataset\test\NORMAL\NORMAL2-IM-0361-0001.jpeg,1778,1337,L,2d039a6261789d5c0fcd84201a00a08d,NORMAL2-IM-0361,
test,NORMAL,NORMAL2-IM-0362-0001.jpeg,chest_xray_dataset\test\NORMAL\NORMAL2-IM-0362-0001.jpeg,1592,921,L,e290eb4eabae14f5d7c9c15b891b3c5a,NORMAL2-IM-0362,
test,NORMAL,NORMAL2-IM-0364-0001.jpeg,chest_xray_dataset\test\NORMAL\NORMAL2-IM-0364-0001.jpeg,1472,921,L,a4196355fe385f309721e687996c2294,NORMAL2-IM-0364,
test,NORMAL,NORMAL2-IM-0366-0001.jpeg,chest_xray_dataset\test\NORMAL\NORMAL2-IM-0366-0001.jpeg,1298,747,L,f117fbd940f8ea0f16e99e602c86b19a,NORMAL2-IM-0366,
test,NORMAL,NORMAL2-IM-0368-0001.jpeg,chest_xray_dataset\test\NORMAL\NORMAL2-IM-0368-0001.jpeg,1686,1122,L,199b18e6a39e3dd01dc293c54d83b9f0,NORMAL2-IM-0368,
test,NORMAL,NORMAL2-IM-0369-0001.jpeg,chest_xray_dataset\test\NORMAL\NORMAL2-IM-0369-0001.jpeg,1434,906,L,df094e2e68b4664548ac7797c5694bac,NORMAL2-IM-0369,
test,NORMAL,NORMAL2-IM-0370-0001.jpeg,chest_xray_dataset\test\NORMAL\NORMAL2-IM-0370-0001.jpeg,1742,1392,L,8cd2ec99e9fec6d60790bfe07097630e,NORMAL2-IM-0370,
test,NORMAL,NORMAL2-IM-0372-0001.jpeg,chest_xray_dataset\test\NORMAL\NORMAL2-IM-0372-0001.jpeg,2198,1485,L,3c635f54eb05668277081d41eb73e859,NORMAL2-IM-0372,
test,NORMAL,NORMAL2-IM-0373-0001.jpeg,chest_xray_dataset\test\NORMAL\NORMAL2-IM-0373-0001.jpeg,1454,979,L,78dc6e832ed637ab091864d02d45cecc,NORMAL2-IM-0373,
test,NORMAL,NORMAL2-IM-0374-0001-0001.jpeg,chest_xray_dataset\test\NORMAL\NORMAL2-IM-0374-0001-0001.jpeg,1968,1484,L,2988c3283a4ca931f967be28bd80daba,NORMAL2-IM-0374,
test,NORMAL,NORMAL2-IM-0374-0001-0002.jpeg,chest_xray_dataset\test\NORMAL\NORMAL2-IM-0374-0001-0002.jpeg,1516,982,L,348c060a78c407b705f0c3828ddab129,NORMAL2-IM-0374,
test,NORMAL,NORMAL2-IM-0374-0001.jpeg,chest_xray_dataset\test\NORMAL\NORMAL2-IM-0374-0001.jpeg,2148,1600,L,4186a82a64823171ab701e8c4938afa1,NORMAL2-IM-0374,
test,NORMAL,NORMAL2-IM-0376-0001.jpeg,chest_xray_dataset\test\NORMAL\NORMAL2-IM-0376-0001.jpeg,1124,716,L,45901fd735e3687bacea2539b94894f9,NORMAL2-IM-0376,
test,NORMAL,NORMAL2-IM-0378-0001.jpeg,chest_xray_dataset\test\NORMAL\NORMAL2-IM-0378-0001.jpeg,1586,1048,L,cf48a791ad6707decf8cc9daa54960c0,NORMAL2-IM-0378,
test,NORMAL,NORMAL2-IM-0380-0001.jpeg,chest_xray_dataset\test\NORMAL\NORMAL2-IM-0380-0001.jpeg,1940,1489,L,ec73e854ab16a27ff684aa8a15151d3c,NORMAL2-IM-0380,
test,NORMAL,NORMAL2-IM-0381-0001.jpeg,chest_xray_dataset\test\NORMAL\NORMAL2-IM-0381-0001.jpeg,2010,1705,L,44a0f3e3c9d08524547a439c68a788e8,NORMAL2-IM-0381,
test,PNEUMONIA,person100_bacteria_475.jpeg,chest_xray_dataset\test\PNEUMONIA\person100_bacteria_475.jpeg,1106,762,L,56eefd01c9ffe9e931168256c7511970,person100,bacterial
test,PNEUMONIA,person100_bacteria_477.jpeg,chest_xray_dataset\test\PNEUMONIA\person100_bacteria_477.jpeg,1024,680,L,80292d5d5c87f13c8c974f3df6cd836a,person100,bacterial
test,PNEUMONIA,person100_bacteria_478.jpeg,chest_xray_dataset\test\PNEUMONIA\person100_bacteria_478.jpeg,1128,624,L,44e7bf7ff64f22921161ae6d7f26e966,person100,bacterial
test,PNEUMONIA,person100_bacteria_479.jpeg,chest_xray_dataset\test\PNEUMONIA\person100_bacteria_479.jpeg,904,552,L,e80ea67e95a46e6604385b15866bd252,person100,bacterial
test,PNEUMONIA,person100_bacteria_480.jpeg,chest_xray_dataset\test\PNEUMONIA\person100_bacteria_480.jpeg,880,536,L,a4caa7ccd102459666ba1790d139d13f,person100,bacterial
test,PNEUMONIA,person100_bacteria_481.jpeg,chest_xray_dataset\test\PNEUMONIA\person100_bacteria_481.jpeg,952,624,L,d879636989cd9b830acead6499a681b4,person100,bacterial
test,PNEUMONIA,person100_bacteria_482.jpeg,chest_xray_dataset\test\PNEUMONIA\person100_bacteria_482.jpeg,1040,696,L,02d8603668d72c255e2f5be9ac508116,person100,bacterial
test,PNEUMONIA,person101_bacteria_483.jpeg,chest_xray_dataset\test\PNEUMONIA\person101_bacteria_483.jpeg,1064,720,L,9ebae1eb7a8007349340f34fcbad59f2,person101,bacterial
test,PNEUMONIA,person101_bacteria_484.jpeg,chest_xray_dataset\test\PNEUMONIA\person101_bacteria_484.jpeg,1064,840,L,10cb8cd74b6928903aa49d93700a45c9,person101,bacterial
test,PNEUMONIA,person101_bacteria_485.jpeg,chest_xray_dataset\test\PNEUMONIA\person101_bacteria_485.jpeg,1032,752,L,e9b0dd2499ce3557984742e4ae35d3e3,person101,bacterial
test,PNEUMONIA,person101_bacteria_486.jpeg,chest_xray_dataset\test\PNEUMONIA\person101_bacteria_486.jpeg,1136,680,L,d1c6d4fbdb3500276a0f40b51ce39be4,person101,bacterial
test,PNEUMONIA,person102_bacteria_487.jpeg,chest_xray_dataset\test\PNEUMONIA\person102_bacteria_487.jpeg,1240,936,L,65705d86d73ff7cde72a28613db74274,person102,bacterial
test,PNEUMONIA,person103_bacteria_488.jpeg,chest_xray_dataset\test\PNEUMONIA\person103_bacteria_488.jpeg,904,656,L,f1d7ecd51b534c88358210b2f50c11e1,person103,bacterial
test,PNEUMONIA,person103_bacteria_489.jpeg,chest_xray_dataset\test\PNEUMONIA\person103_bacteria_489.jpeg,1000,744,L,8b1eb6dff91b6ab8cc4b765d2ee9541b,person103,bacterial
test,PNEUMONIA,person103_bacteria_490.jpeg,chest_xray_dataset\test\PNEUMONIA\person103_bacteria_490.jpeg,1206,871,L,b2bbfb15162f73423730962e4fdefef1,person103,bacterial
test,PNEUMONIA,person104_bacteria_491.jpeg,chest_xray_dataset\test\PNEUMONIA\person104_bacteria_491.jpeg,1144,784,L,243a49550bff1c19477f70cac759c935,person104,bacterial
test,PNEUMONIA,person104_bacteria_492.jpeg,chest_xray_dataset\test\PNEUMONIA\person104_bacteria_492.jpeg,992,592,L,f6f29844930daf5c582dfe5a9d744bbd,person104,bacterial
test,PNEUMONIA,person108_bacteria_504.jpeg,chest_xray_dataset\test\PNEUMONIA\person108_bacteria_504.jpeg,1336,1040,L,bf981947a91f08b4b644ba4bfdb9a440,person108,bacterial
test,PNEUMONIA,person108_bacteria_506.jpeg,chest_xray_dataset\test\PNEUMONIA\person108_bacteria_506.jpeg,1184,1032,L,a7caf57c25b137603cd70ff7bb8a1021,person108,bacterial
test,PNEUMONIA,person108_bacteria_507.jpeg,chest_xray_dataset\test\PNEUMONIA\person108_bacteria_507.jpeg,1176,1032,L,6c9184cde5afed11fa151777008b33fd,person108,bacterial
test,PNEUMONIA,person108_bacteria_511.jpeg,chest_xray_dataset\test\PNEUMONIA\person108_bacteria_511.jpeg,1438,1260,L,86410e036240792ccfa3b9d868ec62f4,person108,bacterial
test,PNEUMONIA,person109_bacteria_512.jpeg,chest_xray_dataset\test\PNEUMONIA\person109_bacteria_512.jpeg,1256,808,L,da3d7b54aec061cead363ba595bb358b,person109,bacterial
test,PNEUMONIA,person109_bacteria_513.jpeg,chest_xray_dataset\test\PNEUMONIA\person109_bacteria_513.jpeg,976,696,L,a5139e542ea25ea221f4da094261644d,person109,bacterial
test,PNEUMONIA,person109_bacteria_517.jpeg,chest_xray_dataset\test\PNEUMONIA\person109_bacteria_517.jpeg,1024,752,L,609363a1a5109938286eb52e931fc060,person109,bacterial
test,PNEUMONIA,person109_bacteria_519.jpeg,chest_xray_dataset\test\PNEUMONIA\person109_bacteria_519.jpeg,1080,776,L,c403617a383a06da5d314525349fe1bc,person109,bacterial
test,PNEUMONIA,person109_bacteria_522.jpeg,chest_xray_dataset\test\PNEUMONIA\person109_bacteria_522.jpeg,1112,736,L,98eacaf9fe3d2c668d108d2ad4fe3d1a,person109,bacterial
test,PNEUMONIA,person109_bacteria_523.jpeg,chest_xray_dataset\test\PNEUMONIA\person109_bacteria_523.jpeg,952,640,L,2446f57ff5f28e7c19f0f859acb30d98,person109,bacterial
test,PNEUMONIA,person109_bacteria_526.jpeg,chest_xray_dataset\test\PNEUMONIA\person109_bacteria_526.jpeg,1088,576,L,3863c73fa86a463d2d8ae62443a4893a,person109,bacterial
test,PNEUMONIA,person109_bacteria_527.jpeg,chest_xray_dataset\test\PNEUMONIA\person109_bacteria_527.jpeg,968,536,L,6da1d692a1a39ee18b644fc6633fc4de,person109,bacterial
test,PNEUMONIA,person109_bacteria_528.jpeg,chest_xray_dataset\test\PNEUMONIA\person109_bacteria_528.jpeg,1322,736,L,bc9292cfc13414532c563c91449f17e3,person109,bacterial
test,PNEUMONIA,person10_virus_35.jpeg,chest_xray_dataset\test\PNEUMONIA\person10_virus_35.jpeg,1488,1136,L,7d2b7887ee02e7e274c140f78389113a,person10,viral
test,PNEUMONIA,person110_bacteria_531.jpeg,chest_xray_dataset\test\PNEUMONIA\person110_bacteria_531.jpeg,1160,688,L,1371c1e95125d5c2ef322026c1a4506b,person110,bacterial
test,PNEUMONIA,person111_bacteria_533.jpeg,chest_xray_dataset\test\PNEUMONIA\person111_bacteria_533.jpeg,992,600,L,726df0f88c8f30e44f460715c44cbe31,person111,bacterial
test,PNEUMONIA,person111_bacteria_534.jpeg,chest_xray_dataset\test\PNEUMONIA\person111_bacteria_534.jpeg,976,712,L,adf1164f55504cca7de9b3b73ef60cfd,person111,bacterial
test,PNEUMONIA,person111_bacteria_535.jpeg,chest_xray_dataset\test\PNEUMONIA\person111_bacteria_535.jpeg,888,536,L,0cfeb61130ac9b8eb020cf05d06e94a8,person111,bacterial
test,PNEUMONIA,person111_bacteria_536.jpeg,chest_xray_dataset\test\PNEUMONIA\person111_bacteria_536.jpeg,1008,648,L,f514e6f447eb3ac7e1cfd6dc12ee60f5,person111,bacterial
test,PNEUMONIA,person111_bacteria_537.jpeg,chest_xray_dataset\test\PNEUMONIA\person111_bacteria_537.jpeg,1130,666,L,2bc67134d74cb485967eb030cf5fa77f,person111,bacterial
test,PNEUMONIA,person112_bacteria_538.jpeg,chest_xray_dataset\test\PNEUMONIA\person112_bacteria_538.jpeg,952,640,L,a6c9e17c06d06d2595ca3501541b9f11,person112,bacterial
test,PNEUMONIA,person112_bacteria_539.jpeg,chest_xray_dataset\test\PNEUMONIA\person112_bacteria_539.jpeg,936,712,L,20a8447a42f235b21a90c57c0c54cc17,person112,bacterial
test,PNEUMONIA,person113_bacteria_540.jpeg,chest_xray_dataset\test\PNEUMONIA\person113_bacteria_540.jpeg,1160,776,L,c487925dfdd41216ffa6d5442fd8b0e2,person113,bacterial
test,PNEUMONIA,person113_bacteria_541.jpeg,chest_xray_dataset\test\PNEUMONIA\person113_bacteria_541.jpeg,1080,824,L,2a65d0295510c45ec80b1c789685f7b9,person113,bacterial
test,PNEUMONIA,person113_bacteria_542.jpeg,chest_xray_dataset\test\PNEUMONIA\person113_bacteria_542.jpeg,1088,768,L,5c171c6dc6716ef005364cf6b3139094,person113,bacterial
test,PNEUMONIA,person113_bacteria_543.jpeg,chest_xray_dataset\test\PNEUMONIA\person113_bacteria_543.jpeg,1388,1013,L,bfc0042be59eb797fb22161406c10f86,person113,bacterial
test,PNEUMONIA,person114_bacteria_544.jpeg,chest_xray_dataset\test\PNEUMONIA\person114_bacteria_544.jpeg,1144,672,L,c7bb3ce1be1f24ef0916f57dcae3adbd,person114,bacterial
test,PNEUMONIA,person114_bacteria_545.jpeg,chest_xray_dataset\test\PNEUMONIA\person114_bacteria_545.jpeg,1328,920,L,8f0f4ea528025bab995077c8fa1601b5,person114,bacterial
test,PNEUMONIA,person114_bacteria_546.jpeg,chest_xray_dataset\test\PNEUMONIA\person114_bacteria_546.jpeg,1080,696,L,1a6c6031f9a806993f9ee6eb2157bdb2,person114,bacterial
test,PNEUMONIA,person117_bacteria_553.jpeg,chest_xray_dataset\test\PNEUMONIA\person117_bacteria_553.jpeg,952,624,L,6dc6bac79385be600611cd4d8d882b2c,person117,bacterial
test,PNEUMONIA,person117_bacteria_556.jpeg,chest_xray_dataset\test\PNEUMONIA\person117_bacteria_556.jpeg,904,648,L,31d15e6153038d6f8e97eee449e67ffd,person117,bacterial
test,PNEUMONIA,person117_bacteria_557.jpeg,chest_xray_dataset\test\PNEUMONIA\person117_bacteria_557.jpeg,1086,739,L,8b72e860b07b54adfb05489bf1045350,person117,bacterial
test,PNEUMONIA,person118_bacteria_559.jpeg,chest_xray_dataset\test\PNEUMONIA\person118_bacteria_559.jpeg,952,680,L,d33825fe51f14360e1a0d794e181de6f,person118,bacterial
test,PNEUMONIA,person118_bacteria_560.jpeg,chest_xray_dataset\test\PNEUMONIA\person118_bacteria_560.jpeg,1088,600,L,2d52e4b740fbe0911b9f0923789aac6a,person118,bacterial
test,PNEUMONIA,person119_bacteria_565.jpeg,chest_xray_dataset\test\PNEUMONIA\person119_bacteria_565.jpeg,1072,608,L,cbeca3a413afe9206430675d82419a89,person119,bacterial
test,PNEUMONIA,person119_bacteria_566.jpeg,chest_xray_dataset\test\PNEUMONIA\person119_bacteria_566.jpeg,1088,784,L,a231b2d96541ea6433f7aac36c25e84d,person119,bacterial
test,PNEUMONIA,person119_bacteria_567.jpeg,chest_xray_dataset\test\PNEUMONIA\person119_bacteria_567.jpeg,1210,859,L,8f96c3fb0091d8602eafa1e795640c4f,person119,bacterial
test,PNEUMONIA,person119_bacteria_568.jpeg,chest_xray_dataset\test\PNEUMONIA\person119_bacteria_568.jpeg,1222,878,L,bb5c9c0a1fdf007cefffb1ddae2fa752,person119,bacterial
test,PNEUMONIA,person11_virus_38.jpeg,chest_xray_dataset\test\PNEUMONIA\person11_virus_38.jpeg,1496,960,L,efd4580ea4c7ce2b8d6afa433ba713bc,person11,viral
test,PNEUMONIA,person120_bacteria_570.jpeg,chest_xray_dataset\test\PNEUMONIA\person120_bacteria_570.jpeg,1112,736,L,5efc3a6ef6e3259b4149044553ac1bc6,person120,bacterial
test,PNEUMONIA,person120_bacteria_571.jpeg,chest_xray_dataset\test\PNEUMONIA\person120_bacteria_571.jpeg,1120,592,L,95565191d87fc67399817985f2be757e,person120,bacterial
test,PNEUMONIA,person120_bacteria_572.jpeg,chest_xray_dataset\test\PNEUMONIA\person120_bacteria_572.jpeg,1024,688,L,bbf634943d27db4aa9af630e7ecae870,person120,bacterial
test,PNEUMONIA,person120_bacteria_573.jpeg,chest_xray_dataset\test\PNEUMONIA\person120_bacteria_573.jpeg,1272,813,L,6f810e6429f73a9bbbfaed0181360e51,person120,bacterial
test,PNEUMONIA,person121_bacteria_575.jpeg,chest_xray_dataset\test\PNEUMONIA\person121_bacteria_575.jpeg,1072,632,L,2a540c446b39f9dd13a7f7dd31eac583,person121,bacterial
test,PNEUMONIA,person121_bacteria_576.jpeg,chest_xray_dataset\test\PNEUMONIA\person121_bacteria_576.jpeg,1088,584,L,8877f2b4836f25a487c8973d4a5ab1fd,person121,bacterial
test,PNEUMONIA,person121_bacteria_578.jpeg,chest_xray_dataset\test\PNEUMONIA\person121_bacteria_578.jpeg,1032,520,L,62763e50ab7f5f4a40b3ab79a973d03d,person121,bacterial
test,PNEUMONIA,person121_bacteria_579.jpeg,chest_xray_dataset\test\PNEUMONIA\person121_bacteria_579.jpeg,1112,600,L,48b02306a8806272c737aa2bff309093,person121,bacterial
test,PNEUMONIA,person121_bacteria_580.jpeg,chest_xray_dataset\test\PNEUMONIA\person121_bacteria_580.jpeg,1198,701,L,dfd030ab48518c8ea57718218273729d,person121,bacterial
test,PNEUMONIA,person122_bacteria_581.jpeg,chest_xray_dataset\test\PNEUMONIA\person122_bacteria_581.jpeg,1206,875,L,ad58599302457e2fa0917cbbbd267cd5,person122,bacterial
test,PNEUMONIA,person122_bacteria_582.jpeg,chest_xray_dataset\test\PNEUMONIA\person122_bacteria_582.jpeg,984,520,L,608d7ed2c16700a49d4253841cf63fbd,person122,bacterial
test,PNEUMONIA,person122_bacteria_583.jpeg,chest_xray_dataset\test\PNEUMONIA\person122_bacteria_583.jpeg,936,632,L,6dfda4da8d36a6f7609b904913f9fb61,person122,bacterial
test,PNEUMONIA,person122_bacteria_584.jpeg,chest_xray_dataset\test\PNEUMONIA\person122_bacteria_584.jpeg,832,640,L,a123bd5b1cf63b5040685f3142672eb6,person122,bacterial
test,PNEUMONIA,person122_bacteria_585.jpeg,chest_xray_dataset\test\PNEUMONIA\person122_bacteria_585.jpeg,928,624,L,5258d05273f99f746672ddd7e80a0a47,person122,bacterial
test,PNEUMONIA,person122_bacteria_586.jpeg,chest_xray_dataset\test\PNEUMONIA\person122_bacteria_586.jpeg,864,496,L,bc39c9e1ffc03b942999478e086135c9,person122,bacterial
test,PNEUMONIA,person123_bacteria_587.jpeg,chest_xray_dataset\test\PNEUMONIA\person123_bacteria_587.jpeg,1232,808,L,86f078dff2e3aa4144464d954a86770f,person123,bacterial
test,PNEUMONIA,person124_bacteria_589.jpeg,chest_xray_dataset\test\PNEUMONIA\person124_bacteria_589.jpeg,976,608,L,ac004f8909d801265f6796a0678bc35e,person124,bacterial
test,PNEUMONIA,person124_bacteria_590.jpeg,chest_xray_dataset\test\PNEUMONIA\person124_bacteria_590.jpeg,992,696,L,8a4e74a56e1540b9a5f11469b2c0ad88,person124,bacterial
test,PNEUMONIA,person124_bacteria_591.jpeg,chest_xray_dataset\test\PNEUMONIA\person124_bacteria_591.jpeg,1072,696,L,1da8be91ce9d455413d36be6e7100d6d,person124,bacterial
test,PNEUMONIA,person124_bacteria_592.jpeg,chest_xray_dataset\test\PNEUMONIA\person124_bacteria_592.jpeg,1094,709,L,0aacba1540f81532f41e369ecf95d112,person124,bacterial
test,PNEUMONIA,person125_bacteria_594.jpeg,chest_xray_dataset\test\PNEUMONIA\person125_bacteria_594.jpeg,1072,704,L,1a480221e23d6e2f5098cf630da2d272,person125,bacterial
test,PNEUMONIA,person125_bacteria_595.jpeg,chest_xray_dataset\test\PNEUMONIA\person125_bacteria_595.jpeg,1336,744,L,324a3f0ae3e485b3acdcbafcacb0ef7a,person125,bacterial
test,PNEUMONIA,person126_bacteria_598.jpeg,chest_xray_dataset\test\PNEUMONIA\person126_bacteria_598.jpeg,912,648,L,a1cd89a688383376e072b885ca1de94b,person126,bacterial
test,PNEUMONIA,person126_bacteria_599.jpeg,chest_xray_dataset\test\PNEUMONIA\person126_bacteria_599.jpeg,856,592,L,13fb6aeb562c4813274fa8a4ce02fec5,person126,bacterial
test,PNEUMONIA,person126_bacteria_600.jpeg,chest_xray_dataset\test\PNEUMONIA\person126_bacteria_600.jpeg,840,600,L,df7128bdb66e66b8de4d1d31503bed24,person126,bacterial
test,PNEUMONIA,person127_bacteria_602.jpeg,chest_xray_dataset\test\PNEUMONIA\person127_bacteria_602.jpeg,992,608,L,3b63d73ab90df3749090c87cc6672ac1,person127,bacterial
test,PNEUMONIA,person127_bacteria_603.jpeg,chest_xray_dataset\test\PNEUMONIA\person127_bacteria_603.jpeg,1032,648,L,22a7daa57d6cc8658fbd1bf1a5313a39,person127,bacterial
test,PNEUMONIA,person127_bacteria_604.jpeg,chest_xray_dataset\test\PNEUMONIA\person127_bacteria_604.jpeg,1300,812,L,2a98716d44cbd6d6ddc040ece63ced03,person127,bacterial
test,PNEUMONIA,person128_bacteria_605.jpeg,chest_xray_dataset\test\PNEUMONIA\person128_bacteria_605.jpeg,1000,600,L,5d106e2593c3cf90fe802fc76c0e0059,person128,bacterial
test,PNEUMONIA,person128_bacteria_606.jpeg,chest_xray_dataset\test\PNEUMONIA\person128_bacteria_606.jpeg,1160,736,L,62f9117f9c56340e6d34a93de32f320c,person128,bacterial
test,PNEUMONIA,person128_bacteria_607.jpeg,chest_xray_dataset\test\PNEUMONIA\person128_bacteria_607.jpeg,1160,736,L,62f9117f9c56340e6d34a93de32f320c,person128,bacterial
test,PNEUMONIA,person128_bacteria_608.jpeg,chest_xray_dataset\test\PNEUMONIA\person128_bacteria_608.jpeg,1086,874,L,2932baab0e8d8b566ca49367d5b975a6,person128,bacterial
test,PNEUMONIA,person130_bacteria_623.jpeg,chest_xray_dataset\test\PNEUMONIA\person130_bacteria_623.jpeg,1310,882,L,82ab0e972343445455d37b159d6f8f2b,person130,bacterial
test,PNEUMONIA,person130_bacteria_625.jpeg,chest_xray_dataset\test\PNEUMONIA\person130_bacteria_625.jpeg,1040,656,L,ac46e62d9e8563f07ef2e7fc2e8f0493,person130,bacterial
test,PNEUMONIA,person130_bacteria_626.jpeg,chest_xray_dataset\test\PNEUMONIA\person130_bacteria_626.jpeg,1000,704,L,82b69beb06211aa51b056e02e295420e,person130,bacterial
test,PNEUMONIA,person130_bacteria_627.jpeg,chest_xray_dataset\test\PNEUMONIA\person130_bacteria_627.jpeg,1080,720,L,eab5d619e1ab81534637ba761defca8c,person130,bacterial
test,PNEUMONIA,person130_bacteria_628.jpeg,chest_xray_dataset\test\PNEUMONIA\person130_bacteria_628.jpeg,1330,797,L,5e1fc0c24dafcd88676b810486726f30,person130,bacterial
test,PNEUMONIA,person131_bacteria_629.jpeg,chest_xray_dataset\test\PNEUMONIA\person131_bacteria_629.jpeg,1184,648,L,7653ea7493ebfa18ac813e489a3f5fb7,person131,bacterial
test,PNEUMONIA,person132_bacteria_632.jpeg,chest_xray_dataset\test\PNEUMONIA\person132_bacteria_632.jpeg,1120,704,L,d5246226013e522bc95a97ca51fd889a,person132,bacterial
test,PNEUMONIA,person133_bacteria_633.jpeg,chest_xray_dataset\test\PNEUMONIA\person133_bacteria_633.jpeg,976,632,L,9264a60af7b62cf7f5ed9bfc4fae85ff,person133,bacterial
test,PNEUMONIA,person133_bacteria_634.jpeg,chest_xray_dataset\test\PNEUMONIA\person133_bacteria_634.jpeg,936,696,L,d8d0ffc24c2a25e0009aa642c98bcd23,person133,bacterial
test,PNEUMONIA,person133_bacteria_635.jpeg,chest_xray_dataset\test\PNEUMONIA\person133_bacteria_635.jpeg,936,704,L,db3f60b990b3cf5aa0b6b8cd17ea9d46,person133,bacterial
test,PNEUMONIA,person133_bacteria_637.jpeg,chest_xray_dataset\test\PNEUMONIA\person133_bacteria_637.jpeg,992,640,L,77f6c52281928523cc22623afc1fd15f,person133,bacterial
test,PNEUMONIA,person133_bacteria_638.jpeg,chest_xray_dataset\test\PNEUMONIA\person133_bacteria_638.jpeg,944,616,L,c82edb30f5e3b547eef9ecc5d96c0f9a,person133,bacterial
test,PNEUMONIA,person134_bacteria_640.jpeg,chest_xray_dataset\test\PNEUMONIA\person134_bacteria_640.jpeg,1256,856,L,6955df23580babae0f9790749bb6eb4b,person134,bacterial
test,PNEUMONIA,person134_bacteria_641.jpeg,chest_xray_dataset\test\PNEUMONIA\person134_bacteria_641.jpeg,1280,872,L,e1dad3a17fdbefb2a024323bfea3f4be,person134,bacterial
test,PNEUMONIA,person134_bacteria_642.jpeg,chest_xray_dataset\test\PNEUMONIA\person134_bacteria_642.jpeg,1280,848,L,0c44ff2c3fc071a15f4ae657fc4db0e7,person134,bacterial
test,PNEUMONIA,person134_bacteria_643.jpeg,chest_xray_dataset\test\PNEUMONIA\person134_bacteria_643.jpeg,1184,792,L,fe703b7a0f66f29bfb5dc8a003ec3973,person134,bacterial
test,PNEUMONIA,person134_bacteria_644.jpeg,chest_xray_dataset\test\PNEUMONIA\person134_bacteria_644.jpeg,1184,792,L,fe703b7a0f66f29bfb5dc8a003ec3973,person134,bacterial
test,PNEUMONIA,person135_bacteria_646.jpeg,chest_xray_dataset\test\PNEUMONIA\person135_bacteria_646.jpeg,1056,616,L,6618c7903a014e2f8bac51aa445dc71c,person135,bacterial
test,PNEUMONIA,person135_bacteria_647.jpeg,chest_xray_dataset\test\PNEUMONIA\person135_bacteria_647.jpeg,1008,600,L,a8c2ca29da4a0491108ab09f50a67f85,person135,bacterial
test,PNEUMONIA,person136_bacteria_648.jpeg,chest_xray_dataset\test\PNEUMONIA\person136_bacteria_648.jpeg,1068,720,L,b2434fccbba2d46f3b8de2e97e104aad,person136,bacterial
test,PNEUMONIA,person136_bacteria_649.jpeg,chest_xray_dataset\test\PNEUMONIA\person136_bacteria_649.jpeg,840,648,L,6e77c08b5b4aec6c87be2b6fe5bb69cb,person136,bacterial
test,PNEUMONIA,person136_bacteria_650.jpeg,chest_xray_dataset\test\PNEUMONIA\person136_bacteria_650.jpeg,936,528,L,840f9025446eb13266be5ef6bc2b0d32,person136,bacterial
test,PNEUMONIA,person136_bacteria_652.jpeg,chest_xray_dataset\test\PNEUMONIA\person136_bacteria_652.jpeg,920,608,L,87f4c8cebd85253c0d3a6a9e1a7dea98,person136,bacterial
test,PNEUMONIA,person136_bacteria_654.jpeg,chest_xray_dataset\test\PNEUMONIA\person136_bacteria_654.jpeg,1082,720,L,b0b3e8196d3c4955993102f6b3aa6af0,person136,bacterial
test,PNEUMONIA,person137_bacteria_655.jpeg,chest_xray_dataset\test\PNEUMONIA\person137_bacteria_655.jpeg,1168,712,L,1796d648b22e7154ccdb4cb69d1efe12,person137,bacterial
test,PNEUMONIA,person138_bacteria_657.jpeg,chest_xray_dataset\test\PNEUMONIA\person138_bacteria_657.jpeg,1296,888,L,4868dec804245a58c72ab2b90b4f5d07,person138,bacterial
test,PNEUMONIA,person138_bacteria_658.jpeg,chest_xray_dataset\test\PNEUMONIA\person138_bacteria_658.jpeg,1200,944,L,6a6bd54d03ba7d0e7486318a8c68b6b4,person138,bacterial
test,PNEUMONIA,person138_bacteria_659.jpeg,chest_xray_dataset\test\PNEUMONIA\person138_bacteria_659.jpeg,1248,816,L,3f3da12abbc13884d77ed2adb767c2c8,person138,bacterial
test,PNEUMONIA,person139_bacteria_661.jpeg,chest_xray_dataset\test\PNEUMONIA\person139_bacteria_661.jpeg,1040,856,L,9d9854684f68fac8ce4b72311ef553fc,person139,bacterial
test,PNEUMONIA,person139_bacteria_662.jpeg,chest_xray_dataset\test\PNEUMONIA\person139_bacteria_662.jpeg,1000,776,L,a8fc69c0672ad600f80ae00d6030dcde,person139,bacterial
test,PNEUMONIA,person139_bacteria_663.jpeg,chest_xray_dataset\test\PNEUMONIA\person139_bacteria_663.jpeg,920,920,L,f60dec0ffa03fe5a923c12711c51dfcf,person139,bacterial
test,PNEUMONIA,person139_bacteria_664.jpeg,chest_xray_dataset\test\PNEUMONIA\person139_bacteria_664.jpeg,976,664,L,1cc55efd9209d3aab746a8d8e9192c40,person139,bacterial
test,PNEUMONIA,person139_bacteria_665.jpeg,chest_xray_dataset\test\PNEUMONIA\person139_bacteria_665.jpeg,928,736,L,1d3d8c8a58d32b5dceca239beb2dbab6,person139,bacterial
test,PNEUMONIA,person139_bacteria_666.jpeg,chest_xray_dataset\test\PNEUMONIA\person139_bacteria_666.jpeg,1260,1029,L,dd764a9de711d80549f8d3d10fb88ee1,person139,bacterial
test,PNEUMONIA,person140_bacteria_667.jpeg,chest_xray_dataset\test\PNEUMONIA\person140_bacteria_667.jpeg,992,792,L,8584fde5edb448635c79c7f5fb3add05,person140,bacterial
test,PNEUMONIA,person140_bacteria_668.jpeg,chest_xray_dataset\test\PNEUMONIA\person140_bacteria_668.jpeg,1344,824,L,a14afb382a605e4d647ab4dfba37aaf2,person140,bacterial
test,PNEUMONIA,person141_bacteria_670.jpeg,chest_xray_dataset\test\PNEUMONIA\person141_bacteria_670.jpeg,944,536,L,a2cb9ca8c7e20f86582125c370e9c772,person141,bacterial
test,PNEUMONIA,person141_bacteria_676.jpeg,chest_xray_dataset\test\PNEUMONIA\person141_bacteria_676.jpeg,920,568,L,9f218a2319446dca79c668273c73b57d,person141,bacterial
test,PNEUMONIA,person141_bacteria_677.jpeg,chest_xray_dataset\test\PNEUMONIA\person141_bacteria_677.jpeg,848,632,L,520390708b8feb0f495ca8cd3ca09fd8,person141,bacterial
test,PNEUMONIA,person141_bacteria_678.jpeg,chest_xray_dataset\test\PNEUMONIA\person141_bacteria_678.jpeg,856,536,L,fdbb4c9a8153ce129a4064d932268591,person141,bacterial
test,PNEUMONIA,person141_bacteria_681.jpeg,chest_xray_dataset\test\PNEUMONIA\person141_bacteria_681.jpeg,920,624,L,731ec9a96ccf9e05476993acb240557e,person141,bacterial
test,PNEUMONIA,person142_bacteria_682.jpeg,chest_xray_dataset\test\PNEUMONIA\person142_bacteria_682.jpeg,1088,776,L,3b8655839e3430a556484734165614f6,person142,bacterial
test,PNEUMONIA,person142_bacteria_683.jpeg,chest_xray_dataset\test\PNEUMONIA\person142_bacteria_683.jpeg,904,576,L,cc1300d2f39cf4ed6b2632545466c406,person142,bacterial
test,PNEUMONIA,person142_bacteria_684.jpeg,chest_xray_dataset\test\PNEUMONIA\person142_bacteria_684.jpeg,1096,712,L,c2ff2c106b998c4e4f94ba400903567e,person142,bacterial
test,PNEUMONIA,person143_bacteria_687.jpeg,chest_xray_dataset\test\PNEUMONIA\person143_bacteria_687.jpeg,944,744,L,bff8d3684a7facf571e9b3b0f94de216,person143,bacterial
test,PNEUMONIA,person143_bacteria_688.jpeg,chest_xray_dataset\test\PNEUMONIA\person143_bacteria_688.jpeg,872,696,L,0eb1fce67da173e878d46941a70bd152,person143,bacterial
test,PNEUMONIA,person143_bacteria_689.jpeg,chest_xray_dataset\test\PNEUMONIA\person143_bacteria_689.jpeg,1190,925,L,474e701ca420d71873b7874946f5853e,person143,bacterial
test,PNEUMONIA,person144_bacteria_690.jpeg,chest_xray_dataset\test\PNEUMONIA\person144_bacteria_690.jpeg,1016,648,L,1897bc64365908e125263ca1df5b5e56,person144,bacterial
test,PNEUMONIA,person145_bacteria_696.jpeg,chest_xray_dataset\test\PNEUMONIA\person145_bacteria_696.jpeg,984,672,L,de85e3768e28521e3b85045e985f41d6,person145,bacterial
test,PNEUMONIA,person146_bacteria_700.jpeg,chest_xray_dataset\test\PNEUMONIA\person146_bacteria_700.jpeg,1168,776,L,f181dd3f008d7225f1a5642bc0baff37,person146,bacterial
test,PNEUMONIA,person146_bacteria_703.jpeg,chest_xray_dataset\test\PNEUMONIA\person146_bacteria_703.jpeg,976,616,L,2df5ac307cca29ef28d7f747041f1c5d,person146,bacterial
test,PNEUMONIA,person146_bacteria_704.jpeg,chest_xray_dataset\test\PNEUMONIA\person146_bacteria_704.jpeg,1410,720,L,f4680f3cf7ade85bc20fd0b9a50dbae2,person146,bacterial
test,PNEUMONIA,person147_bacteria_705.jpeg,chest_xray_dataset\test\PNEUMONIA\person147_bacteria_705.jpeg,1008,704,L,5c3805d380c4dd037e5162e270034a93,person147,bacterial
test,PNEUMONIA,person147_bacteria_706.jpeg,chest_xray_dataset\test\PNEUMONIA\person147_bacteria_706.jpeg,1120,808,L,e28b5ea3b43b12fcce887f38fccacbc1,person147,bacterial
test,PNEUMONIA,person147_bacteria_707.jpeg,chest_xray_dataset\test\PNEUMONIA\person147_bacteria_707.jpeg,1088,856,L,bb190d77099674007ff5e6cb86be9403,person147,bacterial
test,PNEUMONIA,person147_bacteria_711.jpeg,chest_xray_dataset\test\PNEUMONIA\person147_bacteria_711.jpeg,1268,816,L,1b5be2d891952c3c5e15fc9c692a39fb,person147,bacterial
test,PNEUMONIA,person149_bacteria_713.jpeg,chest_xray_dataset\test\PNEUMONIA\person149_bacteria_713.jpeg,1224,1008,L,09e1b5ab2f2eceb7ef0572a92c6bd7f5,person149,bacterial
test,PNEUMONIA,person14_virus_44.jpeg,chest_xray_dataset\test\PNEUMONIA\person14_virus_44.jpeg,1568,1184,L,08e5b00751ccbd7283164de0e7015c1f,person14,viral
test,PNEUMONIA,person150_bacteria_715.jpeg,chest_xray_dataset\test\PNEUMONIA\person150_bacteria_715.jpeg,968,584,L,49ebb0c6e62406f96e7eb7c7be616a0d,person150,bacterial
test,PNEUMONIA,person150_bacteria_716.jpeg,chest_xray_dataset\test\PNEUMONIA\person150_bacteria_716.jpeg,992,608,L,35ee4b7c445982ff6cedaf95e81031b1,person150,bacterial
test,PNEUMONIA,person150_bacteria_717.jpeg,chest_xray_dataset\test\PNEUMONIA\person150_bacteria_717.jpeg,1260,816,L,e47f479f147c3e7ad451b8f805405400,person150,bacterial
test,PNEUMONIA,person151_bacteria_718.jpeg,chest_xray_dataset\test\PNEUMONIA\person151_bacteria_718.jpeg,824,424,L,ff64ca07e0e7a05716f8a6083e91872b,person151,bacterial
test,PNEUMONIA,person152_bacteria_720.jpeg,chest_xray_dataset\test\PNEUMONIA\person152_bacteria_720.jpeg,1192,760,L,99b7a57976d308ef7cdb61a0cea5a0b5,person152,bacterial
test,PNEUMONIA,person152_bacteria_721.jpeg,chest_xray_dataset\test\PNEUMONIA\person152_bacteria_721.jpeg,1232,824,L,dd47f8274db276671dde8da400339bd0,person152,bacterial
test,PNEUMONIA,person152_bacteria_722.jpeg,chest_xray_dataset\test\PNEUMONIA\person152_bacteria_722.jpeg,1120,648,L,043d931ad6b1323e470ddc59ca1b6c5c,person152,bacterial
test,PNEUMONIA,person152_bacteria_723.jpeg,chest_xray_dataset\test\PNEUMONIA\person152_bacteria_723.jpeg,1136,752,L,23d73ebf77886b80c991a788aa7703b0,person152,bacterial
test,PNEUMONIA,person152_bacteria_724.jpeg,chest_xray_dataset\test\PNEUMONIA\person152_bacteria_724.jpeg,1350,936,L,6a9621d769598b52faaf86a280201229,person152,bacterial
test,PNEUMONIA,person153_bacteria_725.jpeg,chest_xray_dataset\test\PNEUMONIA\person153_bacteria_725.jpeg,1464,808,L,8a3def396cf03ed8b493bf3e59c75a76,person153,bacterial
test,PNEUMONIA,person153_bacteria_726.jpeg,chest_xray_dataset\test\PNEUMONIA\person153_bacteria_726.jpeg,1720,1095,L,f8fa34b0efe402511aae6e6030dcdae5,person153,bacterial
test,PNEUMONIA,person154_bacteria_728.jpeg,chest_xray_dataset\test\PNEUMONIA\person154_bacteria_728.jpeg,1558,1218,L,22e713a3fdf9cf79ce8df0e61a77b39d,person154,bacterial
test,PNEUMONIA,person155_bacteria_729.jpeg,chest_xray_dataset\test\PNEUMONIA\person155_bacteria_729.jpeg,1224,976,L,6f185e46d442a4e8a8caa1d8d5ab20e7,person155,bacterial
test,PNEUMONIA,person155_bacteria_730.jpeg,chest_xray_dataset\test\PNEUMONIA\person155_bacteria_730.jpeg,1184,1128,L,ee3f68e4c6b681152c16b84d7c5490ca,person155,bacterial
test,PNEUMONIA,person155_bacteria_731.jpeg,chest_xray_dataset\test\PNEUMONIA\person155_bacteria_731.jpeg,1312,792,L,4da63cd0c0699b7ede2509db9802abb4,person155,bacterial
test,PNEUMONIA,person157_bacteria_735.jpeg,chest_xray_dataset\test\PNEUMONIA\person157_bacteria_735.jpeg,1008,728,L,d46c456de9fd4c50cb0271af827786c8,person157,bacterial
test,PNEUMONIA,person157_bacteria_739.jpeg,chest_xray_dataset\test\PNEUMONIA\person157_bacteria_739.jpeg,1232,792,L,25fd70f0e9ac033784e049fde52256dd,person157,bacterial
test,PNEUMONIA,person157_bacteria_740.jpeg,chest_xray_dataset\test\PNEUMONIA\person157_bacteria_740.jpeg,1152,832,L,009ea0e944b3f1b2703a786add37e2f9,person157,bacterial
test,PNEUMONIA,person158_bacteria_742.jpeg,chest_xray_dataset\test\PNEUMONIA\person158_bacteria_742.jpeg,936,680,L,d666e554aef33b7134461ad5dc58106c,person158,bacterial
test,PNEUMONIA,person158_bacteria_743.jpeg,chest_xray_dataset\test\PNEUMONIA\person158_bacteria_743.jpeg,992,784,L,2c12394f2ec23d8aa84f5454f05e23e3,person158,bacterial
test,PNEUMONIA,person158_bacteria_744.jpeg,chest_xray_dataset\test\PNEUMONIA\person158_bacteria_744.jpeg,968,656,L,f5c8ec430364b6652ccd2eea22f9b743,person158,bacterial
test,PNEUMONIA,person158_bacteria_745.jpeg,chest_xray_dataset\test\PNEUMONIA\person158_bacteria_745.jpeg,1406,913,L,c0cb303af3ffa486477fd6a7a20b4332,person158,bacterial
test,PNEUMONIA,person159_bacteria_746.jpeg,chest_xray_dataset\test\PNEUMONIA\person159_bacteria_746.jpeg,1032,648,L,17193c58fde6b70a432a5e53b39f95ac,person159,bacterial
test,PNEUMONIA,person159_bacteria_747.jpeg,chest_xray_dataset\test\PNEUMONIA\person159_bacteria_747.jpeg,1144,704,L,8b1a879a6d92f6ae9a0b6013f81806fa,person159,bacterial
test,PNEUMONIA,person15_virus_46.jpeg,chest_xray_dataset\test\PNEUMONIA\person15_virus_46.jpeg,1314,1145,L,5a56896fdafd86fa2b2735447bd909c5,person15,viral
test,PNEUMONIA,person1608_virus_2786.jpeg,chest_xray_dataset\test\PNEUMONIA\person1608_virus_2786.jpeg,1072,800,L,696ed65d535ebab5528bcce5933423b6,person1608,viral
test,PNEUMONIA,person1610_virus_2793.jpeg,chest_xray_dataset\test\PNEUMONIA\person1610_virus_2793.jpeg,1120,880,L,13fdbe62a2af784fb3f82034b3651361,person1610,viral
test,PNEUMONIA,person1612_virus_2797.jpeg,chest_xray_dataset\test\PNEUMONIA\person1612_virus_2797.jpeg,832,448,L,5aabf87169e5980589d71f2d18c33766,person1612,viral
test,PNEUMONIA,person1612_virus_2798.jpeg,chest_xray_dataset\test\PNEUMONIA\person1612_virus_2798.jpeg,1040,576,L,eb634b84577e805525c7d829ea5f88bf,person1612,viral
test,PNEUMONIA,person1613_virus_2799.jpeg,chest_xray_dataset\test\PNEUMONIA\person1613_virus_2799.jpeg,1112,600,L,cf0f356ccc96a1e5a00073b36c785c42,person1613,viral
test,PNEUMONIA,person1614_virus_2800.jpeg,chest_xray_dataset\test\PNEUMONIA\person1614_virus_2800.jpeg,1216,936,L,2a5fa7df841d554bb8442ee77fdf1ec9,person1614,viral
test,PNEUMONIA,person1615_virus_2801.jpeg,chest_xray_dataset\test\PNEUMONIA\person1615_virus_2801.jpeg,1400,1048,L,7b4592e06c464a90a4ed3dc57c9b94fc,person1615,viral
test,PNEUMONIA,person1616_virus_2802.jpeg,chest_xray_dataset\test\PNEUMONIA\person1616_virus_2802.jpeg,1288,920,L,e23914c61dd291134cdd54258fb047fd,person1616,viral
test,PNEUMONIA,person1618_virus_2805.jpeg,chest_xray_dataset\test\PNEUMONIA\person1618_virus_2805.jpeg,1072,640,L,27a14d57d512865f2bb8337ef79645e0,person1618,viral
test,PNEUMONIA,person1619_virus_2806.jpeg,chest_xray_dataset\test\PNEUMONIA\person1619_virus_2806.jpeg,1304,816,L,5aa5576d16616f1724d68bd2b8966ffc,person1619,viral
test,PNEUMONIA,person161_bacteria_757.jpeg,chest_xray_dataset\test\PNEUMONIA\person161_bacteria_757.jpeg,856,696,L,cb8777a096bc4ab23d0381d93370c35b,person161,bacterial
test,PNEUMONIA,person161_bacteria_759.jpeg,chest_xray_dataset\test\PNEUMONIA\person161_bacteria_759.jpeg,856,480,L,a765c17cab405fcc9ace8bb34d516651,person161,bacterial
test,PNEUMONIA,person161_bacteria_762.jpeg,chest_xray_dataset\test\PNEUMONIA\person161_bacteria_762.jpeg,1164,801,L,e0024dde72bc9d997df8572a9239d839,person161,bacterial
test,PNEUMONIA,person1620_virus_2807.jpeg,chest_xray_dataset\test\PNEUMONIA\person1620_virus_2807.jpeg,1112,736,L,f917ccc44c12e4a3a7ca4c850d1f56f3,person1620,viral
test,PNEUMONIA,person1622_virus_2810.jpeg,chest_xray_dataset\test\PNEUMONIA\person1622_virus_2810.jpeg,1184,648,L,1c80d93f03c29cc8dd99bec645fd78e5,person1622,viral
test,PNEUMONIA,person1623_virus_2813.jpeg,chest_xray_dataset\test\PNEUMONIA\person1623_virus_2813.jpeg,1344,1152,L,7118b24753820c1ee9543475c60f6c3d,person1623,viral
test,PNEUMONIA,person1625_virus_2817.jpeg,chest_xray_dataset\test\PNEUMONIA\person1625_virus_2817.jpeg,1112,704,L,c1d06bb955d6d54787b305a098f17b09,person1625,viral
test,PNEUMONIA,person1626_virus_2818.jpeg,chest_xray_dataset\test\PNEUMONIA\person1626_virus_2818.jpeg,1344,968,L,d5c0de08ace31beedea7a46de07a8136,person1626,viral
test,PNEUMONIA,person1627_virus_2819.jpeg,chest_xray_dataset\test\PNEUMONIA\person1627_virus_2819.jpeg,1000,448,L,f6de6916cf4024871eea36ede7b2b056,person1627,viral
test,PNEUMONIA,person1628_virus_2821.jpeg,chest_xray_dataset\test\PNEUMONIA\person1628_virus_2821.jpeg,1024,608,L,ea21313a632c1a0a7fe884a15b668fbf,person1628,viral
test,PNEUMONIA,person1628_virus_2822.jpeg,chest_xray_dataset\test\PNEUMONIA\person1628_virus_2822.jpeg,1096,472,L,29c6b0ac9dbb8cdcbea7d5177b1f9704,person1628,viral
test,PNEUMONIA,person1629_virus_2823.jpeg,chest_xray_dataset\test\PNEUMONIA\person1629_virus_2823.jpeg,1072,616,L,d529cabe7f79660a1c2028854491e4e2,person1629,viral
test,PNEUMONIA,person1631_virus_2826.jpeg,chest_xray_dataset\test\PNEUMONIA\person1631_virus_2826.jpeg,1120,784,L,ddedd8f55a4fedfb28c1755989f64426,person1631,viral
test,PNEUMONIA,person1632_virus_2827.jpeg,chest_xray_dataset\test\PNEUMONIA\person1632_virus_2827.jpeg,1592,1000,L,c16b61c367a34a96cecf6031d5397974,person1632,viral
test,PNEUMONIA,person1633_virus_2829.jpeg,chest_xray_dataset\test\PNEUMONIA\person1633_virus_2829.jpeg,1120,528,L,f884931e5beb42a3010476287d80deaa,person1633,viral
test,PNEUMONIA,person1634_virus_2830.jpeg,chest_xray_dataset\test\PNEUMONIA\person1634_virus_2830.jpeg,1336,1024,L,4dfbb25ae75142115dad7534eaced719,person1634,viral
test,PNEUMONIA,person1635_virus_2831.jpeg,chest_xray_dataset\test\PNEUMONIA\person1635_virus_2831.jpeg,1056,840,L,b444e1ed10b24d3a1a1d9b53b9d06861,person1635,viral
test,PNEUMONIA,person1637_virus_2834.jpeg,chest_xray_dataset\test\PNEUMONIA\person1637_virus_2834.jpeg,1080,672,L,65ab887d310078252f51a719ad33fbe9,person1637,viral
test,PNEUMONIA,person1640_virus_2839.jpeg,chest_xray_dataset\test\PNEUMONIA\person1640_virus_2839.jpeg,1248,768,L,7199beda297aa4bb1e0f55441d738d03,person1640,viral
test,PNEUMONIA,person1641_virus_2840.jpeg,chest_xray_dataset\test\PNEUMONIA\person1641_virus_2840.jpeg,1088,712,L,8ba68171d96281ae0a050b05e1b4169f,person1641,viral
test,PNEUMONIA,person1642_virus_2842.jpeg,chest_xray_dataset\test\PNEUMONIA\person1642_virus_2842.jpeg,1312,1000,L,f112b715d5dff315199af5abd2bb86b1,person1642,viral
test,PNEUMONIA,person1643_virus_2843.jpeg,chest_xray_dataset\test\PNEUMONIA\person1643_virus_2843.jpeg,1432,1288,L,7e63b0cee0099e7c60e5cb378a554411,person1643,viral
test,PNEUMONIA,person1644_virus_2844.jpeg,chest_xray_dataset\test\PNEUMONIA\person1644_virus_2844.jpeg,1400,1048,L,0db3dffcb2d0dbaeecc857ee5fb8c249,person1644,viral
test,PNEUMONIA,person1645_virus_2845.jpeg,chest_xray_dataset\test\PNEUMONIA\person1645_virus_2845.jpeg,1144,680,L,10864d708e51ab251d9c8de4e5a2f7bf,person1645,viral
test,PNEUMONIA,person1647_virus_2848.jpeg,chest_xray_dataset\test\PNEUMONIA\person1647_virus_2848.jpeg,1168,768,L,119c0490f57d1bc038f989f0878e556b,person1647,viral
test,PNEUMONIA,person1649_virus_2850.jpeg,chest_xray_dataset\test\PNEUMONIA\person1649_virus_2850.jpeg,1360,920,L,cc9735268f65f142acf839624efd306a,person1649,viral
test,PNEUMONIA,person1650_virus_2852.jpeg,chest_xray_dataset\test\PNEUMONIA\person1650_virus_2852.jpeg,1120,784,L,a8f2048800e08243c0e8b348f3392d4c,person1650,viral
test,PNEUMONIA,person1650_virus_2854.jpeg,chest_xray_dataset\test\PNEUMONIA\person1650_virus_2854.jpeg,1120,680,L,300d2f093c3aa2aaa50d2abf55281fe2,person1650,viral
test,PNEUMONIA,person1651_virus_2855.jpeg,chest_xray_dataset\test\PNEUMONIA\person1651_virus_2855.jpeg,888,464,L,9a8beb799e8d864aca09232196b282aa,person1651,viral
test,PNEUMONIA,person1653_virus_2858.jpeg,chest_xray_dataset\test\PNEUMONIA\person1653_virus_2858.jpeg,1008,592,L,6a64e47e366a1269c18cb4255186ce4f,person1653,viral
test,PNEUMONIA,person1653_virus_2859.jpeg,chest_xray_dataset\test\PNEUMONIA\person1653_virus_2859.jpeg,1096,760,L,e7ef6a671b639ee62c0852040dcfd6ce,person1653,viral
test,PNEUMONIA,person1655_virus_2861.jpeg,chest_xray_dataset\test\PNEUMONIA\person1655_virus_2861.jpeg,1544,1264,L,8cb4e515652a80fc2fca62ea915ca8bf,person1655,viral
test,PNEUMONIA,person1656_virus_2862.jpeg,chest_xray_dataset\test\PNEUMONIA\person1656_virus_2862.jpeg,1160,960,L,e6fa0e34149313ad4d9c6cbb4eb54350,person1656,viral
test,PNEUMONIA,person1657_virus_2864.jpeg,chest_xray_dataset\test\PNEUMONIA\person1657_virus_2864.jpeg,1624,1288,L,9c28ea2e79919355098ecd814979daa1,person1657,viral
test,PNEUMONIA,person1659_virus_2867.jpeg,chest_xray_dataset\test\PNEUMONIA\person1659_virus_2867.jpeg,1264,744,L,1f39d340efe509454eb407849dfce67d,person1659,viral
test,PNEUMONIA,person1660_virus_2869.jpeg,chest_xray_dataset\test\PNEUMONIA\person1660_virus_2869.jpeg,1024,568,L,ecdcff2c5a1f1a26c5c3b62dc6861887,person1660,viral
test,PNEUMONIA,person1661_virus_2872.jpeg,chest_xray_dataset\test\PNEUMONIA\person1661_virus_2872.jpeg,1600,992,L,adf8b53df78fea92adf7ff3e80fb6810,person1661,viral
test,PNEUMONIA,person1661_virus_2873.jpeg,chest_xray_dataset\test\PNEUMONIA\person1661_virus_2873.jpeg,1600,992,L,adf8b53df78fea92adf7ff3e80fb6810,person1661,viral
test,PNEUMONIA,person1662_virus_2875.jpeg,chest_xray_dataset\test\PNEUMONIA\person1662_virus_2875.jpeg,1160,672,L,3a40f05da107b20f6fc27d7565790eef,person1662,viral
test,PNEUMONIA,person1663_virus_2876.jpeg,chest_xray_dataset\test\PNEUMONIA\person1663_virus_2876.jpeg,944,528,L,eb1bce5cba82711af8227158e4c769f9,person1663,viral
test,PNEUMONIA,person1664_virus_2877.jpeg,chest_xray_dataset\test\PNEUMONIA\person1664_virus_2877.jpeg,1280,984,L,9bb6388a776be760e6f5e2ec97da1d55,person1664,viral
test,PNEUMONIA,person1665_virus_2878.jpeg,chest_xray_dataset\test\PNEUMONIA\person1665_virus_2878.jpeg,1432,1024,L,716c168e0813790425446539081ac57a,person1665,viral
test,PNEUMONIA,person1667_virus_2881.jpeg,chest_xray_dataset\test\PNEUMONIA\person1667_virus_2881.jpeg,952,664,L,30b6049e2ed3480a25fd1bc7ea7eef92,person1667,viral
test,PNEUMONIA,person1668_virus_2882.jpeg,chest_xray_dataset\test\PNEUMONIA\person1668_virus_2882.jpeg,1168,728,L,3024bdba1f7f0d07a28b6beee25ed8a1,person1668,viral
test,PNEUMONIA,person1669_virus_2884.jpeg,chest_xray_dataset\test\PNEUMONIA\person1669_virus_2884.jpeg,1288,736,L,afadb5293a767edd1c3b4ae4b0c521b0,person1669,viral
test,PNEUMONIA,person1669_virus_2885.jpeg,chest_xray_dataset\test\PNEUMONIA\person1669_virus_2885.jpeg,1248,728,L,f7aae1eb7da1e6ef993c44396c6b8da3,person1669,viral
test,PNEUMONIA,person1670_virus_2886.jpeg,chest_xray_dataset\test\PNEUMONIA\person1670_virus_2886.jpeg,1120,552,L,90de81a57a21dbb539c2a0ecaad3843f,person1670,viral
test,PNEUMONIA,person1671_virus_2887.jpeg,chest_xray_dataset\test\PNEUMONIA\person1671_virus_2887.jpeg,1512,888,L,7478cfc2fe88bf89289d3b7c26b19497,person1671,viral
test,PNEUMONIA,person1672_virus_2888.jpeg,chest_xray_dataset\test\PNEUMONIA\person1672_virus_2888.jpeg,1456,1080,L,76227a9805420decc4d7f48cbc5ad859,person1672,viral
test,PNEUMONIA,person1673_virus_2889.jpeg,chest_xray_dataset\test\PNEUMONIA\person1673_virus_2889.jpeg,1168,840,L,1cd49cbae1f9d93e60c03489b4deebbd,person1673,viral
test,PNEUMONIA,person1674_virus_2890.jpeg,chest_xray_dataset\test\PNEUMONIA\person1674_virus_2890.jpeg,1960,1416,L,82477964605a36ecbcf4c8f1a16d68db,person1674,viral
test,PNEUMONIA,person1675_virus_2891.jpeg,chest_xray_dataset\test\PNEUMONIA\person1675_virus_2891.jpeg,952,520,L,31106d463ae2dd27c073b2973d332ef2,person1675,viral
test,PNEUMONIA,person1676_virus_2892.jpeg,chest_xray_dataset\test\PNEUMONIA\person1676_virus_2892.jpeg,1624,1104,L,f3612457f09042602e745d54e7096657,person1676,viral
test,PNEUMONIA,person1678_virus_2895.jpeg,chest_xray_dataset\test\PNEUMONIA\person1678_virus_2895.jpeg,1408,840,L,33b84f5be92986f092095c30085db091,person1678,viral
test,PNEUMONIA,person1679_virus_2896.jpeg,chest_xray_dataset\test\PNEUMONIA\person1679_virus_2896.jpeg,1248,840,L,eee6f3b1cfadaa64231da18eb66a7e50,person1679,viral
test,PNEUMONIA,person1680_virus_2897.jpeg,chest_xray_dataset\test\PNEUMONIA\person1680_virus_2897.jpeg,1624,968,L,0ebb58ff98b1a18cd49c38cb2acbb055,person1680,viral
test,PNEUMONIA,person1682_virus_2899.jpeg,chest_xray_dataset\test\PNEUMONIA\person1682_virus_2899.jpeg,1712,1392,L,46b0ce8ccb77e2b851fb56a903cbba0d,person1682,viral
test,PNEUMONIA,person1685_virus_2903.jpeg,chest_xray_dataset\test\PNEUMONIA\person1685_virus_2903.jpeg,792,560,L,56ccf48da2f20d448f2d2bf390a54c55,person1685,viral
test,PNEUMONIA,person16_virus_47.jpeg,chest_xray_dataset\test\PNEUMONIA\person16_virus_47.jpeg,1582,1333,L,6cd513a50e90b3f43dc067df9523206f,person16,viral
test,PNEUMONIA,person171_bacteria_826.jpeg,chest_xray_dataset\test\PNEUMONIA\person171_bacteria_826.jpeg,1088,672,L,394f941bd9a15a2aeab319c7c0557a20,person171,bacterial
test,PNEUMONIA,person172_bacteria_827.jpeg,chest_xray_dataset\test\PNEUMONIA\person172_bacteria_827.jpeg,1088,752,L,2b2bf4fe6187affb11450ab61ab0f11d,person172,bacterial
test,PNEUMONIA,person172_bacteria_828.jpeg,chest_xray_dataset\test\PNEUMONIA\person172_bacteria_828.jpeg,1458,990,L,536d909ecf314c018242974575aa6c8e,person172,bacterial
test,PNEUMONIA,person173_bacteria_829.jpeg,chest_xray_dataset\test\PNEUMONIA\person173_bacteria_829.jpeg,1192,992,L,8e8aafc682dead5e462044d2a86ca1f1,person173,bacterial
test,PNEUMONIA,person173_bacteria_830.jpeg,chest_xray_dataset\test\PNEUMONIA\person173_bacteria_830.jpeg,1208,792,L,5aee1ecf463b443b2ba465d544865cab,person173,bacterial
test,PNEUMONIA,person173_bacteria_831.jpeg,chest_xray_dataset\test\PNEUMONIA\person173_bacteria_831.jpeg,1368,1002,L,2b64cce74f4c3d3767ba683d0a35990b,person173,bacterial
test,PNEUMONIA,person174_bacteria_832.jpeg,chest_xray_dataset\test\PNEUMONIA\person174_bacteria_832.jpeg,1365,1118,L,d06556a1acdbbf6e833535f5b50da862,person174,bacterial
test,PNEUMONIA,person175_bacteria_833.jpeg,chest_xray_dataset\test\PNEUMONIA\person175_bacteria_833.jpeg,1096,880,L,98238b4fb3db2fa7a371cd2c583a9121,person175,bacterial
test,PNEUMONIA,person175_bacteria_834.jpeg,chest_xray_dataset\test\PNEUMONIA\person175_bacteria_834.jpeg,1184,960,L,72f64fc599b2f21eb71b21abbecd2867,person175,bacterial
test,PNEUMONIA,person175_bacteria_835.jpeg,chest_xray_dataset\test\PNEUMONIA\person175_bacteria_835.jpeg,1208,640,L,85acadfbacf6f846047282baf63fe303,person175,bacterial
test,PNEUMONIA,person17_virus_48.jpeg,chest_xray_dataset\test\PNEUMONIA\person17_virus_48.jpeg,1224,856,L,f9f1501a2cfa7eeae175dbbf14ba6f8d,person17,viral
test,PNEUMONIA,person18_virus_49.jpeg,chest_xray_dataset\test\PNEUMONIA\person18_virus_49.jpeg,1198,654,L,628f09075718b91803cf32e5550df9af,person18,viral
test,PNEUMONIA,person19_virus_50.jpeg,chest_xray_dataset\test\PNEUMONIA\person19_virus_50.jpeg,1462,1010,L,67ad310a549cc6f64227db627d986c2b,person19,viral
test,PNEUMONIA,person1_virus_11.jpeg,chest_xray_dataset\test\PNEUMONIA\person1_virus_11.jpeg,872,560,L,c739b09ceb558805ed660c99c943c979,person1,viral
test,PNEUMONIA,person1_virus_12.jpeg,chest_xray_dataset\test\PNEUMONIA\person1_virus_12.jpeg,1080,624,L,327342bcd32717b0170e482f9944a6bf,person1,viral
test,PNEUMONIA,person1_virus_13.jpeg,chest_xray_dataset\test\PNEUMONIA\person1_virus_13.jpeg,1136,654,L,6a29ed18682202d40d08301eddeea61e,person1,viral
test,PNEUMONIA,person1_virus_6.jpeg,chest_xray_dataset\test\PNEUMONIA\person1_virus_6.jpeg,944,640,L,5a9cb6b1a5a89f9f25756f9d2da710e4,person1,viral
test,PNEUMONIA,person1_virus_7.jpeg,chest_xray_dataset\test\PNEUMONIA\person1_virus_7.jpeg,1000,544,L,ef00dc1f7c79d4e2f8107b141f49bd1e,person1,viral
test,PNEUMONIA,person1_virus_8.jpeg,chest_xray_dataset\test\PNEUMONIA\person1_virus_8.jpeg,960,544,L,d54825adae393210d320d1805b9bb79c,person1,viral
test,PNEUMONIA,person1_virus_9.jpeg,chest_xray_dataset\test\PNEUMONIA\person1_virus_9.jpeg,856,552,L,ae1e9c64b6679823f81b2507f326d4ce,person1,viral
test,PNEUMONIA,person20_virus_51.jpeg,chest_xray_dataset\test\PNEUMONIA\person20_virus_51.jpeg,1320,1208,L,af083e27ecba7d6c0da9639b185fb16e,person20,viral
test,PNEUMONIA,person21_virus_52.jpeg,chest_xray_dataset\test\PNEUMONIA\person21_virus_52.jpeg,1952,1296,L,af9bbb39a04236fce3fc26864594b3f7,person21,viral
test,PNEUMONIA,person21_virus_53.jpeg,chest_xray_dataset\test\PNEUMONIA\person21_virus_53.jpeg,2000,1456,L,dbe92347c49a950cc8aff64133cba122,person21,viral
test,PNEUMONIA,person22_virus_54.jpeg,chest_xray_dataset\test\PNEUMONIA\person22_virus_54.jpeg,1216,584,L,0370a95d1b40c9f1f09d1c133ec79107,person22,viral
test,PNEUMONIA,person22_virus_55.jpeg,chest_xray_dataset\test\PNEUMONIA\person22_virus_55.jpeg,1096,712,L,d0c6e79cddfd6f0653003c6255f4217a,person22,viral
test,PNEUMONIA,person23_virus_56.jpeg,chest_xray_dataset\test\PNEUMONIA\person23_virus_56.jpeg,1520,872,L,0e131d8f9a78394fd99b07d68bcf2552,person23,viral
test,PNEUMONIA,person24_virus_58.jpeg,chest_xray_dataset\test\PNEUMONIA\person24_virus_58.jpeg,1352,792,L,644b376c345db9b3bbad163544252cf3,person24,viral
test,PNEUMONIA,person25_virus_59.jpeg,chest_xray_dataset\test\PNEUMONIA\person25_virus_59.jpeg,960,616,L,40a9c7f4a88ae2d23d19e7831f7119bb,person25,viral
test,PNEUMONIA,person26_virus_60.jpeg,chest_xray_dataset\test\PNEUMONIA\person26_virus_60.jpeg,1152,720,L,b4ab174e3db8ae554a1cc958abd5b870,person26,viral
test,PNEUMONIA,person28_virus_62.jpeg,chest_xray_dataset\test\PNEUMONIA\person28_virus_62.jpeg,1216,872,L,aeb32a957942840969609b586a336997,person28,viral
test,PNEUMONIA,person28_virus_63.jpeg,chest_xray_dataset\test\PNEUMONIA\person28_virus_63.jpeg,1232,864,L,1fe2303d4ac6a25cf26e04ca9d6f4c3a,person28,viral
test,PNEUMONIA,person29_virus_64.jpeg,chest_xray_dataset\test\PNEUMONIA\person29_virus_64.jpeg,1024,600,L,45bb139a934f4ada4b9167ebd10066d0,person29,viral
test,PNEUMONIA,person30_virus_69.jpeg,chest_xray_dataset\test\PNEUMONIA\person30_virus_69.jpeg,1576,1216,L,f3d2a8f75cc057c42c2bbfb38eaa06c8,person30,viral
test,PNEUMONIA,person31_virus_70.jpeg,chest_xray_dataset\test\PNEUMONIA\person31_virus_70.jpeg,896,544,L,f857028ba2eec1eea1f5c887de5c8ae0,person31,viral
test,PNEUMONIA,person32_virus_71.jpeg,chest_xray_dataset\test\PNEUMONIA\person32_virus_71.jpeg,1288,952,L,2f47d8229f22e6f6d6389f95f1b194b6,person32,viral
test,PNEUMONIA,person33_virus_72.jpeg,chest_xray_dataset\test\PNEUMONIA\person33_virus_72.jpeg,1024,552,L,a0b5361b351092b87ce2b45f5a7616d2,person33,viral
test,PNEUMONIA,person34_virus_76.jpeg,chest_xray_dataset\test\PNEUMONIA\person34_virus_76.jpeg,1648,1400,L,c425f3cac7ad6c35eb56b94a8343300c,person34,viral
test,PNEUMONIA,person35_virus_80.jpeg,chest_xray_dataset\test\PNEUMONIA\person35_virus_80.jpeg,1552,1016,L,92c7e359cbdc770b36b95f2078629a61,person35,viral
test,PNEUMONIA,person36_virus_81.jpeg,chest_xray_dataset\test\PNEUMONIA\person36_virus_81.jpeg,1264,824,L,5e7f3d4f2f941bfc4b6a14eb70fde090,person36,viral
test,PNEUMONIA,person37_virus_82.jpeg,chest_xray_dataset\test\PNEUMONIA\person37_virus_82.jpeg,1080,752,L,fb7cb5d00e290d599ca1b509da677303,person37,viral
test,PNEUMONIA,person38_virus_83.jpeg,chest_xray_dataset\test\PNEUMONIA\person38_virus_83.jpeg,1400,1136,L,078dfad9d03fd134cff8a754d2de1e06,person38,viral
test,PNEUMONIA,person38_virus_84.jpeg,chest_xray_dataset\test\PNEUMONIA\person38_virus_84.jpeg,1488,976,L,325045eace4e63042ca674b1459e1b88,person38,viral
test,PNEUMONIA,person39_virus_85.jpeg,chest_xray_dataset\test\PNEUMONIA\person39_virus_85.jpeg,1120,696,L,e0917e35c253d038170f3ef0e956c1cc,person39,viral
test,PNEUMONIA,person3_virus_15.jpeg,chest_xray_dataset\test\PNEUMONIA\person3_virus_15.jpeg,1304,968,L,1294c6e208475a57ca2b228f40a0d39b,person3,viral
test,PNEUMONIA,person3_virus_16.jpeg,chest_xray_dataset\test\PNEUMONIA\person3_virus_16.jpeg,1256,848,L,72f8a825649e724a64f534d5ef12c69b,person3,viral
test,PNEUMONIA,person3_virus_17.jpeg,chest_xray_dataset\test\PNEUMONIA\person3_virus_17.jpeg,1344,1120,L,cc52d43d2d2101b2807aa8083210d0ae,person3,viral
test,PNEUMONIA,person40_virus_87.jpeg,chest_xray_dataset\test\PNEUMONIA\person40_virus_87.jpeg,1040,768,L,6f0ecbee3fd1e1353c25971bfdec521d,person40,viral
test,PNEUMONIA,person41_virus_88.jpeg,chest_xray_dataset\test\PNEUMONIA\person41_virus_88.jpeg,1328,984,L,b8014ba1189770b0da720b6936d852fa,person41,viral
test,PNEUMONIA,person42_virus_89.jpeg,chest_xray_dataset\test\PNEUMONIA\person42_virus_89.jpeg,1016,616,L,08fa0341317d3d28b29691cc1168ccb2,person42,viral
test,PNEUMONIA,person43_virus_92.jpeg,chest_xray_dataset\test\PNEUMONIA\person43_virus_92.jpeg,1192,752,L,e0037de81345c596bb53e0b6b16cbe67,person43,viral
test,PNEUMONIA,person44_virus_93.jpeg,chest_xray_dataset\test\PNEUMONIA\person44_virus_93.jpeg,1192,920,L,3f50a469864c973ec02b76328eff1617,person44,viral
test,PNEUMONIA,person44_virus_94.jpeg,chest_xray_dataset\test\PNEUMONIA\person44_virus_94.jpeg,1392,1008,L,ab6846096cc8c36a4cdbd8e7fd9f240e,person44,viral
test,PNEUMONIA,person45_virus_95.jpeg,chest_xray_dataset\test\PNEUMONIA\person45_virus_95.jpeg,1376,912,L,71f0cf0f4278ef87cee937c4ec10d8e1,person45,viral
test,PNEUMONIA,person46_virus_96.jpeg,chest_xray_dataset\test\PNEUMONIA\person46_virus_96.jpeg,1192,872,L,23723d08147c44b97be53f0625b8c8ac,person46,viral
test,PNEUMONIA,person47_virus_99.jpeg,chest_xray_dataset\test\PNEUMONIA\person47_virus_99.jpeg,1344,864,L,8db146263f7440cd706f678f0e08b979,person47,viral
test,PNEUMONIA,person48_virus_100.jpeg,chest_xray_dataset\test\PNEUMONIA\person48_virus_100.jpeg,1352,1064,L,d200058a91aba526068dcb16c328c071,person48,viral
test,PNEUMONIA,person49_virus_101.jpeg,chest_xray_dataset\test\PNEUMONIA\person49_virus_101.jpeg,1336,1032,L,a3a299c00b5fd883fc647507d4cca274,person49,viral
test,PNEUMONIA,person50_virus_102.jpeg,chest_xray_dataset\test\PNEUMONIA\person50_virus_102.jpeg,1280,760,L,46bd730f0e33a593fb7c721065f6424b,person50,viral
test,PNEUMONIA,person51_virus_105.jpeg,chest_xray_dataset\test\PNEUMONIA\person51_virus_105.jpeg,1160,696,L,8c8a6e8c593b42d7a4737c786c704fa6,person51,viral
test,PNEUMONIA,person52_virus_106.jpeg,chest_xray_dataset\test\PNEUMONIA\person52_virus_106.jpeg,1048,688,L,a83a38435905ada6e98b678739a9786d,person52,viral
test,PNEUMONIA,person53_virus_107.jpeg,chest_xray_dataset\test\PNEUMONIA\person53_virus_107.jpeg,1168,712,L,d45eb476ee7441e9c4e1d76081c89aa4,person53,viral
test,PNEUMONIA,person53_virus_108.jpeg,chest_xray_dataset\test\PNEUMONIA\person53_virus_108.jpeg,1152,728,L,2a613f375e7ae64d2858165c1e0f7bf4,person53,viral
test,PNEUMONIA,person54_virus_109.jpeg,chest_xray_dataset\test\PNEUMONIA\person54_virus_109.jpeg,1184,816,L,daedf87f6118861480847bc075d7e3d4,person54,viral
test,PNEUMONIA,person55_virus_110.jpeg,chest_xray_dataset\test\PNEUMONIA\person55_virus_110.jpeg,1464,744,L,8fd11bcf6021d8e925fc3c8f39e9047a,person55,viral
test,PNEUMONIA,person56_virus_112.jpeg,chest_xray_dataset\test\PNEUMONIA\person56_virus_112.jpeg,1088,576,L,59cdbb00df79fac2667fe10c177298a0,person56,viral
test,PNEUMONIA,person57_virus_113.jpeg,chest_xray_dataset\test\PNEUMONIA\person57_virus_113.jpeg,1192,856,L,e55e4ebad17411161293b4c347ae7d76,person57,viral
test,PNEUMONIA,person59_virus_116.jpeg,chest_xray_dataset\test\PNEUMONIA\person59_virus_116.jpeg,1072,616,L,f29661d18fdcbbe35ff020ef21925eae,person59,viral
test,PNEUMONIA,person60_virus_117.jpeg,chest_xray_dataset\test\PNEUMONIA\person60_virus_117.jpeg,1072,880,L,4c87eef9ea55feab94f27ca862e51374,person60,viral
test,PNEUMONIA,person61_virus_118.jpeg,chest_xray_dataset\test\PNEUMONIA\person61_virus_118.jpeg,1088,696,L,93bb444ceaf1638d7343685d35388a75,person61,viral
test,PNEUMONIA,person62_virus_119.jpeg,chest_xray_dataset\test\PNEUMONIA\person62_virus_119.jpeg,1544,872,L,19beef4e3a74536b19c83d70c8b3cd25,person62,viral
test,PNEUMONIA,person63_virus_121.jpeg,chest_xray_dataset\test\PNEUMONIA\person63_virus_121.jpeg,1504,1032,L,7731f060b9e85d089473ec3695059e07,person63,viral
test,PNEUMONIA,person64_virus_122.jpeg,chest_xray_dataset\test\PNEUMONIA\person64_virus_122.jpeg,1112,592,L,bcd9ddc5cccbded63ff817b9a0c72b01,person64,viral
test,PNEUMONIA,person65_virus_123.jpeg,chest_xray_dataset\test\PNEUMONIA\person65_virus_123.jpeg,1320,768,L,23115feead9f877dfeeadca990c57402,person65,viral
test,PNEUMONIA,person66_virus_125.jpeg,chest_xray_dataset\test\PNEUMONIA\person66_virus_125.jpeg,1432,976,L,552823c465fbd2834adcae7010c21caa,person66,viral
test,PNEUMONIA,person67_virus_126.jpeg,chest_xray_dataset\test\PNEUMONIA\person67_virus_126.jpeg,1296,880,L,3e8c7fc2e4dec14914a02cc9d86f98f1,person67,viral
test,PNEUMONIA,person69_virus_129.jpeg,chest_xray_dataset\test\PNEUMONIA\person69_virus_129.jpeg,1048,440,L,583a0b736436b7258b0672ed31f6611c,person69,viral
test,PNEUMONIA,person70_virus_130.jpeg,chest_xray_dataset\test\PNEUMONIA\person70_virus_130.jpeg,1160,624,L,b8d984a4e392d585524bf6faefa2672d,person70,viral
test,PNEUMONIA,person71_virus_131.jpeg,chest_xray_dataset\test\PNEUMONIA\person71_virus_131.jpeg,1232,888,L,b90185cf12a01bd8a9e87740bc5ab60f,person71,viral
test,PNEUMONIA,person71_virus_132.jpeg,chest_xray_dataset\test\PNEUMONIA\person71_virus_132.jpeg,1368,904,L,568789f37562d28f53447d6623e08def,person71,viral
test,PNEUMONIA,person72_virus_133.jpeg,chest_xray_dataset\test\PNEUMONIA\person72_virus_133.jpeg,1528,968,L,e9e302980edaa0922ebf00a75198de67,person72,viral
test,PNEUMONIA,person74_virus_135.jpeg,chest_xray_dataset\test\PNEUMONIA\person74_virus_135.jpeg,840,560,L,3c5b22829ab0c83ea44dcaf671b1b065,person74,viral
test,PNEUMONIA,person75_virus_136.jpeg,chest_xray_dataset\test\PNEUMONIA\person75_virus_136.jpeg,960,576,L,535b5da0dfb656e007b5c3107a3ba0d4,person75,viral
test,PNEUMONIA,person76_virus_138.jpeg,chest_xray_dataset\test\PNEUMONIA\person76_virus_138.jpeg,1224,744,L,6cb44c442462b4f4bbbc8360fe773b6c,person76,viral
test,PNEUMONIA,person77_virus_139.jpeg,chest_xray_dataset\test\PNEUMONIA\person77_virus_139.jpeg,1240,784,L,08142a656b5bc89979bb6d60a154e7ba,person77,viral
test,PNEUMONIA,person78_bacteria_378.jpeg,chest_xray_dataset\test\PNEUMONIA\person78_bacteria_378.jpeg,728,368,L,ff8bacfd9f62d248a1fe143b70ba6e09,person78,bacterial
test,PNEUMONIA,person78_bacteria_380.jpeg,chest_xray_dataset\test\PNEUMONIA\person78_bacteria_380.jpeg,864,464,L,148fd4b6ce8a513c266ac43eb1d7b0d4,person78,bacterial
test,PNEUMONIA,person78_bacteria_381.jpeg,chest_xray_dataset\test\PNEUMONIA\person78_bacteria_381.jpeg,824,536,L,5ec6e2b8f53d29103757f18a95d10b1b,person78,bacterial
test,PNEUMONIA,person78_bacteria_382.jpeg,chest_xray_dataset\test\PNEUMONIA\person78_bacteria_382.jpeg,1016,544,L,dcbbc0181560181ce63d436495e615b0,person78,bacterial
test,PNEUMONIA,person78_bacteria_384.jpeg,chest_xray_dataset\test\PNEUMONIA\person78_bacteria_384.jpeg,744,424,L,49eeb8cc349ab324cd7627a6b02bd01c,person78,bacterial
test,PNEUMONIA,person78_bacteria_385.jpeg,chest_xray_dataset\test\PNEUMONIA\person78_bacteria_385.jpeg,936,568,L,6a72b43a2d246bb96cf47daca1f2b533,person78,bacterial
test,PNEUMONIA,person78_bacteria_386.jpeg,chest_xray_dataset\test\PNEUMONIA\person78_bacteria_386.jpeg,744,416,L,8b09ca650b724b054ea5c34e05066a55,person78,bacterial
test,PNEUMONIA,person78_bacteria_387.jpeg,chest_xray_dataset\test\PNEUMONIA\person78_bacteria_387.jpeg,1022,643,L,ac6b40d3f677aad421cb53fd8777d1b4,person78,bacterial
test,PNEUMONIA,person78_virus_140.jpeg,chest_xray_dataset\test\PNEUMONIA\person78_virus_140.jpeg,1592,1144,L,5eb4158466a183cb2900133082d4b35b,person78,viral
test,PNEUMONIA,person79_virus_148.jpeg,chest_xray_dataset\test\PNEUMONIA\person79_virus_148.jpeg,1632,1312,L,e16be550f74dfdbd2c1708dd695c6322,person79,viral
test,PNEUMONIA,person80_bacteria_389.jpeg,chest_xray_dataset\test\PNEUMONIA\person80_bacteria_389.jpeg,1144,824,L,80971ead18df8b0abbbed306b4c1fca2,person80,bacterial
test,PNEUMONIA,person80_bacteria_390.jpeg,chest_xray_dataset\test\PNEUMONIA\person80_bacteria_390.jpeg,1104,640,L,85b06c55f63a60562ff457223f2d4047,person80,bacterial
test,PNEUMONIA,person80_bacteria_391.jpeg,chest_xray_dataset\test\PNEUMONIA\person80_bacteria_391.jpeg,1032,744,L,a9fcf6eba0f62b7e5164f4d26212e703,person80,bacterial
test,PNEUMONIA,person80_bacteria_392.jpeg,chest_xray_dataset\test\PNEUMONIA\person80_bacteria_392.jpeg,1152,832,L,cfb4ecfe08b287c4478c7d130488d6c4,person80,bacterial
test,PNEUMONIA,person80_bacteria_393.jpeg,chest_xray_dataset\test\PNEUMONIA\person80_bacteria_393.jpeg,1310,844,L,8d3514f60a188a930097d031fc76f483,person80,bacterial
test,PNEUMONIA,person81_bacteria_395.jpeg,chest_xray_dataset\test\PNEUMONIA\person81_bacteria_395.jpeg,912,584,L,4a08da543d9667bd72cfc6f61096c346,person81,bacterial
test,PNEUMONIA,person81_bacteria_396.jpeg,chest_xray_dataset\test\PNEUMONIA\person81_bacteria_396.jpeg,1048,480,L,1c61bb2869bb8fa1176f16b8ffe57f58,person81,bacterial
test,PNEUMONIA,person81_bacteria_397.jpeg,chest_xray_dataset\test\PNEUMONIA\person81_bacteria_397.jpeg,888,344,L,f49185302e8a0ac9bc4b2e18b85db989,person81,bacterial
test,PNEUMONIA,person81_bacteria_398.jpeg,chest_xray_dataset\test\PNEUMONIA\person81_bacteria_398.jpeg,848,600,L,6cac9d65818ede4f743a4c0f6b2a57aa,person81,bacterial
test,PNEUMONIA,person82_bacteria_402.jpeg,chest_xray_dataset\test\PNEUMONIA\person82_bacteria_402.jpeg,928,536,L,b4925ba3ec81af582f2e885d9c6b7e31,person82,bacterial
test,PNEUMONIA,person82_bacteria_403.jpeg,chest_xray_dataset\test\PNEUMONIA\person82_bacteria_403.jpeg,936,496,L,3b278c99b45f1313008293b422f567a3,person82,bacterial
test,PNEUMONIA,person82_bacteria_404.jpeg,chest_xray_dataset\test\PNEUMONIA\person82_bacteria_404.jpeg,840,464,L,ec143d07a9459fb73eb3c72ac58e37a9,person82,bacterial
test,PNEUMONIA,person82_bacteria_405.jpeg,chest_xray_dataset\test\PNEUMONIA\person82_bacteria_405.jpeg,952,568,L,304605880bc50b6d4d9f1041f3d559c2,person82,bacterial
test,PNEUMONIA,person83_bacteria_407.jpeg,chest_xray_dataset\test\PNEUMONIA\person83_bacteria_407.jpeg,1148,897,L,417c9801d3ac598df295b5dfc6d831f8,person83,bacterial
test,PNEUMONIA,person83_bacteria_409.jpeg,chest_xray_dataset\test\PNEUMONIA\person83_bacteria_409.jpeg,968,712,L,af26d496d7b3ff1b62597a8a2048ba32,person83,bacterial
test,PNEUMONIA,person83_bacteria_410.jpeg,chest_xray_dataset\test\PNEUMONIA\person83_bacteria_410.jpeg,912,648,L,34dce8e5f12ddd0ed3abd8280ea658f6,person83,bacterial
test,PNEUMONIA,person83_bacteria_411.jpeg,chest_xray_dataset\test\PNEUMONIA\person83_bacteria_411.jpeg,1016,832,L,0ee06b0329137209b6290fb84e36ae6b,person83,bacterial
test,PNEUMONIA,person83_bacteria_412.jpeg,chest_xray_dataset\test\PNEUMONIA\person83_bacteria_412.jpeg,864,560,L,c34c25a9f088ba165e488eeca64302fe,person83,bacterial
test,PNEUMONIA,person83_bacteria_414.jpeg,chest_xray_dataset\test\PNEUMONIA\person83_bacteria_414.jpeg,1010,717,L,22f3e2a088b1794130e86ac325d0ae92,person83,bacterial
test,PNEUMONIA,person85_bacteria_417.jpeg,chest_xray_dataset\test\PNEUMONIA\person85_bacteria_417.jpeg,1048,568,L,6e5d72fb21ee2c97a68b9a891009242f,person85,bacterial
test,PNEUMONIA,person85_bacteria_419.jpeg,chest_xray_dataset\test\PNEUMONIA\person85_bacteria_419.jpeg,952,672,L,71be272f93f52413795d7e992ff4ae22,person85,bacterial
test,PNEUMONIA,person85_bacteria_421.jpeg,chest_xray_dataset\test\PNEUMONIA\person85_bacteria_421.jpeg,952,632,L,ab354d1de516e05b49c52587dbc2fad5,person85,bacterial
test,PNEUMONIA,person85_bacteria_422.jpeg,chest_xray_dataset\test\PNEUMONIA\person85_bacteria_422.jpeg,904,480,L,bb6588e082ced1b3b26ebbc7e359a4be,person85,bacterial
test,PNEUMONIA,person85_bacteria_423.jpeg,chest_xray_dataset\test\PNEUMONIA\person85_bacteria_423.jpeg,872,504,L,851c9afb2beefed86def80c48cea5e92,person85,bacterial
test,PNEUMONIA,person85_bacteria_424.jpeg,chest_xray_dataset\test\PNEUMONIA\person85_bacteria_424.jpeg,1032,632,L,9394e64ec42f606eb431055e7140d952,person85,bacterial
test,PNEUMONIA,person86_bacteria_428.jpeg,chest_xray_dataset\test\PNEUMONIA\person86_bacteria_428.jpeg,832,552,L,0560d3ffc58e34545f2ce3f2bd653ac6,person86,bacterial
test,PNEUMONIA,person86_bacteria_429.jpeg,chest_xray_dataset\test\PNEUMONIA\person86_bacteria_429.jpeg,784,552,L,c5ba6c41921c2016b17356a1d84fd250,person86,bacterial
test,PNEUMONIA,person87_bacteria_433.jpeg,chest_xray_dataset\test\PNEUMONIA\person87_bacteria_433.jpeg,1064,808,L,0b397d45f8ea28bb1b6a494e5a49817c,person87,bacterial
test,PNEUMONIA,person87_bacteria_434.jpeg,chest_xray_dataset\test\PNEUMONIA\person87_bacteria_434.jpeg,1032,760,L,c25ccafa406cbd880d2bfda0b36db208,person87,bacterial
test,PNEUMONIA,person88_bacteria_437.jpeg,chest_xray_dataset\test\PNEUMONIA\person88_bacteria_437.jpeg,1144,848,L,d137eece4100830edd6886c50bf72c0f,person88,bacterial
test,PNEUMONIA,person88_bacteria_438.jpeg,chest_xray_dataset\test\PNEUMONIA\person88_bacteria_438.jpeg,1144,760,L,441a94b9fabe0a46604435b002dcb5b7,person88,bacterial
test,PNEUMONIA,person88_bacteria_439.jpeg,chest_xray_dataset\test\PNEUMONIA\person88_bacteria_439.jpeg,1512,991,L,225e4428524fc06c5cdf27eb126ec5ea,person88,bacterial
test,PNEUMONIA,person89_bacteria_440.jpeg,chest_xray_dataset\test\PNEUMONIA\person89_bacteria_440.jpeg,1280,1000,L,ad5835f720d1562f5c8bf07a28c82279,person89,bacterial
test,PNEUMONIA,person8_virus_27.jpeg,chest_xray_dataset\test\PNEUMONIA\person8_virus_27.jpeg,1008,696,L,9ee429b8d50bc902b729081ca723359d,person8,viral
test,PNEUMONIA,person8_virus_28.jpeg,chest_xray_dataset\test\PNEUMONIA\person8_virus_28.jpeg,992,688,L,be630bb55f9e010931dbe66049cc5c5a,person8,viral
test,PNEUMONIA,person90_bacteria_442.jpeg,chest_xray_dataset\test\PNEUMONIA\person90_bacteria_442.jpeg,1232,888,L,7e6be15ff340395d063d0b8a19f64f44,person90,bacterial
test,PNEUMONIA,person90_bacteria_443.jpeg,chest_xray_dataset\test\PNEUMONIA\person90_bacteria_443.jpeg,904,664,L,efb084d6a37d1568c91f738cf328e10a,person90,bacterial
test,PNEUMONIA,person91_bacteria_445.jpeg,chest_xray_dataset\test\PNEUMONIA\person91_bacteria_445.jpeg,1110,870,L,05b4900dc0750af3fcd573ef9aa28291,person91,bacterial
test,PNEUMONIA,person91_bacteria_446.jpeg,chest_xray_dataset\test\PNEUMONIA\person91_bacteria_446.jpeg,864,664,L,79a74de8409ebd4f726a6ab8f49ad486,person91,bacterial
test,PNEUMONIA,person91_bacteria_447.jpeg,chest_xray_dataset\test\PNEUMONIA\person91_bacteria_447.jpeg,936,656,L,bc722892c6ee3559e01f01b80cef3af4,person91,bacterial
test,PNEUMONIA,person91_bacteria_448.jpeg,chest_xray_dataset\test\PNEUMONIA\person91_bacteria_448.jpeg,1128,817,L,b7d17c8223bd905767f1027b87cd8817,person91,bacterial
test,PNEUMONIA,person91_bacteria_449.jpeg,chest_xray_dataset\test\PNEUMONIA\person91_bacteria_449.jpeg,1006,740,L,2def76b5cc66cabd5e59bf687323ebf6,person91,bacterial
test,PNEUMONIA,person92_bacteria_450.jpeg,chest_xray_dataset\test\PNEUMONIA\person92_bacteria_450.jpeg,1072,560,L,c399f9f70e7cf5121216a4291b519d6d,person92,bacterial
test,PNEUMONIA,person92_bacteria_451.jpeg,chest_xray_dataset\test\PNEUMONIA\person92_bacteria_451.jpeg,1040,568,L,ce47a2ea2dd8836ec2112ba6950b3f9a,person92,bacterial
test,PNEUMONIA,person93_bacteria_453.jpeg,chest_xray_dataset\test\PNEUMONIA\person93_bacteria_453.jpeg,952,656,L,27a9cc0500622bab6df09986f5ee50b0,person93,bacterial
test,PNEUMONIA,person93_bacteria_454.jpeg,chest_xray_dataset\test\PNEUMONIA\person93_bacteria_454.jpeg,1056,592,L,aaf751d748e4e6ac66fae4cc0e9e9068,person93,bacterial
test,PNEUMONIA,person94_bacteria_456.jpeg,chest_xray_dataset\test\PNEUMONIA\person94_bacteria_456.jpeg,1008,704,L,1e7e1ec7a4133d9681cdbfba04e8bdac,person94,bacterial
test,PNEUMONIA,person94_bacteria_457.jpeg,chest_xray_dataset\test\PNEUMONIA\person94_bacteria_457.jpeg,1016,688,L,306cc647c84946d1a22219b42563a273,person94,bacterial
test,PNEUMONIA,person94_bacteria_458.jpeg,chest_xray_dataset\test\PNEUMONIA\person94_bacteria_458.jpeg,952,560,L,1b571dc85526f8312b343a9a97b3c52d,person94,bacterial
test,PNEUMONIA,person95_bacteria_463.jpeg,chest_xray_dataset\test\PNEUMONIA\person95_bacteria_463.jpeg,1000,704,L,90215461f5a075429ed5891812649804,person95,bacterial
test,PNEUMONIA,person96_bacteria_464.jpeg,chest_xray_dataset\test\PNEUMONIA\person96_bacteria_464.jpeg,936,800,L,9bc4a9e58ec847b1af4430d00bfe7f46,person96,bacterial
test,PNEUMONIA,person96_bacteria_465.jpeg,chest_xray_dataset\test\PNEUMONIA\person96_bacteria_465.jpeg,1120,856,L,979547d46a04147ef5d7db2cc9a89e19,person96,bacterial
test,PNEUMONIA,person96_bacteria_466.jpeg,chest_xray_dataset\test\PNEUMONIA\person96_bacteria_466.jpeg,1064,856,L,24ac163316b3d58cca0d0a0c3a70056b,person96,bacterial
test,PNEUMONIA,person97_bacteria_468.jpeg,chest_xray_dataset\test\PNEUMONIA\person97_bacteria_468.jpeg,1400,1024,L,973501a2ad1f392a40ece10cf05a9c54,person97,bacterial
test,PNEUMONIA,person99_bacteria_473.jpeg,chest_xray_dataset\test\PNEUMONIA\person99_bacteria_473.jpeg,1264,1016,L,8666553a123ca14bcf3c86022e024a4c,person99,bacterial
test,PNEUMONIA,person99_bacteria_474.jpeg,chest_xray_dataset\test\PNEUMONIA\person99_bacteria_474.jpeg,1704,1122,L,2e7586f911f9ccac18bbdf01cd38fce0,person99,bacterial
