threshold,accuracy,balanced_accuracy,precision,recall,specificity,f1,true_negatives,false_positives,false_negatives,true_positives
0.0,0.7297605473204105,0.5,0.7297605473204105,1.0,0.0,0.8437705998681608,0,237,0,640
2.434154703223612e-05,0.7297605473204105,0.5,0.7297605473204105,1.0,0.0,0.8437705998681608,0,237,0,640
3.391053542145528e-05,0.7309007981755986,0.5021097046413502,0.730593607305936,1.0,0.004219409282700422,0.8443271767810027,1,236,0,640
4.3854903196915984e-05,0.7320410490307868,0.5042194092827004,0.7314285714285714,1.0,0.008438818565400843,0.8448844884488449,2,235,0,640
6.756401853635907e-05,0.7331812998859749,0.5063291139240507,0.7322654462242563,1.0,0.012658227848101266,0.845442536327609,3,234,0,640
8.949967741500586e-05,0.734321550741163,0.5084388185654009,0.7331042382588774,1.0,0.016877637130801686,0.8460013218770654,4,233,0,640
9.16978606255725e-05,0.7354618015963512,0.510548523206751,0.7339449541284404,1.0,0.02109704641350211,0.8465608465608465,5,232,0,640
0.0001623196731088,0.7366020524515393,0.5126582278481012,0.7347876004592423,1.0,0.02531645569620253,0.8471211118464593,6,231,0,640
0.0001740585285006,0.7377423033067275,0.5147679324894515,0.735632183908046,1.0,0.029535864978902954,0.847682119205298,7,230,0,640
0.0001936137123266,0.7388825541619156,0.5168776371308017,0.7364787111622555,1.0,0.03375527426160337,0.8482438701126573,8,229,0,640
0.0001943157694768,0.7400228050171037,0.5189873417721519,0.7373271889400922,1.0,0.0379746835443038,0.8488063660477454,9,228,0,640
0.0002070903719868,0.7411630558722919,0.5210970464135021,0.7381776239907728,1.0,0.04219409282700422,0.8493696084936961,10,227,0,640
0.0002120731078321,0.74230330672748,0.5232067510548524,0.7390300230946882,1.0,0.046413502109704644,0.849933598937583,11,226,0,640
0.0002305416564922,0.7434435575826682,0.5253164556962026,0.7398843930635838,1.0,0.05063291139240506,0.8504983388704319,12,225,0,640
0.0002374588511884,0.7445838084378563,0.5274261603375527,0.7407407407407407,1.0,0.05485232067510549,0.851063829787234,13,224,0,640
0.0003323921700939,0.7457240592930444,0.5295358649789029,0.7415990730011588,1.0,0.05907172995780591,0.8516300731869594,14,223,0,640
0.0004174880741629,0.7468643101482326,0.5316455696202531,0.7424593967517401,1.0,0.06329113924050633,0.8521970705725699,15,222,0,640
0.0004432708665262,0.7480045610034207,0.5337552742616034,0.743321718931475,1.0,0.06751054852320675,0.8527648234510327,16,221,0,640
0.0004490754508879,0.7491448118586089,0.5358649789029536,0.7441860465116279,1.0,0.07172995780590717,0.8533333333333334,17,220,0,640
0.0004761099989991,0.750285062713797,0.5379746835443038,0.7450523864959255,1.0,0.0759493670886076,0.8539026017344896,18,219,0,640
0.0004842684720642,0.7514253135689852,0.540084388185654,0.745920745920746,1.0,0.08016877637130802,0.8544726301735648,19,218,0,640
0.0004856272717006,0.7525655644241733,0.5421940928270043,0.7467911318553092,1.0,0.08438818565400844,0.8550434201736807,20,217,0,640
0.0004917181213386,0.7537058152793614,0.5443037974683544,0.7476635514018691,1.0,0.08860759493670886,0.8556149732620321,21,216,0,640
0.0005772611475549,0.7548460661345496,0.5464135021097046,0.7485380116959064,1.0,0.09282700421940929,0.8561872909698997,22,215,0,640
0.0006234088214114,0.7559863169897377,0.5485232067510548,0.7494145199063232,1.0,0.0970464135021097,0.856760374832664,23,214,0,640
0.0006526908837258,0.7571265678449259,0.5506329113924051,0.7502930832356389,1.0,0.10126582278481013,0.8573342263898192,24,213,0,640
0.0007856806041672,0.758266818700114,0.5527426160337553,0.7511737089201878,1.0,0.10548523206751055,0.8579088471849866,25,212,0,640
0.0007867091335356,0.7594070695553021,0.5548523206751055,0.7520564042303173,1.0,0.10970464135021098,0.8584842387659289,26,211,0,640
0.000888381677214,0.7605473204104903,0.5569620253164557,0.7529411764705882,1.0,0.11392405063291139,0.8590604026845637,27,210,0,640
0.0009041253942996,0.7616875712656784,0.5590717299578059,0.7538280329799765,1.0,0.11814345991561181,0.8596373404969778,28,209,0,640
0.000930760288611,0.7628278221208666,0.5611814345991561,0.7547169811320755,1.0,0.12236286919831224,0.8602150537634409,29,208,0,640
0.0010303435847163,0.7639680729760547,0.5632911392405063,0.755608028335301,1.0,0.12658227848101267,0.8607935440484197,30,207,0,640
0.0010945345275104,0.7651083238312428,0.5654008438818565,0.7565011820330969,1.0,0.1308016877637131,0.8613728129205922,31,206,0,640
0.0011745173251256,0.766248574686431,0.5675105485232067,0.757396449704142,1.0,0.1350210970464135,0.8619528619528619,32,205,0,640
0.0012164175277575,0.7673888255416191,0.569620253164557,0.7582938388625592,1.0,0.13924050632911392,0.862533692722372,33,204,0,640
0.001242118072696,0.7685290763968073,0.5717299578059072,0.7591933570581257,1.0,0.14345991561181434,0.8631153068105192,34,203,0,640
0.0013404614292085,0.7696693272519954,0.5738396624472574,0.7600950118764845,1.0,0.14767932489451477,0.863697705802969,35,202,0,640
0.0013777903513982,0.7708095781071835,0.5759493670886076,0.760998810939358,1.0,0.1518987341772152,0.8642808912896691,36,201,0,640
0.0015402797143906,0.7719498289623717,0.5780590717299579,0.7619047619047619,1.0,0.15611814345991562,0.8648648648648649,37,200,0,640
0.0017545592272654,0.7730900798175598,0.580168776371308,0.7628128724672228,1.0,0.16033755274261605,0.8654496281271129,38,199,0,640
0.0018149371026083,0.774230330672748,0.5822784810126582,0.7637231503579952,1.0,0.16455696202531644,0.8660351826792964,39,198,0,640
0.0022357660345733,0.7753705815279361,0.5843881856540084,0.7646356033452808,1.0,0.16877637130801687,0.8666215301286392,40,197,0,640
0.0022434464190155,0.7765108323831242,0.5864978902953586,0.7655502392344498,1.0,0.1729957805907173,0.8672086720867209,41,196,0,640
0.0026411002036184,0.7776510832383124,0.5886075949367089,0.7664670658682635,1.0,0.17721518987341772,0.8677966101694915,42,195,0,640
0.0026633525267243,0.7787913340935005,0.5907172995780591,0.7673860911270983,1.0,0.18143459915611815,0.8683853459972863,43,194,0,640
0.0026777426246553,0.7799315849486887,0.5928270042194093,0.7683073229291717,1.0,0.18565400843881857,0.8689748811948405,44,193,0,640
0.002731182379648,0.7810718358038768,0.5949367088607596,0.7692307692307693,1.0,0.189873417721519,0.8695652173913043,45,192,0,640
0.0027452479116618,0.7822120866590649,0.5970464135021097,0.7701564380264742,1.0,0.1940928270042194,0.8701563562202583,46,191,0,640
0.0027463589794933,0.7833523375142531,0.5991561181434599,0.7710843373493976,1.0,0.19831223628691982,0.8707482993197279,47,190,0,640
0.0029433011077344,0.7844925883694412,0.6012658227848101,0.7720144752714113,1.0,0.20253164556962025,0.8713410483321987,48,189,0,640
0.0029869799036532,0.7856328392246295,0.6033755274261603,0.7729468599033816,1.0,0.20675105485232068,0.8719346049046321,49,188,0,640
0.003026659367606,0.7867730900798175,0.6054852320675106,0.7738814993954051,1.0,0.2109704641350211,0.8725289706884799,50,187,0,640
0.003320571500808,0.7879133409350056,0.6075949367088608,0.774818401937046,1.0,0.21518987341772153,0.8731241473396999,51,186,0,640
0.0033560344018042,0.7890535917901939,0.609704641350211,0.7757575757575758,1.0,0.21940928270042195,0.8737201365187713,52,185,0,640
0.0034167040139436,0.790193842645382,0.6118143459915611,0.7766990291262136,1.0,0.22362869198312235,0.8743169398907104,53,184,0,640
0.0035172109492123,0.7890535917901939,0.6110330959915612,0.7764277035236938,0.9984375,0.22362869198312235,0.8735475051264525,53,184,1,639
0.0038314771372824,0.790193842645382,0.6131428006329114,0.7773722627737226,0.9984375,0.22784810126582278,0.8741450068399452,54,183,1,639
0.0038588773459196,0.7913340935005702,0.6152525052742616,0.7783191230207065,0.9984375,0.2320675105485232,0.8747433264887063,55,182,1,639
0.0039880294352769,0.7924743443557583,0.6173622099156117,0.7792682926829269,0.9984375,0.23628691983122363,0.8753424657534247,56,181,1,639
0.0040736803784966,0.7936145952109465,0.619471914556962,0.7802197802197802,0.9984375,0.24050632911392406,0.8759424263193969,57,180,1,639
0.0041663353331387,0.7947548460661346,0.6215816191983122,0.7811735941320294,0.9984375,0.24472573839662448,0.8765432098765432,58,179,1,639
0.0042454577051103,0.7958950969213227,0.6236913238396624,0.7821297429620563,0.9984375,0.2489451476793249,0.8771448181194235,59,178,1,639
0.004293989855796,0.7970353477765109,0.6258010284810127,0.7830882352941176,0.9984375,0.25316455696202533,0.8777472527472527,60,177,1,639
0.0044731721282005,0.798175598631699,0.6279107331223629,0.7840490797546013,0.9984375,0.25738396624472576,0.8783505154639175,61,176,1,639
0.004499789327383,0.7993158494868872,0.6300204377637131,0.785012285012285,0.9984375,0.2616033755274262,0.8789546079779917,62,175,1,639
0.0045369025319814,0.8004561003420753,0.6321301424050633,0.7859778597785978,0.9984375,0.26582278481012656,0.8795595320027529,63,174,1,639
0.004571103490889,0.8015963511972634,0.6342398470464135,0.7869458128078818,0.9984375,0.270042194092827,0.8801652892561983,64,173,1,639
0.0045977421104907,0.8027366020524516,0.6363495516877637,0.7879161528976573,0.9984375,0.2742616033755274,0.8807718814610613,65,172,1,639
0.0056555923074483,0.8038768529076397,0.6384592563291139,0.7888888888888889,0.9984375,0.27848101265822783,0.8813793103448276,66,171,1,639
0.0058317501097917,0.8050171037628279,0.6405689609704641,0.7898640296662547,0.9984375,0.28270042194092826,0.8819875776397516,67,170,1,639
0.0059678028337657,0.806157354618016,0.6426786656118143,0.7908415841584159,0.9984375,0.2869198312236287,0.8825966850828729,68,169,1,639
0.0061184274964034,0.8072976054732041,0.6447883702531645,0.79182156133829,0.9984375,0.2911392405063291,0.8832066344160332,69,168,1,639
0.0062938313931226,0.8084378563283923,0.6468980748945148,0.792803970223325,0.9984375,0.29535864978902954,0.8838174273858921,70,167,1,639
0.0063810213468968,0.8095781071835804,0.649007779535865,0.7937888198757764,0.9984375,0.29957805907172996,0.8844290657439446,71,166,1,639
0.0064432471990585,0.8107183580387686,0.6511174841772152,0.7947761194029851,0.9984375,0.3037974683544304,0.8850415512465374,72,165,1,639
0.0065423636697232,0.8118586088939567,0.6532271888185655,0.7957658779576587,0.9984375,0.3080168776371308,0.8856548856548857,73,164,1,639
0.0065765245817601,0.8129988597491448,0.6553368934599156,0.7967581047381546,0.9984375,0.31223628691983124,0.8862690707350902,74,163,1,639
0.0069042635150253,0.814139110604333,0.6574465981012658,0.797752808988764,0.9984375,0.31645569620253167,0.8868841082581541,75,162,1,639
0.007023015525192,0.8152793614595211,0.659556302742616,0.79875,0.9984375,0.3206751054852321,0.8875,76,161,1,639
0.0070485505275428,0.8164196123147093,0.6616660073839662,0.799749687108886,0.9984375,0.32489451476793246,0.8881167477414872,77,160,1,639
0.007385762874037,0.8175598631698974,0.6637757120253165,0.8007518796992481,0.9984375,0.3291139240506329,0.8887343532684284,78,159,1,639
0.0075293364934623,0.8187001140250855,0.6658854166666667,0.8017565872020075,0.9984375,0.3333333333333333,0.8893528183716075,79,158,1,639
0.007615016773343,0.8198403648802737,0.6679951213080169,0.8027638190954773,0.9984375,0.33755274261603374,0.8899721448467967,80,157,1,639
0.0079557076096534,0.8209806157354618,0.670104825949367,0.8037735849056604,0.9984375,0.34177215189873417,0.8905923344947735,81,156,1,639
0.0084511078894138,0.82212086659065,0.6722145305907172,0.8047858942065491,0.9984375,0.3459915611814346,0.891213389121339,82,155,1,639
0.0085728922858834,0.8232611174458381,0.6743242352320675,0.8058007566204287,0.9984375,0.350210970464135,0.8918353105373342,83,154,1,639
0.0087322778999805,0.8244013683010262,0.6764339398734177,0.8068181818181818,0.9984375,0.35443037974683544,0.8924581005586593,84,153,1,639
0.0088755525648593,0.8255416191562144,0.6785436445147679,0.8078381795195955,0.9984375,0.35864978902953587,0.8930817610062893,85,152,1,639
0.0095548806712031,0.8266818700114025,0.6806533491561182,0.8088607594936709,0.9984375,0.3628691983122363,0.8937062937062937,86,151,1,639
0.0096222897991538,0.8278221208665907,0.6827630537974684,0.8098859315589354,0.9984375,0.3670886075949367,0.894331700489853,87,150,1,639
0.0096582043915987,0.8289623717217788,0.6848727584388186,0.8109137055837563,0.9984375,0.37130801687763715,0.8949579831932774,88,149,1,639
0.0101742185652256,0.830102622576967,0.6869824630801687,0.8119440914866582,0.9984375,0.3755274261603376,0.8955851436580238,89,148,1,639
0.010225729085505,0.8312428734321551,0.6890921677215189,0.8129770992366412,0.9984375,0.379746835443038,0.8962131837307152,90,147,1,639
0.0106755821034312,0.8323831242873432,0.6912018723628692,0.8140127388535032,0.9984375,0.38396624472573837,0.8968421052631579,91,146,1,639
0.0114832445979118,0.8335233751425314,0.6933115770042194,0.8150510204081632,0.9984375,0.3881856540084388,0.8974719101123596,92,145,1,639
0.011594989337027,0.8346636259977195,0.6954212816455696,0.8160919540229885,0.9984375,0.3924050632911392,0.8981026001405481,93,144,1,639
0.0118626747280359,0.8358038768529077,0.6975309862869198,0.8171355498721228,0.9984375,0.39662447257383965,0.8987341772151899,94,143,1,639
0.0121855549514293,0.8369441277080958,0.69964069092827,0.8181818181818182,0.9984375,0.4008438818565401,0.8993666432090077,95,142,1,639
0.0122200874611735,0.8380843785632839,0.7017503955696203,0.8192307692307692,0.9984375,0.4050632911392405,0.9,96,141,1,639
0.0127220377326011,0.8392246294184721,0.7038601002109705,0.8202824133504493,0.9984375,0.4092827004219409,0.9006342494714588,97,140,1,639
0.0127489799633622,0.8403648802736602,0.7059698048523206,0.8213367609254498,0.9984375,0.41350210970464135,0.9012693935119888,98,139,1,639
0.0132367275655269,0.8415051311288484,0.7080795094936709,0.8223938223938224,0.9984375,0.4177215189873418,0.9019054340155258,99,138,1,639
0.0135232666507363,0.8426453819840365,0.7101892141350211,0.8234536082474226,0.9984375,0.4219409282700422,0.902542372881356,100,137,1,639
0.0144769735634326,0.8437856328392246,0.7122989187763713,0.824516129032258,0.9984375,0.42616033755274263,0.9031802120141342,101,136,1,639
0.0148167386651039,0.8426453819840365,0.7115176687763713,0.8242894056847545,0.996875,0.42616033755274263,0.9024045261669024,101,136,2,638
0.0151261687278747,0.8437856328392246,0.7136273734177215,0.8253557567917206,0.996875,0.43037974683544306,0.9030431705590941,102,135,2,638
0.0155707476660609,0.8449258836944128,0.7157370780590717,0.8264248704663213,0.996875,0.4345991561181435,0.9036827195467422,103,134,2,638
0.0155863324180245,0.8460661345496009,0.7178467827004219,0.8274967574578469,0.996875,0.4388185654008439,0.9043231750531537,104,133,2,638
0.0159337930381298,0.8472063854047891,0.7199564873417721,0.8285714285714286,0.996875,0.4430379746835443,0.9049645390070922,105,132,2,638
0.0171325635164976,0.8483466362599772,0.7220661919831224,0.8296488946684005,0.996875,0.4472573839662447,0.9056068133427964,106,131,2,638
0.0181985609233379,0.8494868871151653,0.7241758966244726,0.8307291666666666,0.996875,0.45147679324894513,0.90625,107,130,2,638
0.0188218634575605,0.8483466362599772,0.7233946466244726,0.8305084745762712,0.9953125,0.45147679324894513,0.9054726368159204,107,130,3,637
0.0189865976572036,0.8494868871151653,0.7255043512658228,0.8315926892950392,0.9953125,0.45569620253164556,0.9061166429587483,108,129,3,637
0.0194687508046627,0.8483466362599772,0.7247231012658228,0.8313725490196079,0.99375,0.45569620253164556,0.9053380782918149,108,129,4,636
0.0199063681066036,0.8494868871151653,0.726832805907173,0.8324607329842932,0.99375,0.459915611814346,0.905982905982906,109,128,4,636
0.0202672220766544,0.8506271379703535,0.7289425105485232,0.8335517693315858,0.99375,0.4641350210970464,0.9066286528866714,110,127,4,636
0.0205225739628076,0.8517673888255416,0.7310522151898734,0.8346456692913385,0.99375,0.46835443037974683,0.9072753209700428,111,126,4,636
0.0207237061113119,0.8529076396807298,0.7331619198312236,0.835742444152431,0.99375,0.47257383966244726,0.9079229122055674,112,125,4,636
0.0207618102431297,0.8540478905359179,0.7352716244725739,0.8368421052631579,0.99375,0.4767932489451477,0.9085714285714286,113,124,4,636
0.0214131977409124,0.855188141391106,0.7373813291139241,0.8379446640316206,0.99375,0.4810126582278481,0.9092208720514653,114,123,4,636
0.0214258190244436,0.8563283922462942,0.7394910337552743,0.8390501319261213,0.99375,0.48523206751054854,0.9098712446351931,115,122,4,636
0.0218456368893384,0.8574686431014823,0.7416007383966245,0.8401585204755614,0.99375,0.48945147679324896,0.9105225483178239,116,121,4,636
0.0218555647879838,0.8586088939566705,0.7437104430379747,0.8412698412698413,0.99375,0.4936708860759494,0.9111747851002865,117,120,4,636
0.0223452262580394,0.8597491448118586,0.7458201476793249,0.8423841059602649,0.99375,0.4978902953586498,0.9118279569892473,118,119,4,636
0.0224502310156822,0.8608893956670467,0.7479298523206751,0.843501326259947,0.99375,0.5021097046413502,0.9124820659971306,119,118,4,636
0.0225798450410366,0.8597491448118586,0.747148602320675,0.8432934926958832,0.9921875,0.5021097046413502,0.9117013639626705,119,118,5,635
0.0227598249912261,0.8608893956670467,0.7492583069620253,0.8444148936170213,0.9921875,0.5063291139240507,0.9123563218390804,120,117,5,635
0.0231957044452428,0.8620296465222349,0.7513680116033755,0.8455392809587217,0.9921875,0.510548523206751,0.9130122214234364,121,116,5,635
0.0234907418489456,0.863169897377423,0.7534777162447257,0.8466666666666667,0.9921875,0.5147679324894515,0.9136690647482014,122,115,5,635
0.0240460280328989,0.8643101482326112,0.755587420886076,0.8477970627503337,0.9921875,0.5189873417721519,0.9143268538516919,123,114,5,635
0.0243274737149477,0.8654503990877993,0.7576971255274262,0.8489304812834224,0.9921875,0.5232067510548524,0.9149855907780979,124,113,5,635
0.0262224152684211,0.8665906499429875,0.7598068301687764,0.8500669344042838,0.9921875,0.5274261603375527,0.9156452775775054,125,112,5,635
0.0277630146592855,0.8677309007981756,0.7619165348101266,0.8512064343163539,0.9921875,0.5316455696202531,0.9163059163059163,126,111,5,635
0.0281550493091344,0.8688711516533637,0.7640262394514767,0.8523489932885906,0.9921875,0.5358649789029536,0.9169675090252708,127,110,5,635
0.0282640699297189,0.8700114025085519,0.766135944092827,0.853494623655914,0.9921875,0.540084388185654,0.9176300578034682,128,109,5,635
0.0288946479558944,0.8688711516533637,0.765354694092827,0.8532974427994616,0.990625,0.540084388185654,0.9168474331164136,128,109,6,634
0.0291560143232345,0.8700114025085519,0.7674643987341772,0.8544474393530997,0.990625,0.5443037974683544,0.9175108538350217,129,108,6,634
0.0296767987310886,0.87115165336374,0.7695741033755275,0.8556005398110661,0.990625,0.5485232067510548,0.9181752353367125,130,107,6,634
0.0311270672827959,0.8722919042189282,0.7716838080168776,0.8567567567567568,0.990625,0.5527426160337553,0.9188405797101449,131,106,6,634
0.0313138924539089,0.8734321550741163,0.7737935126582278,0.857916102841678,0.990625,0.5569620253164557,0.9195068890500363,132,105,6,634
0.0313265286386013,0.8745724059293044,0.7759032172995781,0.8590785907859079,0.990625,0.5611814345991561,0.9201741654571843,133,104,6,634
0.0321487411856651,0.8757126567844926,0.7780129219409282,0.8602442333785617,0.990625,0.5654008438818565,0.9208424110384895,134,103,6,634
0.0321717634797096,0.8768529076396807,0.7801226265822785,0.8614130434782609,0.990625,0.569620253164557,0.9215116279069767,135,102,6,634
0.0347422212362289,0.8779931584948689,0.7822323312236287,0.8625850340136054,0.990625,0.5738396624472574,0.9221818181818182,136,101,6,634
0.0351827181875705,0.879133409350057,0.7843420358649789,0.8637602179836512,0.990625,0.5780590717299579,0.9228529839883551,137,100,6,634
0.0353266559541225,0.8802736602052451,0.7864517405063292,0.8649386084583902,0.990625,0.5822784810126582,0.9235251274581209,138,99,6,634
0.0361586511135101,0.8814139110604333,0.7885614451476793,0.8661202185792349,0.990625,0.5864978902953587,0.924198250728863,139,98,6,634
0.036258827894926,0.8825541619156214,0.7906711497890295,0.8673050615595075,0.990625,0.5907172995780591,0.924872355944566,140,97,6,634
0.0366049371659755,0.8836944127708096,0.7927808544303797,0.8684931506849315,0.990625,0.5949367088607594,0.9255474452554745,141,96,6,634
0.0374601297080516,0.8848346636259977,0.7948905590717299,0.869684499314129,0.990625,0.5991561181434599,0.9262235208181154,142,95,6,634
0.0379187799990177,0.8859749144811858,0.7970002637130802,0.8708791208791209,0.990625,0.6033755274261603,0.9269005847953217,143,94,6,634
0.0390227660536766,0.887115165336374,0.7991099683544304,0.8720770288858322,0.990625,0.6075949367088608,0.9275786393562546,144,93,6,634
0.039224237203598,0.8882554161915621,0.8012196729957806,0.8732782369146006,0.990625,0.6118143459915611,0.9282576866764275,145,92,6,634
0.0397760495543479,0.8893956670467503,0.8033293776371309,0.8744827586206897,0.990625,0.6160337552742616,0.928937728937729,146,91,6,634
0.0410209707915782,0.8905359179019384,0.8054390822784809,0.8756906077348067,0.990625,0.620253164556962,0.9296187683284457,147,90,6,634
0.0446722023189067,0.8916761687571265,0.8075487869198312,0.8769017980636238,0.990625,0.6244725738396625,0.9303008070432869,148,89,6,634
0.0447265431284904,0.8928164196123147,0.8096584915611814,0.8781163434903048,0.990625,0.6286919831223629,0.9309838472834068,149,88,6,634
0.0461871773004531,0.8939566704675028,0.8117681962025316,0.8793342579750347,0.990625,0.6329113924050633,0.9316678912564291,150,87,6,634
0.0468069352209568,0.895096921322691,0.8138779008438819,0.8805555555555555,0.990625,0.6371308016877637,0.9323529411764706,151,86,6,634
0.0468993037939071,0.8962371721778791,0.8159876054852321,0.8817802503477051,0.990625,0.6413502109704642,0.9330389992641648,152,85,6,634
0.0469573959708213,0.8973774230330672,0.8180973101265823,0.883008356545961,0.990625,0.6455696202531646,0.9337260677466863,153,84,6,634
0.0483910031616687,0.8985176738882554,0.8202070147679325,0.8842398884239888,0.990625,0.6497890295358649,0.9344141488577745,154,83,6,634
0.0486900731921196,0.8996579247434435,0.8223167194092826,0.8854748603351955,0.990625,0.6540084388185654,0.9351032448377581,155,82,6,634
0.0506368987262249,0.9007981755986317,0.8244264240506329,0.8867132867132868,0.990625,0.6582278481012658,0.9357933579335793,156,81,6,634
0.0529333353042602,0.9019384264538198,0.8265361286919831,0.8879551820728291,0.990625,0.6624472573839663,0.9364844903988183,157,80,6,634
0.0541629567742347,0.9030786773090079,0.8286458333333333,0.8892005610098177,0.990625,0.6666666666666666,0.9371766444937176,158,79,6,634
0.0557941570878028,0.9019384264538198,0.8278645833333333,0.8890449438202247,0.9890625,0.6666666666666666,0.9363905325443787,158,79,7,633
0.0588731504976749,0.9030786773090079,0.8299742879746835,0.890295358649789,0.9890625,0.6708860759493671,0.9370836417468542,159,78,7,633
0.0601720176637172,0.9042189281641961,0.8320839926160337,0.8915492957746479,0.9890625,0.6751054852320675,0.9377777777777778,160,77,7,633
0.0604947172105312,0.9053591790193842,0.834193697257384,0.8928067700987306,0.9890625,0.679324894514768,0.938472942920682,161,76,7,633
0.0659388229250907,0.9064994298745724,0.8363034018987341,0.8940677966101694,0.9890625,0.6835443037974683,0.9391691394658753,162,75,7,633
0.0660466030240058,0.9076396807297605,0.8384131065400844,0.8953323903818954,0.9890625,0.6877637130801688,0.9398663697104677,163,74,7,633
0.066276304423809,0.9087799315849487,0.8405228111814346,0.896600566572238,0.9890625,0.6919831223628692,0.9405646359583952,164,73,7,633
0.0726392939686775,0.9099201824401368,0.8426325158227848,0.8978723404255319,0.9890625,0.6962025316455697,0.9412639405204462,165,72,7,633
0.0731400847434997,0.9110604332953249,0.844742220464135,0.8991477272727273,0.9890625,0.70042194092827,0.9419642857142857,166,71,7,633
0.0753926485776901,0.9122006841505131,0.8468519251054852,0.9004267425320057,0.9890625,0.7046413502109705,0.9426656738644825,167,70,7,633
0.0778651386499404,0.9133409350057012,0.8489616297468354,0.9017094017094017,0.9890625,0.7088607594936709,0.9433681073025335,168,69,7,633
0.0781602188944816,0.9144811858608894,0.8510713343881856,0.9029957203994294,0.9890625,0.7130801687763713,0.9440715883668904,169,68,7,633
0.0785283222794532,0.9156214367160775,0.8531810390295358,0.9042857142857142,0.9890625,0.7172995780590717,0.9447761194029851,170,67,7,633
0.078747309744358,0.9167616875712656,0.8552907436708861,0.9055793991416309,0.9890625,0.7215189873417721,0.9454817027632562,171,66,7,633
0.0791961178183555,0.9179019384264538,0.8574004483122363,0.9068767908309455,0.9890625,0.7257383966244726,0.9461883408071748,172,65,7,633
0.0797683969140052,0.9190421892816419,0.8595101529535865,0.9081779053084649,0.9890625,0.729957805907173,0.9468960359012715,173,64,7,633
0.0848169848322868,0.9201824401368301,0.8616198575949368,0.9094827586206896,0.9890625,0.7341772151898734,0.9476047904191617,174,63,7,633
0.0872566476464271,0.9190421892816419,0.8608386075949368,0.9093525179856116,0.9875,0.7341772151898734,0.9468164794007491,174,63,8,632
0.0972711443901062,0.9201824401368301,0.8629483122362869,0.9106628242074928,0.9875,0.7383966244725738,0.9475262368815592,175,62,8,632
0.0989199504256248,0.9213226909920182,0.8650580168776372,0.911976911976912,0.9875,0.7426160337552743,0.9482370592648162,176,61,8,632
0.0998973697423935,0.9224629418472063,0.8671677215189874,0.9132947976878613,0.9875,0.7468354430379747,0.948948948948949,177,60,8,632
0.1025934442877769,0.9213226909920182,0.8663864715189873,0.9131693198263386,0.9859375,0.7468354430379747,0.9481592787377912,177,60,9,631
0.1035062745213508,0.9224629418472063,0.8684961761603376,0.9144927536231884,0.9859375,0.7510548523206751,0.9488721804511279,178,59,9,631
0.1069627106189727,0.9213226909920182,0.8677149261603376,0.9143686502177069,0.984375,0.7510548523206751,0.9480812641083521,178,59,10,630
0.1098186895251274,0.9224629418472063,0.8698246308016877,0.9156976744186046,0.984375,0.7552742616033755,0.9487951807228916,179,58,10,630
0.1210709363222122,0.9236031927023945,0.871934335443038,0.9170305676855895,0.984375,0.759493670886076,0.9495101733232856,180,57,10,630
0.1229750737547874,0.9247434435575826,0.8740440400843882,0.9183673469387755,0.984375,0.7637130801687764,0.9502262443438914,181,56,10,630
0.1252704858779907,0.9258836944127709,0.8761537447257384,0.9197080291970803,0.984375,0.7679324894514767,0.9509433962264151,182,55,10,630
0.1324600279331207,0.927023945267959,0.8782634493670887,0.9210526315789473,0.984375,0.7721518987341772,0.9516616314199395,183,54,10,630
0.1388789117336273,0.928164196123147,0.8803731540084387,0.9224011713030746,0.984375,0.7763713080168776,0.9523809523809523,184,53,10,630
0.1390290260314941,0.9293044469783353,0.882482858649789,0.9237536656891495,0.984375,0.7805907172995781,0.9531013615733737,185,52,10,630
0.1409276872873306,0.928164196123147,0.8817016086497891,0.9236417033773862,0.9828125,0.7805907172995781,0.9523088569265707,185,52,11,629
0.1419838070869445,0.927023945267959,0.880920358649789,0.9235294117647059,0.98125,0.7805907172995781,0.9515151515151515,185,52,12,628
0.1422588527202606,0.928164196123147,0.8830300632911392,0.9248895434462445,0.98125,0.7848101265822784,0.9522365428354814,186,51,12,628
0.1425336152315139,0.927023945267959,0.8822488132911392,0.9247787610619469,0.9796875,0.7848101265822784,0.9514415781487102,186,51,13,627
0.1444239169359207,0.928164196123147,0.8843585179324895,0.9261447562776958,0.9796875,0.7890295358649789,0.9521640091116174,187,50,13,627
0.1486820131540298,0.9293044469783353,0.8864682225738396,0.9275147928994083,0.9796875,0.7932489451476793,0.952887537993921,188,49,13,627
0.1517277657985687,0.9304446978335233,0.8885779272151899,0.9288888888888889,0.9796875,0.7974683544303798,0.9536121673003802,189,48,13,627
0.1529159098863601,0.9315849486887116,0.8906876318565401,0.93026706231454,0.9796875,0.8016877637130801,0.954337899543379,190,47,13,627
0.1542558968067169,0.9327251995438997,0.8927973364978903,0.9316493313521546,0.9796875,0.8059071729957806,0.955064737242955,191,46,13,627
0.1608946919441223,0.9338654503990877,0.8949070411392406,0.9330357142857143,0.9796875,0.810126582278481,0.9557926829268293,192,45,13,627
0.1666712015867233,0.9327251995438997,0.8941257911392405,0.9329359165424739,0.978125,0.810126582278481,0.9549961861174676,192,45,14,626
0.1694240272045135,0.9315849486887116,0.8933445411392404,0.9328358208955224,0.9765625,0.810126582278481,0.9541984732824428,192,45,15,625
0.1706937551498413,0.9327251995438997,0.8954542457805907,0.9342301943198804,0.9765625,0.8143459915611815,0.9549274255156608,193,44,15,625
0.1715033948421478,0.9338654503990877,0.8975639504219409,0.9356287425149701,0.9765625,0.8185654008438819,0.9556574923547401,194,43,15,625
0.1737826466560363,0.935005701254276,0.8996736550632911,0.9370314842578711,0.9765625,0.8227848101265823,0.9563886763580719,195,42,15,625
0.1804655343294143,0.936145952109464,0.9017833597046414,0.9384384384384384,0.9765625,0.8270042194092827,0.9571209800918836,196,41,15,625
0.2061819285154342,0.9372862029646523,0.9038930643459915,0.9398496240601504,0.9765625,0.8312236286919831,0.9578544061302682,197,40,15,625
0.2086504399776458,0.936145952109464,0.9031118143459915,0.9397590361445783,0.975,0.8312236286919831,0.9570552147239264,197,40,16,624
0.2243107110261917,0.9372862029646523,0.9052215189873418,0.9411764705882353,0.975,0.8354430379746836,0.9577897160399079,198,39,16,624
0.2276633083820343,0.9384264538198404,0.9073312236286919,0.9425981873111783,0.975,0.8396624472573839,0.9585253456221198,199,38,16,624
0.2280777394771576,0.9395667046750285,0.9094409282700422,0.9440242057488654,0.975,0.8438818565400844,0.9592621060722522,200,37,16,624
0.2305880337953567,0.9407069555302167,0.9115506329113924,0.9454545454545454,0.975,0.8481012658227848,0.96,201,36,16,624
0.2369556725025177,0.9395667046750285,0.9107693829113923,0.9453717754172989,0.9734375,0.8481012658227848,0.9591993841416474,201,36,17,623
0.243188664317131,0.9384264538198404,0.9099881329113924,0.9452887537993921,0.971875,0.8481012658227848,0.9583975346687211,201,36,18,622
0.2454946488142013,0.9372862029646523,0.9092068829113924,0.9452054794520548,0.9703125,0.8481012658227848,0.9575944487278335,201,36,19,621
0.2461170107126236,0.9384264538198404,0.9113165875527427,0.9466463414634146,0.9703125,0.8523206751054853,0.9583333333333334,202,35,19,621
0.2466198056936264,0.9372862029646523,0.9105353375527426,0.9465648854961832,0.96875,0.8523206751054853,0.9575289575289575,202,35,20,620
0.2515322268009186,0.9384264538198404,0.9126450421940928,0.9480122324159022,0.96875,0.8565400843881856,0.9582689335394127,203,34,20,620
0.2550414800643921,0.9372862029646523,0.9118637921940929,0.9479326186830015,0.9671875,0.8565400843881856,0.9574632637277649,203,34,21,619
0.2558026611804962,0.9384264538198404,0.913973496835443,0.9493865030674846,0.9671875,0.8607594936708861,0.958204334365325,204,33,21,619
0.2630515694618225,0.9395667046750285,0.9160832014767932,0.9508448540706606,0.9671875,0.8649789029535865,0.9589465530596437,205,32,21,619
0.263988584280014,0.9384264538198404,0.9153019514767933,0.9507692307692308,0.965625,0.8649789029535865,0.958139534883721,205,32,22,618
0.2703697681427002,0.9372862029646523,0.9145207014767933,0.9506933744221879,0.9640625,0.8649789029535865,0.9573312645461598,205,32,23,617
0.2715715765953064,0.9384264538198404,0.9166304061181435,0.9521604938271605,0.9640625,0.869198312236287,0.9580745341614907,206,31,23,617
0.2754943072795868,0.9395667046750285,0.9187401107594937,0.9536321483771252,0.9640625,0.8734177215189873,0.9588189588189588,207,30,23,617
0.2826073467731476,0.9384264538198404,0.9179588607594937,0.9535603715170279,0.9625,0.8734177215189873,0.9580093312597201,207,30,24,616
0.2858839333057403,0.9395667046750285,0.9200685654008439,0.9550387596899225,0.9625,0.8776371308016878,0.9587548638132296,208,29,24,616
0.287969172000885,0.9407069555302167,0.9221782700421941,0.9565217391304348,0.9625,0.8818565400843882,0.9595015576323987,209,28,24,616
0.2930619716644287,0.9395667046750285,0.9213970200421941,0.9564541213063764,0.9609375,0.8818565400843882,0.9586905689789555,209,28,25,615
0.2958379089832306,0.9407069555302167,0.9235067246835442,0.9579439252336449,0.9609375,0.8860759493670886,0.9594383775351014,210,27,25,615
0.2974554002285003,0.9395667046750285,0.9227254746835443,0.9578783151326054,0.959375,0.8860759493670886,0.9586260733801717,210,27,26,614
0.3026235401630401,0.9384264538198404,0.9219442246835443,0.9578125,0.9578125,0.8860759493670886,0.9578125,210,27,27,613
0.3102339208126068,0.9372862029646523,0.9211629746835444,0.9577464788732394,0.95625,0.8860759493670886,0.9569976544175137,210,27,28,612
0.3393694758415222,0.936145952109464,0.9203817246835443,0.957680250783699,0.9546875,0.8860759493670886,0.9561815336463224,210,27,29,611
0.3445549607276916,0.935005701254276,0.9196004746835442,0.957613814756672,0.953125,0.8860759493670886,0.9553641346906813,210,27,30,610
0.3674549162387848,0.9338654503990877,0.9188192246835443,0.9575471698113207,0.9515625,0.8860759493670886,0.9545454545454546,210,27,31,609
0.3682635128498077,0.9327251995438997,0.9180379746835443,0.9574803149606299,0.95,0.8860759493670886,0.9537254901960784,210,27,32,608
0.3762742877006531,0.9315849486887116,0.9172567246835444,0.9574132492113565,0.9484375,0.8860759493670886,0.9529042386185244,210,27,33,607
0.3877442479133606,0.9327251995438997,0.9193664293248945,0.9589257503949447,0.9484375,0.890295358649789,0.9536527886881383,211,26,33,607
0.388101726770401,0.9315849486887116,0.9185851793248945,0.9588607594936709,0.946875,0.890295358649789,0.9528301886792453,211,26,34,606
0.4019456803798675,0.9327251995438997,0.9206948839662448,0.9603803486529319,0.946875,0.8945147679324894,0.953579858379229,212,25,34,606
0.4079296290874481,0.9338654503990877,0.922804588607595,0.9619047619047619,0.946875,0.8987341772151899,0.9543307086614173,213,24,34,606
0.417204350233078,0.9327251995438997,0.9220233386075949,0.9618441971383148,0.9453125,0.8987341772151899,0.9535066981875493,213,24,35,605
0.4198412597179413,0.9338654503990877,0.9241330432489452,0.9633757961783439,0.9453125,0.9029535864978903,0.9542586750788643,214,23,35,605
0.4217618107795715,0.935005701254276,0.9262427478902954,0.9649122807017544,0.9453125,0.9071729957805907,0.9550118389897395,215,22,35,605
0.4251088201999664,0.936145952109464,0.9283524525316456,0.9664536741214057,0.9453125,0.9113924050632911,0.9557661927330173,216,21,35,605
0.4340153932571411,0.935005701254276,0.9275712025316456,0.9664,0.94375,0.9113924050632911,0.9549407114624506,216,21,36,604
0.4385589063167572,0.9338654503990877,0.9267899525316455,0.9663461538461539,0.9421875,0.9113924050632911,0.9541139240506329,216,21,37,603
0.4442759156227112,0.9327251995438997,0.9260087025316456,0.9662921348314607,0.940625,0.9113924050632911,0.953285827395091,216,21,38,602
0.4461362063884735,0.9315849486887116,0.9252274525316455,0.9662379421221865,0.9390625,0.9113924050632911,0.9524564183835182,216,21,39,601
0.4618283808231354,0.9304446978335233,0.9244462025316456,0.966183574879227,0.9375,0.9113924050632911,0.9516256938937351,216,21,40,600
0.4880171120166778,0.9293044469783353,0.9236649525316456,0.9661290322580646,0.9359375,0.9113924050632911,0.9507936507936507,216,21,41,599
0.4882749617099762,0.9304446978335233,0.9257746571729958,0.9676898222940227,0.9359375,0.9156118143459916,0.9515488482922955,217,20,41,599
0.5,0.9293044469783353,0.9249934071729957,0.9676375404530745,0.934375,0.9156118143459916,0.9507154213036566,217,20,42,598
0.506991446018219,0.9293044469783353,0.9249934071729957,0.9676375404530745,0.934375,0.9156118143459916,0.9507154213036566,217,20,42,598
0.5268929600715637,0.9304446978335233,0.927103111814346,0.9692058346839546,0.934375,0.919831223628692,0.9514717581543357,218,19,42,598
0.5296604633331299,0.9293044469783353,0.9263218618143461,0.9691558441558441,0.9328125,0.919831223628692,0.9506369426751592,218,19,43,597
0.5415555238723755,0.928164196123147,0.925540611814346,0.9691056910569106,0.93125,0.919831223628692,0.949800796812749,218,19,44,596
0.5478120446205139,0.927023945267959,0.9247593618143459,0.9690553745928339,0.9296875,0.919831223628692,0.94896331738437,218,19,45,595
0.5503933429718018,0.928164196123147,0.9268690664556962,0.9706362153344209,0.9296875,0.9240506329113924,0.9497206703910615,219,18,45,595
0.5714746117591858,0.927023945267959,0.9260878164556963,0.9705882352941176,0.928125,0.9240506329113924,0.9488817891373802,219,18,46,594
0.5890324711799622,0.9258836944127709,0.9253065664556962,0.9705400981996727,0.9265625,0.9240506329113924,0.9480415667466027,219,18,47,593
0.589666485786438,0.927023945267959,0.9274162710970464,0.9721311475409836,0.9265625,0.9282700421940928,0.9488,220,17,47,593
0.590695321559906,0.9258836944127709,0.9266350210970464,0.9720853858784894,0.925,0.9282700421940928,0.9479583666933546,220,17,48,592
0.5930539965629578,0.9247434435575826,0.9258537710970465,0.9720394736842105,0.9234375,0.9282700421940928,0.9471153846153846,220,17,49,591
0.6124120354652405,0.9236031927023945,0.9250725210970464,0.9719934102141681,0.921875,0.9282700421940928,0.946271050521251,220,17,50,590
0.6137979030609131,0.9224629418472063,0.9242912710970463,0.971947194719472,0.9203125,0.9282700421940928,0.9454253611556982,220,17,51,589
0.6150982975959778,0.9213226909920182,0.9235100210970464,0.971900826446281,0.91875,0.9282700421940928,0.944578313253012,220,17,52,588
0.6173875331878662,0.9201824401368301,0.9227287710970464,0.9718543046357616,0.9171875,0.9282700421940928,0.9437299035369775,220,17,53,587
0.6183066368103027,0.9213226909920182,0.9248384757383967,0.9734660033167496,0.9171875,0.9324894514767933,0.9444891391794047,221,16,53,587
0.6199395656585693,0.9224629418472063,0.9269481803797468,0.9750830564784053,0.9171875,0.9367088607594937,0.9452495974235104,222,15,53,587
0.6211386919021606,0.9236031927023945,0.9290578850210971,0.9767054908485857,0.9171875,0.9409282700421941,0.9460112812248187,223,14,53,587
0.6220064759254456,0.9224629418472063,0.9282766350210971,0.9766666666666667,0.915625,0.9409282700421941,0.9451612903225807,223,14,54,586
0.6229200959205627,0.9213226909920182,0.9274953850210971,0.9766277128547579,0.9140625,0.9409282700421941,0.9443099273607748,223,14,55,585
0.6247491240501404,0.9224629418472063,0.9296050896624473,0.9782608695652174,0.9140625,0.9451476793248945,0.9450726978998385,224,13,55,585
0.627337634563446,0.9213226909920182,0.9288238396624473,0.9782244556113903,0.9125,0.9451476793248945,0.9442198868229588,224,13,56,584
0.6354001760482788,0.9201824401368301,0.9280425896624472,0.9781879194630873,0.9109375,0.9451476793248945,0.9433656957928802,224,13,57,583
0.6462002992630005,0.9190421892816419,0.9272613396624473,0.9781512605042016,0.909375,0.9451476793248945,0.9425101214574899,224,13,58,582
0.651434063911438,0.9179019384264538,0.9264800896624472,0.9781144781144782,0.9078125,0.9451476793248945,0.9416531604538088,224,13,59,581
0.6563148498535156,0.9167616875712656,0.9256988396624473,0.9780775716694773,0.90625,0.9451476793248945,0.9407948094079481,224,13,60,580
0.6590771675109863,0.9156214367160775,0.9249175896624473,0.9780405405405406,0.9046875,0.9451476793248945,0.939935064935065,224,13,61,579
0.6690710783004761,0.9144811858608894,0.9241363396624472,0.9780033840947546,0.903125,0.9451476793248945,0.9390739236393176,224,13,62,578
0.6712906360626221,0.9133409350057012,0.9233550896624473,0.9779661016949153,0.9015625,0.9451476793248945,0.9382113821138212,224,13,63,577
0.6731480360031128,0.9122006841505131,0.9225738396624472,0.9779286926994907,0.9,0.9451476793248945,0.9373474369406021,224,13,64,576
0.6816273331642151,0.9110604332953249,0.9217925896624473,0.9778911564625851,0.8984375,0.9451476793248945,0.9364820846905537,224,13,65,575
0.6821421384811401,0.9099201824401368,0.9210113396624473,0.9778534923339012,0.896875,0.9451476793248945,0.9356153219233904,224,13,66,574
0.6829204559326172,0.9087799315849487,0.9202300896624472,0.9778156996587031,0.8953125,0.9451476793248945,0.9347471451876019,224,13,67,573
0.6840954422950745,0.9099201824401368,0.9223397943037974,0.9794871794871794,0.8953125,0.9493670886075949,0.9355102040816327,225,12,67,573
0.6890195608139038,0.9087799315849487,0.9215585443037975,0.9794520547945206,0.89375,0.9493670886075949,0.934640522875817,225,12,68,572
0.6899319887161255,0.9076396807297605,0.9207772943037975,0.9794168096054888,0.8921875,0.9493670886075949,0.9337694194603434,225,12,69,571
0.6929706335067749,0.9064994298745724,0.9199960443037974,0.979381443298969,0.890625,0.9493670886075949,0.9328968903436988,225,12,70,570
0.700991690158844,0.9053591790193842,0.9192147943037974,0.9793459552495697,0.8890625,0.9493670886075949,0.9320229320229321,225,12,71,569
0.7043484449386597,0.9042189281641961,0.9184335443037974,0.9793103448275862,0.8875,0.9493670886075949,0.9311475409836065,225,12,72,568
0.7098630666732788,0.9030786773090079,0.9176522943037975,0.9792746113989638,0.8859375,0.9493670886075949,0.9302707136997539,225,12,73,567
0.711767315864563,0.9019384264538198,0.9168710443037975,0.9792387543252595,0.884375,0.9493670886075949,0.9293924466338259,225,12,74,566
0.7145726084709167,0.9007981755986317,0.9160897943037974,0.9792027729636048,0.8828125,0.9493670886075949,0.9285127362366475,225,12,75,565
0.740792453289032,0.9019384264538198,0.9181994989451476,0.9809027777777778,0.8828125,0.9535864978902954,0.9292763157894737,226,11,75,565
0.7463875412940979,0.9007981755986317,0.9174182489451477,0.9808695652173913,0.88125,0.9535864978902954,0.928395061728395,226,11,76,564
0.7480672597885132,0.8996579247434435,0.9166369989451477,0.980836236933798,0.8796875,0.9535864978902954,0.9275123558484349,226,11,77,563
0.7507728934288025,0.8985176738882554,0.9158557489451478,0.9808027923211169,0.878125,0.9535864978902954,0.9266281945589447,226,11,78,562
0.7540329694747925,0.8973774230330672,0.9150744989451477,0.9807692307692307,0.8765625,0.9535864978902954,0.9257425742574258,226,11,79,561
0.7561505436897278,0.8985176738882554,0.9171842035864979,0.9824868651488616,0.8765625,0.9578059071729957,0.9265070189925682,227,10,79,561
0.7570847272872925,0.8973774230330672,0.9164029535864979,0.9824561403508771,0.875,0.9578059071729957,0.9256198347107438,227,10,80,560
0.7620401382446289,0.8985176738882554,0.9185126582278481,0.984182776801406,0.875,0.9620253164556962,0.9263854425144747,228,9,80,560
0.7634359002113342,0.8973774230330672,0.917731408227848,0.9841549295774648,0.8734375,0.9620253164556962,0.9254966887417219,228,9,81,559
0.7709605097770691,0.8962371721778791,0.9169501582278481,0.9841269841269841,0.871875,0.9620253164556962,0.9246064623032312,228,9,82,558
0.7718695402145386,0.895096921322691,0.9161689082278481,0.9840989399293286,0.8703125,0.9620253164556962,0.9237147595356551,228,9,83,557
0.7739789485931396,0.8939566704675028,0.9153876582278482,0.984070796460177,0.86875,0.9620253164556962,0.9228215767634855,228,9,84,556
0.7762826085090637,0.8928164196123147,0.9146064082278481,0.9840425531914894,0.8671875,0.9620253164556962,0.9219269102990033,228,9,85,555
0.7784641981124878,0.8916761687571265,0.913825158227848,0.9840142095914742,0.865625,0.9620253164556962,0.9210307564422278,228,9,86,554
0.7860990166664124,0.8905359179019384,0.9130439082278481,0.9839857651245552,0.8640625,0.9620253164556962,0.9201331114808652,228,9,87,553
0.792421281337738,0.8893956670467503,0.9122626582278481,0.983957219251337,0.8625,0.9620253164556962,0.9192339716902581,228,9,88,552
0.7935190200805664,0.8882554161915621,0.9114814082278482,0.9839285714285714,0.8609375,0.9620253164556962,0.9183333333333333,228,9,89,551
0.7947761416435242,0.887115165336374,0.9107001582278481,0.9838998211091234,0.859375,0.9620253164556962,0.9174311926605505,228,9,90,550
0.7958378791809082,0.8859749144811858,0.909918908227848,0.9838709677419355,0.8578125,0.9620253164556962,0.9165275459098498,228,9,91,549
0.8004971146583557,0.8848346636259977,0.9091376582278481,0.9838420107719928,0.85625,0.9620253164556962,0.9156223893065998,228,9,92,548
0.8044450283050537,0.8836944127708096,0.9083564082278481,0.9838129496402878,0.8546875,0.9620253164556962,0.9147157190635451,228,9,93,547
0.8056343197822571,0.8825541619156214,0.9075751582278482,0.9837837837837838,0.853125,0.9620253164556962,0.9138075313807531,228,9,94,546
0.8080055117607117,0.8814139110604333,0.9067939082278481,0.983754512635379,0.8515625,0.9620253164556962,0.9128978224455612,228,9,95,545
0.8098576664924622,0.8802736602052451,0.906012658227848,0.9837251356238698,0.85,0.9620253164556962,0.911986588432523,228,9,96,544
0.8109138607978821,0.8814139110604333,0.9081223628691983,0.9855072463768116,0.85,0.9662447257383966,0.912751677852349,229,8,96,544
0.8109683394432068,0.8802736602052451,0.9073411128691983,0.985480943738657,0.8484375,0.9662447257383966,0.9118387909319899,229,8,97,543
0.8143585324287415,0.879133409350057,0.9065598628691983,0.9854545454545455,0.846875,0.9662447257383966,0.9109243697478991,229,8,98,542
0.8199537992477417,0.8779931584948689,0.9057786128691983,0.9854280510018215,0.8453125,0.9662447257383966,0.9100084104289319,229,8,99,541
0.8214104175567627,0.8768529076396807,0.9049973628691983,0.9854014598540146,0.84375,0.9662447257383966,0.9090909090909091,229,8,100,540
0.8242565989494324,0.8757126567844926,0.9042161128691983,0.9853747714808044,0.8421875,0.9662447257383966,0.9081718618365627,229,8,101,539
0.8253192901611328,0.8745724059293044,0.9034348628691983,0.9853479853479854,0.840625,0.9662447257383966,0.9072512647554806,229,8,102,538
0.8253387212753296,0.8734321550741163,0.9026536128691983,0.9853211009174312,0.8390625,0.9662447257383966,0.9063291139240506,229,8,103,537
0.8257184028625488,0.8722919042189282,0.9018723628691983,0.9852941176470589,0.8375,0.9662447257383966,0.9054054054054054,229,8,104,536
0.8266513347625732,0.87115165336374,0.9010911128691983,0.9852670349907919,0.8359375,0.9662447257383966,0.904480135249366,229,8,105,535
0.8275317549705505,0.8700114025085519,0.9003098628691983,0.985239852398524,0.834375,0.9662447257383966,0.9035532994923858,229,8,106,534
0.8292497992515564,0.8688711516533637,0.8995286128691983,0.9852125693160814,0.8328125,0.9662447257383966,0.9026248941574937,229,8,107,533
0.8298286199569702,0.8677309007981756,0.8987473628691983,0.9851851851851852,0.83125,0.9662447257383966,0.9016949152542373,229,8,108,532
0.8323963284492493,0.8665906499429875,0.8979661128691983,0.9851576994434137,0.8296875,0.9662447257383966,0.9007633587786259,229,8,109,531
0.8331426382064819,0.8654503990877993,0.8971848628691983,0.9851301115241635,0.828125,0.9662447257383966,0.8998302207130731,229,8,110,530
0.834138810634613,0.8665906499429875,0.8992945675105486,0.9869646182495344,0.828125,0.9704641350210971,0.9005947323704333,230,7,110,530
0.8345678448677063,0.8677309007981756,0.9014042721518987,0.9888059701492538,0.828125,0.9746835443037974,0.9013605442176871,231,6,110,530
0.8365387320518494,0.8665906499429875,0.9006230221518987,0.9887850467289719,0.8265625,0.9746835443037974,0.9004255319148936,231,6,111,529
0.8404706120491028,0.8654503990877993,0.8998417721518988,0.9887640449438202,0.825,0.9746835443037974,0.899488926746167,231,6,112,528
0.8439403772354126,0.8643101482326112,0.8990605221518988,0.9887429643527205,0.8234375,0.9746835443037974,0.8985507246376812,231,6,113,527
0.8443681001663208,0.863169897377423,0.8982792721518987,0.9887218045112782,0.821875,0.9746835443037974,0.8976109215017065,231,6,114,526
0.8469337821006775,0.8620296465222349,0.8974980221518987,0.9887005649717514,0.8203125,0.9746835443037974,0.89666951323655,231,6,115,525
0.8538982272148132,0.8608893956670467,0.8967167721518987,0.9886792452830189,0.81875,0.9746835443037974,0.8957264957264958,231,6,116,524
0.8541291952133179,0.8597491448118586,0.8959355221518988,0.9886578449905482,0.8171875,0.9746835443037974,0.894781864841745,231,6,117,523
0.8674347996711731,0.8586088939566705,0.8951542721518988,0.9886363636363636,0.815625,0.9746835443037974,0.8938356164383562,231,6,118,522
0.8690578937530518,0.8574686431014823,0.8943730221518987,0.9886148007590133,0.8140625,0.9746835443037974,0.8928877463581834,231,6,119,521
0.87042635679245,0.8563283922462942,0.8935917721518987,0.9885931558935361,0.8125,0.9746835443037974,0.8919382504288165,231,6,120,520
0.8762230277061462,0.855188141391106,0.8928105221518987,0.9885714285714285,0.8109375,0.9746835443037974,0.8909871244635194,231,6,121,519
0.8778099417686462,0.8540478905359179,0.8920292721518988,0.9885496183206107,0.809375,0.9746835443037974,0.8900343642611683,231,6,122,518
0.8796542286872864,0.8529076396807298,0.8912480221518988,0.988527724665392,0.8078125,0.9746835443037974,0.8890799656061908,231,6,123,517
0.8797214031219482,0.8517673888255416,0.8904667721518987,0.9885057471264368,0.80625,0.9746835443037974,0.8881239242685026,231,6,124,516
0.8799919486045837,0.8506271379703535,0.8896855221518987,0.9884836852207294,0.8046875,0.9746835443037974,0.8871662360034454,231,6,125,515
0.8810974359512329,0.8494868871151653,0.8889042721518987,0.9884615384615385,0.803125,0.9746835443037974,0.8862068965517241,231,6,126,514
0.88120037317276,0.8483466362599772,0.8881230221518988,0.9884393063583815,0.8015625,0.9746835443037974,0.8852459016393442,231,6,127,513
0.8842834234237671,0.8472063854047891,0.8873417721518988,0.9884169884169884,0.8,0.9746835443037974,0.8842832469775475,231,6,128,512
0.8860595226287842,0.8460661345496009,0.8865605221518987,0.988394584139265,0.7984375,0.9746835443037974,0.8833189282627485,231,6,129,511
0.8871654272079468,0.8449258836944128,0.8857792721518987,0.9883720930232558,0.796875,0.9746835443037974,0.8823529411764706,231,6,130,510
0.8876610398292542,0.8437856328392246,0.8849980221518987,0.9883495145631068,0.7953125,0.9746835443037974,0.8813852813852814,231,6,131,509
0.8894141912460327,0.8426453819840365,0.8842167721518988,0.9883268482490273,0.79375,0.9746835443037974,0.8804159445407279,231,6,132,508
0.8962796330451965,0.8415051311288484,0.8834355221518988,0.9883040935672515,0.7921875,0.9746835443037974,0.8794449262792715,231,6,133,507
0.8976572751998901,0.8403648802736602,0.8826542721518987,0.98828125,0.790625,0.9746835443037974,0.8784722222222222,231,6,134,506
0.8977234363555908,0.8392246294184721,0.8818730221518987,0.9882583170254403,0.7890625,0.9746835443037974,0.8774978279756733,231,6,135,505
0.8989169001579285,0.8380843785632839,0.8810917721518987,0.9882352941176471,0.7875,0.9746835443037974,0.8765217391304347,231,6,136,504
0.9007934927940368,0.8369441277080958,0.8803105221518988,0.9882121807465619,0.7859375,0.9746835443037974,0.8755439512619669,231,6,137,503
0.9008046984672546,0.8358038768529077,0.8795292721518988,0.9881889763779528,0.784375,0.9746835443037974,0.8745644599303136,231,6,138,502
0.9013214707374572,0.8346636259977195,0.8787480221518987,0.9881656804733728,0.7828125,0.9746835443037974,0.8735832606800349,231,6,139,501
0.9016961455345154,0.8335233751425314,0.8779667721518987,0.9881422924901185,0.78125,0.9746835443037974,0.8726003490401396,231,6,140,500
0.905816376209259,0.8323831242873432,0.8771855221518987,0.9881188118811881,0.7796875,0.9746835443037974,0.8716157205240175,231,6,141,499
0.9067707657814026,0.8312428734321551,0.8764042721518988,0.9880952380952381,0.778125,0.9746835443037974,0.8706293706293706,231,6,142,498
0.9117108583450316,0.830102622576967,0.8756230221518988,0.9880715705765407,0.7765625,0.9746835443037974,0.8696412948381452,231,6,143,497
0.913421392440796,0.8289623717217788,0.8748417721518987,0.9880478087649402,0.775,0.9746835443037974,0.8686514886164624,231,6,144,496
0.9136309623718262,0.8278221208665907,0.8740605221518987,0.9880239520958084,0.7734375,0.9746835443037974,0.8676599474145487,231,6,145,495
0.914597511291504,0.8266818700114025,0.8732792721518987,0.988,0.771875,0.9746835443037974,0.8666666666666667,231,6,146,494
0.915733814239502,0.8255416191562144,0.8724980221518988,0.9879759519038076,0.7703125,0.9746835443037974,0.8656716417910447,231,6,147,493
0.9162578582763672,0.8244013683010262,0.8717167721518988,0.9879518072289156,0.76875,0.9746835443037974,0.8646748681898067,231,6,148,492
0.9162993431091307,0.8255416191562144,0.873826476793249,0.9899396378269618,0.76875,0.9789029535864979,0.8654353562005277,232,5,148,492
0.91657692193985,0.8244013683010262,0.8730452267932489,0.9899193548387096,0.7671875,0.9789029535864979,0.8644366197183099,232,5,149,491
0.9175711274147034,0.8232611174458381,0.872263976793249,0.98989898989899,0.765625,0.9789029535864979,0.8634361233480177,232,5,150,490
0.9177185297012328,0.82212086659065,0.871482726793249,0.9898785425101214,0.7640625,0.9789029535864979,0.8624338624338624,232,5,151,489
0.9183019995689392,0.8209806157354618,0.8707014767932489,0.9898580121703854,0.7625,0.9789029535864979,0.8614298323036187,232,5,152,488
0.920378029346466,0.82212086659065,0.8728111814345991,0.991869918699187,0.7625,0.9831223628691983,0.8621908127208481,233,4,152,488
0.9213204383850098,0.8209806157354618,0.8720299314345992,0.9918533604887984,0.7609375,0.9831223628691983,0.861184792219275,233,4,153,487
0.9230551719665528,0.8198403648802737,0.8712486814345992,0.9918367346938776,0.759375,0.9831223628691983,0.8601769911504424,233,4,154,486
0.923376202583313,0.8187001140250855,0.8704674314345991,0.9918200408997955,0.7578125,0.9831223628691983,0.8591674047829938,233,4,155,485
0.923398494720459,0.8175598631698974,0.8696861814345991,0.9918032786885246,0.75625,0.9831223628691983,0.8581560283687943,233,4,156,484
0.9263075590133668,0.8164196123147093,0.8689049314345991,0.9917864476386037,0.7546875,0.9831223628691983,0.8571428571428571,233,4,157,483
0.927217185497284,0.8152793614595211,0.8681236814345992,0.9917695473251029,0.753125,0.9831223628691983,0.8561278863232682,233,4,158,482
0.927342653274536,0.814139110604333,0.8673424314345992,0.9917525773195877,0.7515625,0.9831223628691983,0.8551111111111112,233,4,159,481
0.9279231429100036,0.8129988597491448,0.8665611814345991,0.9917355371900827,0.75,0.9831223628691983,0.8540925266903915,233,4,160,480
0.9283797144889832,0.8118586088939567,0.8657799314345991,0.9917184265010351,0.7484375,0.9831223628691983,0.8530721282279609,233,4,161,479
0.9304408431053162,0.8107183580387686,0.8649986814345991,0.991701244813278,0.746875,0.9831223628691983,0.8520499108734403,233,4,162,478
0.9304561018943788,0.8095781071835804,0.8642174314345992,0.9916839916839917,0.7453125,0.9831223628691983,0.8510258697591436,233,4,163,477
0.9307031631469728,0.8084378563283923,0.8634361814345992,0.9916666666666667,0.74375,0.9831223628691983,0.85,233,4,164,476
0.9312821626663208,0.8072976054732041,0.8626549314345991,0.9916492693110647,0.7421875,0.9831223628691983,0.8489722966934763,233,4,165,475
0.9313727617263794,0.806157354618016,0.8618736814345991,0.9916317991631799,0.740625,0.9831223628691983,0.8479427549194991,233,4,166,474
0.9315317273139954,0.8050171037628279,0.8610924314345991,0.9916142557651991,0.7390625,0.9831223628691983,0.846911369740376,233,4,167,473
0.9324553608894348,0.8038768529076397,0.8603111814345992,0.9915966386554622,0.7375,0.9831223628691983,0.8458781362007168,233,4,168,472
0.9335322380065918,0.8050171037628279,0.8624208860759495,0.9936842105263158,0.7375,0.9873417721518988,0.8466367713004485,234,3,168,472
0.9340540766716005,0.8038768529076397,0.8616396360759494,0.9936708860759493,0.7359375,0.9873417721518988,0.8456014362657092,234,3,169,471
0.934087336063385,0.8027366020524516,0.8608583860759493,0.9936575052854123,0.734375,0.9873417721518988,0.8445642407906558,234,3,170,470
0.9358943104743958,0.8015963511972634,0.8600771360759494,0.9936440677966102,0.7328125,0.9873417721518988,0.8435251798561151,234,3,171,469
0.9365512132644652,0.8004561003420753,0.8592958860759494,0.9936305732484076,0.73125,0.9873417721518988,0.8424842484248425,234,3,172,468
0.936806857585907,0.7993158494868872,0.8585146360759495,0.9936170212765958,0.7296875,0.9873417721518988,0.8414414414414414,234,3,173,467
0.9370062947273254,0.8004561003420753,0.8606243407172995,0.9957356076759062,0.7296875,0.9915611814345991,0.842200180342651,235,2,173,467
0.9375882744789124,0.7993158494868872,0.8598430907172996,0.9957264957264957,0.728125,0.9915611814345991,0.8411552346570397,235,2,174,466
0.9380826354026794,0.798175598631699,0.8590618407172996,0.9957173447537473,0.7265625,0.9915611814345991,0.8401084010840109,235,2,175,465
0.9386637806892396,0.7970353477765109,0.8582805907172996,0.9957081545064378,0.725,0.9915611814345991,0.8390596745027125,235,2,176,464
0.9395389556884766,0.7958950969213227,0.8574993407172995,0.9956989247311828,0.7234375,0.9915611814345991,0.8380090497737557,235,2,177,463
0.9408880472183228,0.7970353477765109,0.8596090453586498,0.9978448275862069,0.7234375,0.9957805907172996,0.8387681159420289,236,1,177,463
0.941458523273468,0.7958950969213227,0.8588277953586498,0.9978401727861771,0.721875,0.9957805907172996,0.8377153218495014,236,1,178,462
0.9422794580459596,0.7947548460661346,0.8580465453586499,0.9978354978354979,0.7203125,0.9957805907172996,0.8366606170598911,236,1,179,461
0.943714439868927,0.7936145952109465,0.8572652953586498,0.9978308026030369,0.71875,0.9957805907172996,0.8356039963669392,236,1,180,460
0.9459916353225708,0.7924743443557583,0.8564840453586497,0.9978260869565218,0.7171875,0.9957805907172996,0.8345454545454546,236,1,181,459
0.9467387199401855,0.7913340935005702,0.8557027953586498,0.9978213507625272,0.715625,0.9957805907172996,0.8334849863512284,236,1,182,458
0.9471012949943542,0.790193842645382,0.8549215453586498,0.9978165938864629,0.7140625,0.9957805907172996,0.8324225865209471,236,1,183,457
0.9487719535827636,0.7890535917901939,0.8541402953586499,0.9978118161925602,0.7125,0.9957805907172996,0.8313582497721057,236,1,184,456
0.9493156671524048,0.7879133409350056,0.8533590453586498,0.9978070175438597,0.7109375,0.9957805907172996,0.8302919708029197,236,1,185,455
0.9502071142196656,0.7867730900798175,0.8525777953586497,0.9978021978021978,0.709375,0.9957805907172996,0.8292237442922374,236,1,186,454
0.9502587914466858,0.7856328392246295,0.8517965453586498,0.9977973568281938,0.7078125,0.9957805907172996,0.8281535648994516,236,1,187,453
0.950413703918457,0.7844925883694412,0.8510152953586498,0.9977924944812362,0.70625,0.9957805907172996,0.8270814272644099,236,1,188,452
0.951412320137024,0.7833523375142531,0.8502340453586499,0.9977876106194691,0.7046875,0.9957805907172996,0.826007326007326,236,1,189,451
0.9516943693161012,0.7822120866590649,0.8494527953586498,0.9977827050997783,0.703125,0.9957805907172996,0.8249312557286893,236,1,190,450
0.9535793662071228,0.7810718358038768,0.8486715453586497,0.9977777777777778,0.7015625,0.9957805907172996,0.8238532110091743,236,1,191,449
0.9543495178222656,0.7799315849486887,0.8478902953586498,0.9977728285077951,0.7,0.9957805907172996,0.82277318640955,236,1,192,448
0.9543790221214294,0.7787913340935005,0.8471090453586498,0.9977678571428571,0.6984375,0.9957805907172996,0.8216911764705882,236,1,193,447
0.9560924768447876,0.7776510832383124,0.8463277953586499,0.9977628635346756,0.696875,0.9957805907172996,0.8206071757129715,236,1,194,446
0.9561736583709716,0.7765108323831242,0.8455465453586498,0.9977578475336323,0.6953125,0.9957805907172996,0.8195211786372008,236,1,195,445
0.9562051296234132,0.7753705815279361,0.8447652953586497,0.9977528089887641,0.69375,0.9957805907172996,0.8184331797235023,236,1,196,444
0.9574314951896667,0.774230330672748,0.8439840453586498,0.9977477477477478,0.6921875,0.9957805907172996,0.8173431734317343,236,1,197,443
0.9576422572135924,0.7730900798175598,0.8432027953586498,0.9977426636568849,0.690625,0.9957805907172996,0.8162511542012927,236,1,198,442
0.9577624201774596,0.7719498289623717,0.8424215453586499,0.997737556561086,0.6890625,0.9957805907172996,0.8151571164510166,236,1,199,441
0.9579666256904602,0.7708095781071835,0.8416402953586498,0.9977324263038548,0.6875,0.9957805907172996,0.8140610545790934,236,1,200,440
0.9579877257347108,0.7696693272519954,0.8408590453586497,0.9977272727272727,0.6859375,0.9957805907172996,0.812962962962963,236,1,201,439
0.9582546353340148,0.7685290763968073,0.8400777953586498,0.9977220956719818,0.684375,0.9957805907172996,0.8118628359592215,236,1,202,438
0.9585278034210204,0.7673888255416191,0.8392965453586498,0.997716894977169,0.6828125,0.9957805907172996,0.8107606679035251,236,1,203,437
0.9587389230728148,0.766248574686431,0.8385152953586499,0.9977116704805492,0.68125,0.9957805907172996,0.8096564531104921,236,1,204,436
0.9591540694236756,0.7651083238312428,0.8377340453586498,0.9977064220183486,0.6796875,0.9957805907172996,0.8085501858736059,236,1,205,435
0.9600210189819336,0.7639680729760547,0.8369527953586497,0.9977011494252873,0.678125,0.9957805907172996,0.8074418604651162,236,1,206,434
0.9602423310279846,0.7628278221208666,0.8361715453586498,0.9976958525345622,0.6765625,0.9957805907172996,0.8063314711359404,236,1,207,433
0.9603869915008544,0.7616875712656784,0.8353902953586498,0.9976905311778291,0.675,0.9957805907172996,0.8052190121155638,236,1,208,432
0.96085125207901,0.7605473204104903,0.8346090453586499,0.9976851851851852,0.6734375,0.9957805907172996,0.8041044776119403,236,1,209,431
0.9610608220100404,0.7594070695553021,0.8338277953586498,0.9976798143851509,0.671875,0.9957805907172996,0.8029878618113913,236,1,210,430
0.961259424686432,0.758266818700114,0.8330465453586497,0.9976744186046511,0.6703125,0.9957805907172996,0.8018691588785046,236,1,211,429
0.9616721868515016,0.7571265678449259,0.8322652953586498,0.9976689976689976,0.66875,0.9957805907172996,0.8007483629560337,236,1,212,428
0.9622973799705504,0.7559863169897377,0.8314840453586498,0.9976635514018691,0.6671875,0.9957805907172996,0.799625468164794,236,1,213,427
0.9626626968383788,0.7548460661345496,0.8307027953586499,0.9976580796252927,0.665625,0.9957805907172996,0.7985004686035614,236,1,214,426
0.9627985954284668,0.7537058152793614,0.8299215453586498,0.9976525821596244,0.6640625,0.9957805907172996,0.797373358348968,236,1,215,425
0.963111400604248,0.7525655644241733,0.8291402953586497,0.9976470588235294,0.6625,0.9957805907172996,0.7962441314553991,236,1,216,424
0.9632428288459778,0.7514253135689852,0.8283590453586498,0.9976415094339622,0.6609375,0.9957805907172996,0.7951127819548872,236,1,217,423
0.9647154808044434,0.750285062713797,0.8275777953586498,0.9976359338061466,0.659375,0.9957805907172996,0.7939793038570084,236,1,218,422
0.9648460745811462,0.7491448118586089,0.8267965453586499,0.9976303317535545,0.6578125,0.9957805907172996,0.7928436911487758,236,1,219,421
0.9648901224136353,0.7480045610034207,0.8260152953586498,0.997624703087886,0.65625,0.9957805907172996,0.7917059377945335,236,1,220,420
0.965051531791687,0.7468643101482326,0.8252340453586497,0.9976190476190476,0.6546875,0.9957805907172996,0.7905660377358491,236,1,221,419
0.9653007984161376,0.7457240592930444,0.8244527953586498,0.9976133651551312,0.653125,0.9957805907172996,0.789423984891407,236,1,222,418
0.965920388698578,0.7445838084378563,0.8236715453586498,0.9976076555023924,0.6515625,0.9957805907172996,0.7882797731568998,236,1,223,417
0.9671173095703124,0.7434435575826682,0.8228902953586499,0.9976019184652278,0.65,0.9957805907172996,0.7871333964049196,236,1,224,416
0.9672499895095824,0.74230330672748,0.8221090453586498,0.9975961538461539,0.6484375,0.9957805907172996,0.7859848484848485,236,1,225,415
0.968089520931244,0.7411630558722919,0.8213277953586497,0.9975903614457832,0.646875,0.9957805907172996,0.7848341232227488,236,1,226,414
0.9685755372047424,0.7400228050171037,0.8205465453586498,0.9975845410628019,0.6453125,0.9957805907172996,0.7836812144212524,236,1,227,413
0.9696698188781738,0.7388825541619156,0.8197652953586498,0.9975786924939467,0.64375,0.9957805907172996,0.7825261158594492,236,1,228,412
0.9696901440620422,0.7377423033067275,0.8189840453586499,0.9975728155339806,0.6421875,0.9957805907172996,0.7813688212927756,236,1,229,411
0.9700013995170592,0.7366020524515393,0.8182027953586498,0.9975669099756691,0.640625,0.9957805907172996,0.780209324452902,236,1,230,410
0.9700199365615844,0.7354618015963512,0.8174215453586497,0.9975609756097561,0.6390625,0.9957805907172996,0.7790476190476191,236,1,231,409
0.970487892627716,0.734321550741163,0.8166402953586498,0.9975550122249389,0.6375,0.9957805907172996,0.7778836987607245,236,1,232,408
0.9712470173835754,0.7331812998859749,0.8158590453586498,0.9975490196078431,0.6359375,0.9957805907172996,0.7767175572519084,236,1,233,407
0.9713602662086488,0.7320410490307868,0.8150777953586499,0.9975429975429976,0.634375,0.9957805907172996,0.775549188156638,236,1,234,406
0.9727659225463868,0.7309007981755986,0.8142965453586498,0.9975369458128078,0.6328125,0.9957805907172996,0.7743785850860421,236,1,235,405
0.9730501770973206,0.7297605473204105,0.8135152953586497,0.9975308641975309,0.63125,0.9957805907172996,0.7732057416267942,236,1,236,404
0.9731306433677672,0.7286202964652223,0.8127340453586498,0.9975247524752475,0.6296875,0.9957805907172996,0.7720306513409961,236,1,237,403
0.973204493522644,0.7274800456100342,0.8119527953586498,0.9975186104218362,0.628125,0.9957805907172996,0.7708533077660594,236,1,238,402
0.9734165668487548,0.7263397947548461,0.8111715453586499,0.9975124378109452,0.6265625,0.9957805907172996,0.7696737044145874,236,1,239,401
0.973721981048584,0.7251995438996579,0.8103902953586498,0.9975062344139651,0.625,0.9957805907172996,0.7684918347742555,236,1,240,400
0.973940372467041,0.7240592930444698,0.8096090453586497,0.9975,0.6234375,0.9957805907172996,0.7673076923076924,236,1,241,399
0.974542796611786,0.7229190421892816,0.8088277953586498,0.9974937343358395,0.621875,0.9957805907172996,0.766121270452358,236,1,242,398
0.974587380886078,0.7217787913340935,0.8080465453586498,0.9974874371859297,0.6203125,0.9957805907172996,0.7649325626204239,236,1,243,397
0.9750077724456788,0.7206385404789054,0.8072652953586499,0.9974811083123426,0.61875,0.9957805907172996,0.76374156219865,236,1,244,396
0.9750535488128662,0.7194982896237172,0.8064840453586498,0.9974747474747475,0.6171875,0.9957805907172996,0.7625482625482626,236,1,245,395
0.9752951264381408,0.7183580387685291,0.8057027953586497,0.9974683544303797,0.615625,0.9957805907172996,0.7613526570048309,236,1,246,394
0.975943386554718,0.7172177879133409,0.8049215453586498,0.9974619289340102,0.6140625,0.9957805907172996,0.7601547388781431,236,1,247,393
0.9766451120376588,0.7160775370581528,0.8041402953586498,0.9974554707379135,0.6125,0.9957805907172996,0.7589545014520813,236,1,248,392
0.9767012596130372,0.7149372862029647,0.8033590453586499,0.9974489795918368,0.6109375,0.9957805907172996,0.7577519379844961,236,1,249,391
0.9771658182144164,0.7137970353477765,0.8025777953586498,0.9974424552429667,0.609375,0.9957805907172996,0.7565470417070805,236,1,250,390
0.9772647619247437,0.7126567844925884,0.8017965453586497,0.9974358974358974,0.6078125,0.9957805907172996,0.7553398058252427,236,1,251,389
0.9774552583694458,0.7115165336374002,0.8010152953586498,0.9974293059125964,0.60625,0.9957805907172996,0.7541302235179786,236,1,252,388
0.9775658845901488,0.7103762827822121,0.8002340453586498,0.9974226804123711,0.6046875,0.9957805907172996,0.7529182879377432,236,1,253,387
0.977570652961731,0.7092360319270239,0.7994527953586499,0.9974160206718347,0.603125,0.9957805907172996,0.7517039922103214,236,1,254,386
0.9778467416763306,0.7080957810718358,0.7986715453586498,0.9974093264248705,0.6015625,0.9957805907172996,0.7504873294346979,236,1,255,385
0.9781520962715148,0.7069555302166477,0.7978902953586497,0.9974025974025974,0.6,0.9957805907172996,0.7492682926829268,236,1,256,384
0.9782172441482544,0.7058152793614595,0.7971090453586498,0.9973958333333334,0.5984375,0.9957805907172996,0.748046875,236,1,257,383
0.9783530235290528,0.7046750285062714,0.7963277953586498,0.9973890339425587,0.596875,0.9957805907172996,0.7468230694037146,236,1,258,382
0.9788318872451782,0.7035347776510832,0.7955465453586499,0.9973821989528796,0.5953125,0.9957805907172996,0.7455968688845401,236,1,259,381
0.9788455963134766,0.7023945267958951,0.7947652953586498,0.9973753280839895,0.59375,0.9957805907172996,0.7443682664054848,236,1,260,380
0.9789395928382874,0.701254275940707,0.7939840453586497,0.9973684210526316,0.5921875,0.9957805907172996,0.7431372549019608,236,1,261,379
0.9789788126945496,0.7001140250855188,0.7932027953586498,0.9973614775725593,0.590625,0.9957805907172996,0.7419038272816487,236,1,262,378
0.9790119528770448,0.6989737742303307,0.7924215453586498,0.9973544973544973,0.5890625,0.9957805907172996,0.7406679764243614,236,1,263,377
0.9792136549949646,0.6978335233751425,0.7916402953586499,0.9973474801061007,0.5875,0.9957805907172996,0.7394296951819076,236,1,264,376
0.9792214035987854,0.6966932725199544,0.7908590453586498,0.9973404255319149,0.5859375,0.9957805907172996,0.7381889763779528,236,1,265,375
0.980398952960968,0.6955530216647663,0.7900777953586497,0.9973333333333333,0.584375,0.9957805907172996,0.7369458128078817,236,1,266,374
0.980641543865204,0.6944127708095781,0.7892965453586498,0.9973262032085561,0.5828125,0.9957805907172996,0.7357001972386588,236,1,267,373
0.9806972742080688,0.69327251995439,0.7885152953586498,0.9973190348525469,0.58125,0.9957805907172996,0.7344521224086871,236,1,268,372
0.9808608889579772,0.6921322690992018,0.7877340453586499,0.9973118279569892,0.5796875,0.9957805907172996,0.733201581027668,236,1,269,371
0.9810803532600404,0.6909920182440137,0.7869527953586498,0.9973045822102425,0.578125,0.9957805907172996,0.731948565776459,236,1,270,370
0.9811288118362428,0.6898517673888256,0.7861715453586497,0.9972972972972973,0.5765625,0.9957805907172996,0.7306930693069307,236,1,271,369
0.981262743473053,0.6887115165336374,0.7853902953586498,0.997289972899729,0.575,0.9957805907172996,0.7294350842418236,236,1,272,368
0.9813303351402284,0.6875712656784493,0.7846090453586498,0.9972826086956522,0.5734375,0.9957805907172996,0.7281746031746031,236,1,273,367
0.9814403057098388,0.6864310148232611,0.7838277953586499,0.997275204359673,0.571875,0.9957805907172996,0.7269116186693148,236,1,274,366
0.9816051125526428,0.685290763968073,0.7830465453586498,0.9972677595628415,0.5703125,0.9957805907172996,0.7256461232604374,236,1,275,365
0.9816442131996156,0.6841505131128849,0.7822652953586497,0.9972602739726028,0.56875,0.9957805907172996,0.7243781094527363,236,1,276,364
0.98167622089386,0.6830102622576967,0.7814840453586498,0.9972527472527473,0.5671875,0.9957805907172996,0.7231075697211156,236,1,277,363
0.9820835590362548,0.6818700114025086,0.7807027953586498,0.9972451790633609,0.565625,0.9957805907172996,0.7218344965104686,236,1,278,362
0.9821869134902954,0.6807297605473204,0.7799215453586499,0.9972375690607734,0.5640625,0.9957805907172996,0.720558882235529,236,1,279,361
0.9824227094650269,0.6795895096921323,0.7791402953586498,0.997229916897507,0.5625,0.9957805907172996,0.7192807192807192,236,1,280,360
0.9824318289756776,0.6784492588369442,0.7783590453586497,0.9972222222222222,0.5609375,0.9957805907172996,0.718,236,1,281,359
0.9826661348342896,0.677309007981756,0.7775777953586498,0.9972144846796658,0.559375,0.9957805907172996,0.7167167167167167,236,1,282,358
0.9831513166427612,0.6761687571265679,0.7767965453586498,0.9972067039106145,0.5578125,0.9957805907172996,0.7154308617234469,236,1,283,357
0.9835290908813475,0.6750285062713797,0.7760152953586499,0.9971988795518207,0.55625,0.9957805907172996,0.7141424272818455,236,1,284,356
0.9839445948600768,0.6738882554161916,0.7752340453586498,0.9971910112359551,0.5546875,0.9957805907172996,0.7128514056224899,236,1,285,355
0.9839541912078856,0.6727480045610034,0.7744527953586497,0.9971830985915493,0.553125,0.9957805907172996,0.7115577889447237,236,1,286,354
0.9840130805969238,0.6716077537058153,0.7736715453586498,0.9971751412429378,0.5515625,0.9957805907172996,0.710261569416499,236,1,287,353
0.9840385913848876,0.6704675028506272,0.7728902953586498,0.9971671388101983,0.55,0.9957805907172996,0.7089627391742196,236,1,288,352
0.9841395616531372,0.669327251995439,0.7721090453586499,0.9971590909090909,0.5484375,0.9957805907172996,0.7076612903225806,236,1,289,351
0.984545111656189,0.6681870011402509,0.7713277953586498,0.9971509971509972,0.546875,0.9957805907172996,0.7063572149344097,236,1,290,350
0.9846174716949464,0.6670467502850627,0.7705465453586497,0.9971428571428571,0.5453125,0.9957805907172996,0.705050505050505,236,1,291,349
0.984740436077118,0.6659064994298746,0.7697652953586498,0.997134670487106,0.54375,0.9957805907172996,0.7037411526794742,236,1,292,348
0.9848026633262634,0.6647662485746865,0.7689840453586498,0.9971264367816092,0.5421875,0.9957805907172996,0.7024291497975709,236,1,293,347
0.9850053787231444,0.6636259977194983,0.7682027953586499,0.9971181556195965,0.540625,0.9957805907172996,0.7011144883485309,236,1,294,346
0.9852773547172546,0.6624857468643102,0.7674215453586498,0.9971098265895953,0.5390625,0.9957805907172996,0.6997971602434077,236,1,295,345
0.985368549823761,0.661345496009122,0.7666402953586497,0.9971014492753624,0.5375,0.9957805907172996,0.698477157360406,236,1,296,344
0.9854916930198668,0.6602052451539339,0.7658590453586498,0.997093023255814,0.5359375,0.9957805907172996,0.6971544715447154,236,1,297,343
0.9856268763542176,0.6590649942987458,0.7650777953586498,0.9970845481049563,0.534375,0.9957805907172996,0.6958290946083419,236,1,298,342
0.9859285950660706,0.6579247434435576,0.7642965453586499,0.9970760233918129,0.5328125,0.9957805907172996,0.6945010183299389,236,1,299,341
0.985964059829712,0.6567844925883695,0.7635152953586498,0.9970674486803519,0.53125,0.9957805907172996,0.6931702344546381,236,1,300,340
0.9861461520195008,0.6556442417331813,0.7627340453586497,0.9970588235294118,0.5296875,0.9957805907172996,0.6918367346938775,236,1,301,339
0.9861684441566468,0.6545039908779932,0.7619527953586498,0.9970501474926253,0.528125,0.9957805907172996,0.6905005107252298,236,1,302,338
0.9862574934959412,0.6533637400228051,0.7611715453586498,0.9970414201183432,0.5265625,0.9957805907172996,0.689161554192229,236,1,303,337
0.986311137676239,0.6522234891676169,0.7603902953586499,0.9970326409495549,0.525,0.9957805907172996,0.6878198567041965,236,1,304,336
0.986442804336548,0.6510832383124288,0.7596090453586498,0.9970238095238095,0.5234375,0.9957805907172996,0.6864754098360656,236,1,305,335
0.9864715933799744,0.6499429874572406,0.7588277953586497,0.9970149253731343,0.521875,0.9957805907172996,0.6851282051282052,236,1,306,334
0.986586332321167,0.6488027366020525,0.7580465453586498,0.9970059880239521,0.5203125,0.9957805907172996,0.6837782340862423,236,1,307,333
0.9866320490837096,0.6476624857468644,0.7572652953586498,0.996996996996997,0.51875,0.9957805907172996,0.6824254881808839,236,1,308,332
0.9867478609085084,0.6465222348916762,0.7564840453586499,0.9969879518072289,0.5171875,0.9957805907172996,0.6810699588477366,236,1,309,331
0.9867571592330932,0.645381984036488,0.7557027953586498,0.9969788519637462,0.515625,0.9957805907172996,0.6797116374871267,236,1,310,330
0.986928164958954,0.6442417331812998,0.7549215453586497,0.996969696969697,0.5140625,0.9957805907172996,0.6783505154639176,236,1,311,329
0.9869534373283386,0.6431014823261118,0.7541402953586498,0.9969604863221885,0.5125,0.9957805907172996,0.6769865841073271,236,1,312,328
0.986998975276947,0.6419612314709237,0.7533590453586498,0.9969512195121951,0.5109375,0.9957805907172996,0.6756198347107438,236,1,313,327
0.9870644807815552,0.6408209806157354,0.7525777953586499,0.9969418960244648,0.509375,0.9957805907172996,0.6742502585315409,236,1,314,326
0.9870812296867372,0.6396807297605474,0.7517965453586498,0.9969325153374233,0.5078125,0.9957805907172996,0.6728778467908902,236,1,315,325
0.9875437021255492,0.6385404789053591,0.7510152953586497,0.9969230769230769,0.50625,0.9957805907172996,0.6715025906735751,236,1,316,324
0.9877986907958984,0.637400228050171,0.7502340453586498,0.9969135802469136,0.5046875,0.9957805907172996,0.6701244813278008,236,1,317,323
0.988025724887848,0.636259977194983,0.7494527953586498,0.9969040247678018,0.503125,0.9957805907172996,0.6687435098650052,236,1,318,322
0.9881076216697692,0.6351197263397947,0.7486715453586499,0.9968944099378882,0.5015625,0.9957805907172996,0.6673596673596673,236,1,319,321
0.9881212711334229,0.6339794754846066,0.7478902953586498,0.9968847352024922,0.5,0.9957805907172996,0.6659729448491155,236,1,320,320
0.9881280064582824,0.6328392246294184,0.7471090453586497,0.996875,0.4984375,0.9957805907172996,0.6645833333333333,236,1,321,319
0.9881827235221864,0.6316989737742303,0.7463277953586498,0.9968652037617555,0.496875,0.9957805907172996,0.6631908237747653,236,1,322,318
0.988334894180298,0.6305587229190421,0.7455465453586498,0.9968553459119497,0.4953125,0.9957805907172996,0.6617954070981211,236,1,323,317
0.9883720278739928,0.629418472063854,0.7447652953586499,0.9968454258675079,0.49375,0.9957805907172996,0.6603970741901777,236,1,324,316
0.9884194135665894,0.6282782212086659,0.7439840453586498,0.9968354430379747,0.4921875,0.9957805907172996,0.6589958158995816,236,1,325,315
0.9887003302574158,0.6271379703534777,0.7432027953586497,0.9968253968253968,0.490625,0.9957805907172996,0.6575916230366492,236,1,326,314
0.9887627959251404,0.6259977194982896,0.7424215453586498,0.9968152866242038,0.4890625,0.9957805907172996,0.6561844863731656,236,1,327,313
0.9889870285987854,0.6248574686431014,0.7416402953586498,0.9968051118210862,0.4875,0.9957805907172996,0.6547743966421826,236,1,328,312
0.9889914989471436,0.6237172177879133,0.7408590453586499,0.9967948717948718,0.4859375,0.9957805907172996,0.6533613445378151,236,1,329,311
0.9891008734703064,0.6225769669327252,0.7400777953586498,0.9967845659163987,0.484375,0.9957805907172996,0.6519453207150369,236,1,330,310
0.989479959011078,0.621436716077537,0.7392965453586497,0.9967741935483871,0.4828125,0.9957805907172996,0.6505263157894737,236,1,331,309
0.989528477191925,0.6202964652223489,0.7385152953586498,0.9967637540453075,0.48125,0.9957805907172996,0.649104320337197,236,1,332,308
0.9899354577064514,0.6191562143671607,0.7377340453586498,0.9967532467532467,0.4796875,0.9957805907172996,0.6476793248945147,236,1,333,307
0.9900094866752625,0.6180159635119726,0.7369527953586499,0.996742671009772,0.478125,0.9957805907172996,0.6462513199577613,236,1,334,306
0.9900217652320862,0.6168757126567845,0.7361715453586498,0.9967320261437909,0.4765625,0.9957805907172996,0.6448202959830867,236,1,335,305
0.9900352358818054,0.6157354618015963,0.7353902953586497,0.9967213114754099,0.475,0.9957805907172996,0.6433862433862434,236,1,336,304
0.9900694489479064,0.6145952109464082,0.7346090453586498,0.9967105263157895,0.4734375,0.9957805907172996,0.6419491525423728,236,1,337,303
0.9902945756912231,0.61345496009122,0.7338277953586498,0.9966996699669967,0.471875,0.9957805907172996,0.6405090137857901,236,1,338,302
0.9903386235237122,0.6123147092360319,0.7330465453586499,0.9966887417218543,0.4703125,0.9957805907172996,0.6390658174097664,236,1,339,301
0.9903815388679504,0.6111744583808438,0.7322652953586498,0.9966777408637874,0.46875,0.9957805907172996,0.6376195536663124,236,1,340,300
0.9904380440711976,0.6100342075256556,0.7314840453586497,0.9966666666666667,0.4671875,0.9957805907172996,0.6361702127659574,236,1,341,299
0.9904420971870422,0.6088939566704675,0.7307027953586498,0.9966555183946488,0.465625,0.9957805907172996,0.6347177848775293,236,1,342,298
0.9905930161476136,0.6077537058152793,0.7299215453586498,0.9966442953020134,0.4640625,0.9957805907172996,0.6332622601279317,236,1,343,297
0.9907684922218324,0.6066134549600912,0.7291402953586499,0.9966329966329966,0.4625,0.9957805907172996,0.6318036286019211,236,1,344,296
0.9908051490783693,0.6054732041049031,0.7283590453586498,0.9966216216216216,0.4609375,0.9957805907172996,0.6303418803418803,236,1,345,295
0.9908828139305116,0.6043329532497149,0.7275777953586497,0.9966101694915255,0.459375,0.9957805907172996,0.6288770053475936,236,1,346,294
0.9910770654678344,0.6031927023945268,0.7267965453586498,0.9965986394557823,0.4578125,0.9957805907172996,0.6274089935760171,236,1,347,293
0.9910796284675598,0.6020524515393386,0.7260152953586498,0.9965870307167235,0.45625,0.9957805907172996,0.6259378349410504,236,1,348,292
0.9912086725234984,0.6009122006841505,0.7252340453586499,0.9965753424657534,0.4546875,0.9957805907172996,0.6244635193133047,236,1,349,291
0.9912960529327391,0.5997719498289624,0.7244527953586498,0.9965635738831615,0.453125,0.9957805907172996,0.6229860365198711,236,1,350,290
0.9914047718048096,0.5986316989737742,0.7236715453586497,0.996551724137931,0.4515625,0.9957805907172996,0.621505376344086,236,1,351,289
0.9914174675941468,0.5974914481185861,0.7228902953586498,0.9965397923875432,0.45,0.9957805907172996,0.620021528525296,236,1,352,288
0.9914207458496094,0.5963511972633979,0.7221090453586498,0.9965277777777778,0.4484375,0.9957805907172996,0.6185344827586207,236,1,353,287
0.991447687149048,0.5952109464082098,0.7213277953586499,0.9965156794425087,0.446875,0.9957805907172996,0.6170442286947141,236,1,354,286
0.9915086030960084,0.5940706955530216,0.7205465453586498,0.9965034965034965,0.4453125,0.9957805907172996,0.6155507559395248,236,1,355,285
0.9915410876274108,0.5929304446978335,0.7197652953586497,0.9964912280701754,0.44375,0.9957805907172996,0.614054054054054,236,1,356,284
0.9915492534637452,0.5917901938426454,0.7189840453586498,0.9964788732394366,0.4421875,0.9957805907172996,0.6125541125541125,236,1,357,283
0.9915681481361388,0.5906499429874572,0.7182027953586498,0.9964664310954063,0.440625,0.9957805907172996,0.6110509209100758,236,1,358,282
0.9916292428970336,0.5895096921322691,0.7174215453586499,0.9964539007092199,0.4390625,0.9957805907172996,0.6095444685466378,236,1,359,281
0.9916894435882568,0.5883694412770809,0.7166402953586498,0.99644128113879,0.4375,0.9957805907172996,0.6080347448425625,236,1,360,280
0.9918035268783568,0.5872291904218928,0.7158590453586497,0.9964285714285714,0.4359375,0.9957805907172996,0.6065217391304348,236,1,361,279
0.9918063879013062,0.5860889395667047,0.7150777953586498,0.996415770609319,0.434375,0.9957805907172996,0.6050054406964092,236,1,362,278
0.991810142993927,0.5849486887115165,0.7142965453586498,0.9964028776978417,0.4328125,0.9957805907172996,0.6034858387799564,236,1,363,277
0.9919209480285645,0.5838084378563284,0.7135152953586499,0.9963898916967509,0.43125,0.9957805907172996,0.6019629225736096,236,1,364,276
0.991940975189209,0.5826681870011402,0.7127340453586498,0.9963768115942029,0.4296875,0.9957805907172996,0.6004366812227074,236,1,365,275
0.9919706583023072,0.5815279361459521,0.7119527953586497,0.9963636363636363,0.428125,0.9957805907172996,0.5989071038251366,236,1,366,274
0.991973638534546,0.580387685290764,0.7111715453586498,0.9963503649635036,0.4265625,0.9957805907172996,0.5973741794310722,236,1,367,273
0.9920322895050048,0.5792474344355758,0.7103902953586498,0.9963369963369964,0.425,0.9957805907172996,0.5958378970427163,236,1,368,272
0.9920978546142578,0.5781071835803877,0.7096090453586499,0.9963235294117647,0.4234375,0.9957805907172996,0.5942982456140351,236,1,369,271
0.9921239018440248,0.5769669327251995,0.7088277953586498,0.996309963099631,0.421875,0.9957805907172996,0.5927552140504939,236,1,370,270
0.9921263456344604,0.5758266818700114,0.7080465453586497,0.9962962962962963,0.4203125,0.9957805907172996,0.5912087912087912,236,1,371,269
0.9922034740447998,0.5746864310148233,0.7072652953586498,0.9962825278810409,0.41875,0.9957805907172996,0.5896589658965896,236,1,372,268
0.9922466278076172,0.5735461801596351,0.7064840453586498,0.996268656716418,0.4171875,0.9957805907172996,0.5881057268722467,236,1,373,267
0.992324709892273,0.572405929304447,0.7057027953586499,0.9962546816479401,0.415625,0.9957805907172996,0.5865490628445424,236,1,374,266
0.9924089908599854,0.5712656784492588,0.7049215453586498,0.9962406015037594,0.4140625,0.9957805907172996,0.5849889624724062,236,1,375,265
0.992478847503662,0.5701254275940707,0.7041402953586497,0.9962264150943396,0.4125,0.9957805907172996,0.5834254143646409,236,1,376,264
0.9925133585929872,0.5689851767388826,0.7033590453586498,0.9962121212121212,0.4109375,0.9957805907172996,0.581858407079646,236,1,377,263
0.9925819635391236,0.5678449258836944,0.7025777953586498,0.9961977186311787,0.409375,0.9957805907172996,0.5802879291251384,236,1,378,262
0.9926623106002808,0.5667046750285063,0.7017965453586499,0.9961832061068703,0.4078125,0.9957805907172996,0.5787139689578714,236,1,379,261
0.9926642775535583,0.5655644241733181,0.7010152953586498,0.9961685823754789,0.40625,0.9957805907172996,0.5771365149833518,236,1,380,260
0.9926854372024536,0.56442417331813,0.7002340453586497,0.9961538461538462,0.4046875,0.9957805907172996,0.5755555555555556,236,1,381,259
0.9926947355270386,0.5632839224629419,0.6994527953586498,0.9961389961389961,0.403125,0.9957805907172996,0.5739710789766407,236,1,382,258
0.992715299129486,0.5621436716077537,0.6986715453586498,0.9961240310077519,0.4015625,0.9957805907172996,0.5723830734966593,236,1,383,257
0.9927881360054016,0.5610034207525656,0.6978902953586499,0.9961089494163424,0.4,0.9957805907172996,0.5707915273132664,236,1,384,256
0.992797076702118,0.5598631698973774,0.6971090453586498,0.99609375,0.3984375,0.9957805907172996,0.5691964285714286,236,1,385,255
0.9928460717201232,0.5587229190421893,0.6963277953586497,0.996078431372549,0.396875,0.9957805907172996,0.5675977653631284,236,1,386,254
0.9928627610206604,0.5575826681870011,0.6955465453586498,0.9960629921259843,0.3953125,0.9957805907172996,0.5659955257270693,236,1,387,253
0.9928684830665588,0.556442417331813,0.6947652953586498,0.9960474308300395,0.39375,0.9957805907172996,0.5643896976483762,236,1,388,252
0.9928927421569824,0.5553021664766249,0.6939840453586499,0.996031746031746,0.3921875,0.9957805907172996,0.5627802690582959,236,1,389,251
0.9929049611091614,0.5541619156214367,0.6932027953586498,0.9960159362549801,0.390625,0.9957805907172996,0.5611672278338945,236,1,390,250
0.9929115176200868,0.5530216647662486,0.6924215453586497,0.996,0.3890625,0.9957805907172996,0.5595505617977528,236,1,391,249
0.9929271340370178,0.5518814139110604,0.6916402953586498,0.9959839357429718,0.3875,0.9957805907172996,0.5579302587176603,236,1,392,248
0.9932126998901368,0.5507411630558723,0.6908590453586498,0.9959677419354839,0.3859375,0.9957805907172996,0.5563063063063063,236,1,393,247
0.993317723274231,0.5496009122006842,0.6900777953586499,0.9959514170040485,0.384375,0.9957805907172996,0.5546786922209695,236,1,394,246
0.9934207797050476,0.548460661345496,0.6892965453586498,0.9959349593495935,0.3828125,0.9957805907172996,0.5530474040632054,236,1,395,245
0.993448793888092,0.5473204104903079,0.6885152953586497,0.9959183673469387,0.38125,0.9957805907172996,0.5514124293785311,236,1,396,244
0.9934966564178468,0.5461801596351197,0.6877340453586498,0.9959016393442623,0.3796875,0.9957805907172996,0.5497737556561086,236,1,397,243
0.993626594543457,0.5450399087799316,0.6869527953586498,0.9958847736625515,0.378125,0.9957805907172996,0.5481313703284258,236,1,398,242
0.9937323927879332,0.5438996579247435,0.6861715453586499,0.9958677685950413,0.3765625,0.9957805907172996,0.546485260770975,236,1,399,241
0.9937519431114196,0.5427594070695553,0.6853902953586498,0.995850622406639,0.375,0.9957805907172996,0.5448354143019296,236,1,400,240
0.9937922358512878,0.5416191562143672,0.6846090453586497,0.9958333333333333,0.3734375,0.9957805907172996,0.5431818181818182,236,1,401,239
0.9938083291053772,0.540478905359179,0.6838277953586498,0.99581589958159,0.371875,0.9957805907172996,0.5415244596131968,236,1,402,238
0.993870735168457,0.5393386545039909,0.6830465453586498,0.9957983193277311,0.3703125,0.9957805907172996,0.5398633257403189,236,1,403,237
0.993984043598175,0.5381984036488028,0.6822652953586499,0.9957805907172996,0.36875,0.9957805907172996,0.5381984036488028,236,1,404,236
0.9939929842948914,0.5370581527936146,0.6814840453586498,0.9957627118644068,0.3671875,0.9957805907172996,0.5365296803652968,236,1,405,235
0.9940447211265564,0.5359179019384265,0.6807027953586497,0.9957446808510638,0.365625,0.9957805907172996,0.5348571428571428,236,1,406,234
0.9940686225891112,0.5347776510832383,0.6799215453586498,0.9957264957264957,0.3640625,0.9957805907172996,0.5331807780320366,236,1,407,233
0.9941062927246094,0.5336374002280502,0.6791402953586498,0.9957081545064378,0.3625,0.9957805907172996,0.5315005727376861,236,1,408,232
0.9942029118537904,0.5324971493728621,0.6783590453586499,0.9956896551724138,0.3609375,0.9957805907172996,0.5298165137614679,236,1,409,231
0.9942243695259094,0.5313568985176739,0.6775777953586498,0.9956709956709957,0.359375,0.9957805907172996,0.5281285878300803,236,1,410,230
0.9943270087242126,0.5302166476624858,0.6767965453586497,0.9956521739130435,0.3578125,0.9957805907172996,0.5264367816091954,236,1,411,229
0.9943453073501588,0.5290763968072976,0.6760152953586498,0.9956331877729258,0.35625,0.9957805907172996,0.5247410817031071,236,1,412,228
0.9944278001785278,0.5279361459521095,0.6752340453586498,0.9956140350877193,0.3546875,0.9957805907172996,0.5230414746543779,236,1,413,227
0.994454562664032,0.5267958950969214,0.6744527953586499,0.9955947136563876,0.353125,0.9957805907172996,0.5213379469434832,236,1,414,226
0.9945318698883056,0.5256556442417332,0.6736715453586498,0.995575221238938,0.3515625,0.9957805907172996,0.5196304849884527,236,1,415,225
0.9945764541625975,0.5245153933865451,0.6728902953586497,0.9955555555555555,0.35,0.9957805907172996,0.5179190751445086,236,1,416,224
0.9946152567863464,0.5233751425313569,0.6721090453586498,0.9955357142857143,0.3484375,0.9957805907172996,0.5162037037037037,236,1,417,223
0.9946339130401612,0.5245153933865451,0.67421875,1.0,0.3484375,1.0,0.5168018539976825,237,0,417,223
0.994722843170166,0.5233751425313569,0.6734375,1.0,0.346875,1.0,0.5150812064965197,237,0,418,222
0.9948387742042542,0.5222348916761688,0.67265625,1.0,0.3453125,1.0,0.5133565621370499,237,0,419,221
0.994848608970642,0.5210946408209807,0.671875,1.0,0.34375,1.0,0.5116279069767442,237,0,420,220
0.994902491569519,0.5199543899657925,0.67109375,1.0,0.3421875,1.0,0.509895227008149,237,0,421,219
0.9949230551719666,0.5188141391106044,0.6703125,1.0,0.340625,1.0,0.5081585081585082,237,0,422,218
0.9949766993522644,0.5176738882554162,0.66953125,1.0,0.3390625,1.0,0.5064177362893816,237,0,423,217
0.9950531125068665,0.5165336374002281,0.66875,1.0,0.3375,1.0,0.5046728971962616,237,0,424,216
0.9950856566429138,0.5153933865450399,0.66796875,1.0,0.3359375,1.0,0.5029239766081871,237,0,425,215
0.9951133131980896,0.5142531356898518,0.6671875,1.0,0.334375,1.0,0.5011709601873536,237,0,426,214
0.9951528310775756,0.5131128848346637,0.66640625,1.0,0.3328125,1.0,0.49941383352872215,237,0,427,213
0.9952003955841064,0.5119726339794755,0.665625,1.0,0.33125,1.0,0.49765258215962443,237,0,428,212
0.9952076077461244,0.5108323831242874,0.66484375,1.0,0.3296875,1.0,0.49588719153936545,237,0,429,211
0.9952164888381958,0.508551881413911,0.66328125,1.0,0.3265625,1.0,0.4923439340400471,237,0,431,209
0.995318591594696,0.507411630558723,0.6625,1.0,0.325,1.0,0.49056603773584906,237,0,432,208
0.9953437447547911,0.5062713797035348,0.66171875,1.0,0.3234375,1.0,0.4887839433293979,237,0,433,207
0.9953653812408448,0.5051311288483467,0.6609375,1.0,0.321875,1.0,0.48699763593380613,237,0,434,206
0.9954381585121156,0.5039908779931584,0.66015625,1.0,0.3203125,1.0,0.48520710059171596,237,0,435,205
0.9955071210861206,0.5028506271379704,0.659375,1.0,0.31875,1.0,0.4834123222748815,237,0,436,204
0.9955435395240784,0.5017103762827823,0.65859375,1.0,0.3171875,1.0,0.4816132858837485,237,0,437,203
0.9956229329109192,0.500570125427594,0.6578125,1.0,0.315625,1.0,0.47980997624703087,237,0,438,202
0.995746910572052,0.49942987457240595,0.65703125,1.0,0.3140625,1.0,0.4780023781212842,237,0,439,201
0.9957826137542723,0.4982896237172178,0.65625,1.0,0.3125,1.0,0.47619047619047616,237,0,440,200
0.9957982897758484,0.49714937286202965,0.65546875,1.0,0.3109375,1.0,0.47437425506555425,237,0,441,199
0.9958089590072632,0.4960091220068415,0.6546875,1.0,0.309375,1.0,0.47255369928400953,237,0,442,198
0.9958735108375548,0.49486887115165334,0.65390625,1.0,0.3078125,1.0,0.47072879330943845,237,0,443,197
0.99588805437088,0.49372862029646525,0.653125,1.0,0.30625,1.0,0.4688995215311005,237,0,444,196
0.995888888835907,0.4925883694412771,0.65234375,1.0,0.3046875,1.0,0.46706586826347307,237,0,445,195
0.996110737323761,0.49144811858608894,0.6515625,1.0,0.303125,1.0,0.46522781774580335,237,0,446,194
0.996179461479187,0.4903078677309008,0.65078125,1.0,0.3015625,1.0,0.46338535414165666,237,0,447,193
0.9961866736412048,0.48916761687571264,0.65,1.0,0.3,1.0,0.46153846153846156,237,0,448,192
0.9963104128837584,0.4880273660205245,0.64921875,1.0,0.2984375,1.0,0.45968712394705175,237,0,449,191
0.9963420033454896,0.4868871151653364,0.6484375,1.0,0.296875,1.0,0.4578313253012048,237,0,450,190
0.9963921904563904,0.48574686431014824,0.64765625,1.0,0.2953125,1.0,0.4559710494571773,237,0,451,189
0.9964144229888916,0.4846066134549601,0.646875,1.0,0.29375,1.0,0.45410628019323673,237,0,452,188
0.9964306950569152,0.48346636259977194,0.64609375,1.0,0.2921875,1.0,0.45223700120918986,237,0,453,187
0.9964370727539062,0.4823261117445838,0.6453125,1.0,0.290625,1.0,0.45036319612590797,237,0,454,186
0.9965077042579652,0.4811858608893957,0.64453125,1.0,0.2890625,1.0,0.4484848484848485,237,0,455,185
0.996509850025177,0.48004561003420754,0.64375,1.0,0.2875,1.0,0.44660194174757284,237,0,456,184
0.9965102076530457,0.4789053591790194,0.64296875,1.0,0.2859375,1.0,0.44471445929526127,237,0,457,183
0.9965201616287231,0.47776510832383123,0.6421875,1.0,0.284375,1.0,0.44282238442822386,237,0,458,182
0.9965935349464417,0.4766248574686431,0.64140625,1.0,0.2828125,1.0,0.440925700365408,237,0,459,181
0.9966323971748352,0.475484606613455,0.640625,1.0,0.28125,1.0,0.43902439024390244,237,0,460,180
0.9966521859169006,0.47434435575826683,0.63984375,1.0,0.2796875,1.0,0.4371184371184371,237,0,461,179
0.9966546297073364,0.4732041049030787,0.6390625,1.0,0.278125,1.0,0.4352078239608802,237,0,462,178
0.9966613054275512,0.47206385404789053,0.63828125,1.0,0.2765625,1.0,0.43329253365973075,237,0,463,177
0.9966974258422852,0.4709236031927024,0.6375,1.0,0.275,1.0,0.43137254901960786,237,0,464,176
0.9967746138572692,0.4697833523375142,0.63671875,1.0,0.2734375,1.0,0.4294478527607362,237,0,465,175
0.9967949986457824,0.46864310148232613,0.6359375,1.0,0.271875,1.0,0.4275184275184275,237,0,466,174
0.9968135952949524,0.467502850627138,0.63515625,1.0,0.2703125,1.0,0.42558425584255843,237,0,467,173
0.9968674778938292,0.4663625997719498,0.634375,1.0,0.26875,1.0,0.4236453201970443,237,0,468,172
0.9969946146011353,0.4652223489167617,0.63359375,1.0,0.2671875,1.0,0.4217016029593095,237,0,469,171
0.9970555305480956,0.4640820980615735,0.6328125,1.0,0.265625,1.0,0.41975308641975306,237,0,470,170
0.9971073269844056,0.4629418472063854,0.63203125,1.0,0.2640625,1.0,0.4177997527812114,237,0,471,169
0.9971256852149964,0.4618015963511973,0.63125,1.0,0.2625,1.0,0.4158415841584158,237,0,472,168
0.9972610473632812,0.4606613454960091,0.63046875,1.0,0.2609375,1.0,0.4138785625774473,237,0,473,167
0.997286319732666,0.45952109464082097,0.6296875,1.0,0.259375,1.0,0.4119106699751861,237,0,474,166
0.9973179697990416,0.4583808437856328,0.62890625,1.0,0.2578125,1.0,0.40993788819875776,237,0,475,165
0.9973474740982056,0.4572405929304447,0.628125,1.0,0.25625,1.0,0.4079601990049751,237,0,476,164
0.9973692893981934,0.45610034207525657,0.62734375,1.0,0.2546875,1.0,0.40597758405977585,237,0,477,163
0.9973748922348022,0.4549600912200684,0.6265625,1.0,0.253125,1.0,0.40399002493765584,237,0,478,162
0.9973906874656676,0.45381984036488027,0.62578125,1.0,0.2515625,1.0,0.4019975031210986,237,0,479,161
0.9973950386047364,0.4526795895096921,0.625,1.0,0.25,1.0,0.4,237,0,480,160
0.997413456439972,0.45153933865450396,0.62421875,1.0,0.2484375,1.0,0.3979974968710889,237,0,481,159
0.9974324107170104,0.45039908779931587,0.6234375,1.0,0.246875,1.0,0.39598997493734334,237,0,482,158
0.9974685907363892,0.4492588369441277,0.62265625,1.0,0.2453125,1.0,0.39397741530740277,237,0,483,157
0.9974936246871948,0.44811858608893956,0.621875,1.0,0.24375,1.0,0.39195979899497485,237,0,484,156
0.9975093603134156,0.4469783352337514,0.62109375,1.0,0.2421875,1.0,0.389937106918239,237,0,485,155
0.9975293278694152,0.44583808437856326,0.6203125,1.0,0.240625,1.0,0.3879093198992443,237,0,486,154
0.997543215751648,0.44469783352337516,0.61953125,1.0,0.2390625,1.0,0.3858764186633039,237,0,487,153
0.9975554943084716,0.443557582668187,0.61875,1.0,0.2375,1.0,0.3838383838383838,237,0,488,152
0.9975887537002563,0.44241733181299886,0.61796875,1.0,0.2359375,1.0,0.38179519595448796,237,0,489,151
0.997635006904602,0.4412770809578107,0.6171875,1.0,0.234375,1.0,0.379746835443038,237,0,490,150
0.9976523518562316,0.44013683010262256,0.61640625,1.0,0.2328125,1.0,0.3776932826362484,237,0,491,149
0.997684359550476,0.43899657924743446,0.615625,1.0,0.23125,1.0,0.3756345177664975,237,0,492,148
0.9976910352706908,0.4378563283922463,0.61484375,1.0,0.2296875,1.0,0.3735705209656925,237,0,493,147
0.9977013468742372,0.43671607753705816,0.6140625,1.0,0.228125,1.0,0.37150127226463103,237,0,494,146
0.9977076053619384,0.43557582668187,0.61328125,1.0,0.2265625,1.0,0.36942675159235666,237,0,495,145
0.9977284073829652,0.43443557582668185,0.6125,1.0,0.225,1.0,0.3673469387755102,237,0,496,144
0.9977400302886964,0.43329532497149376,0.61171875,1.0,0.2234375,1.0,0.3652618135376756,237,0,497,143
0.9977757334709167,0.4321550741163056,0.6109375,1.0,0.221875,1.0,0.3631713554987212,237,0,498,142
0.9978592991828918,0.43101482326111745,0.61015625,1.0,0.2203125,1.0,0.36107554417413573,237,0,499,141
0.9978844523429872,0.4298745724059293,0.609375,1.0,0.21875,1.0,0.358974358974359,237,0,500,140
0.9979162812232972,0.42873432155074115,0.60859375,1.0,0.2171875,1.0,0.35686777920410784,237,0,501,139
0.9979860782623292,0.427594070695553,0.6078125,1.0,0.215625,1.0,0.35475578406169667,237,0,502,138
0.998016119003296,0.4264538198403649,0.60703125,1.0,0.2140625,1.0,0.35263835263835264,237,0,503,137
0.998039186000824,0.42531356898517675,0.60625,1.0,0.2125,1.0,0.35051546391752575,237,0,504,136
0.9980667233467102,0.4241733181299886,0.60546875,1.0,0.2109375,1.0,0.34838709677419355,237,0,505,135
0.9980877041816713,0.42303306727480045,0.6046875,1.0,0.209375,1.0,0.3462532299741602,237,0,506,134
0.998091995716095,0.4218928164196123,0.60390625,1.0,0.2078125,1.0,0.34411384217335056,237,0,507,133
0.9981275200843812,0.4207525655644242,0.603125,1.0,0.20625,1.0,0.34196891191709844,237,0,508,132
0.998132050037384,0.41961231470923605,0.60234375,1.0,0.2046875,1.0,0.3398184176394293,237,0,509,131
0.9981354475021362,0.4184720638540479,0.6015625,1.0,0.203125,1.0,0.33766233766233766,237,0,510,130
0.9981589913368224,0.41733181299885974,0.60078125,1.0,0.2015625,1.0,0.33550065019505854,237,0,511,129
0.9981797933578492,0.4161915621436716,0.6,1.0,0.2,1.0,0.3333333333333333,237,0,512,128
0.9981840252876282,0.4150513112884835,0.59921875,1.0,0.1984375,1.0,0.33116036505867014,237,0,513,127
0.99821138381958,0.41391106043329534,0.5984375,1.0,0.196875,1.0,0.3289817232375979,237,0,514,126
0.9982163310050964,0.4127708095781072,0.59765625,1.0,0.1953125,1.0,0.32679738562091504,237,0,515,125
0.9982457160949708,0.41163055872291904,0.596875,1.0,0.19375,1.0,0.32460732984293195,237,0,516,124
0.9982567429542542,0.4104903078677309,0.59609375,1.0,0.1921875,1.0,0.3224115334207077,237,0,517,123
0.9982630610466005,0.40935005701254273,0.5953125,1.0,0.190625,1.0,0.32020997375328086,237,0,518,122
0.998272180557251,0.40820980615735464,0.59453125,1.0,0.1890625,1.0,0.3180026281208936,237,0,519,121
0.998281955718994,0.4070695553021665,0.59375,1.0,0.1875,1.0,0.3157894736842105,237,0,520,120
0.9983320832252502,0.40592930444697833,0.59296875,1.0,0.1859375,1.0,0.31357048748353095,237,0,521,119
0.9984235763549804,0.4047890535917902,0.5921875,1.0,0.184375,1.0,0.3113456464379947,237,0,522,118
0.9984239339828492,0.40364880273660203,0.59140625,1.0,0.1828125,1.0,0.309114927344782,237,0,523,117
0.9984622001647948,0.40250855188141393,0.590625,1.0,0.18125,1.0,0.30687830687830686,237,0,524,116
0.9984707236289978,0.4013683010262258,0.58984375,1.0,0.1796875,1.0,0.304635761589404,237,0,525,115
0.998503565788269,0.40022805017103763,0.5890625,1.0,0.178125,1.0,0.30238726790450926,237,0,526,114
0.9986050724983216,0.3990877993158495,0.58828125,1.0,0.1765625,1.0,0.300132802124834,237,0,527,113
0.998648464679718,0.3979475484606613,0.5875,1.0,0.175,1.0,0.2978723404255319,237,0,528,112
0.9986624717712402,0.39680729760547323,0.58671875,1.0,0.1734375,1.0,0.2956058588548602,237,0,529,111
0.9986887574195862,0.3956670467502851,0.5859375,1.0,0.171875,1.0,0.29333333333333333,237,0,530,110
0.998698353767395,0.3945267958950969,0.58515625,1.0,0.1703125,1.0,0.2910547396528705,237,0,531,109
0.9987115859985352,0.3933865450399088,0.584375,1.0,0.16875,1.0,0.2887700534759358,237,0,532,108
0.9987164735794068,0.3922462941847206,0.58359375,1.0,0.1671875,1.0,0.28647925033467203,237,0,533,107
0.9987297654151917,0.39110604332953247,0.5828125,1.0,0.165625,1.0,0.28418230563002683,237,0,534,106
0.9987428784370422,0.3899657924743444,0.58203125,1.0,0.1640625,1.0,0.28187919463087246,237,0,535,105
0.998749852180481,0.3888255416191562,0.58125,1.0,0.1625,1.0,0.27956989247311825,237,0,536,104
0.998788058757782,0.38768529076396807,0.58046875,1.0,0.1609375,1.0,0.2772543741588156,237,0,537,103
0.9988027811050416,0.3865450399087799,0.5796875,1.0,0.159375,1.0,0.2749326145552561,237,0,538,102
0.998808741569519,0.38540478905359177,0.57890625,1.0,0.1578125,1.0,0.2726045883940621,237,0,539,101
0.9988104104995728,0.38426453819840367,0.578125,1.0,0.15625,1.0,0.2702702702702703,237,0,540,100
0.998830258846283,0.3831242873432155,0.57734375,1.0,0.1546875,1.0,0.2679296346414073,237,0,541,99
0.9988446235656738,0.38198403648802737,0.5765625,1.0,0.153125,1.0,0.26558265582655827,237,0,542,98
0.9988504648208618,0.3808437856328392,0.57578125,1.0,0.1515625,1.0,0.26322930800542743,237,0,543,97
0.9989272952079772,0.37970353477765106,0.575,1.0,0.15,1.0,0.2608695652173913,237,0,544,96
0.998934805393219,0.37856328392246297,0.57421875,1.0,0.1484375,1.0,0.2585034013605442,237,0,545,95
0.9989354014396667,0.3774230330672748,0.5734375,1.0,0.146875,1.0,0.2561307901907357,237,0,546,94
0.9989381432533264,0.37628278221208666,0.57265625,1.0,0.1453125,1.0,0.25375170532060026,237,0,547,93
0.9989510774612428,0.3751425313568985,0.571875,1.0,0.14375,1.0,0.25136612021857924,237,0,548,92
0.9989520311355592,0.37400228050171036,0.57109375,1.0,0.1421875,1.0,0.24897400820793433,237,0,549,91
0.9989583492279052,0.3728620296465222,0.5703125,1.0,0.140625,1.0,0.2465753424657534,237,0,550,90
0.9989797472953796,0.3717217787913341,0.56953125,1.0,0.1390625,1.0,0.24417009602194786,237,0,551,89
0.998991072177887,0.37058152793614596,0.56875,1.0,0.1375,1.0,0.24175824175824176,237,0,552,88
0.9990166425704956,0.3694412770809578,0.56796875,1.0,0.1359375,1.0,0.2393397524071527,237,0,553,87
0.999038815498352,0.36830102622576966,0.5671875,1.0,0.134375,1.0,0.2369146005509642,237,0,554,86
0.9990819692611694,0.3671607753705815,0.56640625,1.0,0.1328125,1.0,0.23448275862068965,237,0,555,85
0.9990928173065186,0.3660205245153934,0.565625,1.0,0.13125,1.0,0.23204419889502761,237,0,556,84
0.9991031885147096,0.36488027366020526,0.56484375,1.0,0.1296875,1.0,0.22959889349930843,237,0,557,83
0.9991034865379332,0.3637400228050171,0.5640625,1.0,0.128125,1.0,0.22714681440443213,237,0,558,82
0.9991266131401062,0.36259977194982895,0.56328125,1.0,0.1265625,1.0,0.22468793342579751,237,0,559,81
0.9991320967674256,0.3614595210946408,0.5625,1.0,0.125,1.0,0.2222222222222222,237,0,560,80
0.9991375207901,0.3603192702394527,0.56171875,1.0,0.1234375,1.0,0.21974965229485396,237,0,561,79
0.9991426467895508,0.35917901938426455,0.5609375,1.0,0.121875,1.0,0.21727019498607242,237,0,562,78
0.9991589784622192,0.3580387685290764,0.56015625,1.0,0.1203125,1.0,0.21478382147838215,237,0,563,77
0.9991611242294312,0.35689851767388825,0.559375,1.0,0.11875,1.0,0.2122905027932961,237,0,564,76
0.9991768002510072,0.3557582668187001,0.55859375,1.0,0.1171875,1.0,0.2097902097902098,237,0,565,75
0.999202311038971,0.35461801596351195,0.5578125,1.0,0.115625,1.0,0.20728291316526612,237,0,566,74
0.9992027878761292,0.35347776510832385,0.55703125,1.0,0.1140625,1.0,0.20476858345021037,237,0,567,73
0.999206840991974,0.3523375142531357,0.55625,1.0,0.1125,1.0,0.20224719101123595,237,0,568,72
0.9992094039916992,0.35119726339794755,0.55546875,1.0,0.1109375,1.0,0.19971870604781997,237,0,569,71
0.9992306232452391,0.3500570125427594,0.5546875,1.0,0.109375,1.0,0.19718309859154928,237,0,570,70
0.999247431755066,0.34891676168757124,0.55390625,1.0,0.1078125,1.0,0.19464033850493653,237,0,571,69
0.9992664456367492,0.34777651083238315,0.553125,1.0,0.10625,1.0,0.192090395480226,237,0,572,68
0.9992676377296448,0.346636259977195,0.55234375,1.0,0.1046875,1.0,0.18953323903818953,237,0,573,67
0.9992679953575134,0.34549600912200684,0.5515625,1.0,0.103125,1.0,0.18696883852691218,237,0,574,66
0.9992702603340148,0.3443557582668187,0.55078125,1.0,0.1015625,1.0,0.18439716312056736,237,0,575,65
0.9992719292640686,0.34321550741163054,0.55,1.0,0.1,1.0,0.18181818181818182,237,0,576,64
0.9992803931236268,0.34207525655644244,0.54921875,1.0,0.0984375,1.0,0.17923186344238975,237,0,577,63
0.9992883801460266,0.3409350057012543,0.5484375,1.0,0.096875,1.0,0.17663817663817663,237,0,578,62
0.9993108510971068,0.33979475484606614,0.54765625,1.0,0.0953125,1.0,0.17403708987161198,237,0,579,61
0.9993213415145874,0.338654503990878,0.546875,1.0,0.09375,1.0,0.17142857142857143,237,0,580,60
0.9993231296539308,0.33751425313568983,0.54609375,1.0,0.0921875,1.0,0.1688125894134478,237,0,581,59
0.9993370175361632,0.3363740022805017,0.5453125,1.0,0.090625,1.0,0.166189111747851,237,0,582,58
0.9993659853935242,0.3352337514253136,0.54453125,1.0,0.0890625,1.0,0.16355810616929697,237,0,583,57
0.999367892742157,0.33409350057012543,0.54375,1.0,0.0875,1.0,0.16091954022988506,237,0,584,56
0.9993696808815002,0.3329532497149373,0.54296875,1.0,0.0859375,1.0,0.15827338129496402,237,0,585,55
0.9993763566017152,0.33181299885974913,0.5421875,1.0,0.084375,1.0,0.15561959654178675,237,0,586,54
0.9993768334388732,0.330672748004561,0.54140625,1.0,0.0828125,1.0,0.15295815295815296,237,0,587,53
0.9993830919265748,0.3295324971493729,0.540625,1.0,0.08125,1.0,0.15028901734104047,237,0,588,52
0.9994021654129028,0.32839224629418473,0.53984375,1.0,0.0796875,1.0,0.1476121562952243,237,0,589,51
0.9994133710861206,0.3272519954389966,0.5390625,1.0,0.078125,1.0,0.14492753623188406,237,0,590,50
0.9994229078292848,0.3261117445838084,0.53828125,1.0,0.0765625,1.0,0.14223512336719885,237,0,591,49
0.99943608045578,0.3249714937286203,0.5375,1.0,0.075,1.0,0.13953488372093023,237,0,592,48
0.9994412064552308,0.3238312428734322,0.53671875,1.0,0.0734375,1.0,0.13682678311499272,237,0,593,47
0.9994799494743348,0.322690992018244,0.5359375,1.0,0.071875,1.0,0.13411078717201166,237,0,594,46
0.9995077848434448,0.3215507411630559,0.53515625,1.0,0.0703125,1.0,0.13138686131386862,237,0,595,45
0.9995088577270508,0.3204104903078677,0.534375,1.0,0.06875,1.0,0.1286549707602339,237,0,596,44
0.9995105266571044,0.31927023945267957,0.53359375,1.0,0.0671875,1.0,0.1259150805270864,237,0,597,43
0.999524474143982,0.3181299885974915,0.5328125,1.0,0.065625,1.0,0.12316715542521994,237,0,598,42
0.9995262622833252,0.3169897377423033,0.53203125,1.0,0.0640625,1.0,0.12041116005873716,237,0,599,41
0.9995354413986206,0.31584948688711517,0.53125,1.0,0.0625,1.0,0.11764705882352941,237,0,600,40
0.999541997909546,0.314709236031927,0.53046875,1.0,0.0609375,1.0,0.11487481590574374,237,0,601,39
0.9995471835136414,0.31356898517673887,0.5296875,1.0,0.059375,1.0,0.11209439528023599,237,0,602,38
0.999562919139862,0.3112884834663626,0.528125,1.0,0.05625,1.0,0.10650887573964497,237,0,604,36
0.9995632767677308,0.31014823261117447,0.52734375,1.0,0.0546875,1.0,0.1037037037037037,237,0,605,35
0.9995900988578796,0.3090079817559863,0.5265625,1.0,0.053125,1.0,0.10089020771513353,237,0,606,34
0.9996395111083984,0.30786773090079816,0.52578125,1.0,0.0515625,1.0,0.09806835066864784,237,0,607,33
0.9996590614318848,0.30672748004561,0.525,1.0,0.05,1.0,0.09523809523809523,237,0,608,32
0.9996621608734132,0.3055872291904219,0.52421875,1.0,0.0484375,1.0,0.09239940387481371,237,0,609,31
0.9996808767318726,0.30444697833523376,0.5234375,1.0,0.046875,1.0,0.08955223880597014,237,0,610,30
0.9997209906578064,0.3033067274800456,0.52265625,1.0,0.0453125,1.0,0.08669656203288491,237,0,611,29
0.9997616410255432,0.30216647662485746,0.521875,1.0,0.04375,1.0,0.08383233532934131,237,0,612,28
0.9997740387916564,0.3010262257696693,0.52109375,1.0,0.0421875,1.0,0.08095952023988005,237,0,613,27
0.9997923970222472,0.2998859749144812,0.5203125,1.0,0.040625,1.0,0.07807807807807808,237,0,614,26
0.9997933506965636,0.29874572405929306,0.51953125,1.0,0.0390625,1.0,0.07518796992481203,237,0,615,25
0.9997956156730652,0.2976054732041049,0.51875,1.0,0.0375,1.0,0.07228915662650602,237,0,616,24
0.9998002648353576,0.29646522234891676,0.51796875,1.0,0.0359375,1.0,0.0693815987933635,237,0,617,23
0.9998036026954652,0.2953249714937286,0.5171875,1.0,0.034375,1.0,0.06646525679758308,237,0,618,22
0.999830722808838,0.29418472063854045,0.51640625,1.0,0.0328125,1.0,0.06354009077155824,237,0,619,21
0.9998397827148438,0.29304446978335236,0.515625,1.0,0.03125,1.0,0.06060606060606061,237,0,620,20
0.9998486042022704,0.2919042189281642,0.51484375,1.0,0.0296875,1.0,0.057663125948406675,237,0,621,19
0.99984872341156,0.29076396807297605,0.5140625,1.0,0.028125,1.0,0.0547112462006079,237,0,622,18
0.9998586177825928,0.2896237172177879,0.51328125,1.0,0.0265625,1.0,0.0517503805175038,237,0,623,17
0.9998666048049928,0.28848346636259975,0.5125,1.0,0.025,1.0,0.04878048780487805,237,0,624,16
0.9998784065246582,0.28734321550741165,0.51171875,1.0,0.0234375,1.0,0.04580152671755725,237,0,625,15
0.9998854398727416,0.2862029646522235,0.5109375,1.0,0.021875,1.0,0.04281345565749235,237,0,626,14
0.9998878240585328,0.28506271379703535,0.51015625,1.0,0.0203125,1.0,0.039816232771822356,237,0,627,13
0.999890923500061,0.2839224629418472,0.509375,1.0,0.01875,1.0,0.03680981595092025,237,0,628,12
0.9998912811279296,0.28278221208665905,0.50859375,1.0,0.0171875,1.0,0.03379416282642089,237,0,629,11
0.9998946189880372,0.28164196123147095,0.5078125,1.0,0.015625,1.0,0.03076923076923077,237,0,630,10
0.9999091625213624,0.2805017103762828,0.50703125,1.0,0.0140625,1.0,0.02773497688751926,237,0,631,9
0.9999101161956788,0.27936145952109465,0.50625,1.0,0.0125,1.0,0.024691358024691357,237,0,632,8
0.9999227523803712,0.2782212086659065,0.50546875,1.0,0.0109375,1.0,0.021638330757341576,237,0,633,7
0.999944806098938,0.27708095781071834,0.5046875,1.0,0.009375,1.0,0.018575851393188854,237,0,634,6
0.999958038330078,0.2759407069555302,0.50390625,1.0,0.0078125,1.0,0.015503875968992248,237,0,635,5
0.999963641166687,0.2748004561003421,0.503125,1.0,0.00625,1.0,0.012422360248447204,237,0,636,4
0.999964714050293,0.27366020524515394,0.50234375,1.0,0.0046875,1.0,0.00933125972006221,237,0,637,3
0.9999682903289796,0.2725199543899658,0.5015625,1.0,0.003125,1.0,0.006230529595015576,237,0,638,2
0.9999743700027466,0.27137970353477764,0.50078125,1.0,0.0015625,1.0,0.0031201248049922,237,0,639,1
1.0,0.2702394526795895,0.5,0.0,0.0,1.0,0.0,237,0,640,0
